token,next_token,prev_token,ego_pose_token,lidar_token,scene_token,filename,timestamp
b'\xbe\x16\x99\xe8\x86<Z\xd6',b'p\xd2O\xff\xa35Y\xc5',,b'b\x94\xc2\x0f\x07\xbd_\xb5',b'h\xe3\x13@\x15\x85_h',"b',\xab\x05.\xa4\xe0Zr'",2021.10.11.08.31.07_veh-50_01750_01948/MergedPointCloud/be1699e8863c5ad6.pcd,1633942871199937
b'p\xd2O\xff\xa35Y\xc5',b'\xb2x\x87\xddZoP\x1d',b'\xbe\x16\x99\xe8\x86<Z\xd6',b'\x82\xcax#\x8b\xa5P\xe7',b'h\xe3\x13@\x15\x85_h',"b',\xab\x05.\xa4\xe0Zr'",2021.10.11.08.31.07_veh-50_01750_01948/MergedPointCloud/70d24fffa33559c5.pcd,1633942871249924
b'\xb2x\x87\xddZoP\x1d',b'\xb6\xcd\x07\x12\x95#U\x98',b'p\xd2O\xff\xa35Y\xc5',b'^\x08s\xed\xb3\xe1R$',b'h\xe3\x13@\x15\x85_h',"b',\xab\x05.\xa4\xe0Zr'",2021.10.11.08.31.07_veh-50_01750_01948/MergedPointCloud/b27887dd5a6f501d.pcd,1633942871299912
b'\xb6\xcd\x07\x12\x95#U\x98',b'\x81\xa9\xb7\x1e=\xbfZK',b'\xb2x\x87\xddZoP\x1d',b'R\xc2[\xfeBG\\\xee',b'h\xe3\x13@\x15\x85_h',"b',\xab\x05.\xa4\xe0Zr'",2021.10.11.08.31.07_veh-50_01750_01948/MergedPointCloud/b6cd071295235598.pcd,1633942871349900
b'\x81\xa9\xb7\x1e=\xbfZK',b'3e\xbd\x13\xca\xa8ZH',b'\xb6\xcd\x07\x12\x95#U\x98',b'\xe3\xe2\xc0\xbf`\x87Z\xdb',b'h\xe3\x13@\x15\x85_h',"b',\xab\x05.\xa4\xe0Zr'",2021.10.11.08.31.07_veh-50_01750_01948/MergedPointCloud/81a9b71e3dbf5a4b.pcd,1633942871399888
b'3e\xbd\x13\xca\xa8ZH',b'\xaa\xff\xe2\xc8\x07p[&',b'\x81\xa9\xb7\x1e=\xbfZK',b'\xc2e>\x94\x1c\x11X\xf6',b'h\xe3\x13@\x15\x85_h',"b',\xab\x05.\xa4\xe0Zr'",2021.10.11.08.31.07_veh-50_01750_01948/MergedPointCloud/3365bd13caa85a48.pcd,1633942871449876
b'\xaa\xff\xe2\xc8\x07p[&',b'\xb2\xf3\xb0\x8c\xaa\x0b\\\xf1',b'3e\xbd\x13\xca\xa8ZH',b'\x1dzX\x0e\xf9\xa8X\x00',b'h\xe3\x13@\x15\x85_h',"b',\xab\x05.\xa4\xe0Zr'",2021.10.11.08.31.07_veh-50_01750_01948/MergedPointCloud/aaffe2c807705b26.pcd,1633942871499863
b'\xb2\xf3\xb0\x8c\xaa\x0b\\\xf1',b'\xbc\x89\x06\x82\xbb\xf2T/',b'\xaa\xff\xe2\xc8\x07p[&',b'\xf2\xc7<\xf3:\x9eU.',b'h\xe3\x13@\x15\x85_h',"b',\xab\x05.\xa4\xe0Zr'",2021.10.11.08.31.07_veh-50_01750_01948/MergedPointCloud/b2f3b08caa0b5cf1.pcd,1633942871549851
b'\xbc\x89\x06\x82\xbb\xf2T/',b'\xe2\x91\xbc+_\xe5UH',b'\xb2\xf3\xb0\x8c\xaa\x0b\\\xf1',b'X\x85\xe0\xedE8Q\x0b',b'h\xe3\x13@\x15\x85_h',"b',\xab\x05.\xa4\xe0Zr'",2021.10.11.08.31.07_veh-50_01750_01948/MergedPointCloud/bc890682bbf2542f.pcd,1633942871599840
b'\xe2\x91\xbc+_\xe5UH',b'\xeaZ\xfcJ9\xe4Q\xb6',b'\xbc\x89\x06\x82\xbb\xf2T/',b'\x92\xb0\xd5\xd9\x0f#]r',b'h\xe3\x13@\x15\x85_h',"b',\xab\x05.\xa4\xe0Zr'",2021.10.11.08.31.07_veh-50_01750_01948/MergedPointCloud/e291bc2b5fe55548.pcd,1633942871649828
b'\xeaZ\xfcJ9\xe4Q\xb6',b'\xed\xdf\x03\x87\xab\xc3[N',b'\xe2\x91\xbc+_\xe5UH',b'\x89\xe2{_O\x82]\xb1',b'h\xe3\x13@\x15\x85_h',"b',\xab\x05.\xa4\xe0Zr'",2021.10.11.08.31.07_veh-50_01750_01948/MergedPointCloud/ea5afc4a39e451b6.pcd,1633942871699817
b'\xed\xdf\x03\x87\xab\xc3[N',"b'KR""\x9a\x9d\x8fZi'",b'\xeaZ\xfcJ9\xe4Q\xb6',"b'\xb5\xd6,\x1e\x1a\xccWM'",b'h\xe3\x13@\x15\x85_h',"b',\xab\x05.\xa4\xe0Zr'",2021.10.11.08.31.07_veh-50_01750_01948/MergedPointCloud/eddf0387abc35b4e.pcd,1633942871749805
"b'KR""\x9a\x9d\x8fZi'",b'g\x9d\xab\x84mdR\x8f',b'\xed\xdf\x03\x87\xab\xc3[N',b'+s\x9a\x87\xcb\xbd^L',b'h\xe3\x13@\x15\x85_h',"b',\xab\x05.\xa4\xe0Zr'",2021.10.11.08.31.07_veh-50_01750_01948/MergedPointCloud/4b52229a9d8f5a69.pcd,1633942871799791
b'g\x9d\xab\x84mdR\x8f',b'\xed\x9f\x05\xf7\xb4?R\xac',"b'KR""\x9a\x9d\x8fZi'",b'\xd1>\xbc\xe5\xfc\xf2Q:',b'h\xe3\x13@\x15\x85_h',"b',\xab\x05.\xa4\xe0Zr'",2021.10.11.08.31.07_veh-50_01750_01948/MergedPointCloud/679dab846d64528f.pcd,1633942871849776
b'\xed\x9f\x05\xf7\xb4?R\xac',b'J/\xd7^P\xb8U\x03',b'g\x9d\xab\x84mdR\x8f',b'\x8eH!\x8b\xfd\xdeT\xbc',b'h\xe3\x13@\x15\x85_h',"b',\xab\x05.\xa4\xe0Zr'",2021.10.11.08.31.07_veh-50_01750_01948/MergedPointCloud/ed9f05f7b43f52ac.pcd,1633942871899764
b'J/\xd7^P\xb8U\x03',b'\xf5K8z\xd5\xcdR\\',b'\xed\x9f\x05\xf7\xb4?R\xac',b'\x96\xa9n\xaa\xd7\x80P\xf7',b'h\xe3\x13@\x15\x85_h',"b',\xab\x05.\xa4\xe0Zr'",2021.10.11.08.31.07_veh-50_01750_01948/MergedPointCloud/4a2fd75e50b85503.pcd,1633942871949753
b'\xf5K8z\xd5\xcdR\\',b'\xec\xd7\xccj\x04fU%',b'J/\xd7^P\xb8U\x03',b'\xd7@\x86+\xd22_\xe5',b'h\xe3\x13@\x15\x85_h',"b',\xab\x05.\xa4\xe0Zr'",2021.10.11.08.31.07_veh-50_01750_01948/MergedPointCloud/f54b387ad5cd525c.pcd,1633942871999743
b'\xec\xd7\xccj\x04fU%',b'\xb0\xb3E\x10B\xa2Vs',b'\xf5K8z\xd5\xcdR\\',b'l\x1d\xf7\xe3\x1a\xbbT\x9c',b'h\xe3\x13@\x15\x85_h',"b',\xab\x05.\xa4\xe0Zr'",2021.10.11.08.31.07_veh-50_01750_01948/MergedPointCloud/ecd7cc6a04665525.pcd,1633942872049736
b'\xb0\xb3E\x10B\xa2Vs',b'\xabAq\x07\xe09Y\xc3',b'\xec\xd7\xccj\x04fU%',b'\xa1yB`\xa3\x82Z\xfe',b'h\xe3\x13@\x15\x85_h',"b',\xab\x05.\xa4\xe0Zr'",2021.10.11.08.31.07_veh-50_01750_01948/MergedPointCloud/b0b3451042a25673.pcd,1633942872099731
b'\xabAq\x07\xe09Y\xc3',b')\x97?\x06\x7f\x08V\x1a',b'\xb0\xb3E\x10B\xa2Vs',b'\x07\x12\x1b\xadk=P\xe6',b'h\xe3\x13@\x15\x85_h',"b',\xab\x05.\xa4\xe0Zr'",2021.10.11.08.31.07_veh-50_01750_01948/MergedPointCloud/ab417107e03959c3.pcd,1633942872149730
b')\x97?\x06\x7f\x08V\x1a',b'\xb6\x8c^7~dQ\xb5',b'\xabAq\x07\xe09Y\xc3',b'C\xe5e\xcb\xab`[$',b'h\xe3\x13@\x15\x85_h',"b',\xab\x05.\xa4\xe0Zr'",2021.10.11.08.31.07_veh-50_01750_01948/MergedPointCloud/29973f067f08561a.pcd,1633942872199732
b'\xb6\x8c^7~dQ\xb5',b'/\xb5s *Y^W',b')\x97?\x06\x7f\x08V\x1a',b'\x0e\xb3\x14\x8a/%U\xe9',b'h\xe3\x13@\x15\x85_h',"b',\xab\x05.\xa4\xe0Zr'",2021.10.11.08.31.07_veh-50_01750_01948/MergedPointCloud/b68c5e377e6451b5.pcd,1633942872249733
b'/\xb5s *Y^W',b'\xaa\xc1\xbd\xa1\x11\xecXN',b'\xb6\x8c^7~dQ\xb5',b'K\x84\xc8E\xbc\xabWm',b'h\xe3\x13@\x15\x85_h',"b',\xab\x05.\xa4\xe0Zr'",2021.10.11.08.31.07_veh-50_01750_01948/MergedPointCloud/2fb573202a595e57.pcd,1633942872299733
b'\xaa\xc1\xbd\xa1\x11\xecXN',b'F\xdf\x04\x10\xfeT^5',b'/\xb5s *Y^W',b'Z\xf5\x9f!\xd2\x9f\\\xcf',b'h\xe3\x13@\x15\x85_h',"b',\xab\x05.\xa4\xe0Zr'",2021.10.11.08.31.07_veh-50_01750_01948/MergedPointCloud/aac1bda111ec584e.pcd,1633942872349736
b'F\xdf\x04\x10\xfeT^5',b'\x88R\x890\xfb\xf1_\xa6',b'\xaa\xc1\xbd\xa1\x11\xecXN',b'\xfc\xa40\xc8\x9c\x8cZ\xe5',b'h\xe3\x13@\x15\x85_h',"b',\xab\x05.\xa4\xe0Zr'",2021.10.11.08.31.07_veh-50_01750_01948/MergedPointCloud/46df0410fe545e35.pcd,1633942872399738
b'\x88R\x890\xfb\xf1_\xa6',b'EOnp\xd4>U\xec',b'F\xdf\x04\x10\xfeT^5',b'D\xf5\xa6==\xde_\x11',b'h\xe3\x13@\x15\x85_h',"b',\xab\x05.\xa4\xe0Zr'",2021.10.11.08.31.07_veh-50_01750_01948/MergedPointCloud/88528930fbf15fa6.pcd,1633942872449739
b'EOnp\xd4>U\xec',b'\x82L\xb7\xc2+\x84X\x94',b'\x88R\x890\xfb\xf1_\xa6',b'#\x0e\xfa3kyZ\xf6',b'h\xe3\x13@\x15\x85_h',"b',\xab\x05.\xa4\xe0Zr'",2021.10.11.08.31.07_veh-50_01750_01948/MergedPointCloud/454f6e70d43e55ec.pcd,1633942872499740
b'\x82L\xb7\xc2+\x84X\x94',b'\x02u\x1b\xa6\x1f\xa6Z\x8f',b'EOnp\xd4>U\xec',b'\x1b\xd2\x8f\xf8rR_\xbd',b'h\xe3\x13@\x15\x85_h',"b',\xab\x05.\xa4\xe0Zr'",2021.10.11.08.31.07_veh-50_01750_01948/MergedPointCloud/824cb7c22b845894.pcd,1633942872549744
b'\x02u\x1b\xa6\x1f\xa6Z\x8f',b'd\xa9w\r[_]x',b'\x82L\xb7\xc2+\x84X\x94',b'<\xbc4\xff\xee\xe6[\x8f',b'h\xe3\x13@\x15\x85_h',"b',\xab\x05.\xa4\xe0Zr'",2021.10.11.08.31.07_veh-50_01750_01948/MergedPointCloud/02751ba61fa65a8f.pcd,1633942872599746
b'd\xa9w\r[_]x',b'\x91V\x804\xcb\xf6Y\xa1',b'\x02u\x1b\xa6\x1f\xa6Z\x8f',b'\xb8\xf0\x92UMsX\x93',b'h\xe3\x13@\x15\x85_h',"b',\xab\x05.\xa4\xe0Zr'",2021.10.11.08.31.07_veh-50_01750_01948/MergedPointCloud/64a9770d5b5f5d78.pcd,1633942872649748
b'\x91V\x804\xcb\xf6Y\xa1',b'G\xfc\xe8\r\xf8\xceR4',b'd\xa9w\r[_]x',b'\xee\xf5^\xe9\xe0\x0eTZ',b'h\xe3\x13@\x15\x85_h',"b',\xab\x05.\xa4\xe0Zr'",2021.10.11.08.31.07_veh-50_01750_01948/MergedPointCloud/91568034cbf659a1.pcd,1633942872699751
b'G\xfc\xe8\r\xf8\xceR4',b'V\xb81\x19\x048Vc',b'\x91V\x804\xcb\xf6Y\xa1',b'\xde\x15\x11\xd9\x85\x08^u',b'h\xe3\x13@\x15\x85_h',"b',\xab\x05.\xa4\xe0Zr'",2021.10.11.08.31.07_veh-50_01750_01948/MergedPointCloud/47fce80df8ce5234.pcd,1633942872749754
b'V\xb81\x19\x048Vc',b'\xa1\x07\x84\xb6\xa8\x11X\xc7',b'G\xfc\xe8\r\xf8\xceR4',b'\xe0p\x18\x9a\x1e\xecY\x1f',b'h\xe3\x13@\x15\x85_h',"b',\xab\x05.\xa4\xe0Zr'",2021.10.11.08.31.07_veh-50_01750_01948/MergedPointCloud/56b8311904385663.pcd,1633942872799756
b'\xa1\x07\x84\xb6\xa8\x11X\xc7',b'{@\xb4L!\x80X\xa8',b'V\xb81\x19\x048Vc',b'\xa77\x83\x97\xb5\xb5_\xe6',b'h\xe3\x13@\x15\x85_h',"b',\xab\x05.\xa4\xe0Zr'",2021.10.11.08.31.07_veh-50_01750_01948/MergedPointCloud/a10784b6a81158c7.pcd,1633942872849756
b'{@\xb4L!\x80X\xa8',b'\x0f\x07\xff\x8d\xdf\xdeY\x84',b'\xa1\x07\x84\xb6\xa8\x11X\xc7',"b'\x9aa,\x92i""_\x14'",b'h\xe3\x13@\x15\x85_h',"b',\xab\x05.\xa4\xe0Zr'",2021.10.11.08.31.07_veh-50_01750_01948/MergedPointCloud/7b40b44c218058a8.pcd,1633942872899753
b'\x0f\x07\xff\x8d\xdf\xdeY\x84',b'\xb4=\x0f\xfb<\x98_\x8c',b'{@\xb4L!\x80X\xa8',b'\xc6\xa7\xe1Z@\xd2]6',b'h\xe3\x13@\x15\x85_h',"b',\xab\x05.\xa4\xe0Zr'",2021.10.11.08.31.07_veh-50_01750_01948/MergedPointCloud/0f07ff8ddfde5984.pcd,1633942872949751
b'\xb4=\x0f\xfb<\x98_\x8c',b'\x89\x83\x0b2>9S\xc4',b'\x0f\x07\xff\x8d\xdf\xdeY\x84',b'q\x93\x90\x7f\x03\xfaP\x81',b'h\xe3\x13@\x15\x85_h',"b',\xab\x05.\xa4\xe0Zr'",2021.10.11.08.31.07_veh-50_01750_01948/MergedPointCloud/b43d0ffb3c985f8c.pcd,1633942872999747
b'\x89\x83\x0b2>9S\xc4',b'\xbdC\xf2B\x15\xc7U\xa6',b'\xb4=\x0f\xfb<\x98_\x8c',b'^\xcaL\x81\xb8\x9dT\x80',b'h\xe3\x13@\x15\x85_h',"b',\xab\x05.\xa4\xe0Zr'",2021.10.11.08.31.07_veh-50_01750_01948/MergedPointCloud/89830b323e3953c4.pcd,1633942873049740
b'\xbdC\xf2B\x15\xc7U\xa6',b'\xda\xab\x81\xc8\x1a+U\x88',b'\x89\x83\x0b2>9S\xc4',b'\x7f\xab\xfc\x99\xac\xad[\x05',b'h\xe3\x13@\x15\x85_h',"b',\xab\x05.\xa4\xe0Zr'",2021.10.11.08.31.07_veh-50_01750_01948/MergedPointCloud/bd43f24215c755a6.pcd,1633942873099730
b'\xda\xab\x81\xc8\x1a+U\x88',b'\xe9\x12\xb8\x1f\xc5\x1eX\x8c',b'\xbdC\xf2B\x15\xc7U\xa6',b'+\x1e\xc8\xf5\xc7T^\xbe',b'h\xe3\x13@\x15\x85_h',"b',\xab\x05.\xa4\xe0Zr'",2021.10.11.08.31.07_veh-50_01750_01948/MergedPointCloud/daab81c81a2b5588.pcd,1633942873149717
b'\xe9\x12\xb8\x1f\xc5\x1eX\x8c',b'\x92\x13\xa6\xdd\x9a\x9f^1',b'\xda\xab\x81\xc8\x1a+U\x88',"b""#\x93\xd3\x02M'S\xaa""",b'h\xe3\x13@\x15\x85_h',"b',\xab\x05.\xa4\xe0Zr'",2021.10.11.08.31.07_veh-50_01750_01948/MergedPointCloud/e912b81fc51e588c.pcd,1633942873199706
b'\x92\x13\xa6\xdd\x9a\x9f^1',b'\x96\xf3\xbeg\x8d\xa2SA',b'\xe9\x12\xb8\x1f\xc5\x1eX\x8c',"b'\x13{w\x1a""\x17Z\xf7'",b'h\xe3\x13@\x15\x85_h',"b',\xab\x05.\xa4\xe0Zr'",2021.10.11.08.31.07_veh-50_01750_01948/MergedPointCloud/9213a6dd9a9f5e31.pcd,1633942873249695
b'\x96\xf3\xbeg\x8d\xa2SA',b'\xbf\xb1\xb6\xe4\x1cy^\xea',b'\x92\x13\xa6\xdd\x9a\x9f^1',b'JyU\xf1\xe2DVt',b'h\xe3\x13@\x15\x85_h',"b',\xab\x05.\xa4\xe0Zr'",2021.10.11.08.31.07_veh-50_01750_01948/MergedPointCloud/96f3be678da25341.pcd,1633942873299687
b'\xbf\xb1\xb6\xe4\x1cy^\xea',b'\xfa\xd1!\x85\x9e\x86[O',b'\x96\xf3\xbeg\x8d\xa2SA',b'\xcb\xe0\xf3\xa8\xf2\x19RA',b'h\xe3\x13@\x15\x85_h',"b',\xab\x05.\xa4\xe0Zr'",2021.10.11.08.31.07_veh-50_01750_01948/MergedPointCloud/bfb1b6e41c795eea.pcd,1633942873349682
b'\xfa\xd1!\x85\x9e\x86[O',b'\x86\x05v\x99\x03zX\xd0',b'\xbf\xb1\xb6\xe4\x1cy^\xea',b'\xe7\xe2\x130\xe7\x84X\x96',b'h\xe3\x13@\x15\x85_h',"b',\xab\x05.\xa4\xe0Zr'",2021.10.11.08.31.07_veh-50_01750_01948/MergedPointCloud/fad121859e865b4f.pcd,1633942873399679
b'\x86\x05v\x99\x03zX\xd0',b'\xbd\x003\x153XQ\xa1',b'\xfa\xd1!\x85\x9e\x86[O',b'\xf3\x96@6\xf3\x0bX\xd1',b'h\xe3\x13@\x15\x85_h',"b',\xab\x05.\xa4\xe0Zr'",2021.10.11.08.31.07_veh-50_01750_01948/MergedPointCloud/86057699037a58d0.pcd,1633942873449677
b'\xbd\x003\x153XQ\xa1',b'\n\x8f\x0e\xe3J\x0c[\x05',b'\x86\x05v\x99\x03zX\xd0',b' \\\xb1\x83\xaf\xc3_j',b'h\xe3\x13@\x15\x85_h',"b',\xab\x05.\xa4\xe0Zr'",2021.10.11.08.31.07_veh-50_01750_01948/MergedPointCloud/bd003315335851a1.pcd,1633942873499675
b'\n\x8f\x0e\xe3J\x0c[\x05',b'w.\xc1\x01\xe3M]\x81',b'\xbd\x003\x153XQ\xa1',b'\x8e\xd2\xabG\xac\x17Z\xf3',b'h\xe3\x13@\x15\x85_h',"b',\xab\x05.\xa4\xe0Zr'",2021.10.11.08.31.07_veh-50_01750_01948/MergedPointCloud/0a8f0ee34a0c5b05.pcd,1633942873549676
b'w.\xc1\x01\xe3M]\x81',"b'\xc9\xc4\xb5V\x11,_\xc2'",b'\n\x8f\x0e\xe3J\x0c[\x05',b'\x87[\xb2\t\x88\x02X\x12',b'h\xe3\x13@\x15\x85_h',"b',\xab\x05.\xa4\xe0Zr'",2021.10.11.08.31.07_veh-50_01750_01948/MergedPointCloud/772ec101e34d5d81.pcd,1633942873599676
"b'\xc9\xc4\xb5V\x11,_\xc2'",b'~\x82\x8b\xee\x7f\tYc',b'w.\xc1\x01\xe3M]\x81',b'\x1a\x0e\xb2\xccO\xc9X:',b'h\xe3\x13@\x15\x85_h',"b',\xab\x05.\xa4\xe0Zr'",2021.10.11.08.31.07_veh-50_01750_01948/MergedPointCloud/c9c4b556112c5fc2.pcd,1633942873649675
b'~\x82\x8b\xee\x7f\tYc',b'b\x15hZ4\xd9^\xf3',"b'\xc9\xc4\xb5V\x11,_\xc2'",b'|\x82m\x18.\x9eV6',b'h\xe3\x13@\x15\x85_h',"b',\xab\x05.\xa4\xe0Zr'",2021.10.11.08.31.07_veh-50_01750_01948/MergedPointCloud/7e828bee7f095963.pcd,1633942873699676
b'b\x15hZ4\xd9^\xf3',b'\r?\t\xdb\xd1\xf2^\xf4',b'~\x82\x8b\xee\x7f\tYc',b'\xe46z\x04Z\x16T\xc3',b'h\xe3\x13@\x15\x85_h',"b',\xab\x05.\xa4\xe0Zr'",2021.10.11.08.31.07_veh-50_01750_01948/MergedPointCloud/6215685a34d95ef3.pcd,1633942873749680
b'\r?\t\xdb\xd1\xf2^\xf4',b'\xfe\x9dc\xb8\x8d%V\x07',b'b\x15hZ4\xd9^\xf3',b'VB\xca\xb4xk]-',b'h\xe3\x13@\x15\x85_h',"b',\xab\x05.\xa4\xe0Zr'",2021.10.11.08.31.07_veh-50_01750_01948/MergedPointCloud/0d3f09dbd1f25ef4.pcd,1633942873799687
b'\xfe\x9dc\xb8\x8d%V\x07',b'I\xd6\xe9\xf7\x93}U0',b'\r?\t\xdb\xd1\xf2^\xf4',b'\x95\x07\xba\x9dI5W\xfb',b'h\xe3\x13@\x15\x85_h',"b',\xab\x05.\xa4\xe0Zr'",2021.10.11.08.31.07_veh-50_01750_01948/MergedPointCloud/fe9d63b88d255607.pcd,1633942873849693
b'I\xd6\xe9\xf7\x93}U0',b'\x1cP\x85\xb5\x90\x9aXA',b'\xfe\x9dc\xb8\x8d%V\x07',b'\r\xc2\xd2\x059\x18T\xb7',b'h\xe3\x13@\x15\x85_h',"b',\xab\x05.\xa4\xe0Zr'",2021.10.11.08.31.07_veh-50_01750_01948/MergedPointCloud/49d6e9f7937d5530.pcd,1633942873899699
b'\x1cP\x85\xb5\x90\x9aXA',b'\xa8\xd4\x8a\xe4\xca\x0b_\xee',b'I\xd6\xe9\xf7\x93}U0',b'\xb6~\xb9\xaf\x14bX|',b'h\xe3\x13@\x15\x85_h',"b',\xab\x05.\xa4\xe0Zr'",2021.10.11.08.31.07_veh-50_01750_01948/MergedPointCloud/1c5085b5909a5841.pcd,1633942873949705
b'\xa8\xd4\x8a\xe4\xca\x0b_\xee',b'\x15\xda\xc4^\xa8\x8b\\\xf6',b'\x1cP\x85\xb5\x90\x9aXA',b'n<\xe4\x11\xab\xf6_&',b'h\xe3\x13@\x15\x85_h',"b',\xab\x05.\xa4\xe0Zr'",2021.10.11.08.31.07_veh-50_01750_01948/MergedPointCloud/a8d48ae4ca0b5fee.pcd,1633942873999713
b'\x15\xda\xc4^\xa8\x8b\\\xf6',b'P\xdf$\x8f@\xbaT7',b'\xa8\xd4\x8a\xe4\xca\x0b_\xee',b'\xfa\xac\xc0\x8cS\x05Z\xfe',b'h\xe3\x13@\x15\x85_h',"b',\xab\x05.\xa4\xe0Zr'",2021.10.11.08.31.07_veh-50_01750_01948/MergedPointCloud/15dac45ea88b5cf6.pcd,1633942874049721
b'P\xdf$\x8f@\xbaT7',b'\x19\xb8\x94\x18W\x85[J',b'\x15\xda\xc4^\xa8\x8b\\\xf6',b'\x7f\x16%\x9b(\x13P?',b'h\xe3\x13@\x15\x85_h',"b',\xab\x05.\xa4\xe0Zr'",2021.10.11.08.31.07_veh-50_01750_01948/MergedPointCloud/50df248f40ba5437.pcd,1633942874099729
b'\x19\xb8\x94\x18W\x85[J',b'@it\t\x88\xdaVX',b'P\xdf$\x8f@\xbaT7',b'\x97\x9c1K\x93\x90S?',b'h\xe3\x13@\x15\x85_h',"b',\xab\x05.\xa4\xe0Zr'",2021.10.11.08.31.07_veh-50_01750_01948/MergedPointCloud/19b8941857855b4a.pcd,1633942874149739
b'@it\t\x88\xdaVX',b'\xf6\xf1\xe0Ju\x1eR\xcb',b'\x19\xb8\x94\x18W\x85[J',b'9\xfc\xcd\x10A\x8e^\xd6',b'h\xe3\x13@\x15\x85_h',"b',\xab\x05.\xa4\xe0Zr'",2021.10.11.08.31.07_veh-50_01750_01948/MergedPointCloud/4069740988da5658.pcd,1633942874199746
b'\xf6\xf1\xe0Ju\x1eR\xcb',b'\xc1\xba\x81\x12\xberVk',b'@it\t\x88\xdaVX',b'\xae\xa5\x0c6\xa2\xf7\\B',b'h\xe3\x13@\x15\x85_h',"b',\xab\x05.\xa4\xe0Zr'",2021.10.11.08.31.07_veh-50_01750_01948/MergedPointCloud/f6f1e04a751e52cb.pcd,1633942874249754
b'\xc1\xba\x81\x12\xberVk',b'\x1e\x0c=6\xf8OQ;',b'\xf6\xf1\xe0Ju\x1eR\xcb',b'Z\x9e\xa2\xed\x02b]\xba',b'h\xe3\x13@\x15\x85_h',"b',\xab\x05.\xa4\xe0Zr'",2021.10.11.08.31.07_veh-50_01750_01948/MergedPointCloud/c1ba8112be72566b.pcd,1633942874299766
b'\x1e\x0c=6\xf8OQ;',b'0\xee\x88\x00}zZZ',b'\xc1\xba\x81\x12\xberVk',b'\x1ftR\x025\xb1]]',b'h\xe3\x13@\x15\x85_h',"b',\xab\x05.\xa4\xe0Zr'",2021.10.11.08.31.07_veh-50_01750_01948/MergedPointCloud/1e0c3d36f84f513b.pcd,1633942874349777
b'0\xee\x88\x00}zZZ',b'\x1a_\x98\xedc\xcdW^',b'\x1e\x0c=6\xf8OQ;',b'\xba\xf0\xbf\x9a\xd7\xd5[\xe2',b'h\xe3\x13@\x15\x85_h',"b',\xab\x05.\xa4\xe0Zr'",2021.10.11.08.31.07_veh-50_01750_01948/MergedPointCloud/30ee88007d7a5a5a.pcd,1633942874399788
b'\x1a_\x98\xedc\xcdW^',b'W\xb5\xdetc\x84[\xfa',b'0\xee\x88\x00}zZZ',b'\xb0\xc5\x8c\xd6c([P',b'h\xe3\x13@\x15\x85_h',"b',\xab\x05.\xa4\xe0Zr'",2021.10.11.08.31.07_veh-50_01750_01948/MergedPointCloud/1a5f98ed63cd575e.pcd,1633942874449794
b'W\xb5\xdetc\x84[\xfa',b'\x10NM%\xef\xcf_!',b'\x1a_\x98\xedc\xcdW^',b'e\x8ep\n\xfb|U%',b'h\xe3\x13@\x15\x85_h',"b',\xab\x05.\xa4\xe0Zr'",2021.10.11.08.31.07_veh-50_01750_01948/MergedPointCloud/57b5de7463845bfa.pcd,1633942874499798
b'\x10NM%\xef\xcf_!',b'\x84\xce\x96j\x05B\\\xc0',b'W\xb5\xdetc\x84[\xfa',b'\xa1c:\x83}|U\x88',b'h\xe3\x13@\x15\x85_h',"b',\xab\x05.\xa4\xe0Zr'",2021.10.11.08.31.07_veh-50_01750_01948/MergedPointCloud/104e4d25efcf5f21.pcd,1633942874549800
b'\x84\xce\x96j\x05B\\\xc0',b'\x1c\xde\x98%y|Wg',b'\x10NM%\xef\xcf_!',b'\x01~\x0e\xad@\xf2^\xf2',b'h\xe3\x13@\x15\x85_h',"b',\xab\x05.\xa4\xe0Zr'",2021.10.11.08.31.07_veh-50_01750_01948/MergedPointCloud/84ce966a05425cc0.pcd,1633942874599803
b'\x1c\xde\x98%y|Wg',b'\xff\xcf\xc5\xb0\x08JWN',b'\x84\xce\x96j\x05B\\\xc0',b'0\xc9\xdc\xb3\x176Z\x8f',b'h\xe3\x13@\x15\x85_h',"b',\xab\x05.\xa4\xe0Zr'",2021.10.11.08.31.07_veh-50_01750_01948/MergedPointCloud/1cde9825797c5767.pcd,1633942874649807
b'\xff\xcf\xc5\xb0\x08JWN',b'8\x90\xdd>)/].',b'\x1c\xde\x98%y|Wg',b'\xf4\x9e7\x83\x0f.V\x0c',b'h\xe3\x13@\x15\x85_h',"b',\xab\x05.\xa4\xe0Zr'",2021.10.11.08.31.07_veh-50_01750_01948/MergedPointCloud/ffcfc5b0084a574e.pcd,1633942874699813
b'8\x90\xdd>)/].',b'\x94\xc8\xe8\xe0\xf9\xd4PN',b'\xff\xcf\xc5\xb0\x08JWN',b'1\xe1\xbe\xda\xc7|RX',b'h\xe3\x13@\x15\x85_h',"b',\xab\x05.\xa4\xe0Zr'",2021.10.11.08.31.07_veh-50_01750_01948/MergedPointCloud/3890dd3e292f5d2e.pcd,1633942874749820
b'\x94\xc8\xe8\xe0\xf9\xd4PN',b'm\xbe!\x94\xbf#Z\xd2',b'8\x90\xdd>)/].',b'\x16\xdd\xb1\xfdo\xe2P\xe6',b'h\xe3\x13@\x15\x85_h',"b',\xab\x05.\xa4\xe0Zr'",2021.10.11.08.31.07_veh-50_01750_01948/MergedPointCloud/94c8e8e0f9d4504e.pcd,1633942874799826
b'm\xbe!\x94\xbf#Z\xd2',b'\xfe\xf4\xe1\x14KXRN',b'\x94\xc8\xe8\xe0\xf9\xd4PN',b'\x95\xa1\xcdf1\x8eY)',b'h\xe3\x13@\x15\x85_h',"b',\xab\x05.\xa4\xe0Zr'",2021.10.11.08.31.07_veh-50_01750_01948/MergedPointCloud/6dbe2194bf235ad2.pcd,1633942874849831
b'\xfe\xf4\xe1\x14KXRN',b'\xf6\x14\x02\x8b\x98\xad^\x11',b'm\xbe!\x94\xbf#Z\xd2',b'2F-\xc0\xa4_S=',b'h\xe3\x13@\x15\x85_h',"b',\xab\x05.\xa4\xe0Zr'",2021.10.11.08.31.07_veh-50_01750_01948/MergedPointCloud/fef4e1144b58524e.pcd,1633942874899837
b'\xf6\x14\x02\x8b\x98\xad^\x11',b'\x8f\xa2\xc6\xc6{\xe8W\x02',b'\xfe\xf4\xe1\x14KXRN',b'4\\}\xbf\x9e\xa6\\\xb3',b'h\xe3\x13@\x15\x85_h',"b',\xab\x05.\xa4\xe0Zr'",2021.10.11.08.31.07_veh-50_01750_01948/MergedPointCloud/f614028b98ad5e11.pcd,1633942874949838
b'\x8f\xa2\xc6\xc6{\xe8W\x02',b'\xb5l\x14W\xc9 \\\x0c',b'\xf6\x14\x02\x8b\x98\xad^\x11',b'6\x1b\x0c\xf2\x14\xf2V\x14',b'h\xe3\x13@\x15\x85_h',"b',\xab\x05.\xa4\xe0Zr'",2021.10.11.08.31.07_veh-50_01750_01948/MergedPointCloud/8fa2c6c67be85702.pcd,1633942874999838
b'\xb5l\x14W\xc9 \\\x0c',b'\xa7z\x1d:1\xc5V)',b'\x8f\xa2\xc6\xc6{\xe8W\x02',b'\x12\xe3XHN:P\x84',b'h\xe3\x13@\x15\x85_h',"b',\xab\x05.\xa4\xe0Zr'",2021.10.11.08.31.07_veh-50_01750_01948/MergedPointCloud/b56c1457c9205c0c.pcd,1633942875049838
b'\xa7z\x1d:1\xc5V)',b'\xa32t\xe0\xa1\x00\\w',b'\xb5l\x14W\xc9 \\\x0c',b'\xa8\x8d\xa8\x11|O^\xd8',b'h\xe3\x13@\x15\x85_h',"b',\xab\x05.\xa4\xe0Zr'",2021.10.11.08.31.07_veh-50_01750_01948/MergedPointCloud/a77a1d3a31c55629.pcd,1633942875099834
b'\xa32t\xe0\xa1\x00\\w',b'c5\xec\x02\x8e0Q\xe1',b'\xa7z\x1d:1\xc5V)',b'C\x9a9\xcc\xba\xe9Ve',b'h\xe3\x13@\x15\x85_h',"b',\xab\x05.\xa4\xe0Zr'",2021.10.11.08.31.07_veh-50_01750_01948/MergedPointCloud/a33274e0a1005c77.pcd,1633942875149828
b'c5\xec\x02\x8e0Q\xe1',b'\x94\xfe\xcb\xe7(;]\xc4',b'\xa32t\xe0\xa1\x00\\w',b'\x98+\tw\xcd$Q\xc7',b'h\xe3\x13@\x15\x85_h',"b',\xab\x05.\xa4\xe0Zr'",2021.10.11.08.31.07_veh-50_01750_01948/MergedPointCloud/6335ec028e3051e1.pcd,1633942875199820
b'\x94\xfe\xcb\xe7(;]\xc4',b'\x99\x8d\xcb\xa1\xa0\xf6Pz',b'c5\xec\x02\x8e0Q\xe1',b'\xc6\xb8\xffi\x91\x90_\xdd',b'h\xe3\x13@\x15\x85_h',"b',\xab\x05.\xa4\xe0Zr'",2021.10.11.08.31.07_veh-50_01750_01948/MergedPointCloud/94fecbe7283b5dc4.pcd,1633942875249806
b'\x99\x8d\xcb\xa1\xa0\xf6Pz',b'}_\xd02\xac\x95U\xc5',b'\x94\xfe\xcb\xe7(;]\xc4',b'\xb1\x04\x18M\xe1oP\xe7',b'h\xe3\x13@\x15\x85_h',"b',\xab\x05.\xa4\xe0Zr'",2021.10.11.08.31.07_veh-50_01750_01948/MergedPointCloud/998dcba1a0f6507a.pcd,1633942875299788
b'}_\xd02\xac\x95U\xc5',b'{m\x9d\xdee\xf5W\xb3',b'\x99\x8d\xcb\xa1\xa0\xf6Pz',b'\x02\x9an\xddJ\x16[\xf9',b'h\xe3\x13@\x15\x85_h',"b',\xab\x05.\xa4\xe0Zr'",2021.10.11.08.31.07_veh-50_01750_01948/MergedPointCloud/7d5fd032ac9555c5.pcd,1633942875349765
b'{m\x9d\xdee\xf5W\xb3',b'KDq\xa1!\xceXR',b'}_\xd02\xac\x95U\xc5',b'\xd8e\x1fS\x99\xf7Z:',b'h\xe3\x13@\x15\x85_h',"b',\xab\x05.\xa4\xe0Zr'",2021.10.11.08.31.07_veh-50_01750_01948/MergedPointCloud/7b6d9dde65f557b3.pcd,1633942875399739
b'KDq\xa1!\xceXR',b'r\x8f5O|wVl',b'{m\x9d\xdee\xf5W\xb3',b'\x9a\x99 \x13\xec\x97Vw',b'h\xe3\x13@\x15\x85_h',"b',\xab\x05.\xa4\xe0Zr'",2021.10.11.08.31.07_veh-50_01750_01948/MergedPointCloud/4b4471a121ce5852.pcd,1633942875449716
b'r\x8f5O|wVl',b'\xfb(\xe1\x11\x96\xeaS&',b'KDq\xa1!\xceXR',"b""\xa9}\x85'J`T\x0f""",b'h\xe3\x13@\x15\x85_h',"b',\xab\x05.\xa4\xe0Zr'",2021.10.11.08.31.07_veh-50_01750_01948/MergedPointCloud/728f354f7c77566c.pcd,1633942875499696
b'\xfb(\xe1\x11\x96\xeaS&',b'=f\xb1\x18\x9b\xd1\\T',b'r\x8f5O|wVl',b'\xcb\x07_>\xa4\x14^\xb9',b'h\xe3\x13@\x15\x85_h',"b',\xab\x05.\xa4\xe0Zr'",2021.10.11.08.31.07_veh-50_01750_01948/MergedPointCloud/fb28e11196ea5326.pcd,1633942875549682
b'=f\xb1\x18\x9b\xd1\\T',b'\x0f\xe2\x18RY\x19]\x08',b'\xfb(\xe1\x11\x96\xeaS&',b'(1\x15\xa0\x0c\xeaQ\xc2',b'h\xe3\x13@\x15\x85_h',"b',\xab\x05.\xa4\xe0Zr'",2021.10.11.08.31.07_veh-50_01750_01948/MergedPointCloud/3d66b1189bd15c54.pcd,1633942875599676
b'\x0f\xe2\x18RY\x19]\x08',b'\xdb\xd3\xa0_\x9e\x98Q\r',b'=f\xb1\x18\x9b\xd1\\T',b'\x1d_Q\xec\x1d\xd6_m',b'h\xe3\x13@\x15\x85_h',"b',\xab\x05.\xa4\xe0Zr'",2021.10.11.08.31.07_veh-50_01750_01948/MergedPointCloud/0fe2185259195d08.pcd,1633942875649677
b'\xdb\xd3\xa0_\x9e\x98Q\r',b'\xe4ep\xbeu\x82Q\xc0',b'\x0f\xe2\x18RY\x19]\x08',b'C\x82\xf1\x10\xac\x9f_P',b'h\xe3\x13@\x15\x85_h',"b',\xab\x05.\xa4\xe0Zr'",2021.10.11.08.31.07_veh-50_01750_01948/MergedPointCloud/dbd3a05f9e98510d.pcd,1633942875699681
b'\xe4ep\xbeu\x82Q\xc0',b'\x06Q0\xe9\xd8\xa8WN',b'\xdb\xd3\xa0_\x9e\x98Q\r',b'\x80Y\x04\xbf0eW\xb0',b'h\xe3\x13@\x15\x85_h',"b',\xab\x05.\xa4\xe0Zr'",2021.10.11.08.31.07_veh-50_01750_01948/MergedPointCloud/e46570be758251c0.pcd,1633942875749689
b'\x06Q0\xe9\xd8\xa8WN',"b'\xb6\xac\xbf\x10$""W\xbb'",b'\xe4ep\xbeu\x82Q\xc0',b'\xffA\xe9\x99\xa7!U\xc3',b'h\xe3\x13@\x15\x85_h',"b',\xab\x05.\xa4\xe0Zr'",2021.10.11.08.31.07_veh-50_01750_01948/MergedPointCloud/065130e9d8a8574e.pcd,1633942875799699
"b'\xb6\xac\xbf\x10$""W\xbb'",b'\x8d\xd5DV\x98\x10[z',b'\x06Q0\xe9\xd8\xa8WN',b'6O\x8e\x1e\r\xaaQ\xa9',b'h\xe3\x13@\x15\x85_h',"b',\xab\x05.\xa4\xe0Zr'",2021.10.11.08.31.07_veh-50_01750_01948/MergedPointCloud/b6acbf10242257bb.pcd,1633942875849710
b'\x8d\xd5DV\x98\x10[z',b'=\x96\x1b\xa7{\x95UB',"b'\xb6\xac\xbf\x10$""W\xbb'",b'\xad]\xb2Q\xb1e[1',b'h\xe3\x13@\x15\x85_h',"b',\xab\x05.\xa4\xe0Zr'",2021.10.11.08.31.07_veh-50_01750_01948/MergedPointCloud/8dd5445698105b7a.pcd,1633942875899723
b'=\x96\x1b\xa7{\x95UB',"b""\x90\xc9\xf6\x0c'vY\x1b""",b'\x8d\xd5DV\x98\x10[z',b'\x93\xb0U\xe2%;\\\xaa',b'h\xe3\x13@\x15\x85_h',"b',\xab\x05.\xa4\xe0Zr'",2021.10.11.08.31.07_veh-50_01750_01948/MergedPointCloud/3d961ba77b955542.pcd,1633942875949738
"b""\x90\xc9\xf6\x0c'vY\x1b""",b'\x15+\xc3)\x84\x97P\x86',b'=\x96\x1b\xa7{\x95UB',b'R\x9e\xc1\x85\xa1\xf0V\xf9',b'h\xe3\x13@\x15\x85_h',"b',\xab\x05.\xa4\xe0Zr'",2021.10.11.08.31.07_veh-50_01750_01948/MergedPointCloud/90c9f60c2776591b.pcd,1633942875999756
b'\x15+\xc3)\x84\x97P\x86',b'2r\xd5\xc3c\x86_\x81',"b""\x90\xc9\xf6\x0c'vY\x1b""",b'\x87\xe6d0\xbd\xf5U\xad',b'h\xe3\x13@\x15\x85_h',"b',\xab\x05.\xa4\xe0Zr'",2021.10.11.08.31.07_veh-50_01750_01948/MergedPointCloud/152bc32984975086.pcd,1633942876049777
b'2r\xd5\xc3c\x86_\x81',b'\\|\x92\xc9\xaf\xccR ',b'\x15+\xc3)\x84\x97P\x86',b'Z\xd9\x89\xbf\x15\x1cZS',b'h\xe3\x13@\x15\x85_h',"b',\xab\x05.\xa4\xe0Zr'",2021.10.11.08.31.07_veh-50_01750_01948/MergedPointCloud/3272d5c363865f81.pcd,1633942876099800
b'\\|\x92\xc9\xaf\xccR ',b'\xc4\x89%in\rR\x8e',b'2r\xd5\xc3c\x86_\x81',b'\xaa\xc9\xcf\x99\x04\x86P\xc7',b'h\xe3\x13@\x15\x85_h',"b',\xab\x05.\xa4\xe0Zr'",2021.10.11.08.31.07_veh-50_01750_01948/MergedPointCloud/5c7c92c9afcc5220.pcd,1633942876149823
b'\xc4\x89%in\rR\x8e',b'm\xf9\xe7\xedp9Y\x0b',b'\\|\x92\xc9\xaf\xccR ',b'\x1a~T6 \x92U\xf6',b'h\xe3\x13@\x15\x85_h',"b',\xab\x05.\xa4\xe0Zr'",2021.10.11.08.31.07_veh-50_01750_01948/MergedPointCloud/c48925696e0d528e.pcd,1633942876199848
b'm\xf9\xe7\xedp9Y\x0b',"b'\xf4\x13,:\x92\xf4Q\x9e'",b'\xc4\x89%in\rR\x8e',b'4|z\xb8\xc3\x9cS8',b'h\xe3\x13@\x15\x85_h',"b',\xab\x05.\xa4\xe0Zr'",2021.10.11.08.31.07_veh-50_01750_01948/MergedPointCloud/6df9e7ed7039590b.pcd,1633942876249873
"b'\xf4\x13,:\x92\xf4Q\x9e'",b'd\xc4D\xde\xe5 Z\x81',b'm\xf9\xe7\xedp9Y\x0b',b'\xff\xf7\x96Q\xac\x8dT\xda',b'h\xe3\x13@\x15\x85_h',"b',\xab\x05.\xa4\xe0Zr'",2021.10.11.08.31.07_veh-50_01750_01948/MergedPointCloud/f4132c3a92f4519e.pcd,1633942876299900
b'd\xc4D\xde\xe5 Z\x81',b'\xfc\x04^\xd0\x7f\x9cP9',"b'\xf4\x13,:\x92\xf4Q\x9e'","b's-\xb26,J_\x14'",b'h\xe3\x13@\x15\x85_h',"b',\xab\x05.\xa4\xe0Zr'",2021.10.11.08.31.07_veh-50_01750_01948/MergedPointCloud/64c444dee5205a81.pcd,1633942876349925
b'\xfc\x04^\xd0\x7f\x9cP9',b'\x07Z!\x85wbR@',b'd\xc4D\xde\xe5 Z\x81',b'\x0b\xfd\xaf&\x18\xedP~',b'h\xe3\x13@\x15\x85_h',"b',\xab\x05.\xa4\xe0Zr'",2021.10.11.08.31.07_veh-50_01750_01948/MergedPointCloud/fc045ed07f9c5039.pcd,1633942876399951
b'\x07Z!\x85wbR@',b'\xf2\xa1\xe3\x9c>\xe5R\x07',b'\xfc\x04^\xd0\x7f\x9cP9',b'q\r\xa08\xa0bZg',b'h\xe3\x13@\x15\x85_h',"b',\xab\x05.\xa4\xe0Zr'",2021.10.11.08.31.07_veh-50_01750_01948/MergedPointCloud/075a218577625240.pcd,1633942876449977
b'\xf2\xa1\xe3\x9c>\xe5R\x07',b'\x81\xd12\x85+\xf8VI',b'\x07Z!\x85wbR@',b'\x8f\xf4\xdf\xbb\xee\x01_J',b'h\xe3\x13@\x15\x85_h',"b',\xab\x05.\xa4\xe0Zr'",2021.10.11.08.31.07_veh-50_01750_01948/MergedPointCloud/f2a1e39c3ee55207.pcd,1633942876500004
b'\x81\xd12\x85+\xf8VI',b'\x85d\x19\xa4\r^X^',b'\xf2\xa1\xe3\x9c>\xe5R\x07',b'\xc9\xe6I\xd8\xd2\xe3U\xa3',b'h\xe3\x13@\x15\x85_h',"b',\xab\x05.\xa4\xe0Zr'",2021.10.11.08.31.07_veh-50_01750_01948/MergedPointCloud/81d132852bf85649.pcd,1633942876550031
b'\x85d\x19\xa4\r^X^',b'\xc2\xc4\x84\r\x1b\x8aR\xe8',b'\x81\xd12\x85+\xf8VI',b'\xb2\xef#F\nwSi',b'h\xe3\x13@\x15\x85_h',"b',\xab\x05.\xa4\xe0Zr'",2021.10.11.08.31.07_veh-50_01750_01948/MergedPointCloud/856419a40d5e585e.pcd,1633942876600057
b'\xc2\xc4\x84\r\x1b\x8aR\xe8',"b""pl\xec\x88\x07'PJ""",b'\x85d\x19\xa4\r^X^',b'\xb7U\x98yC\x1f[\t',b'h\xe3\x13@\x15\x85_h',"b',\xab\x05.\xa4\xe0Zr'",2021.10.11.08.31.07_veh-50_01750_01948/MergedPointCloud/c2c4840d1b8a52e8.pcd,1633942876650085
"b""pl\xec\x88\x07'PJ""",b'\xbb\xc6\xf0X\xcd\xd1]E',b'\xc2\xc4\x84\r\x1b\x8aR\xe8',b'\x95\xeas\xb9\x87\x89U\xf0',b'h\xe3\x13@\x15\x85_h',"b',\xab\x05.\xa4\xe0Zr'",2021.10.11.08.31.07_veh-50_01750_01948/MergedPointCloud/706cec880727504a.pcd,1633942876700114
b'\xbb\xc6\xf0X\xcd\xd1]E',b':\x01\xe2\x16\xa8}VT',"b""pl\xec\x88\x07'PJ""",b'_\xdb#k\x05\xceS6',b'h\xe3\x13@\x15\x85_h',"b',\xab\x05.\xa4\xe0Zr'",2021.10.11.08.31.07_veh-50_01750_01948/MergedPointCloud/bbc6f058cdd15d45.pcd,1633942876750142
b':\x01\xe2\x16\xa8}VT',"b""\xc3L\xae'\xb1\t]\n""",b'\xbb\xc6\xf0X\xcd\xd1]E',b'y\xc6f\xa8\\\\_\x9d',b'h\xe3\x13@\x15\x85_h',"b',\xab\x05.\xa4\xe0Zr'",2021.10.11.08.31.07_veh-50_01750_01948/MergedPointCloud/3a01e216a87d5654.pcd,1633942876800174
"b""\xc3L\xae'\xb1\t]\n""",b'\xfaC\x04\xfe\x84\x83\\]',b':\x01\xe2\x16\xa8}VT',b'\xa2\xad\x9dT\xcb\xb9\\\x1d',b'h\xe3\x13@\x15\x85_h',"b',\xab\x05.\xa4\xe0Zr'",2021.10.11.08.31.07_veh-50_01750_01948/MergedPointCloud/c34cae27b1095d0a.pcd,1633942876850205
b'\xfaC\x04\xfe\x84\x83\\]',b'_\xc4\x0e\xe3V\x08W4',"b""\xc3L\xae'\xb1\t]\n""",b'\xf1\xac+\xdd\xbf/[.',b'h\xe3\x13@\x15\x85_h',"b',\xab\x05.\xa4\xe0Zr'",2021.10.11.08.31.07_veh-50_01750_01948/MergedPointCloud/fa4304fe84835c5d.pcd,1633942876900237
b'_\xc4\x0e\xe3V\x08W4',b'\xff\x91\xd2S\x0b\xf1U\xf4',b'\xfaC\x04\xfe\x84\x83\\]',b'\xd7\x99r(i&Vn',b'h\xe3\x13@\x15\x85_h',"b',\xab\x05.\xa4\xe0Zr'",2021.10.11.08.31.07_veh-50_01750_01948/MergedPointCloud/5fc40ee356085734.pcd,1633942876950267
b'\xff\x91\xd2S\x0b\xf1U\xf4',b'W\xbd\x0e\xa6-\xad[\x02',b'_\xc4\x0e\xe3V\x08W4',b'\xfdt\x93f\xb7\xcbW=',b'h\xe3\x13@\x15\x85_h',"b',\xab\x05.\xa4\xe0Zr'",2021.10.11.08.31.07_veh-50_01750_01948/MergedPointCloud/ff91d2530bf155f4.pcd,1633942877000297
b'W\xbd\x0e\xa6-\xad[\x02',b'\x81u<{\xb1\xff]\x98',b'\xff\x91\xd2S\x0b\xf1U\xf4',b'\xde;Ka\xb1dVu',b'h\xe3\x13@\x15\x85_h',"b',\xab\x05.\xa4\xe0Zr'",2021.10.11.08.31.07_veh-50_01750_01948/MergedPointCloud/57bd0ea62dad5b02.pcd,1633942877050325
b'\x81u<{\xb1\xff]\x98',b'\xf0\xeb\xcb\xca\xa3\xb4]\x14',b'W\xbd\x0e\xa6-\xad[\x02',b'\r\xd3\xfe\x8d\xd8\x0b\\\xf0',b'h\xe3\x13@\x15\x85_h',"b',\xab\x05.\xa4\xe0Zr'",2021.10.11.08.31.07_veh-50_01750_01948/MergedPointCloud/81753c7bb1ff5d98.pcd,1633942877100350
b'\xf0\xeb\xcb\xca\xa3\xb4]\x14',b'u\xce\xd8\xab`JZ\x7f',b'\x81u<{\xb1\xff]\x98',b'\xf2\xc9\xe2\x18R\xfaV\x91',b'h\xe3\x13@\x15\x85_h',"b',\xab\x05.\xa4\xe0Zr'",2021.10.11.08.31.07_veh-50_01750_01948/MergedPointCloud/f0ebcbcaa3b45d14.pcd,1633942877150370
b'u\xce\xd8\xab`JZ\x7f',b'IY\xf3\t(\x89Z\xe3',b'\xf0\xeb\xcb\xca\xa3\xb4]\x14',"b'\x82\xb5\xd6\x9ex,^?'",b'h\xe3\x13@\x15\x85_h',"b',\xab\x05.\xa4\xe0Zr'",2021.10.11.08.31.07_veh-50_01750_01948/MergedPointCloud/75ced8ab604a5a7f.pcd,1633942877200382
b'IY\xf3\t(\x89Z\xe3',b'\x86?\xda}9\x9dTm',b'u\xce\xd8\xab`JZ\x7f',b'i\xd0\x88\x82\xbfC\\\xa9',b'h\xe3\x13@\x15\x85_h',"b',\xab\x05.\xa4\xe0Zr'",2021.10.11.08.31.07_veh-50_01750_01948/MergedPointCloud/4959f30928895ae3.pcd,1633942877250388
b'\x86?\xda}9\x9dTm',b'\x1dE\xfd/\xb7\xb0Ul',b'IY\xf3\t(\x89Z\xe3',b'\xe9\xd0\xabX\x1c>X\xce',b'h\xe3\x13@\x15\x85_h',"b',\xab\x05.\xa4\xe0Zr'",2021.10.11.08.31.07_veh-50_01750_01948/MergedPointCloud/863fda7d399d546d.pcd,1633942877300391
b'\x1dE\xfd/\xb7\xb0Ul',b'\x07&\x99\xd7\xd1\x1fS\xf8',b'\x86?\xda}9\x9dTm',b'\xf3\x85y\xd6\xa8[Q\x7f',b'h\xe3\x13@\x15\x85_h',"b',\xab\x05.\xa4\xe0Zr'",2021.10.11.08.31.07_veh-50_01750_01948/MergedPointCloud/1d45fd2fb7b0556c.pcd,1633942877350389
b'\x07&\x99\xd7\xd1\x1fS\xf8',b'\x14\x0b\x9b\xe0\xabKQk',b'\x1dE\xfd/\xb7\xb0Ul',b'C\x14\xea\x17\xdaPU<',b'h\xe3\x13@\x15\x85_h',"b',\xab\x05.\xa4\xe0Zr'",2021.10.11.08.31.07_veh-50_01750_01948/MergedPointCloud/072699d7d11f53f8.pcd,1633942877400387
b'\x14\x0b\x9b\xe0\xabKQk',b'\x9bn^\x11\xd4\xfa^\x1c',b'\x07&\x99\xd7\xd1\x1fS\xf8',b'\x01fb&\x99\x81W\xb3',b'h\xe3\x13@\x15\x85_h',"b',\xab\x05.\xa4\xe0Zr'",2021.10.11.08.31.07_veh-50_01750_01948/MergedPointCloud/140b9be0ab4b516b.pcd,1633942877450382
b'\x9bn^\x11\xd4\xfa^\x1c',b'\xc2\x9fEV\x13\xe5]\xd9',b'\x14\x0b\x9b\xe0\xabKQk',b'Fs\xa5\xdbK(Z\xdd',b'h\xe3\x13@\x15\x85_h',"b',\xab\x05.\xa4\xe0Zr'",2021.10.11.08.31.07_veh-50_01750_01948/MergedPointCloud/9b6e5e11d4fa5e1c.pcd,1633942877500371
b'\xc2\x9fEV\x13\xe5]\xd9',b'\x91\xf0\xda\xac\xac\xb8Y\xd3',b'\x9bn^\x11\xd4\xfa^\x1c',b'\x82?\xab\xa1\x99\xdcR\xa5',b'h\xe3\x13@\x15\x85_h',"b',\xab\x05.\xa4\xe0Zr'",2021.10.11.08.31.07_veh-50_01750_01948/MergedPointCloud/c29f455613e55dd9.pcd,1633942877550355
b'\x91\xf0\xda\xac\xac\xb8Y\xd3',"b'\xa0\xb1,\xec\xacgR]'",b'\xc2\x9fEV\x13\xe5]\xd9',b'0\xf9\xed\x80C\xb0Qs',b'h\xe3\x13@\x15\x85_h',"b',\xab\x05.\xa4\xe0Zr'",2021.10.11.08.31.07_veh-50_01750_01948/MergedPointCloud/91f0daacacb859d3.pcd,1633942877600332
"b'\xa0\xb1,\xec\xacgR]'",b'/0\t\xb6\x17HZ\x1d',b'\x91\xf0\xda\xac\xac\xb8Y\xd3',b'GA\x92\x16\xbe\x1f\\\x15',b'h\xe3\x13@\x15\x85_h',"b',\xab\x05.\xa4\xe0Zr'",2021.10.11.08.31.07_veh-50_01750_01948/MergedPointCloud/a0b12cecac67525d.pcd,1633942877650305
b'/0\t\xb6\x17HZ\x1d',b'\x17\x03\x91\xb0\xb9BS\x17',"b'\xa0\xb1,\xec\xacgR]'",b'\xcaD\x8b\xf89fZ\x0e',b'h\xe3\x13@\x15\x85_h',"b',\xab\x05.\xa4\xe0Zr'",2021.10.11.08.31.07_veh-50_01750_01948/MergedPointCloud/2f3009b617485a1d.pcd,1633942877700275
b'\x17\x03\x91\xb0\xb9BS\x17',b'\x03\xd2I\t\xdcA\\\xcc',b'/0\t\xb6\x17HZ\x1d',b'\xa3\x0f\xa8\xf21\xd9Z\xf5',b'h\xe3\x13@\x15\x85_h',"b',\xab\x05.\xa4\xe0Zr'",2021.10.11.08.31.07_veh-50_01750_01948/MergedPointCloud/170391b0b9425317.pcd,1633942877750244
b'\x03\xd2I\t\xdcA\\\xcc',b'\xf9Eiu\x1bP_\\',b'\x17\x03\x91\xb0\xb9BS\x17',b'\x06\xa1*ID\x08Wn',b'h\xe3\x13@\x15\x85_h',"b',\xab\x05.\xa4\xe0Zr'",2021.10.11.08.31.07_veh-50_01750_01948/MergedPointCloud/03d24909dc415ccc.pcd,1633942877800216
b'\xf9Eiu\x1bP_\\',b'~=\x1b\x88\xbbtZ\xd0',b'\x03\xd2I\t\xdcA\\\xcc',b'\xcbsF\xfe\xccTY\xf2',b'h\xe3\x13@\x15\x85_h',"b',\xab\x05.\xa4\xe0Zr'",2021.10.11.08.31.07_veh-50_01750_01948/MergedPointCloud/f94569751b505f5c.pcd,1633942877850187
b'~=\x1b\x88\xbbtZ\xd0',b'\x13\xd5\xfe\xd9w\xc8_\\',b'\xf9Eiu\x1bP_\\',b'\xb9\xb7\x15\x89\xc7\x9bZ\xaf',b'h\xe3\x13@\x15\x85_h',"b',\xab\x05.\xa4\xe0Zr'",2021.10.11.08.31.07_veh-50_01750_01948/MergedPointCloud/7e3d1b88bb745ad0.pcd,1633942877900160
b'\x13\xd5\xfe\xd9w\xc8_\\',b'\xd8\xf4\x84\xed[\xc1X\x14',b'~=\x1b\x88\xbbtZ\xd0',"b'\x89\x11,\x92\x10\xa1Q\x1d'",b'h\xe3\x13@\x15\x85_h',"b',\xab\x05.\xa4\xe0Zr'",2021.10.11.08.31.07_veh-50_01750_01948/MergedPointCloud/13d5fed977c85f5c.pcd,1633942877950136
b'\xd8\xf4\x84\xed[\xc1X\x14',b'\x84\xf96ygy^]',b'\x13\xd5\xfe\xd9w\xc8_\\',b'\x00\x1b\xb5<\x10\x85Q\xf8',b'h\xe3\x13@\x15\x85_h',"b',\xab\x05.\xa4\xe0Zr'",2021.10.11.08.31.07_veh-50_01750_01948/MergedPointCloud/d8f484ed5bc15814.pcd,1633942878000111
b'\x84\xf96ygy^]',b'\x8bR\xdaN\xb8_[\xba',b'\xd8\xf4\x84\xed[\xc1X\x14',"b'(\x1f,\xd1\xc2\xccVA'",b'h\xe3\x13@\x15\x85_h',"b',\xab\x05.\xa4\xe0Zr'",2021.10.11.08.31.07_veh-50_01750_01948/MergedPointCloud/84f9367967795e5d.pcd,1633942878050085
b'\x8bR\xdaN\xb8_[\xba',b'\xfa\xa1\x9d\xacz\xfe_\x97',b'\x84\xf96ygy^]',b'0\xd2\xda\xa2\xaf\xa7\\C',b'h\xe3\x13@\x15\x85_h',"b',\xab\x05.\xa4\xe0Zr'",2021.10.11.08.31.07_veh-50_01750_01948/MergedPointCloud/8b52da4eb85f5bba.pcd,1633942878100057
b'\xfa\xa1\x9d\xacz\xfe_\x97',b'\x90\x84\xc37\x01}\\\xe8',b'\x8bR\xdaN\xb8_[\xba',b'!\xa4\xe2\\\x08MY\x9b',b'h\xe3\x13@\x15\x85_h',"b',\xab\x05.\xa4\xe0Zr'",2021.10.11.08.31.07_veh-50_01750_01948/MergedPointCloud/faa19dac7afe5f97.pcd,1633942878150027
b'\x90\x84\xc37\x01}\\\xe8',b'A\xb0L\x10n\xb1V\x18',b'\xfa\xa1\x9d\xacz\xfe_\x97',b'z\x01\x03!\x0e\x99Vp',b'h\xe3\x13@\x15\x85_h',"b',\xab\x05.\xa4\xe0Zr'",2021.10.11.08.31.07_veh-50_01750_01948/MergedPointCloud/9084c337017d5ce8.pcd,1633942878199995
b'A\xb0L\x10n\xb1V\x18',"b'\xf21\xdb""\x8cBW\xbd'",b'\x90\x84\xc37\x01}\\\xe8',b'\x9cJ\xbfz\x8a\xa9Z\xde',b'h\xe3\x13@\x15\x85_h',"b',\xab\x05.\xa4\xe0Zr'",2021.10.11.08.31.07_veh-50_01750_01948/MergedPointCloud/41b04c106eb15618.pcd,1633942878249962
"b'\xf21\xdb""\x8cBW\xbd'",b'M&l\xa75G^7',b'A\xb0L\x10n\xb1V\x18',b'\x08\x1em\xa7!\xbbU>',b'h\xe3\x13@\x15\x85_h',"b',\xab\x05.\xa4\xe0Zr'",2021.10.11.08.31.07_veh-50_01750_01948/MergedPointCloud/f231db228c4257bd.pcd,1633942878299930
b'M&l\xa75G^7',b'\x9aG~LQ.V\xb5',"b'\xf21\xdb""\x8cBW\xbd'",b'_r?s\xb9|]j',b'h\xe3\x13@\x15\x85_h',"b',\xab\x05.\xa4\xe0Zr'",2021.10.11.08.31.07_veh-50_01750_01948/MergedPointCloud/4d266ca735475e37.pcd,1633942878349897
b'\x9aG~LQ.V\xb5',b'O\xc7\x10\xee\xe9\xe0W\x1a',b'M&l\xa75G^7',b'\xc2\x84\xfc\x06\xc7\xfc\\\x95',b'h\xe3\x13@\x15\x85_h',"b',\xab\x05.\xa4\xe0Zr'",2021.10.11.08.31.07_veh-50_01750_01948/MergedPointCloud/9a477e4c512e56b5.pcd,1633942878399863
b'O\xc7\x10\xee\xe9\xe0W\x1a',b'h\xe3i \x17\x10T\xcf',b'\x9aG~LQ.V\xb5',b'4\x15\xda\xc0A\xd7S\xe7',b'h\xe3\x13@\x15\x85_h',"b',\xab\x05.\xa4\xe0Zr'",2021.10.11.08.31.07_veh-50_01750_01948/MergedPointCloud/4fc710eee9e0571a.pcd,1633942878449832
b'h\xe3i \x17\x10T\xcf',b'\x17\xa9\t\xae\xc5\xd9RN',b'O\xc7\x10\xee\xe9\xe0W\x1a',b'[:\x94\x8e\x02LS\x8f',b'h\xe3\x13@\x15\x85_h',"b',\xab\x05.\xa4\xe0Zr'",2021.10.11.08.31.07_veh-50_01750_01948/MergedPointCloud/68e36920171054cf.pcd,1633942878499805
b'\x17\xa9\t\xae\xc5\xd9RN',b'4\xdc\xe9\x05\xdd\x80P\x1d',b'h\xe3i \x17\x10T\xcf',b'\xfcU\xe8\xba\x1a{V\xdb',b'h\xe3\x13@\x15\x85_h',"b',\xab\x05.\xa4\xe0Zr'",2021.10.11.08.31.07_veh-50_01750_01948/MergedPointCloud/17a909aec5d9524e.pcd,1633942878549784
b'4\xdc\xe9\x05\xdd\x80P\x1d',b'G\x18F2\xfe\xedV\xff',b'\x17\xa9\t\xae\xc5\xd9RN',b'gS\xa5\x10\xb9RZ\xa2',b'h\xe3\x13@\x15\x85_h',"b',\xab\x05.\xa4\xe0Zr'",2021.10.11.08.31.07_veh-50_01750_01948/MergedPointCloud/34dce905dd80501d.pcd,1633942878599768
b'G\x18F2\xfe\xedV\xff',b'\xd73+\xf5\xd4.[6',b'4\xdc\xe9\x05\xdd\x80P\x1d',b'>\xb2\xbeoN|R\r',b'h\xe3\x13@\x15\x85_h',"b',\xab\x05.\xa4\xe0Zr'",2021.10.11.08.31.07_veh-50_01750_01948/MergedPointCloud/47184632feed56ff.pcd,1633942878649754
b'\xd73+\xf5\xd4.[6',b'f\x9b\x04\x8e5\xd4\\X',b'G\x18F2\xfe\xedV\xff',b' f6\xc9P\xda^H',b'h\xe3\x13@\x15\x85_h',"b',\xab\x05.\xa4\xe0Zr'",2021.10.11.08.31.07_veh-50_01750_01948/MergedPointCloud/d7332bf5d42e5b36.pcd,1633942878699741
b'f\x9b\x04\x8e5\xd4\\X',b'Qw\x8aY\x0e\xdbR\xcd',b'\xd73+\xf5\xd4.[6',b'\xa2y>\x1bH\xffPl',b'h\xe3\x13@\x15\x85_h',"b',\xab\x05.\xa4\xe0Zr'",2021.10.11.08.31.07_veh-50_01750_01948/MergedPointCloud/669b048e35d45c58.pcd,1633942878749728
b'Qw\x8aY\x0e\xdbR\xcd',b'hx \x99\xd9)W\xe7',b'f\x9b\x04\x8e5\xd4\\X',b'\x9cz\\=\xba\xbbW\xc4',b'h\xe3\x13@\x15\x85_h',"b',\xab\x05.\xa4\xe0Zr'",2021.10.11.08.31.07_veh-50_01750_01948/MergedPointCloud/51778a590edb52cd.pcd,1633942878799716
b'hx \x99\xd9)W\xe7',b'W\x8cw\x86\xb6\x9bZ\xde',b'Qw\x8aY\x0e\xdbR\xcd',b'\x80\x13U\xd8\x9f(^\xcf',b'h\xe3\x13@\x15\x85_h',"b',\xab\x05.\xa4\xe0Zr'",2021.10.11.08.31.07_veh-50_01750_01948/MergedPointCloud/68782099d92957e7.pcd,1633942878849706
b'W\x8cw\x86\xb6\x9bZ\xde',b'y<\x02\xfa\x11\xf5Vy',b'hx \x99\xd9)W\xe7',b'\xe8\x8eI\x84\x9b(\\\xff',b'h\xe3\x13@\x15\x85_h',"b',\xab\x05.\xa4\xe0Zr'",2021.10.11.08.31.07_veh-50_01750_01948/MergedPointCloud/578c7786b69b5ade.pcd,1633942878899697
b'y<\x02\xfa\x11\xf5Vy',b'@\x14\xda2\xbc\nR\xb2',b'W\x8cw\x86\xb6\x9bZ\xde',b'{\xf2K=\x8fOY\xa8',b'h\xe3\x13@\x15\x85_h',"b',\xab\x05.\xa4\xe0Zr'",2021.10.11.08.31.07_veh-50_01750_01948/MergedPointCloud/793c02fa11f55679.pcd,1633942878949690
b'@\x14\xda2\xbc\nR\xb2',b'\xa2\xa87\r\xa2\xf1_\x1f',b'y<\x02\xfa\x11\xf5Vy',b'\x97\\\xa9\x99\xb2NW\xf7',b'h\xe3\x13@\x15\x85_h',"b',\xab\x05.\xa4\xe0Zr'",2021.10.11.08.31.07_veh-50_01750_01948/MergedPointCloud/4014da32bc0a52b2.pcd,1633942878999684
b'\xa2\xa87\r\xa2\xf1_\x1f',b'\xa0\xcc/\x06\xac\x8a]8',b'@\x14\xda2\xbc\nR\xb2',b'\xa3[\xf7\xb7b\xf7Vp',b'h\xe3\x13@\x15\x85_h',"b',\xab\x05.\xa4\xe0Zr'",2021.10.11.08.31.07_veh-50_01750_01948/MergedPointCloud/a2a8370da2f15f1f.pcd,1633942879049679
b'\xa0\xcc/\x06\xac\x8a]8',b'\xe8u{\xcdB^Wx',b'\xa2\xa87\r\xa2\xf1_\x1f',b'\xe9\xfe\x9e6\xd1\xaa]\xa5',b'h\xe3\x13@\x15\x85_h',"b',\xab\x05.\xa4\xe0Zr'",2021.10.11.08.31.07_veh-50_01750_01948/MergedPointCloud/a0cc2f06ac8a5d38.pcd,1633942879099678
b'\xe8u{\xcdB^Wx',b'G\xcaTt\x8fQ[\xa8',b'\xa0\xcc/\x06\xac\x8a]8',b'\xe7>\xf6T\xdc\x96_\xac',b'h\xe3\x13@\x15\x85_h',"b',\xab\x05.\xa4\xe0Zr'",2021.10.11.08.31.07_veh-50_01750_01948/MergedPointCloud/e8757bcd425e5778.pcd,1633942879149679
b'G\xcaTt\x8fQ[\xa8',b'\x92\xd5\xc5\x83\n\xa8\\n',b'\xe8u{\xcdB^Wx',b'\xaf\xd4_B\n\xf9\\\x18',b'h\xe3\x13@\x15\x85_h',"b',\xab\x05.\xa4\xe0Zr'",2021.10.11.08.31.07_veh-50_01750_01948/MergedPointCloud/47ca54748f515ba8.pcd,1633942879199681
b'\x92\xd5\xc5\x83\n\xa8\\n',"b'\x9c3\x8f""/\x02U\xe2'",b'G\xcaTt\x8fQ[\xa8',b'?\xcf\xb9:\xad\xa4]\xe3',b'h\xe3\x13@\x15\x85_h',"b',\xab\x05.\xa4\xe0Zr'",2021.10.11.08.31.07_veh-50_01750_01948/MergedPointCloud/92d5c5830aa85c6e.pcd,1633942879249681
"b'\x9c3\x8f""/\x02U\xe2'",b'\xb3tW\xa3\xa7\xf9R\xbd',b'\x92\xd5\xc5\x83\n\xa8\\n',b'\x9f|\xcc*\x1fi[\xde',b'h\xe3\x13@\x15\x85_h',"b',\xab\x05.\xa4\xe0Zr'",2021.10.11.08.31.07_veh-50_01750_01948/MergedPointCloud/9c338f222f0255e2.pcd,1633942879299682
b'\xb3tW\xa3\xa7\xf9R\xbd',b'\x8a5\x83\x01\xb2\x0eZ\xa4',"b'\x9c3\x8f""/\x02U\xe2'",b'\x04KJ\x9e\xdc\xbfY\x1f',b'h\xe3\x13@\x15\x85_h',"b',\xab\x05.\xa4\xe0Zr'",2021.10.11.08.31.07_veh-50_01750_01948/MergedPointCloud/b37457a3a7f952bd.pcd,1633942879349679
b'\x8a5\x83\x01\xb2\x0eZ\xa4',b'\xc2X\xafu\xd80W^',b'\xb3tW\xa3\xa7\xf9R\xbd',b'I\x17\x1a\x03y\x9cQ\xc8',b'h\xe3\x13@\x15\x85_h',"b',\xab\x05.\xa4\xe0Zr'",2021.10.11.08.31.07_veh-50_01750_01948/MergedPointCloud/8a358301b20e5aa4.pcd,1633942879399675
b'\xc2X\xafu\xd80W^',b'\xbb?\xf8oI\x90U\x01',b'\x8a5\x83\x01\xb2\x0eZ\xa4',b'\xfd)\x89\xe0\xdbzT\xf0',b'h\xe3\x13@\x15\x85_h',"b',\xab\x05.\xa4\xe0Zr'",2021.10.11.08.31.07_veh-50_01750_01948/MergedPointCloud/c258af75d830575e.pcd,1633942879449670
b'\xbb?\xf8oI\x90U\x01',"b'\xbf\xa9\xa9\xca,\xba\\V'",b'\xc2X\xafu\xd80W^',b'\xbf\xea\x87n\xa2\xa6\\&',b'h\xe3\x13@\x15\x85_h',"b',\xab\x05.\xa4\xe0Zr'",2021.10.11.08.31.07_veh-50_01750_01948/MergedPointCloud/bb3ff86f49905501.pcd,1633942879499666
"b'\xbf\xa9\xa9\xca,\xba\\V'",b'\x07\xfd4\xdf\xc0\xf7Q\x13',b'\xbb?\xf8oI\x90U\x01',b'\xa4\xe5N\xcb\xd7%V\xef',b'h\xe3\x13@\x15\x85_h',"b',\xab\x05.\xa4\xe0Zr'",2021.10.11.08.31.07_veh-50_01750_01948/MergedPointCloud/bfa9a9ca2cba5c56.pcd,1633942879549660
b'\x07\xfd4\xdf\xc0\xf7Q\x13',b'\xaf!\x1b=\xa8zUK',"b'\xbf\xa9\xa9\xca,\xba\\V'",b'6A\xb30\xd3\x90]\xf2',b'h\xe3\x13@\x15\x85_h',"b',\xab\x05.\xa4\xe0Zr'",2021.10.11.08.31.07_veh-50_01750_01948/MergedPointCloud/07fd34dfc0f75113.pcd,1633942879599652
b'\xaf!\x1b=\xa8zUK',b'o\x94^\xf1\xbe\xfdR\x13',b'\x07\xfd4\xdf\xc0\xf7Q\x13',b'\xb1\xfd\x84\x80c\xedWr',b'h\xe3\x13@\x15\x85_h',"b',\xab\x05.\xa4\xe0Zr'",2021.10.11.08.31.07_veh-50_01750_01948/MergedPointCloud/af211b3da87a554b.pcd,1633942879649642
b'o\x94^\xf1\xbe\xfdR\x13',b'\x8aP$\xdc`\xe5SZ',b'\xaf!\x1b=\xa8zUK',b'\x15C\x13\xbe\xef\xf3W\xd1',b'h\xe3\x13@\x15\x85_h',"b',\xab\x05.\xa4\xe0Zr'",2021.10.11.08.31.07_veh-50_01750_01948/MergedPointCloud/6f945ef1befd5213.pcd,1633942879699631
b'\x8aP$\xdc`\xe5SZ',b'\xdc\xf4\x95\xe5\x8d\x0cY\xb5',b'o\x94^\xf1\xbe\xfdR\x13',b'\xdf\x82wsv\x13X\xfe',b'h\xe3\x13@\x15\x85_h',"b',\xab\x05.\xa4\xe0Zr'",2021.10.11.08.31.07_veh-50_01750_01948/MergedPointCloud/8a5024dc60e5535a.pcd,1633942879749620
b'\xdc\xf4\x95\xe5\x8d\x0cY\xb5',b'\xd2_@\xf1\x9c\x87Q~',b'\x8aP$\xdc`\xe5SZ',b'\xb8\xb8\x02\xc3Z>[V',b'h\xe3\x13@\x15\x85_h',"b',\xab\x05.\xa4\xe0Zr'",2021.10.11.08.31.07_veh-50_01750_01948/MergedPointCloud/dcf495e58d0c59b5.pcd,1633942879799610
b'\xd2_@\xf1\x9c\x87Q~',b'\x95\xf8\r3D\xa5Z\x00',b'\xdc\xf4\x95\xe5\x8d\x0cY\xb5',b'\x84\xa6\xb7\xe9\x80\x08P\xfb',b'h\xe3\x13@\x15\x85_h',"b',\xab\x05.\xa4\xe0Zr'",2021.10.11.08.31.07_veh-50_01750_01948/MergedPointCloud/d25f40f19c87517e.pcd,1633942879849599
b'\x95\xf8\r3D\xa5Z\x00',b'\xceU\xa3\xbb\xfcSP\xc7',b'\xd2_@\xf1\x9c\x87Q~',"b'Z*\x87\xd7\xbf""\\\x1a'",b'h\xe3\x13@\x15\x85_h',"b',\xab\x05.\xa4\xe0Zr'",2021.10.11.08.31.07_veh-50_01750_01948/MergedPointCloud/95f80d3344a55a00.pcd,1633942879899589
b'\xceU\xa3\xbb\xfcSP\xc7',b'\x7f-w<WcS\x0e',b'\x95\xf8\r3D\xa5Z\x00',b'\xd7T\xb9i@FPx',b'h\xe3\x13@\x15\x85_h',"b',\xab\x05.\xa4\xe0Zr'",2021.10.11.08.31.07_veh-50_01750_01948/MergedPointCloud/ce55a3bbfc5350c7.pcd,1633942879949577
b'\x7f-w<WcS\x0e',b'\x93vpc\xf7\xadP\x8e',b'\xceU\xa3\xbb\xfcSP\xc7',b'@\xa0\x11E\x0cIQ\xb6',b'h\xe3\x13@\x15\x85_h',"b',\xab\x05.\xa4\xe0Zr'",2021.10.11.08.31.07_veh-50_01750_01948/MergedPointCloud/7f2d773c5763530e.pcd,1633942879999564
b'\x93vpc\xf7\xadP\x8e',b'\x12W\xcd\xbe\xcd\xfeUJ',b'\x7f-w<WcS\x0e',b'OT\x8fW\xad\x1cY\x0c',b'h\xe3\x13@\x15\x85_h',"b',\xab\x05.\xa4\xe0Zr'",2021.10.11.08.31.07_veh-50_01750_01948/MergedPointCloud/93767063f7ad508e.pcd,1633942880049552
b'\x12W\xcd\xbe\xcd\xfeUJ',"b'\xfa\xef\xb9""\x10jRS'",b'\x93vpc\xf7\xadP\x8e',b'\x7f\xd0\xe1$&\x8dY\x87',b'h\xe3\x13@\x15\x85_h',"b',\xab\x05.\xa4\xe0Zr'",2021.10.11.08.31.07_veh-50_01750_01948/MergedPointCloud/1257cdbecdfe554a.pcd,1633942880099542
"b'\xfa\xef\xb9""\x10jRS'",b'j~\xb6>r\xf6Y\x1c',b'\x12W\xcd\xbe\xcd\xfeUJ',b'>.|\xc7f\x99Z1',b'h\xe3\x13@\x15\x85_h',"b',\xab\x05.\xa4\xe0Zr'",2021.10.11.08.31.07_veh-50_01750_01948/MergedPointCloud/faefb922106a5253.pcd,1633942880149534
b'j~\xb6>r\xf6Y\x1c',b'?>y\xac\x92*\\\xe1',"b'\xfa\xef\xb9""\x10jRS'",b'\xd4\xba\x8a\x9f\x8b\x1dX\xc8',b'h\xe3\x13@\x15\x85_h',"b',\xab\x05.\xa4\xe0Zr'",2021.10.11.08.31.07_veh-50_01750_01948/MergedPointCloud/6a7eb63e72f6591c.pcd,1633942880199527
b'?>y\xac\x92*\\\xe1',b'mL\x11\x01v\xaaYW',b'j~\xb6>r\xf6Y\x1c',b'\xe9\xef*\xd3\x97\xc5W\x85',b'h\xe3\x13@\x15\x85_h',"b',\xab\x05.\xa4\xe0Zr'",2021.10.11.08.31.07_veh-50_01750_01948/MergedPointCloud/3f3e79ac922a5ce1.pcd,1633942880249523
b'mL\x11\x01v\xaaYW',b'\x8eT\xdaT\x81\xd7X\x8d',b'?>y\xac\x92*\\\xe1',b'\xd3\xff\x9b\x93\x1e\x03\\h',b'h\xe3\x13@\x15\x85_h',b'\x0cQc\xc7\xc0\xa4P;',2021.10.11.08.31.07_veh-50_01750_01948/MergedPointCloud/6d4c110176aa5957.pcd,1633942880299519
b'\x8eT\xdaT\x81\xd7X\x8d',b'\xe5?Z\xf6\xc1\n\\\xf9',b'mL\x11\x01v\xaaYW',b'D\x12\xc7\xb1g\x9bX\x00',b'h\xe3\x13@\x15\x85_h',b'\x0cQc\xc7\xc0\xa4P;',2021.10.11.08.31.07_veh-50_01750_01948/MergedPointCloud/8e54da5481d7588d.pcd,1633942880349517
b'\xe5?Z\xf6\xc1\n\\\xf9',b'\x156v\xa68\xa6^Z',b'\x8eT\xdaT\x81\xd7X\x8d',b'\xdf\xa3\xe0\xfeJ\xd3Z\x83',b'h\xe3\x13@\x15\x85_h',b'\x0cQc\xc7\xc0\xa4P;',2021.10.11.08.31.07_veh-50_01750_01948/MergedPointCloud/e53f5af6c10a5cf9.pcd,1633942880399516
b'\x156v\xa68\xa6^Z',b'\x19\xb5\xef\x92\r\x9cR4',b'\xe5?Z\xf6\xc1\n\\\xf9',b'\xa8\r\xf0\xdbK\x1bQ{',b'h\xe3\x13@\x15\x85_h',b'\x0cQc\xc7\xc0\xa4P;',2021.10.11.08.31.07_veh-50_01750_01948/MergedPointCloud/153676a638a65e5a.pcd,1633942880449517
b'\x19\xb5\xef\x92\r\x9cR4',b'\xd51.\xe8\xb1yY\xbd',b'\x156v\xa68\xa6^Z',b'l\x15\xef\x00\x95\xbcS\xc3',b'h\xe3\x13@\x15\x85_h',b'\x0cQc\xc7\xc0\xa4P;',2021.10.11.08.31.07_veh-50_01750_01948/MergedPointCloud/19b5ef920d9c5234.pcd,1633942880499519
b'\xd51.\xe8\xb1yY\xbd',b'w\x1e{\xb4ujX\x85',b'\x19\xb5\xef\x92\r\x9cR4',b'\xf4\x9em.x(Z5',b'h\xe3\x13@\x15\x85_h',b'\x0cQc\xc7\xc0\xa4P;',2021.10.11.08.31.07_veh-50_01750_01948/MergedPointCloud/d5312ee8b17959bd.pcd,1633942880549522
b'w\x1e{\xb4ujX\x85',b'*\xdf\xfb\x1d\x1c%R\x92',b'\xd51.\xe8\xb1yY\xbd',b'\x9f=P\x9f\xfe\xba]\xc4',b'h\xe3\x13@\x15\x85_h',b'\x0cQc\xc7\xc0\xa4P;',2021.10.11.08.31.07_veh-50_01750_01948/MergedPointCloud/771e7bb4756a5885.pcd,1633942880599528
b'*\xdf\xfb\x1d\x1c%R\x92',b'{E\x88\xb9\xeb\xa9Q\x93',b'w\x1e{\xb4ujX\x85',b'(\x16\x03\xb7\x91\x1cR\xa1',b'h\xe3\x13@\x15\x85_h',b'\x0cQc\xc7\xc0\xa4P;',2021.10.11.08.31.07_veh-50_01750_01948/MergedPointCloud/2adffb1d1c255292.pcd,1633942880649534
b'{E\x88\xb9\xeb\xa9Q\x93',b'=\xb7\xdbR\xbf~Yk',b'*\xdf\xfb\x1d\x1c%R\x92',b'\xe0\x1e{N\x14\xeeZ\x9f',b'h\xe3\x13@\x15\x85_h',b'\x0cQc\xc7\xc0\xa4P;',2021.10.11.08.31.07_veh-50_01750_01948/MergedPointCloud/7b4588b9eba95193.pcd,1633942880699541
b'=\xb7\xdbR\xbf~Yk',b'\x90r</\xfacR\x93',b'{E\x88\xb9\xeb\xa9Q\x93',b'[/d\x12\x9b\x1bS&',b'h\xe3\x13@\x15\x85_h',b'\x0cQc\xc7\xc0\xa4P;',2021.10.11.08.31.07_veh-50_01750_01948/MergedPointCloud/3db7db52bf7e596b.pcd,1633942880749546
b'\x90r</\xfacR\x93',b'9\xde\x15\xae:\xe4[\x83',b'=\xb7\xdbR\xbf~Yk',b'o\xde\x08EB^Z\x13',b'h\xe3\x13@\x15\x85_h',b'\x0cQc\xc7\xc0\xa4P;',2021.10.11.08.31.07_veh-50_01750_01948/MergedPointCloud/90723c2ffa635293.pcd,1633942880799553
b'9\xde\x15\xae:\xe4[\x83',b'\xa4L\xc1~r\x8dS\xa4',b'\x90r</\xfacR\x93',b'C%\x0e\x03e9Tx',b'h\xe3\x13@\x15\x85_h',b'\x0cQc\xc7\xc0\xa4P;',2021.10.11.08.31.07_veh-50_01750_01948/MergedPointCloud/39de15ae3ae45b83.pcd,1633942880849558
b'\xa4L\xc1~r\x8dS\xa4',b'\xad%V\x84\xee$U\xbc',b'9\xde\x15\xae:\xe4[\x83',b'\x89E5\xde\xb6\xcdT\x00',b'h\xe3\x13@\x15\x85_h',b'\x0cQc\xc7\xc0\xa4P;',2021.10.11.08.31.07_veh-50_01750_01948/MergedPointCloud/a44cc17e728d53a4.pcd,1633942880899564
b'\xad%V\x84\xee$U\xbc',b'\x07\xd9\xfcj\xe4a^\x89',b'\xa4L\xc1~r\x8dS\xa4',b'b\xd34eu\x00[\x9f',b'h\xe3\x13@\x15\x85_h',b'\x0cQc\xc7\xc0\xa4P;',2021.10.11.08.31.07_veh-50_01750_01948/MergedPointCloud/ad255684ee2455bc.pcd,1633942880949571
b'\x07\xd9\xfcj\xe4a^\x89',b'z>g\xb5}\xc0YG',b'\xad%V\x84\xee$U\xbc',b'.V2(\xc9\x99V\xac',b'h\xe3\x13@\x15\x85_h',b'\x0cQc\xc7\xc0\xa4P;',2021.10.11.08.31.07_veh-50_01750_01948/MergedPointCloud/07d9fc6ae4615e89.pcd,1633942880999579
b'z>g\xb5}\xc0YG',b'$\x81fz\x88!\\\xa7',b'\x07\xd9\xfcj\xe4a^\x89',b'v\x105\x11/\x87T\x95',b'h\xe3\x13@\x15\x85_h',b'\x0cQc\xc7\xc0\xa4P;',2021.10.11.08.31.07_veh-50_01750_01948/MergedPointCloud/7a3e67b57dc05947.pcd,1633942881049584
b'$\x81fz\x88!\\\xa7',b'&\xcd\x95\xc95\xd4Z\xad',b'z>g\xb5}\xc0YG',b'\x19&aY\xb2\xd7S\xba',b'h\xe3\x13@\x15\x85_h',b'\x0cQc\xc7\xc0\xa4P;',2021.10.11.08.31.07_veh-50_01750_01948/MergedPointCloud/2481667a88215ca7.pcd,1633942881099588
b'&\xcd\x95\xc95\xd4Z\xad',b'TVW\xd0\x8a-_\xbe',b'$\x81fz\x88!\\\xa7',b'\xb8\x95 \x0c\xb7\xa5UU',b'h\xe3\x13@\x15\x85_h',b'\x0cQc\xc7\xc0\xa4P;',2021.10.11.08.31.07_veh-50_01750_01948/MergedPointCloud/26cd95c935d45aad.pcd,1633942881149589
b'TVW\xd0\x8a-_\xbe',b'\xff\x89=\x05\x12\xf4Q\x1f',b'&\xcd\x95\xc95\xd4Z\xad',b'\xda\xf6\xc7BO\x1aWZ',b'h\xe3\x13@\x15\x85_h',b'\x0cQc\xc7\xc0\xa4P;',2021.10.11.08.31.07_veh-50_01750_01948/MergedPointCloud/545657d08a2d5fbe.pcd,1633942881199592
b'\xff\x89=\x05\x12\xf4Q\x1f',b'\x9e\xe7\xd5j\x01\rZ\xdb',b'TVW\xd0\x8a-_\xbe',b'\xa6\xd94\x92\x1f\xb7W\xe5',b'h\xe3\x13@\x15\x85_h',b'\x0cQc\xc7\xc0\xa4P;',2021.10.11.08.31.07_veh-50_01750_01948/MergedPointCloud/ff893d0512f4511f.pcd,1633942881249597
b'\x9e\xe7\xd5j\x01\rZ\xdb',b'C\xc1\xb37)\xcaRk',b'\xff\x89=\x05\x12\xf4Q\x1f',b'r\x95\xe64\xd77V\x82',b'h\xe3\x13@\x15\x85_h',b'\x0cQc\xc7\xc0\xa4P;',2021.10.11.08.31.07_veh-50_01750_01948/MergedPointCloud/9ee7d56a010d5adb.pcd,1633942881299604
b'C\xc1\xb37)\xcaRk',b'\x00]\r\x91\xee\xe2PE',b'\x9e\xe7\xd5j\x01\rZ\xdb',b'\x0b7c\xba\xcc\xfaVq',b'h\xe3\x13@\x15\x85_h',b'\x0cQc\xc7\xc0\xa4P;',2021.10.11.08.31.07_veh-50_01750_01948/MergedPointCloud/43c1b33729ca526b.pcd,1633942881349612
b'\x00]\r\x91\xee\xe2PE',b'=j$\xbe]\xf8\\\x1f',b'C\xc1\xb37)\xcaRk',b'\x91\x06\xed\x06B\xa0U\x9a',b'h\xe3\x13@\x15\x85_h',b'\x0cQc\xc7\xc0\xa4P;',2021.10.11.08.31.07_veh-50_01750_01948/MergedPointCloud/005d0d91eee25045.pcd,1633942881399619
b'=j$\xbe]\xf8\\\x1f',b'^E .\xd6\xadT\xd9',b'\x00]\r\x91\xee\xe2PE',b'\xfa\x1b e\t\xf0]s',b'h\xe3\x13@\x15\x85_h',b'\x0cQc\xc7\xc0\xa4P;',2021.10.11.08.31.07_veh-50_01750_01948/MergedPointCloud/3d6a24be5df85c1f.pcd,1633942881449628
b'^E .\xd6\xadT\xd9',b'\x17\xc9\x9c^Mn[-',b'=j$\xbe]\xf8\\\x1f',b'mS\xb7r\xfe1\\z',b'h\xe3\x13@\x15\x85_h',b'\x0cQc\xc7\xc0\xa4P;',2021.10.11.08.31.07_veh-50_01750_01948/MergedPointCloud/5e45202ed6ad54d9.pcd,1633942881499636
b'\x17\xc9\x9c^Mn[-',"b'\xa1\xd0""\x86\x89\x82S\x82'",b'^E .\xd6\xadT\xd9',b'\x99\xb8\xf5\xa2\xfe7_\xa9',b'h\xe3\x13@\x15\x85_h',b'\x0cQc\xc7\xc0\xa4P;',2021.10.11.08.31.07_veh-50_01750_01948/MergedPointCloud/17c99c5e4d6e5b2d.pcd,1633942881549643
"b'\xa1\xd0""\x86\x89\x82S\x82'",b'\x10.M\x9c\x8c\x1fV|',b'\x17\xc9\x9c^Mn[-',b'Gx\x16\x0c\xd5\x16R\xfb',b'h\xe3\x13@\x15\x85_h',b'\x0cQc\xc7\xc0\xa4P;',2021.10.11.08.31.07_veh-50_01750_01948/MergedPointCloud/a1d0228689825382.pcd,1633942881599648
b'\x10.M\x9c\x8c\x1fV|',b'\x02\xb7\xa5_]9Zc',"b'\xa1\xd0""\x86\x89\x82S\x82'","b""\xfb['\xe8:sW7""",b'h\xe3\x13@\x15\x85_h',b'\x0cQc\xc7\xc0\xa4P;',2021.10.11.08.31.07_veh-50_01750_01948/MergedPointCloud/102e4d9c8c1f567c.pcd,1633942881649654
b'\x02\xb7\xa5_]9Zc',b'\x8b\xaf\x99\x90\x18\xf5_t',b'\x10.M\x9c\x8c\x1fV|',b'\xfe\xca@\xb6@\xfeX\xf7',b'h\xe3\x13@\x15\x85_h',b'\x0cQc\xc7\xc0\xa4P;',2021.10.11.08.31.07_veh-50_01750_01948/MergedPointCloud/02b7a55f5d395a63.pcd,1633942881699661
b'\x8b\xaf\x99\x90\x18\xf5_t',b'\x81E\x8f\x8e\rO_T',b'\x02\xb7\xa5_]9Zc',b'mt\x1c\xeby\xf5\\s',b'h\xe3\x13@\x15\x85_h',b'\x0cQc\xc7\xc0\xa4P;',2021.10.11.08.31.07_veh-50_01750_01948/MergedPointCloud/8baf999018f55f74.pcd,1633942881749670
b'\x81E\x8f\x8e\rO_T',b'\xc3$\xc6\x19\x92\xadP\x1f',b'\x8b\xaf\x99\x90\x18\xf5_t',b'{\x08\xfc\xba\x08\x98^\xc4',b'h\xe3\x13@\x15\x85_h',b'\x0cQc\xc7\xc0\xa4P;',2021.10.11.08.31.07_veh-50_01750_01948/MergedPointCloud/81458f8e0d4f5f54.pcd,1633942881799680
b'\xc3$\xc6\x19\x92\xadP\x1f',b'\xa4\x1c%\xaa)\xd1S\x80',b'\x81E\x8f\x8e\rO_T',b'o\xe1`\xba\xab)Q\x0c',b'h\xe3\x13@\x15\x85_h',b'\x0cQc\xc7\xc0\xa4P;',2021.10.11.08.31.07_veh-50_01750_01948/MergedPointCloud/c324c61992ad501f.pcd,1633942881849691
b'\xa4\x1c%\xaa)\xd1S\x80',"b""+\xd4'\xe1-ZZL""",b'\xc3$\xc6\x19\x92\xadP\x1f',b'\x8c\xb6\x02\xc3\xe5\x07_\x96',b'h\xe3\x13@\x15\x85_h',b'\x0cQc\xc7\xc0\xa4P;',2021.10.11.08.31.07_veh-50_01750_01948/MergedPointCloud/a41c25aa29d15380.pcd,1633942881899703
"b""+\xd4'\xe1-ZZL""",b'\xb0\xad\xaa\xb1\xda1W\x98',b'\xa4\x1c%\xaa)\xd1S\x80',"b""h\n\xc5o.'X9""",b'h\xe3\x13@\x15\x85_h',b'\x0cQc\xc7\xc0\xa4P;',2021.10.11.08.31.07_veh-50_01750_01948/MergedPointCloud/2bd427e12d5a5a4c.pcd,1633942881949720
b'\xb0\xad\xaa\xb1\xda1W\x98',b'\xe12E\xb0\xc6\x9b[\xc8',"b""+\xd4'\xe1-ZZL""",b'\xb7\xfc\xb1-c\xfeRZ',b'h\xe3\x13@\x15\x85_h',b'\x0cQc\xc7\xc0\xa4P;',2021.10.11.08.31.07_veh-50_01750_01948/MergedPointCloud/b0adaab1da315798.pcd,1633942881999743
b'\xe12E\xb0\xc6\x9b[\xc8',b'\x9c]\x94\x7f\xb5\x01R\x1a',b'\xb0\xad\xaa\xb1\xda1W\x98',b'\x96\xd77\xb2\tzY\x1a',b'h\xe3\x13@\x15\x85_h',b'\x0cQc\xc7\xc0\xa4P;',2021.10.11.08.31.07_veh-50_01750_01948/MergedPointCloud/e13245b0c69b5bc8.pcd,1633942882049770
b'\x9c]\x94\x7f\xb5\x01R\x1a',b'\x15$\x1b\xdd\xd1\x9eY\xef',b'\xe12E\xb0\xc6\x9b[\xc8',b'\x12\x98\xd1\x92T\xbfQ\xbe',b'h\xe3\x13@\x15\x85_h',b'\x0cQc\xc7\xc0\xa4P;',2021.10.11.08.31.07_veh-50_01750_01948/MergedPointCloud/9c5d947fb501521a.pcd,1633942882099801
b'\x15$\x1b\xdd\xd1\x9eY\xef',b'9\xb5Q\xb9\x01NV\xe1',b'\x9c]\x94\x7f\xb5\x01R\x1a',b'\x97\xf0`\\Oz\\\x96',b'h\xe3\x13@\x15\x85_h',b'\x0cQc\xc7\xc0\xa4P;',2021.10.11.08.31.07_veh-50_01750_01948/MergedPointCloud/15241bddd19e59ef.pcd,1633942882149835
b'9\xb5Q\xb9\x01NV\xe1',b'e\x8a\xdcA>\x81UC',b'\x15$\x1b\xdd\xd1\x9eY\xef',b'\x93\x1d \xa3\xf6qV\x88',b'h\xe3\x13@\x15\x85_h',b'\x0cQc\xc7\xc0\xa4P;',2021.10.11.08.31.07_veh-50_01750_01948/MergedPointCloud/39b551b9014e56e1.pcd,1633942882199871
b'e\x8a\xdcA>\x81UC',b'\xdf\xba)\x04\x83\x90Q\xd6',b'9\xb5Q\xb9\x01NV\xe1',b'\x9f\xa8(t5\xf7W3',b'h\xe3\x13@\x15\x85_h',b'\x0cQc\xc7\xc0\xa4P;',2021.10.11.08.31.07_veh-50_01750_01948/MergedPointCloud/658adc413e815543.pcd,1633942882249906
b'\xdf\xba)\x04\x83\x90Q\xd6',b'.\xef\xf6\xe3\xa0\xb5Y\x88',b'e\x8a\xdcA>\x81UC',b'\xde_\x13q\xc1\xf2Z8',b'h\xe3\x13@\x15\x85_h',b'\x0cQc\xc7\xc0\xa4P;',2021.10.11.08.31.07_veh-50_01750_01948/MergedPointCloud/dfba2904839051d6.pcd,1633942882299941
b'.\xef\xf6\xe3\xa0\xb5Y\x88',b'\x97\xbe\xf9U\x05\x16V\xa1',b'\xdf\xba)\x04\x83\x90Q\xd6',b'\x93\x17x\xd0\xb7\nY\xef',b'h\xe3\x13@\x15\x85_h',b'\x0cQc\xc7\xc0\xa4P;',2021.10.11.08.31.07_veh-50_01750_01948/MergedPointCloud/2eeff6e3a0b55988.pcd,1633942882349976
b'\x97\xbe\xf9U\x05\x16V\xa1',b'\xa3\xc3\xd8W\x888X\xc9',b'.\xef\xf6\xe3\xa0\xb5Y\x88',b'\xf5E\x06.\xd8\x98U\x89',b'h\xe3\x13@\x15\x85_h',b'\x0cQc\xc7\xc0\xa4P;',2021.10.11.08.31.07_veh-50_01750_01948/MergedPointCloud/97bef955051656a1.pcd,1633942882400009
b'\xa3\xc3\xd8W\x888X\xc9',b'\x17H\x1d\x8e\xadm_{',b'\x97\xbe\xf9U\x05\x16V\xa1',b'\xa6\x08d\xd1_uQ\x1c',b'h\xe3\x13@\x15\x85_h',b'\x0cQc\xc7\xc0\xa4P;',2021.10.11.08.31.07_veh-50_01750_01948/MergedPointCloud/a3c3d857883858c9.pcd,1633942882450042
b'\x17H\x1d\x8e\xadm_{',b'h\xf3\x07J^WS\xf5',b'\xa3\xc3\xd8W\x888X\xc9',b'\xfb@\xdd\x07^~R\xb4',b'h\xe3\x13@\x15\x85_h',b'\x0cQc\xc7\xc0\xa4P;',2021.10.11.08.31.07_veh-50_01750_01948/MergedPointCloud/17481d8ead6d5f7b.pcd,1633942882500073
b'h\xf3\x07J^WS\xf5',b'\xe4_\x9e;\xb7>_L',b'\x17H\x1d\x8e\xadm_{',b't\x92j\xc5g\x89UF',b'h\xe3\x13@\x15\x85_h',b'\x0cQc\xc7\xc0\xa4P;',2021.10.11.08.31.07_veh-50_01750_01948/MergedPointCloud/68f3074a5e5753f5.pcd,1633942882550103
b'\xe4_\x9e;\xb7>_L',b'F\x9e\x8es\xf5\x19SR',b'h\xf3\x07J^WS\xf5',b'i\xb2M\xac<pP\xf1',b'h\xe3\x13@\x15\x85_h',b'\x0cQc\xc7\xc0\xa4P;',2021.10.11.08.31.07_veh-50_01750_01948/MergedPointCloud/e45f9e3bb73e5f4c.pcd,1633942882600133
b'F\x9e\x8es\xf5\x19SR',b'\xa8\x98\xf5\x85aXYh',b'\xe4_\x9e;\xb7>_L',b'Yz\xeb\xbcl\x01Qq',b'h\xe3\x13@\x15\x85_h',b'\x0cQc\xc7\xc0\xa4P;',2021.10.11.08.31.07_veh-50_01750_01948/MergedPointCloud/469e8e73f5195352.pcd,1633942882650164
b'\xa8\x98\xf5\x85aXYh',b'\x9c\xa8\x06]\x14\xe5St',b'F\x9e\x8es\xf5\x19SR',b'O\xc4\x0bQ\xbcM]_',b'h\xe3\x13@\x15\x85_h',b'\x0cQc\xc7\xc0\xa4P;',2021.10.11.08.31.07_veh-50_01750_01948/MergedPointCloud/a898f58561585968.pcd,1633942882700192
b'\x9c\xa8\x06]\x14\xe5St',b'\x0c\xd5R\x01\xd2\xadU\xd2',b'\xa8\x98\xf5\x85aXYh',b'K\x08A?\xee\xc8Sb',b'h\xe3\x13@\x15\x85_h',b'\x0cQc\xc7\xc0\xa4P;',2021.10.11.08.31.07_veh-50_01750_01948/MergedPointCloud/9ca8065d14e55374.pcd,1633942882750220
b'\x0c\xd5R\x01\xd2\xadU\xd2',b'O\x9f\xbe_\xde\xa1^\xf2',b'\x9c\xa8\x06]\x14\xe5St',b'-\xd78\xed_?\\J',b'h\xe3\x13@\x15\x85_h',b'\x0cQc\xc7\xc0\xa4P;',2021.10.11.08.31.07_veh-50_01750_01948/MergedPointCloud/0cd55201d2ad55d2.pcd,1633942882800247
b'O\x9f\xbe_\xde\xa1^\xf2',b'\xf4o\xd7\xb1-?X\xdf',b'\x0c\xd5R\x01\xd2\xadU\xd2',b'\x9b\xf5\xe3V\x90\rT\x8f',b'h\xe3\x13@\x15\x85_h',b'\x0cQc\xc7\xc0\xa4P;',2021.10.11.08.31.07_veh-50_01750_01948/MergedPointCloud/4f9fbe5fdea15ef2.pcd,1633942882850273
b'\xf4o\xd7\xb1-?X\xdf',b'\xa0\xd4#T_\x13T\xf7',b'O\x9f\xbe_\xde\xa1^\xf2',b'\xab<\x12G\xf1.U\xe5',b'h\xe3\x13@\x15\x85_h',b'\x0cQc\xc7\xc0\xa4P;',2021.10.11.08.31.07_veh-50_01750_01948/MergedPointCloud/f46fd7b12d3f58df.pcd,1633942882900301
b'\xa0\xd4#T_\x13T\xf7',b'\xd4\x8b\xefAW\x94\\8',b'\xf4o\xd7\xb1-?X\xdf',b'|M\xc9;\xb7o^\xb9',b'h\xe3\x13@\x15\x85_h',b'\x0cQc\xc7\xc0\xa4P;',2021.10.11.08.31.07_veh-50_01750_01948/MergedPointCloud/a0d423545f1354f7.pcd,1633942882950329
b'\xd4\x8b\xefAW\x94\\8',b'\xe8\x189\xa0\x8f\x18]>',b'\xa0\xd4#T_\x13T\xf7',b'm\xcc%\x1f\xednPH',b'h\xe3\x13@\x15\x85_h',b'\x0cQc\xc7\xc0\xa4P;',2021.10.11.08.31.07_veh-50_01750_01948/MergedPointCloud/d48bef4157945c38.pcd,1633942883000356
b'\xe8\x189\xa0\x8f\x18]>',b'\xc3}<\xb6\xec\xcaZ\xdd',b'\xd4\x8b\xefAW\x94\\8',b'\xde\xe9>\xe7nRX\xea',b'h\xe3\x13@\x15\x85_h',b'\x0cQc\xc7\xc0\xa4P;',2021.10.11.08.31.07_veh-50_01750_01948/MergedPointCloud/e81839a08f185d3e.pcd,1633942883050382
b'\xc3}<\xb6\xec\xcaZ\xdd',b'$\xd8`Q\x82?Zn',b'\xe8\x189\xa0\x8f\x18]>',b'w\xf7m\xc0|\xb6S\x91',b'h\xe3\x13@\x15\x85_h',b'\x0cQc\xc7\xc0\xa4P;',2021.10.11.08.31.07_veh-50_01750_01948/MergedPointCloud/c37d3cb6ecca5add.pcd,1633942883100406
b'$\xd8`Q\x82?Zn',b'(o\x92\xc1\xf1\x01Ta',b'\xc3}<\xb6\xec\xcaZ\xdd',b'\x14\xc5\xe0\x02\xb7:_\x19',b'h\xe3\x13@\x15\x85_h',b'\x0cQc\xc7\xc0\xa4P;',2021.10.11.08.31.07_veh-50_01750_01948/MergedPointCloud/24d86051823f5a6e.pcd,1633942883150423
b'(o\x92\xc1\xf1\x01Ta',b'\xd1\xef\x03r\x9d\xacR\x12',b'$\xd8`Q\x82?Zn',b'\xef\xba\xf2\x97\xa8\xff^\x80',b'h\xe3\x13@\x15\x85_h',b'\x0cQc\xc7\xc0\xa4P;',2021.10.11.08.31.07_veh-50_01750_01948/MergedPointCloud/286f92c1f1015461.pcd,1633942883200436
b'\xd1\xef\x03r\x9d\xacR\x12',b'l\x14\x06\xea9oV\xe7',b'(o\x92\xc1\xf1\x01Ta',b'/\x96\x04\x8b\x14\xdd[\xe9',b'h\xe3\x13@\x15\x85_h',b'\x0cQc\xc7\xc0\xa4P;',2021.10.11.08.31.07_veh-50_01750_01948/MergedPointCloud/d1ef03729dac5212.pcd,1633942883250442
b'l\x14\x06\xea9oV\xe7',b'%DO\xceX\x1bY\xbd',b'\xd1\xef\x03r\x9d\xacR\x12',b'U\x8b$\xc0\xa5\xfcY\x89',b'h\xe3\x13@\x15\x85_h',b'\x0cQc\xc7\xc0\xa4P;',2021.10.11.08.31.07_veh-50_01750_01948/MergedPointCloud/6c1406ea396f56e7.pcd,1633942883300448
b'%DO\xceX\x1bY\xbd',b'\xdf CprIZk',b'l\x14\x06\xea9oV\xe7',b'\xdb7\xc1\xb8O\xb1])',b'h\xe3\x13@\x15\x85_h',b'\x0cQc\xc7\xc0\xa4P;',2021.10.11.08.31.07_veh-50_01750_01948/MergedPointCloud/25444fce581b59bd.pcd,1633942883350450
b'\xdf CprIZk',b'\xe6\x9e9\xbd\x01\xddRk',b'%DO\xceX\x1bY\xbd',b'\xa8\xd6\xb5\xdfg_Yw',b'h\xe3\x13@\x15\x85_h',b'\x0cQc\xc7\xc0\xa4P;',2021.10.11.08.31.07_veh-50_01750_01948/MergedPointCloud/df20437072495a6b.pcd,1633942883400451
b'\xe6\x9e9\xbd\x01\xddRk',b'\x97\x9e\x12Uq\xaeP\xd3',b'\xdf CprIZk',b'\xf7al4V5^.',b'h\xe3\x13@\x15\x85_h',b'\x0cQc\xc7\xc0\xa4P;',2021.10.11.08.31.07_veh-50_01750_01948/MergedPointCloud/e69e39bd01dd526b.pcd,1633942883450448
b'\x97\x9e\x12Uq\xaeP\xd3',b'\t\xec\xd5\x02\x7fA[O',b'\xe6\x9e9\xbd\x01\xddRk',b'\x17\xaa%\xf9\x1b\xa4W\x81',b'h\xe3\x13@\x15\x85_h',b'\x0cQc\xc7\xc0\xa4P;',2021.10.11.08.31.07_veh-50_01750_01948/MergedPointCloud/979e125571ae50d3.pcd,1633942883500441
b'\t\xec\xd5\x02\x7fA[O',b'\xdej\xfccY\xdc_\xcb',b'\x97\x9e\x12Uq\xaeP\xd3',b'^\xff\x84\xd0\x02&\\4',b'h\xe3\x13@\x15\x85_h',b'\x0cQc\xc7\xc0\xa4P;',2021.10.11.08.31.07_veh-50_01750_01948/MergedPointCloud/09ecd5027f415b4f.pcd,1633942883550425
b'\xdej\xfccY\xdc_\xcb',b'&vNL\xdaj_D',b'\t\xec\xd5\x02\x7fA[O',b'\x93\xf7\x0e\xc7\xe2\x13Pv',b'h\xe3\x13@\x15\x85_h',b'\x0cQc\xc7\xc0\xa4P;',2021.10.11.08.31.07_veh-50_01750_01948/MergedPointCloud/de6afc6359dc5fcb.pcd,1633942883600405
b'&vNL\xdaj_D',b'\xc2\x85\xa5\xf5\x1b5_\x81',b'\xdej\xfccY\xdc_\xcb',b'\x96\xae\x13\xa13\x91W\x82',b'h\xe3\x13@\x15\x85_h',b'\x0cQc\xc7\xc0\xa4P;',2021.10.11.08.31.07_veh-50_01750_01948/MergedPointCloud/26764e4cda6a5f44.pcd,1633942883650379
b'\xc2\x85\xa5\xf5\x1b5_\x81',b'\xb5\xb69b\x03\x9e_\xa8',b'&vNL\xdaj_D',b'\x9a\xd5x\xd9\xb04\\\x91',b'h\xe3\x13@\x15\x85_h',b'\x0cQc\xc7\xc0\xa4P;',2021.10.11.08.31.07_veh-50_01750_01948/MergedPointCloud/c285a5f51b355f81.pcd,1633942883700350
b'\xb5\xb69b\x03\x9e_\xa8',b'\xd5\x86\xb3a\x88Q^N',b'\xc2\x85\xa5\xf5\x1b5_\x81',b'\x13\xd5\xe4m~\tX\xad',b'h\xe3\x13@\x15\x85_h',b'\x0cQc\xc7\xc0\xa4P;',2021.10.11.08.31.07_veh-50_01750_01948/MergedPointCloud/b5b63962039e5fa8.pcd,1633942883750318
b'\xd5\x86\xb3a\x88Q^N',b'\xb1 \xcf{\x18\xc5T?',b'\xb5\xb69b\x03\x9e_\xa8',b'\xde#\xb5-\x8atW(',b'h\xe3\x13@\x15\x85_h',b'\x0cQc\xc7\xc0\xa4P;',2021.10.11.08.31.07_veh-50_01750_01948/MergedPointCloud/d586b36188515e4e.pcd,1633942883800283
b'\xb1 \xcf{\x18\xc5T?',b'\xb6 \xf6\x99j>]\x99',b'\xd5\x86\xb3a\x88Q^N',b'\xc3W\xdfN\xf6\xd3[\x03',b'h\xe3\x13@\x15\x85_h',b'\x0cQc\xc7\xc0\xa4P;',2021.10.11.08.31.07_veh-50_01750_01948/MergedPointCloud/b120cf7b18c5543f.pcd,1633942883850247
b'\xb6 \xf6\x99j>]\x99',b't6\xc4g\xa1\xfd[\xdf',b'\xb1 \xcf{\x18\xc5T?',b'\xfa\x0fV2!\x06W\xe5',b'h\xe3\x13@\x15\x85_h',b'\x0cQc\xc7\xc0\xa4P;',2021.10.11.08.31.07_veh-50_01750_01948/MergedPointCloud/b620f6996a3e5d99.pcd,1633942883900213
b't6\xc4g\xa1\xfd[\xdf',b'[\x0b\xa6g\x02\xa7T\xd5',b'\xb6 \xf6\x99j>]\x99',b'\xea@\x84/};P\x19',b'h\xe3\x13@\x15\x85_h',b'\x0cQc\xc7\xc0\xa4P;',2021.10.11.08.31.07_veh-50_01750_01948/MergedPointCloud/7436c467a1fd5bdf.pcd,1633942883950181
b'[\x0b\xa6g\x02\xa7T\xd5',"b'\x06\xa8\x13\x91/uX""'",b't6\xc4g\xa1\xfd[\xdf',b'7\xa0\x0e|\x92KTu',b'h\xe3\x13@\x15\x85_h',b'\x0cQc\xc7\xc0\xa4P;',2021.10.11.08.31.07_veh-50_01750_01948/MergedPointCloud/5b0ba66702a754d5.pcd,1633942884000149
"b'\x06\xa8\x13\x91/uX""'",b'$\xcf\x0b\xa1u`Z\xdc',b'[\x0b\xa6g\x02\xa7T\xd5',"b'\xaf\xa2""\xd1/7Ru'",b'h\xe3\x13@\x15\x85_h',b'\x0cQc\xc7\xc0\xa4P;',2021.10.11.08.31.07_veh-50_01750_01948/MergedPointCloud/06a813912f755822.pcd,1633942884050116
b'$\xcf\x0b\xa1u`Z\xdc',b'\xfa\x93\xc0\x8d\xe5\x12X\x03',"b'\x06\xa8\x13\x91/uX""'",b'\xcaC\xca?7p]a',b'h\xe3\x13@\x15\x85_h',b'\x0cQc\xc7\xc0\xa4P;',2021.10.11.08.31.07_veh-50_01750_01948/MergedPointCloud/24cf0ba175605adc.pcd,1633942884100082
b'\xfa\x93\xc0\x8d\xe5\x12X\x03',b'\xcc(V/\xc2\xfd_\x03',b'$\xcf\x0b\xa1u`Z\xdc',b'\x89\xf8vN\x13\xe6P\xa9',b'h\xe3\x13@\x15\x85_h',b'\x0cQc\xc7\xc0\xa4P;',2021.10.11.08.31.07_veh-50_01750_01948/MergedPointCloud/fa93c08de5125803.pcd,1633942884150047
b'\xcc(V/\xc2\xfd_\x03',b'\xcd\x85`X\x06\xe0YN',b'\xfa\x93\xc0\x8d\xe5\x12X\x03',b'\xcb\xdc\x0c\xed\xfa\xe0\\\xb3',b'h\xe3\x13@\x15\x85_h',b'\x0cQc\xc7\xc0\xa4P;',2021.10.11.08.31.07_veh-50_01750_01948/MergedPointCloud/cc28562fc2fd5f03.pcd,1633942884200011
b'\xcd\x85`X\x06\xe0YN',"b'\xc1_\xfcs,\xabSN'",b'\xcc(V/\xc2\xfd_\x03',b'Sn(\xd9L\xd7^\x9c',b'h\xe3\x13@\x15\x85_h',b'\x0cQc\xc7\xc0\xa4P;',2021.10.11.08.31.07_veh-50_01750_01948/MergedPointCloud/cd85605806e0594e.pcd,1633942884249975
"b'\xc1_\xfcs,\xabSN'",b'\x8d\x00 uX\xd5Qq',b'\xcd\x85`X\x06\xe0YN',b'\xbd\x11E\x0c\x12eY.',b'h\xe3\x13@\x15\x85_h',b'\x0cQc\xc7\xc0\xa4P;',2021.10.11.08.31.07_veh-50_01750_01948/MergedPointCloud/c15ffc732cab534e.pcd,1633942884299944
b'\x8d\x00 uX\xd5Qq',b'\x8d\x7f\xcc\xfaI\xc7V\xc4',"b'\xc1_\xfcs,\xabSN'",b'\xa5(&e\xc9\xaaT\xd2',b'h\xe3\x13@\x15\x85_h',b'\x0cQc\xc7\xc0\xa4P;',2021.10.11.08.31.07_veh-50_01750_01948/MergedPointCloud/8d00207558d55171.pcd,1633942884349917
b'\x8d\x7f\xcc\xfaI\xc7V\xc4',b'\xba\x14\x7f\xa8\x91$ZE',b'\x8d\x00 uX\xd5Qq',b'h\x15\xd1\xaf\x15QY\x17',b'h\xe3\x13@\x15\x85_h',b'\x0cQc\xc7\xc0\xa4P;',2021.10.11.08.31.07_veh-50_01750_01948/MergedPointCloud/8d7fccfa49c756c4.pcd,1633942884399890
b'\xba\x14\x7f\xa8\x91$ZE',b'(\x87\xab\x13\x17\xca\\\xd3',b'\x8d\x7f\xcc\xfaI\xc7V\xc4',b'\x17\xad\xcc(\xb9V_\x05',b'h\xe3\x13@\x15\x85_h',b'\x0cQc\xc7\xc0\xa4P;',2021.10.11.08.31.07_veh-50_01750_01948/MergedPointCloud/ba147fa891245a45.pcd,1633942884449866
b'(\x87\xab\x13\x17\xca\\\xd3',b'\xea\x97\xf2\xeamQZF',b'\xba\x14\x7f\xa8\x91$ZE',b'\x9b\xde\x01M\xb5\xbfT\x9b',b'h\xe3\x13@\x15\x85_h',b'\x0cQc\xc7\xc0\xa4P;',2021.10.11.08.31.07_veh-50_01750_01948/MergedPointCloud/2887ab1317ca5cd3.pcd,1633942884499844
b'\xea\x97\xf2\xeamQZF',b' \x1f3=\xc5\x99T\xa0',b'(\x87\xab\x13\x17\xca\\\xd3',b'ss\xcbY\x05\xc9W=',b'h\xe3\x13@\x15\x85_h',b'\x0cQc\xc7\xc0\xa4P;',2021.10.11.08.31.07_veh-50_01750_01948/MergedPointCloud/ea97f2ea6d515a46.pcd,1633942884549826
b' \x1f3=\xc5\x99T\xa0',b'\x0bZv\x8b!\x8c\\\xa6',b'\xea\x97\xf2\xeamQZF',b'\x17w\xff\xdb\xa1\x1cZ\x16',b'h\xe3\x13@\x15\x85_h',b'\x0cQc\xc7\xc0\xa4P;',2021.10.11.08.31.07_veh-50_01750_01948/MergedPointCloud/201f333dc59954a0.pcd,1633942884599810
b'\x0bZv\x8b!\x8c\\\xa6',b'\xde\xa2\xaa\xc8A\xe5Q\x85',b' \x1f3=\xc5\x99T\xa0',b'\x9a\xeaX/H\\\\\x19',b'h\xe3\x13@\x15\x85_h',b'\x0cQc\xc7\xc0\xa4P;',2021.10.11.08.31.07_veh-50_01750_01948/MergedPointCloud/0b5a768b218c5ca6.pcd,1633942884649797
b'\xde\xa2\xaa\xc8A\xe5Q\x85',b'\xe0\xe3\x17\xc0!\xc6U0',b'\x0bZv\x8b!\x8c\\\xa6',b'@\x89-\xddt\x02[r',b'h\xe3\x13@\x15\x85_h',b'\x0cQc\xc7\xc0\xa4P;',2021.10.11.08.31.07_veh-50_01750_01948/MergedPointCloud/dea2aac841e55185.pcd,1633942884699784
b'\xe0\xe3\x17\xc0!\xc6U0',b'\xcdKL\xcf\xc2~[\xa9',b'\xde\xa2\xaa\xc8A\xe5Q\x85',b'i\xbe\x7f\xf9\xb5\xe5U\xfb',b'h\xe3\x13@\x15\x85_h',b'\x0cQc\xc7\xc0\xa4P;',2021.10.11.08.31.07_veh-50_01750_01948/MergedPointCloud/e0e317c021c65530.pcd,1633942884749772
b'\xcdKL\xcf\xc2~[\xa9',b'XO\x95\xc3`\xa0Rr',b'\xe0\xe3\x17\xc0!\xc6U0',b'l\xd3 \xa0\xcbJ^Q',b'h\xe3\x13@\x15\x85_h',b'\x0cQc\xc7\xc0\xa4P;',2021.10.11.08.31.07_veh-50_01750_01948/MergedPointCloud/cd4b4ccfc27e5ba9.pcd,1633942884799760
b'XO\x95\xc3`\xa0Rr',b'\xdc\xc9\xeeM\x90\x1eV\n',b'\xcdKL\xcf\xc2~[\xa9',b'\xab|#t\r5P\xe7',b'h\xe3\x13@\x15\x85_h',b'\x0cQc\xc7\xc0\xa4P;',2021.10.11.08.31.07_veh-50_01750_01948/MergedPointCloud/584f95c360a05272.pcd,1633942884849749
b'\xdc\xc9\xeeM\x90\x1eV\n',b'\xcf\xea\x1b\xa5cVY\x81',b'XO\x95\xc3`\xa0Rr',b'KL\xe3i\x1c\xedS@',b'h\xe3\x13@\x15\x85_h',b'\x0cQc\xc7\xc0\xa4P;',2021.10.11.08.31.07_veh-50_01750_01948/MergedPointCloud/dcc9ee4d901e560a.pcd,1633942884899738
b'\xcf\xea\x1b\xa5cVY\x81',b'!\x9e\xd7\xff&)Y\x12',b'\xdc\xc9\xeeM\x90\x1eV\n',b'\x0b\xc2\x93\xe3q\xd5Q\xe5',b'h\xe3\x13@\x15\x85_h',b'\x0cQc\xc7\xc0\xa4P;',2021.10.11.08.31.07_veh-50_01750_01948/MergedPointCloud/cfea1ba563565981.pcd,1633942884949728
b'!\x9e\xd7\xff&)Y\x12',b'\xa0x\t\xcf6\x18T\xa7',b'\xcf\xea\x1b\xa5cVY\x81',b'\xa0e\xd3U\xa9\nY\x16',b'h\xe3\x13@\x15\x85_h',b'\x0cQc\xc7\xc0\xa4P;',2021.10.11.08.31.07_veh-50_01750_01948/MergedPointCloud/219ed7ff26295912.pcd,1633942884999720
b'\xa0x\t\xcf6\x18T\xa7',b'\xc0\x95\xd2U\xf1\xb9R\xb5',b'!\x9e\xd7\xff&)Y\x12',b'[\xa79\xaa\xf0\x8cV\x06',b'h\xe3\x13@\x15\x85_h',b'\x0cQc\xc7\xc0\xa4P;',2021.10.11.08.31.07_veh-50_01750_01948/MergedPointCloud/a07809cf361854a7.pcd,1633942885049713
b'\xc0\x95\xd2U\xf1\xb9R\xb5',"b'$.\x07,\x88\x15[V'",b'\xa0x\t\xcf6\x18T\xa7',b'\x19*\xd0m\xb2\x03UE',b'h\xe3\x13@\x15\x85_h',b'\x0cQc\xc7\xc0\xa4P;',2021.10.11.08.31.07_veh-50_01750_01948/MergedPointCloud/c095d255f1b952b5.pcd,1633942885099708
"b'$.\x07,\x88\x15[V'",b'\xf9\x99\x82\xf9\x9e\x94U\x81',b'\xc0\x95\xd2U\xf1\xb9R\xb5',b'\xbc\x900#\xa0\xebQ\x17',b'h\xe3\x13@\x15\x85_h',b'\x0cQc\xc7\xc0\xa4P;',2021.10.11.08.31.07_veh-50_01750_01948/MergedPointCloud/242e072c88155b56.pcd,1633942885149702
b'\xf9\x99\x82\xf9\x9e\x94U\x81',b'd\x9f:\x0eo^_|',"b'$.\x07,\x88\x15[V'",b'@FR\x94P\xa6W|',b'h\xe3\x13@\x15\x85_h',b'\x0cQc\xc7\xc0\xa4P;',2021.10.11.08.31.07_veh-50_01750_01948/MergedPointCloud/f99982f99e945581.pcd,1633942885199694
b'd\x9f:\x0eo^_|',b'^p\x8fv\x9e\x83_\xad',b'\xf9\x99\x82\xf9\x9e\x94U\x81',b'\xc1\xac\xdf\xcc\xb4\xd1_\xa5',b'h\xe3\x13@\x15\x85_h',b'\x0cQc\xc7\xc0\xa4P;',2021.10.11.08.31.07_veh-50_01750_01948/MergedPointCloud/649f3a0e6f5e5f7c.pcd,1633942885249686
b'^p\x8fv\x9e\x83_\xad',b'N\xcbC\xbf\x86\xa0U\x1e',b'd\x9f:\x0eo^_|',b'\xe6\x88:nU\x13]\xa6',b'h\xe3\x13@\x15\x85_h',b'\x0cQc\xc7\xc0\xa4P;',2021.10.11.08.31.07_veh-50_01750_01948/MergedPointCloud/5e708f769e835fad.pcd,1633942885299677
b'N\xcbC\xbf\x86\xa0U\x1e',b'\xb2^_\x0b\xf1TW;',b'^p\x8fv\x9e\x83_\xad',b'\x99\\\x8d\x04.\xedQ\xc6',b'h\xe3\x13@\x15\x85_h',b'\x0cQc\xc7\xc0\xa4P;',2021.10.11.08.31.07_veh-50_01750_01948/MergedPointCloud/4ecb43bf86a0551e.pcd,1633942885349667
b'\xb2^_\x0b\xf1TW;',b'\xd9z\x86k\x90\x83Zt',b'N\xcbC\xbf\x86\xa0U\x1e',b'(\xae\x11\xf7\xcekY\x98',b'h\xe3\x13@\x15\x85_h',b'\x0cQc\xc7\xc0\xa4P;',2021.10.11.08.31.07_veh-50_01750_01948/MergedPointCloud/b25e5f0bf154573b.pcd,1633942885399655
b'\xd9z\x86k\x90\x83Zt',b'\xc6\xf0\x10\x9b\x82?]\x95',b'\xb2^_\x0b\xf1TW;',b'q\x03\xcfl\xbd\xac\\J',b'h\xe3\x13@\x15\x85_h',b'\x0cQc\xc7\xc0\xa4P;',2021.10.11.08.31.07_veh-50_01750_01948/MergedPointCloud/d97a866b90835a74.pcd,1633942885449639
b'\xc6\xf0\x10\x9b\x82?]\x95',"b'\xf2!(0\x0f,\\\x00'",b'\xd9z\x86k\x90\x83Zt',b'\x03V\x95\x0c^\x05QT',b'h\xe3\x13@\x15\x85_h',b'\x0cQc\xc7\xc0\xa4P;',2021.10.11.08.31.07_veh-50_01750_01948/MergedPointCloud/c6f0109b823f5d95.pcd,1633942885499622
"b'\xf2!(0\x0f,\\\x00'",b'\x05FUyZlU\xc1',b'\xc6\xf0\x10\x9b\x82?]\x95',b'\x08352\xe8\x03]\xb0',b'h\xe3\x13@\x15\x85_h',b'\x0cQc\xc7\xc0\xa4P;',2021.10.11.08.31.07_veh-50_01750_01948/MergedPointCloud/f22128300f2c5c00.pcd,1633942885549603
b'\x05FUyZlU\xc1',b'\x1b\x13\x7fn3\x83\\\x1a',"b'\xf2!(0\x0f,\\\x00'",b'\x81nK#\xef?^A',b'h\xe3\x13@\x15\x85_h',b'\x0cQc\xc7\xc0\xa4P;',2021.10.11.08.31.07_veh-50_01750_01948/MergedPointCloud/054655795a6c55c1.pcd,1633942885599584
b'\x1b\x13\x7fn3\x83\\\x1a',b'\n\x94\x84yH\x0b]\xb0',b'\x05FUyZlU\xc1',b'\x16\xe1\xffb\xd2\xcfP\xbb',b'h\xe3\x13@\x15\x85_h',b'\x0cQc\xc7\xc0\xa4P;',2021.10.11.08.31.07_veh-50_01750_01948/MergedPointCloud/1b137f6e33835c1a.pcd,1633942885649564
b'\n\x94\x84yH\x0b]\xb0',b'\xe5\x19\x10s0\xc7X\xeb',b'\x1b\x13\x7fn3\x83\\\x1a',b'\xe7\xd5\x89\x89b\x9aW^',b'h\xe3\x13@\x15\x85_h',b'\x0cQc\xc7\xc0\xa4P;',2021.10.11.08.31.07_veh-50_01750_01948/MergedPointCloud/0a948479480b5db0.pcd,1633942885699543
b'\xe5\x19\x10s0\xc7X\xeb',b'fN\xec*\xeb\xb1P\xaa',b'\n\x94\x84yH\x0b]\xb0',b'\xfe\xbeW\xb2\xcbH]\x1c',b'h\xe3\x13@\x15\x85_h',b'\x0cQc\xc7\xc0\xa4P;',2021.10.11.08.31.07_veh-50_01750_01948/MergedPointCloud/e519107330c758eb.pcd,1633942885749521
b'fN\xec*\xeb\xb1P\xaa',b'\xec\xee\xdc\xe7mDYG',b'\xe5\x19\x10s0\xc7X\xeb',b'\xdd\x95n\x861\xbfQ$',b'h\xe3\x13@\x15\x85_h',b'\x0cQc\xc7\xc0\xa4P;',2021.10.11.08.31.07_veh-50_01750_01948/MergedPointCloud/664eec2aebb150aa.pcd,1633942885799499
b'\xec\xee\xdc\xe7mDYG',b'\xb5\x1b\xe7\xe9!\xf1W\xa3',b'fN\xec*\xeb\xb1P\xaa',"b""'.A\x9b\x98\xea_\x18""",b'h\xe3\x13@\x15\x85_h',b'\x0cQc\xc7\xc0\xa4P;',2021.10.11.08.31.07_veh-50_01750_01948/MergedPointCloud/eceedce76d445947.pcd,1633942885849477
b'\xb5\x1b\xe7\xe9!\xf1W\xa3',b'\xfc\x9fHmX\x9a[f',b'\xec\xee\xdc\xe7mDYG',b'~\x17\x15\x95\x14UP\xff',b'h\xe3\x13@\x15\x85_h',b'\x0cQc\xc7\xc0\xa4P;',2021.10.11.08.31.07_veh-50_01750_01948/MergedPointCloud/b51be7e921f157a3.pcd,1633942885899458
b'\xfc\x9fHmX\x9a[f',"b'\xe5O,\x9ew\x91V@'",b'\xb5\x1b\xe7\xe9!\xf1W\xa3',b'a`\xbf\xfbs\x12Zs',b'h\xe3\x13@\x15\x85_h',b'\x0cQc\xc7\xc0\xa4P;',2021.10.11.08.31.07_veh-50_01750_01948/MergedPointCloud/fc9f486d589a5b66.pcd,1633942885949440
"b'\xe5O,\x9ew\x91V@'",b'8\xe7X\xfbY\x80TV',b'\xfc\x9fHmX\x9a[f',b'\xd3\x96\x8d\xc7\x9d\xc2X\xe9',b'h\xe3\x13@\x15\x85_h',b'\x0cQc\xc7\xc0\xa4P;',2021.10.11.08.31.07_veh-50_01750_01948/MergedPointCloud/e54f2c9e77915640.pcd,1633942885999427
b'8\xe7X\xfbY\x80TV',b'\xd5\xb4\xf9?\x87\x9a^\x19',"b'\xe5O,\x9ew\x91V@'",b'\xd3-\xcd\xa1\x04\x85W\x87',b'h\xe3\x13@\x15\x85_h',b'\x0cQc\xc7\xc0\xa4P;',2021.10.11.08.31.07_veh-50_01750_01948/MergedPointCloud/38e758fb59805456.pcd,1633942886049419
b'\xd5\xb4\xf9?\x87\x9a^\x19',b'v\xc4\xaco\xfe\xa2W\xe2',b'8\xe7X\xfbY\x80TV',b'\xfc\x87>\x8d\xc6k[\x81',b'h\xe3\x13@\x15\x85_h',b'\x0cQc\xc7\xc0\xa4P;',2021.10.11.08.31.07_veh-50_01750_01948/MergedPointCloud/d5b4f93f879a5e19.pcd,1633942886099415
b'v\xc4\xaco\xfe\xa2W\xe2',b'm\xa5\x16\n\xbaIP\xd5',b'\xd5\xb4\xf9?\x87\x9a^\x19',b'~\x0fSn\x9c\xf9^s',b'h\xe3\x13@\x15\x85_h',b'\x0cQc\xc7\xc0\xa4P;',2021.10.11.08.31.07_veh-50_01750_01948/MergedPointCloud/76c4ac6ffea257e2.pcd,1633942886149417
b'm\xa5\x16\n\xbaIP\xd5',b'\xf8\xb5\xa0\xafLh_\xf7',b'v\xc4\xaco\xfe\xa2W\xe2',b'\x18\x04\x008\x04\xa1Z4',b'h\xe3\x13@\x15\x85_h',b'\x0cQc\xc7\xc0\xa4P;',2021.10.11.08.31.07_veh-50_01750_01948/MergedPointCloud/6da5160aba4950d5.pcd,1633942886199424
b'\xf8\xb5\xa0\xafLh_\xf7',b'\xd3\xe8\xa1\x15O\x9b\\d',b'm\xa5\x16\n\xbaIP\xd5',"b'""1Q\xc0w\x81_\xe1'",b'h\xe3\x13@\x15\x85_h',b'\x0cQc\xc7\xc0\xa4P;',2021.10.11.08.31.07_veh-50_01750_01948/MergedPointCloud/f8b5a0af4c685ff7.pcd,1633942886249432
b'\xd3\xe8\xa1\x15O\x9b\\d',b'\xec^\xd0Uw\xe4T$',b'\xf8\xb5\xa0\xafLh_\xf7',b'\x05q&\xc5\xaf\x97W1',b'h\xe3\x13@\x15\x85_h',b'\x0cQc\xc7\xc0\xa4P;',2021.10.11.08.31.07_veh-50_01750_01948/MergedPointCloud/d3e8a1154f9b5c64.pcd,1633942886299443
b'\xec^\xd0Uw\xe4T$',b'\xa0\xc9Yqx\x1d[\x14',b'\xd3\xe8\xa1\x15O\x9b\\d',b'&\x98\x0e\x04\x1a\x1eV\xea',b'h\xe3\x13@\x15\x85_h',b'\x0cQc\xc7\xc0\xa4P;',2021.10.11.08.31.07_veh-50_01750_01948/MergedPointCloud/ec5ed05577e45424.pcd,1633942886349452
b'\xa0\xc9Yqx\x1d[\x14',b'D+\xb8\x9b\xb1bY\x92',b'\xec^\xd0Uw\xe4T$',b'\xc3#\x1fL\xff9R\xfb',b'h\xe3\x13@\x15\x85_h',b'\x0cQc\xc7\xc0\xa4P;',2021.10.11.08.31.07_veh-50_01750_01948/MergedPointCloud/a0c95971781d5b14.pcd,1633942886399463
b'D+\xb8\x9b\xb1bY\x92',b'1\x12y\x84\x18!]\x8c',b'\xa0\xc9Yqx\x1d[\x14',b'k-\xb5\t(\x02\\\x9b',b'h\xe3\x13@\x15\x85_h',b'\x0cQc\xc7\xc0\xa4P;',2021.10.11.08.31.07_veh-50_01750_01948/MergedPointCloud/442bb89bb1625992.pcd,1633942886449472
b'1\x12y\x84\x18!]\x8c',b'r\xa8\x04\xf5\x85xU\xa4',b'D+\xb8\x9b\xb1bY\x92',b'5\x8a\x8aD1\x14]\xf2',b'h\xe3\x13@\x15\x85_h',b'\x0cQc\xc7\xc0\xa4P;',2021.10.11.08.31.07_veh-50_01750_01948/MergedPointCloud/3112798418215d8c.pcd,1633942886499480
b'r\xa8\x04\xf5\x85xU\xa4',b'\x9c\xd4\x11\x11\xdbPX\x1c',b'1\x12y\x84\x18!]\x8c',"b'b""\x8f#jIT\xd4'",b'h\xe3\x13@\x15\x85_h',b'\x0cQc\xc7\xc0\xa4P;',2021.10.11.08.31.07_veh-50_01750_01948/MergedPointCloud/72a804f5857855a4.pcd,1633942886549487
b'\x9c\xd4\x11\x11\xdbPX\x1c',b'\x7f\x0c\xaa\xbc\xca\xe0W\xd1',b'r\xa8\x04\xf5\x85xU\xa4',b'\xd0`\x8a\x8fx@PU',b'h\xe3\x13@\x15\x85_h',b'\x0cQc\xc7\xc0\xa4P;',2021.10.11.08.31.07_veh-50_01750_01948/MergedPointCloud/9cd41111db50581c.pcd,1633942886599493
b'\x7f\x0c\xaa\xbc\xca\xe0W\xd1',b'\x8b\xce\x0e\xb3\xc7\xb6TV',b'\x9c\xd4\x11\x11\xdbPX\x1c',b'\xe4S\xbdM\xd4\xc8Q\x17',b'h\xe3\x13@\x15\x85_h',b'\x0cQc\xc7\xc0\xa4P;',2021.10.11.08.31.07_veh-50_01750_01948/MergedPointCloud/7f0caabccae057d1.pcd,1633942886649500
b'\x8b\xce\x0e\xb3\xc7\xb6TV',b'\r\xcf\x81\xc5N\xee_)',b'\x7f\x0c\xaa\xbc\xca\xe0W\xd1',b'\x12-\xc94\n\xf3V^',b'h\xe3\x13@\x15\x85_h',b'\x0cQc\xc7\xc0\xa4P;',2021.10.11.08.31.07_veh-50_01750_01948/MergedPointCloud/8bce0eb3c7b65456.pcd,1633942886699508
b'\r\xcf\x81\xc5N\xee_)',b'\x16\xca3\x1b\xd7\xbc\\\n',b'\x8b\xce\x0e\xb3\xc7\xb6TV',b'\xf9\xdb7\x8d\xe5WP\x85',b'h\xe3\x13@\x15\x85_h',b'\x0cQc\xc7\xc0\xa4P;',2021.10.11.08.31.07_veh-50_01750_01948/MergedPointCloud/0dcf81c54eee5f29.pcd,1633942886749517
b'\x16\xca3\x1b\xd7\xbc\\\n',b'\x13X}\xd2;\xc5W\x9c',b'\r\xcf\x81\xc5N\xee_)',b'\x0b\xbdf\xa1A\xedV\x1f',b'h\xe3\x13@\x15\x85_h',b'\x0cQc\xc7\xc0\xa4P;',2021.10.11.08.31.07_veh-50_01750_01948/MergedPointCloud/16ca331bd7bc5c0a.pcd,1633942886799529
b'\x13X}\xd2;\xc5W\x9c',b'Z\x11>\xd0iP_\xa1',b'\x16\xca3\x1b\xd7\xbc\\\n',"b'\xab\xe9,\xc3\xad\xd0T\x9a'",b'h\xe3\x13@\x15\x85_h',b'\x0cQc\xc7\xc0\xa4P;',2021.10.11.08.31.07_veh-50_01750_01948/MergedPointCloud/13587dd23bc5579c.pcd,1633942886849545
b'Z\x11>\xd0iP_\xa1',"b'\xd6\xec\xf7c\xff,]3'",b'\x13X}\xd2;\xc5W\x9c',b'\x08R\x9fe\x8b4S\xb8',b'h\xe3\x13@\x15\x85_h',b'\x0cQc\xc7\xc0\xa4P;',2021.10.11.08.31.07_veh-50_01750_01948/MergedPointCloud/5a113ed069505fa1.pcd,1633942886899562
"b'\xd6\xec\xf7c\xff,]3'",b'P>_\x1d\xde!]\xf5',b'Z\x11>\xd0iP_\xa1',b'\xbd\x97\xbb7TrP\xb1',b'h\xe3\x13@\x15\x85_h',b'\x0cQc\xc7\xc0\xa4P;',2021.10.11.08.31.07_veh-50_01750_01948/MergedPointCloud/d6ecf763ff2c5d33.pcd,1633942886949582
b'P>_\x1d\xde!]\xf5',b'\x08(\xa9P\x7f6R\xcc',"b'\xd6\xec\xf7c\xff,]3'",b'n\xd3\x0ba\x86=R\xb1',b'h\xe3\x13@\x15\x85_h',b'\x0cQc\xc7\xc0\xa4P;',2021.10.11.08.31.07_veh-50_01750_01948/MergedPointCloud/503e5f1dde215df5.pcd,1633942886999604
b'\x08(\xa9P\x7f6R\xcc',b'\xe4D| \xcc\xcaX[',b'P>_\x1d\xde!]\xf5',b'\xc7\xe6]\xff6\x0bTJ',b'h\xe3\x13@\x15\x85_h',b'\x0cQc\xc7\xc0\xa4P;',2021.10.11.08.31.07_veh-50_01750_01948/MergedPointCloud/0828a9507f3652cc.pcd,1633942887049623
b'\xe4D| \xcc\xcaX[',b'\x00L\xbf\x9a\x0c\x04Q\xfa',b'\x08(\xa9P\x7f6R\xcc',b'\x1f\xbb8\xc70\xd5Vh',b'h\xe3\x13@\x15\x85_h',b'\x0cQc\xc7\xc0\xa4P;',2021.10.11.08.31.07_veh-50_01750_01948/MergedPointCloud/e4447c20ccca585b.pcd,1633942887099638
b'\x00L\xbf\x9a\x0c\x04Q\xfa',b'\xab\x7f\x86DSGPh',b'\xe4D| \xcc\xcaX[',b'\xb4j\xfb\x96\xea\x19[\xbb',b'h\xe3\x13@\x15\x85_h',b'\x0cQc\xc7\xc0\xa4P;',2021.10.11.08.31.07_veh-50_01750_01948/MergedPointCloud/004cbf9a0c0451fa.pcd,1633942887149648
b'\xab\x7f\x86DSGPh',b'\xa1V\xf1\xc1\xf2\xb0T\xef',b'\x00L\xbf\x9a\x0c\x04Q\xfa',b'%\x06\x81\xdd/\xb8PA',b'h\xe3\x13@\x15\x85_h',b'\x0cQc\xc7\xc0\xa4P;',2021.10.11.08.31.07_veh-50_01750_01948/MergedPointCloud/ab7f864453475068.pcd,1633942887199655
b'\xa1V\xf1\xc1\xf2\xb0T\xef',b'\xed\x85\x04\xbe\xaa\xd1V\x81',b'\xab\x7f\x86DSGPh',b'\x06\xd0\xc1\xf2?\r](',b'h\xe3\x13@\x15\x85_h',b'\x0cQc\xc7\xc0\xa4P;',2021.10.11.08.31.07_veh-50_01750_01948/MergedPointCloud/a156f1c1f2b054ef.pcd,1633942887249663
b'\xed\x85\x04\xbe\xaa\xd1V\x81',b'\x04\xc1)\xc2\xf0\xa0Y\xc5',b'\xa1V\xf1\xc1\xf2\xb0T\xef',b'%@\xee\xac\xc4\x0eQ\x83',b'h\xe3\x13@\x15\x85_h',b'\x0cQc\xc7\xc0\xa4P;',2021.10.11.08.31.07_veh-50_01750_01948/MergedPointCloud/ed8504beaad15681.pcd,1633942887299671
b'\x04\xc1)\xc2\xf0\xa0Y\xc5',b's\x1c8\xb7\xba)_~',b'\xed\x85\x04\xbe\xaa\xd1V\x81',b'z\xbdv\xe24\xc1Qs',b'h\xe3\x13@\x15\x85_h',b'\x0cQc\xc7\xc0\xa4P;',2021.10.11.08.31.07_veh-50_01750_01948/MergedPointCloud/04c129c2f0a059c5.pcd,1633942887349677
b's\x1c8\xb7\xba)_~',b'\xe0[\x87\xf7\xbaKY\x1a',b'\x04\xc1)\xc2\xf0\xa0Y\xc5',b'\x93M\xfb\xfa\x1d\xe1]I',b'h\xe3\x13@\x15\x85_h',b'\x0cQc\xc7\xc0\xa4P;',2021.10.11.08.31.07_veh-50_01750_01948/MergedPointCloud/731c38b7ba295f7e.pcd,1633942887399685
b'\xe0[\x87\xf7\xbaKY\x1a',b'\x8ca\xf3\xc5o)]\xcd',b's\x1c8\xb7\xba)_~',b'>F<m\xca\xbfXN',b'h\xe3\x13@\x15\x85_h',b'\x0cQc\xc7\xc0\xa4P;',2021.10.11.08.31.07_veh-50_01750_01948/MergedPointCloud/e05b87f7ba4b591a.pcd,1633942887449694
b'\x8ca\xf3\xc5o)]\xcd',b'J\xcb9\xb9\x86\xdd]\xee',b'\xe0[\x87\xf7\xbaKY\x1a',b'\xfd1\x9c\x10-\x9aX\xff',b'h\xe3\x13@\x15\x85_h',b'\x0cQc\xc7\xc0\xa4P;',2021.10.11.08.31.07_veh-50_01750_01948/MergedPointCloud/8c61f3c56f295dcd.pcd,1633942887499706
b'J\xcb9\xb9\x86\xdd]\xee',b'?\xbe\xc41\xaaw]\x17',b'\x8ca\xf3\xc5o)]\xcd',b'?w\x08\xe5\xc7\xc0Q$',b'h\xe3\x13@\x15\x85_h',b'\x0cQc\xc7\xc0\xa4P;',2021.10.11.08.31.07_veh-50_01750_01948/MergedPointCloud/4acb39b986dd5dee.pcd,1633942887549718
b'?\xbe\xc41\xaaw]\x17',b'K\xc5\x08\x04j\xa5U\x1d',b'J\xcb9\xb9\x86\xdd]\xee',b'\x91\x92\x10\xbeY\xebW\x9f',b'h\xe3\x13@\x15\x85_h',b'\x0cQc\xc7\xc0\xa4P;',2021.10.11.08.31.07_veh-50_01750_01948/MergedPointCloud/3fbec431aa775d17.pcd,1633942887599732
b'K\xc5\x08\x04j\xa5U\x1d',b'\xe1^\xd6=9\x08WQ',b'?\xbe\xc41\xaaw]\x17',b'\x13\xdc\x1c\xfe\x18xV\x93',b'h\xe3\x13@\x15\x85_h',b'\x0cQc\xc7\xc0\xa4P;',2021.10.11.08.31.07_veh-50_01750_01948/MergedPointCloud/4bc508046aa5551d.pcd,1633942887649745
b'\xe1^\xd6=9\x08WQ',"b""\xc5\n\xe4,\xf4\xf8U'""",b'K\xc5\x08\x04j\xa5U\x1d',b'\xf0\x1b\x1f\xbc\xa2\x8d^\xca',b'h\xe3\x13@\x15\x85_h',b'\x0cQc\xc7\xc0\xa4P;',2021.10.11.08.31.07_veh-50_01750_01948/MergedPointCloud/e15ed63d39085751.pcd,1633942887699761
"b""\xc5\n\xe4,\xf4\xf8U'""",b'\xaa\xd6\xe5\xc2[\xe3PT',b'\xe1^\xd6=9\x08WQ',b'r\x90\xc1\xe9\x99PP\xf8',b'h\xe3\x13@\x15\x85_h',b'\x0cQc\xc7\xc0\xa4P;',2021.10.11.08.31.07_veh-50_01750_01948/MergedPointCloud/c50ae42cf4f85527.pcd,1633942887749781
b'\xaa\xd6\xe5\xc2[\xe3PT',b'\xb1\xa1H=\x15\x16_>',"b""\xc5\n\xe4,\xf4\xf8U'""",b'\xbc\xd1\xd2\xad\x01\xf4]\xe5',b'h\xe3\x13@\x15\x85_h',b'\x0cQc\xc7\xc0\xa4P;',2021.10.11.08.31.07_veh-50_01750_01948/MergedPointCloud/aad6e5c25be35054.pcd,1633942887799807
b'\xb1\xa1H=\x15\x16_>',b'A\xb9~\xc5\xec\xc2P\xe4',b'\xaa\xd6\xe5\xc2[\xe3PT',b'\x9d\x8e\xc8)\xe3R^\xa3',b'h\xe3\x13@\x15\x85_h',b'\x0cQc\xc7\xc0\xa4P;',2021.10.11.08.31.07_veh-50_01750_01948/MergedPointCloud/b1a1483d15165f3e.pcd,1633942887849838
b'A\xb9~\xc5\xec\xc2P\xe4',"b'\xa55s\x84""\x10U\xa6'",b'\xb1\xa1H=\x15\x16_>',b'\xdb\xbb\x97#\x8f\xddRQ',b'h\xe3\x13@\x15\x85_h',b'\x0cQc\xc7\xc0\xa4P;',2021.10.11.08.31.07_veh-50_01750_01948/MergedPointCloud/41b97ec5ecc250e4.pcd,1633942887899875
"b'\xa55s\x84""\x10U\xa6'",b'BXqI\xcf\xf9Y\xc4',b'A\xb9~\xc5\xec\xc2P\xe4',b'\xa6\xc3(pHTX\x1e',b'h\xe3\x13@\x15\x85_h',b'\x0cQc\xc7\xc0\xa4P;',2021.10.11.08.31.07_veh-50_01750_01948/MergedPointCloud/a5357384221055a6.pcd,1633942887949915
b'BXqI\xcf\xf9Y\xc4',b'x\xe3\x83\x054\x08S\x1e',"b'\xa55s\x84""\x10U\xa6'",b'j\xb5\rr;\xd0RA',b'h\xe3\x13@\x15\x85_h',b'\x0cQc\xc7\xc0\xa4P;',2021.10.11.08.31.07_veh-50_01750_01948/MergedPointCloud/42587149cff959c4.pcd,1633942887999958
b'x\xe3\x83\x054\x08S\x1e',b'qO\xda\x9e*|S\x03',b'BXqI\xcf\xf9Y\xc4',b'<\xa5\xf8%s\xa9Y\xca',b'h\xe3\x13@\x15\x85_h',b'\x0cQc\xc7\xc0\xa4P;',2021.10.11.08.31.07_veh-50_01750_01948/MergedPointCloud/78e383053408531e.pcd,1633942888050000
b'qO\xda\x9e*|S\x03',b'\xe3\xe8\x1e\xff\x17\xaf^\x13',b'x\xe3\x83\x054\x08S\x1e',b'\xf9+P\xeeM\xe4S\x91',b'h\xe3\x13@\x15\x85_h',b'\x0cQc\xc7\xc0\xa4P;',2021.10.11.08.31.07_veh-50_01750_01948/MergedPointCloud/714fda9e2a7c5303.pcd,1633942888100038
b'\xe3\xe8\x1e\xff\x17\xaf^\x13',"b'\x96y\x0cR\xad,S\xe7'",b'qO\xda\x9e*|S\x03',b'C\\\x13\xb8\xea\xccWl',b'h\xe3\x13@\x15\x85_h',b'\x0cQc\xc7\xc0\xa4P;',2021.10.11.08.31.07_veh-50_01750_01948/MergedPointCloud/e3e81eff17af5e13.pcd,1633942888150072
"b'\x96y\x0cR\xad,S\xe7'",b'\xc0]\xaf\x9dm9W\xea',b'\xe3\xe8\x1e\xff\x17\xaf^\x13',b'\x1fX\xe2\x06ih[\x1f',b'h\xe3\x13@\x15\x85_h',b'\x0cQc\xc7\xc0\xa4P;',2021.10.11.08.31.07_veh-50_01750_01948/MergedPointCloud/96790c52ad2c53e7.pcd,1633942888200103
b'\xc0]\xaf\x9dm9W\xea',b'\xa0\x91\xbd\xf7\xf5\xb8Z\x8c',"b'\x96y\x0cR\xad,S\xe7'",b'5\x02\x03\xf5\xe1jT\xfa',b'h\xe3\x13@\x15\x85_h',b'\x0cQc\xc7\xc0\xa4P;',2021.10.11.08.31.07_veh-50_01750_01948/MergedPointCloud/c05daf9d6d3957ea.pcd,1633942888250130
b'\xa0\x91\xbd\xf7\xf5\xb8Z\x8c',b'q\x85h\xc9\xde&QZ',b'\xc0]\xaf\x9dm9W\xea',b'\x11\\k\xdb\xfcdU5',b'h\xe3\x13@\x15\x85_h',b'\x0cQc\xc7\xc0\xa4P;',2021.10.11.08.31.07_veh-50_01750_01948/MergedPointCloud/a091bdf7f5b85a8c.pcd,1633942888300155
b'q\x85h\xc9\xde&QZ',b'2:\x88#c#W\xcf',b'\xa0\x91\xbd\xf7\xf5\xb8Z\x8c',b'{\x02J}n\xa2\\3',b'h\xe3\x13@\x15\x85_h',b'\x0cQc\xc7\xc0\xa4P;',2021.10.11.08.31.07_veh-50_01750_01948/MergedPointCloud/718568c9de26515a.pcd,1633942888350176
b'2:\x88#c#W\xcf',b'\xedB\xd1t\x9c\xc7S\x1a',b'q\x85h\xc9\xde&QZ',b'`\x96\xe4\x02\x1c\x08_\x06',b'h\xe3\x13@\x15\x85_h',b'\x0cQc\xc7\xc0\xa4P;',2021.10.11.08.31.07_veh-50_01750_01948/MergedPointCloud/323a8823632357cf.pcd,1633942888400193
b'\xedB\xd1t\x9c\xc7S\x1a',b'\xd4z\xe34\xde\x9f[c',b'2:\x88#c#W\xcf',"b'\x13d\xcd\x88\xdb""X\xd4'",b'h\xe3\x13@\x15\x85_h',b'\x0cQc\xc7\xc0\xa4P;',2021.10.11.08.31.07_veh-50_01750_01948/MergedPointCloud/ed42d1749cc7531a.pcd,1633942888450209
b'\xd4z\xe34\xde\x9f[c',b'\xbeU\t$g[V\xaf',b'\xedB\xd1t\x9c\xc7S\x1a',b'\t\xc5\x16\xbf\xfc(\\y',b'h\xe3\x13@\x15\x85_h',b'\x0cQc\xc7\xc0\xa4P;',2021.10.11.08.31.07_veh-50_01750_01948/MergedPointCloud/d47ae334de9f5b63.pcd,1633942888500223
b'\xbeU\t$g[V\xaf',b'\xb1\x9c/\xaa-@_\xcd',b'\xd4z\xe34\xde\x9f[c',b'\x10\xe2\xa5\xd8\x0c\tX\xe6',b'h\xe3\x13@\x15\x85_h',b'\x0cQc\xc7\xc0\xa4P;',2021.10.11.08.31.07_veh-50_01750_01948/MergedPointCloud/be550924675b56af.pcd,1633942888550235
b'\xb1\x9c/\xaa-@_\xcd',b'\xfb\xcc\xcd\x19\x84\xb6Q\x97',b'\xbeU\t$g[V\xaf',b'\xb7\xa9\x18\xb4\xc0YS\xcc',b'h\xe3\x13@\x15\x85_h',b'\x0cQc\xc7\xc0\xa4P;',2021.10.11.08.31.07_veh-50_01750_01948/MergedPointCloud/b19c2faa2d405fcd.pcd,1633942888600248
b'\xfb\xcc\xcd\x19\x84\xb6Q\x97',b'\xc1\xb6\xf8\xed\xb7\xb5Ua',b'\xb1\x9c/\xaa-@_\xcd',b'I\xc2\x12nN\xe4Z\xf0',b'h\xe3\x13@\x15\x85_h',b'\x0cQc\xc7\xc0\xa4P;',2021.10.11.08.31.07_veh-50_01750_01948/MergedPointCloud/fbcccd1984b65197.pcd,1633942888650258
b'\xc1\xb6\xf8\xed\xb7\xb5Ua',b'/\x1e#M\xb0\x93_\xfa',b'\xfb\xcc\xcd\x19\x84\xb6Q\x97',b'\x86V\xd5#\xf5\x1bU\x80',b'h\xe3\x13@\x15\x85_h',b'\x0cQc\xc7\xc0\xa4P;',2021.10.11.08.31.07_veh-50_01750_01948/MergedPointCloud/c1b6f8edb7b55561.pcd,1633942888700271
b'/\x1e#M\xb0\x93_\xfa',b'\xf9\xd1(F\x0c\xe6_\x99',b'\xc1\xb6\xf8\xed\xb7\xb5Ua',"b""j\x0b\xbc\xb9\x9b'VF""",b'h\xe3\x13@\x15\x85_h',b'\x0cQc\xc7\xc0\xa4P;',2021.10.11.08.31.07_veh-50_01750_01948/MergedPointCloud/2f1e234db0935ffa.pcd,1633942888750282
b'\xf9\xd1(F\x0c\xe6_\x99',"b'\xbb\x14""&F\xe9W\x90'",b'/\x1e#M\xb0\x93_\xfa',b'=k\x0c\x94\xe0qVJ',b'h\xe3\x13@\x15\x85_h',b'\x0cQc\xc7\xc0\xa4P;',2021.10.11.08.31.07_veh-50_01750_01948/MergedPointCloud/f9d128460ce65f99.pcd,1633942888800296
"b'\xbb\x14""&F\xe9W\x90'",b'\xea\x80\xf4\xc7\xacD\\\xf4',b'\xf9\xd1(F\x0c\xe6_\x99',b'\xbf\xfb\x0b8\x03\xba_z',b'h\xe3\x13@\x15\x85_h',b'\x0cQc\xc7\xc0\xa4P;',2021.10.11.08.31.07_veh-50_01750_01948/MergedPointCloud/bb14222646e95790.pcd,1633942888850313
b'\xea\x80\xf4\xc7\xacD\\\xf4',b'\xe50E\xff\x0f\x1bVH',"b'\xbb\x14""&F\xe9W\x90'","b'\xe2\x1e|""\xe2\xabP8'",b'h\xe3\x13@\x15\x85_h',b'\x0cQc\xc7\xc0\xa4P;',2021.10.11.08.31.07_veh-50_01750_01948/MergedPointCloud/ea80f4c7ac445cf4.pcd,1633942888900332
b'\xe50E\xff\x0f\x1bVH',b'\x12\xd8\x05\xed\xc67Z\xd5',b'\xea\x80\xf4\xc7\xacD\\\xf4',b'st}\x9d\x0e\xdeW/',b'h\xe3\x13@\x15\x85_h',b'\x0cQc\xc7\xc0\xa4P;',2021.10.11.08.31.07_veh-50_01750_01948/MergedPointCloud/e53045ff0f1b5648.pcd,1633942888950351
b'\x12\xd8\x05\xed\xc67Z\xd5',"b'\xe4\xbf\xf5P\xc3""Y\x11'",b'\xe50E\xff\x0f\x1bVH',b'\x9e\x0e\xd2\xa9/\xecV\xbe',b'h\xe3\x13@\x15\x85_h',b'\x0cQc\xc7\xc0\xa4P;',2021.10.11.08.31.07_veh-50_01750_01948/MergedPointCloud/12d805edc6375ad5.pcd,1633942889000371
"b'\xe4\xbf\xf5P\xc3""Y\x11'",b'\x99\xa6t\xdb\x00\x08P\xbe',b'\x12\xd8\x05\xed\xc67Z\xd5',b'\xfa]\xa9&\xcd`_<',b'h\xe3\x13@\x15\x85_h',b'\x0cQc\xc7\xc0\xa4P;',2021.10.11.08.31.07_veh-50_01750_01948/MergedPointCloud/e4bff550c3225911.pcd,1633942889050391
b'\x99\xa6t\xdb\x00\x08P\xbe',b'+^\xd8\x14\xa0\xfc_\xa3',"b'\xe4\xbf\xf5P\xc3""Y\x11'",b'\x14X\xa5\xc8\xaa\xb0P\xc2',b'h\xe3\x13@\x15\x85_h',b'\x0cQc\xc7\xc0\xa4P;',2021.10.11.08.31.07_veh-50_01750_01948/MergedPointCloud/99a674db000850be.pcd,1633942889100409
b'+^\xd8\x14\xa0\xfc_\xa3',"b'Tc,""\x0c/Z-'",b'\x99\xa6t\xdb\x00\x08P\xbe',b'~\x9b\xb3\xfc\xaa`\\:',b'h\xe3\x13@\x15\x85_h',b'\x0cQc\xc7\xc0\xa4P;',2021.10.11.08.31.07_veh-50_01750_01948/MergedPointCloud/2b5ed814a0fc5fa3.pcd,1633942889150422
"b'Tc,""\x0c/Z-'",b'-v\xea\xc0\xcf\xb1Q\xd6',b'+^\xd8\x14\xa0\xfc_\xa3',b'H:\x04\x15\x087S\xd4',b'h\xe3\x13@\x15\x85_h',b'\x0cQc\xc7\xc0\xa4P;',2021.10.11.08.31.07_veh-50_01750_01948/MergedPointCloud/54632c220c2f5a2d.pcd,1633942889200428
b'-v\xea\xc0\xcf\xb1Q\xd6',b'\x99\x9b\x12B\x1b\x9cZm',"b'Tc,""\x0c/Z-'","b'\xd0""r\x03\x8e}Z\xdb'",b'h\xe3\x13@\x15\x85_h',b'\x0cQc\xc7\xc0\xa4P;',2021.10.11.08.31.07_veh-50_01750_01948/MergedPointCloud/2d76eac0cfb151d6.pcd,1633942889250426
b'\x99\x9b\x12B\x1b\x9cZm',"b""/|'@\xba\x83[\xfc""",b'-v\xea\xc0\xcf\xb1Q\xd6',"b'\xf3\xc2[,\xf4eW\xe8'",b'h\xe3\x13@\x15\x85_h',b'\x0cQc\xc7\xc0\xa4P;',2021.10.11.08.31.07_veh-50_01750_01948/MergedPointCloud/999b12421b9c5a6d.pcd,1633942889300421
"b""/|'@\xba\x83[\xfc""",b'\xe3\xde}4\\\x7f[\xf2',b'\x99\x9b\x12B\x1b\x9cZm',b'\x8b\tbt5\xfeXu',b'h\xe3\x13@\x15\x85_h',b'\x0cQc\xc7\xc0\xa4P;',2021.10.11.08.31.07_veh-50_01750_01948/MergedPointCloud/2f7c2740ba835bfc.pcd,1633942889350414
b'\xe3\xde}4\\\x7f[\xf2',b'\x02\xa2\x16m\xb3\xb6X#',"b""/|'@\xba\x83[\xfc""",b'\x87K\xb2\xc8\xd7\x94P\xce',b'h\xe3\x13@\x15\x85_h',b'\x0cQc\xc7\xc0\xa4P;',2021.10.11.08.31.07_veh-50_01750_01948/MergedPointCloud/e3de7d345c7f5bf2.pcd,1633942889400404
b'\x02\xa2\x16m\xb3\xb6X#',b'\x8ei\t\x18<\xfaW`',b'\xe3\xde}4\\\x7f[\xf2',b'\x83J\x846\x13\xefY%',b'h\xe3\x13@\x15\x85_h',b'\x0cQc\xc7\xc0\xa4P;',2021.10.11.08.31.07_veh-50_01750_01948/MergedPointCloud/02a2166db3b65823.pcd,1633942889450393
b'\x8ei\t\x18<\xfaW`',b'\x94\xf8\xcbN5\xbdS\x85',b'\x02\xa2\x16m\xb3\xb6X#',b'\x0e\xea\xca\xc5!U]\xde',b'h\xe3\x13@\x15\x85_h',b'\x0cQc\xc7\xc0\xa4P;',2021.10.11.08.31.07_veh-50_01750_01948/MergedPointCloud/8e6909183cfa5760.pcd,1633942889500382
b'\x94\xf8\xcbN5\xbdS\x85',b's\x02\x11\xb3\xa0\xb3_\xd5',b'\x8ei\t\x18<\xfaW`',b'\xec:\xa1\x82\xb8\x13X\x18',b'h\xe3\x13@\x15\x85_h',b'\x0cQc\xc7\xc0\xa4P;',2021.10.11.08.31.07_veh-50_01750_01948/MergedPointCloud/94f8cb4e35bd5385.pcd,1633942889550367
b's\x02\x11\xb3\xa0\xb3_\xd5',"b',P6K\xc7\xe9[X'",b'\x94\xf8\xcbN5\xbdS\x85',b'\xca\x97\xb1y\x12\\UF',b'h\xe3\x13@\x15\x85_h',b'\x0cQc\xc7\xc0\xa4P;',2021.10.11.08.31.07_veh-50_01750_01948/MergedPointCloud/730211b3a0b35fd5.pcd,1633942889600354
"b',P6K\xc7\xe9[X'",b'H-\xffu\xe4O\\\xfa',b's\x02\x11\xb3\xa0\xb3_\xd5',b'\x122|\xb1\xba\xd9U~',b'h\xe3\x13@\x15\x85_h',b'\x0cQc\xc7\xc0\xa4P;',2021.10.11.08.31.07_veh-50_01750_01948/MergedPointCloud/2c50364bc7e95b58.pcd,1633942889650339
b'H-\xffu\xe4O\\\xfa',b'\xefOo\xc9\xefBY\xfa',"b',P6K\xc7\xe9[X'",b'\xc7\xd4V\x0f\x03\xf2R\x17',b'h\xe3\x13@\x15\x85_h',b'\x0cQc\xc7\xc0\xa4P;',2021.10.11.08.31.07_veh-50_01750_01948/MergedPointCloud/482dff75e44f5cfa.pcd,1633942889700323
b'\xefOo\xc9\xefBY\xfa',b'\x95\xfc\x04\x8e\x10+Q\xcd',b'H-\xffu\xe4O\\\xfa',b'x\x91}\xc2\x13SX\xf7',b'h\xe3\x13@\x15\x85_h',b'\x0cQc\xc7\xc0\xa4P;',2021.10.11.08.31.07_veh-50_01750_01948/MergedPointCloud/ef4f6fc9ef4259fa.pcd,1633942889750305
b'\x95\xfc\x04\x8e\x10+Q\xcd',b'\xba\xf2 \x8f0\xf2Z\x99',b'\xefOo\xc9\xefBY\xfa',b'\x19\xef\xf49\xe1\x0eZ\xe1',b'h\xe3\x13@\x15\x85_h',b'\x0cQc\xc7\xc0\xa4P;',2021.10.11.08.31.07_veh-50_01750_01948/MergedPointCloud/95fc048e102b51cd.pcd,1633942889800288
b'\xba\xf2 \x8f0\xf2Z\x99',b'\xda\xbd\x01\xf9n\xee[\xa1',b'\x95\xfc\x04\x8e\x10+Q\xcd',b'%N\xe3\x95\xed\xcbVE',b'h\xe3\x13@\x15\x85_h',b'\x0cQc\xc7\xc0\xa4P;',2021.10.11.08.31.07_veh-50_01750_01948/MergedPointCloud/baf2208f30f25a99.pcd,1633942889850270
b'\xda\xbd\x01\xf9n\xee[\xa1',b'\xa5=q\n\x92iXH',b'\xba\xf2 \x8f0\xf2Z\x99',b'\xa9F\xa0\x1dc\xc1Q\xa3',b'h\xe3\x13@\x15\x85_h',b'\x0cQc\xc7\xc0\xa4P;',2021.10.11.08.31.07_veh-50_01750_01948/MergedPointCloud/dabd01f96eee5ba1.pcd,1633942889900254
b'\xa5=q\n\x92iXH',b'\xf8\xe6\x99\xd2\x84\x01V\x1e',b'\xda\xbd\x01\xf9n\xee[\xa1',b'\x96iu=\\\xae]\xc2',b'h\xe3\x13@\x15\x85_h',b'\x0cQc\xc7\xc0\xa4P;',2021.10.11.08.31.07_veh-50_01750_01948/MergedPointCloud/a53d710a92695848.pcd,1633942889950242
b'\xf8\xe6\x99\xd2\x84\x01V\x1e',b'\xe1\xd7w\xca\xf4\x8eZ\x13',b'\xa5=q\n\x92iXH',b'b\x92\x1f\xf1\x00\x94P\xd8',b'h\xe3\x13@\x15\x85_h',b'\x0cQc\xc7\xc0\xa4P;',2021.10.11.08.31.07_veh-50_01750_01948/MergedPointCloud/f8e699d28401561e.pcd,1633942890000227
b'\xe1\xd7w\xca\xf4\x8eZ\x13',b'\xf9\x8a\x9d\n8\xdaP\x00',b'\xf8\xe6\x99\xd2\x84\x01V\x1e',b'\xe9\xc2<\xc1\xff\xd3^\x9f',b'h\xe3\x13@\x15\x85_h',b'\x0cQc\xc7\xc0\xa4P;',2021.10.11.08.31.07_veh-50_01750_01948/MergedPointCloud/e1d777caf48e5a13.pcd,1633942890050211
b'\xf9\x8a\x9d\n8\xdaP\x00',b'\x18\xac\xe0\x9f1\xcaX-',b'\xe1\xd7w\xca\xf4\x8eZ\x13',b'`\xecqu\xf4\x01T\x18',b'h\xe3\x13@\x15\x85_h',b'\x0cQc\xc7\xc0\xa4P;',2021.10.11.08.31.07_veh-50_01750_01948/MergedPointCloud/f98a9d0a38da5000.pcd,1633942890100192
b'\x18\xac\xe0\x9f1\xcaX-',b'\x18\xeb\xf7\xf2\x1cN^\xc9',b'\xf9\x8a\x9d\n8\xdaP\x00',b'\xfay\xf6\xfb\xa8\x85W\x1f',b'h\xe3\x13@\x15\x85_h',b'\x0cQc\xc7\xc0\xa4P;',2021.10.11.08.31.07_veh-50_01750_01948/MergedPointCloud/18ace09f31ca582d.pcd,1633942890150171
b'\x18\xeb\xf7\xf2\x1cN^\xc9',b'U\xb0aX\xc7uU4',b'\x18\xac\xe0\x9f1\xcaX-',b'^\xe9\xd5\x0b\xf4\x98S\x82',b'h\xe3\x13@\x15\x85_h',b'\x0cQc\xc7\xc0\xa4P;',2021.10.11.08.31.07_veh-50_01750_01948/MergedPointCloud/18ebf7f21c4e5ec9.pcd,1633942890200147
b'U\xb0aX\xc7uU4',b'x\xb2\x1aD\xc7\xaaV\n',b'\x18\xeb\xf7\xf2\x1cN^\xc9',b'~}iq\xd9*\\\x04',b'h\xe3\x13@\x15\x85_h',b'\x0cQc\xc7\xc0\xa4P;',2021.10.11.08.31.07_veh-50_01750_01948/MergedPointCloud/55b06158c7755534.pcd,1633942890250121
b'x\xb2\x1aD\xc7\xaaV\n',"b'\xb8\x83\x05-,\x1cUC'",b'U\xb0aX\xc7uU4',b'\xa2u(\x9f\x15$Q=',b'h\xe3\x13@\x15\x85_h',b'\x0cQc\xc7\xc0\xa4P;',2021.10.11.08.31.07_veh-50_01750_01948/MergedPointCloud/78b21a44c7aa560a.pcd,1633942890300093
"b'\xb8\x83\x05-,\x1cUC'",b'.N\xd2+\xc7l_\xb6',b'x\xb2\x1aD\xc7\xaaV\n',b'U\xb2\x8b+\x03\x93_R',b'h\xe3\x13@\x15\x85_h',b'\x0cQc\xc7\xc0\xa4P;',2021.10.11.08.31.07_veh-50_01750_01948/MergedPointCloud/b883052d2c1c5543.pcd,1633942890350064
b'.N\xd2+\xc7l_\xb6',b'\xccbU\x98R\xfb]\x84',"b'\xb8\x83\x05-,\x1cUC'",b'\x9fNq(\x85\xa2P\xc2',b'h\xe3\x13@\x15\x85_h',b'\x0cQc\xc7\xc0\xa4P;',2021.10.11.08.31.07_veh-50_01750_01948/MergedPointCloud/2e4ed22bc76c5fb6.pcd,1633942890400034
b'\xccbU\x98R\xfb]\x84',b'AOK\x17|cPt',b'.N\xd2+\xc7l_\xb6',b'\x17;\xae-\xe8\x97Z\xf1',b'h\xe3\x13@\x15\x85_h',b'\x0cQc\xc7\xc0\xa4P;',2021.10.11.08.31.07_veh-50_01750_01948/MergedPointCloud/cc62559852fb5d84.pcd,1633942890450002
b'AOK\x17|cPt',b'\x97\xb7\x8f\xd5zuP\xa7',b'\xccbU\x98R\xfb]\x84',b'\xb5\xa1\xa1e\xb03P\xda',b'h\xe3\x13@\x15\x85_h',b'\x0cQc\xc7\xc0\xa4P;',2021.10.11.08.31.07_veh-50_01750_01948/MergedPointCloud/414f4b177c635074.pcd,1633942890499969
b'\x97\xb7\x8f\xd5zuP\xa7',b'\xa6\x8e\x80\xae\xf9\x9aS\x81',b'AOK\x17|cPt',b'\xa9\xb5\x94\xbe`\xf1[G',b'h\xe3\x13@\x15\x85_h',b'\x0cQc\xc7\xc0\xa4P;',2021.10.11.08.31.07_veh-50_01750_01948/MergedPointCloud/97b78fd57a7550a7.pcd,1633942890549936
b'\xa6\x8e\x80\xae\xf9\x9aS\x81',b'\xdc\x9d\x9f<\xb5\xcbU\x01',b'\x97\xb7\x8f\xd5zuP\xa7',b'|9\x1d\xcd\x86\xc7VZ',b'h\xe3\x13@\x15\x85_h',b'\x0cQc\xc7\xc0\xa4P;',2021.10.11.08.31.07_veh-50_01750_01948/MergedPointCloud/a68e80aef99a5381.pcd,1633942890599908
b'\xdc\x9d\x9f<\xb5\xcbU\x01',b'\x8c`\xe02\x00L[S',b'\xa6\x8e\x80\xae\xf9\x9aS\x81',b'\x16\xe3\x91\xe4\x92\x0eY\xd9',b'h\xe3\x13@\x15\x85_h',b'\x0cQc\xc7\xc0\xa4P;',2021.10.11.08.31.07_veh-50_01750_01948/MergedPointCloud/dc9d9f3cb5cb5501.pcd,1633942890649882
b'\x8c`\xe02\x00L[S',b'\x9c\xd5%\xf6\xee\xddP\xcc',b'\xdc\x9d\x9f<\xb5\xcbU\x01',"b'uZB,\xa0\x16^8'",b'h\xe3\x13@\x15\x85_h',b'\x0cQc\xc7\xc0\xa4P;',2021.10.11.08.31.07_veh-50_01750_01948/MergedPointCloud/8c60e032004c5b53.pcd,1633942890699857
b'\x9c\xd5%\xf6\xee\xddP\xcc',"b'n1""`\xf6\x85V\xe8'",b'\x8c`\xe02\x00L[S',b'\xdbS\xe7\x8a)\xf8\\\x91',b'h\xe3\x13@\x15\x85_h',b'\x0cQc\xc7\xc0\xa4P;',2021.10.11.08.31.07_veh-50_01750_01948/MergedPointCloud/9cd525f6eedd50cc.pcd,1633942890749834
"b'n1""`\xf6\x85V\xe8'",b'7\xc0\xae\x10\x9b[Pg',b'\x9c\xd5%\xf6\xee\xddP\xcc',b'\xe3\xe54nb\xe5R\xe1',b'h\xe3\x13@\x15\x85_h',b'\x0cQc\xc7\xc0\xa4P;',2021.10.11.08.31.07_veh-50_01750_01948/MergedPointCloud/6e312260f68556e8.pcd,1633942890799813
b'7\xc0\xae\x10\x9b[Pg',b'J\xca\xb47`\xa0\\\x89',"b'n1""`\xf6\x85V\xe8'",b'\x18\xcfU\xd3-\xacP\xb7',b'h\xe3\x13@\x15\x85_h',b'\x0cQc\xc7\xc0\xa4P;',2021.10.11.08.31.07_veh-50_01750_01948/MergedPointCloud/37c0ae109b5b5067.pcd,1633942890849792
b'J\xca\xb47`\xa0\\\x89',b'\xd4U\xee\x10\xdfXW\x94',b'7\xc0\xae\x10\x9b[Pg',b'\x16\xe2\xcb\x9e\xca\xd1P\xb9',b'h\xe3\x13@\x15\x85_h',b'\x0cQc\xc7\xc0\xa4P;',2021.10.11.08.31.07_veh-50_01750_01948/MergedPointCloud/4acab43760a05c89.pcd,1633942890899768
b'\xd4U\xee\x10\xdfXW\x94',b'\x10\xa8\xe2\xa9\xbd\x98[q',b'J\xca\xb47`\xa0\\\x89',b'#\xe30\xaf\xe0\x05S\xe1',b'h\xe3\x13@\x15\x85_h',b'\x0cQc\xc7\xc0\xa4P;',2021.10.11.08.31.07_veh-50_01750_01948/MergedPointCloud/d455ee10df585794.pcd,1633942890949743
b'\x10\xa8\xe2\xa9\xbd\x98[q',b'\xedte\xf6\xa3\xd8^\xce',b'\xd4U\xee\x10\xdfXW\x94',b'<\xd2\x1b\xc1\xfasS\xab',b'h\xe3\x13@\x15\x85_h',b'\x0cQc\xc7\xc0\xa4P;',2021.10.11.08.31.07_veh-50_01750_01948/MergedPointCloud/10a8e2a9bd985b71.pcd,1633942890999716
b'\xedte\xf6\xa3\xd8^\xce',b'\x8a\x0f\x15\xcb\xcatQ\x98',b'\x10\xa8\xe2\xa9\xbd\x98[q',b'G\x00\x88\x7fs\xbfP\x83',b'h\xe3\x13@\x15\x85_h',b'\x0cQc\xc7\xc0\xa4P;',2021.10.11.08.31.07_veh-50_01750_01948/MergedPointCloud/ed7465f6a3d85ece.pcd,1633942891049689
b'\x8a\x0f\x15\xcb\xcatQ\x98',b'n|\xa0\x95~\xadR\xbe',b'\xedte\xf6\xa3\xd8^\xce',b'\xc23\x1d\x81\xb6\x97V\xc3',b'h\xe3\x13@\x15\x85_h',b'\x0cQc\xc7\xc0\xa4P;',2021.10.11.08.31.07_veh-50_01750_01948/MergedPointCloud/8a0f15cbca745198.pcd,1633942891099664
b'n|\xa0\x95~\xadR\xbe',b'\x8df\xad\xdc\x00\xa4W\xc8',b'\x8a\x0f\x15\xcb\xcatQ\x98',b'D\xd2\xec\xdc\xfc\xceV\xe8',b'h\xe3\x13@\x15\x85_h',b'\x0cQc\xc7\xc0\xa4P;',2021.10.11.08.31.07_veh-50_01750_01948/MergedPointCloud/6e7ca0957ead52be.pcd,1633942891149641
b'\x8df\xad\xdc\x00\xa4W\xc8',b'\xe9\x9c\xfd\xa2\xa6yX\x9e',b'n|\xa0\x95~\xadR\xbe',b'\x9f\xe8\x89\xa1\xf8\xa4U\x8c',b'h\xe3\x13@\x15\x85_h',b'\x0cQc\xc7\xc0\xa4P;',2021.10.11.08.31.07_veh-50_01750_01948/MergedPointCloud/8d66addc00a457c8.pcd,1633942891199619
b'\xe9\x9c\xfd\xa2\xa6yX\x9e',b'\x02<\x93\xdaU\nX\xc0',b'\x8df\xad\xdc\x00\xa4W\xc8',"b""Q\xa6'\xac\xb9\xdbZN""",b'h\xe3\x13@\x15\x85_h',b'\x0cQc\xc7\xc0\xa4P;',2021.10.11.08.31.07_veh-50_01750_01948/MergedPointCloud/e99cfda2a679589e.pcd,1633942891249598
b'\x02<\x93\xdaU\nX\xc0',b'^u\xffb\xce\x87X\xea',b'\xe9\x9c\xfd\xa2\xa6yX\x9e',b'\xe2\xe7\x01\x8ct+Q\x99',b'h\xe3\x13@\x15\x85_h',b'\x0cQc\xc7\xc0\xa4P;',2021.10.11.08.31.07_veh-50_01750_01948/MergedPointCloud/023c93da550a58c0.pcd,1633942891299578
b'^u\xffb\xce\x87X\xea',b'\xc8\x9a\xe2]1\xa2QE',b'\x02<\x93\xdaU\nX\xc0',b'j\r\x17Z\x07\x9eW\x03',b'h\xe3\x13@\x15\x85_h',b'\x0cQc\xc7\xc0\xa4P;',2021.10.11.08.31.07_veh-50_01750_01948/MergedPointCloud/5e75ff62ce8758ea.pcd,1633942891349559
b'\xc8\x9a\xe2]1\xa2QE',"b'z^\xc6\x05\xfa""Y+'",b'^u\xffb\xce\x87X\xea',b'\xdahc\x8a\xb9k_U',b'h\xe3\x13@\x15\x85_h',b'\x0cQc\xc7\xc0\xa4P;',2021.10.11.08.31.07_veh-50_01750_01948/MergedPointCloud/c89ae25d31a25145.pcd,1633942891399540
"b'z^\xc6\x05\xfa""Y+'","b',c\xaf\xdc\xc7oP\xd2'",b'\xc8\x9a\xe2]1\xa2QE',b'\x16v\x8d=p\xfa_\x04',b'h\xe3\x13@\x15\x85_h',b'\x0cQc\xc7\xc0\xa4P;',2021.10.11.08.31.07_veh-50_01750_01948/MergedPointCloud/7a5ec605fa22592b.pcd,1633942891449523
"b',c\xaf\xdc\xc7oP\xd2'",b'\xe3\ny\xe5/\xe6ZE',"b'z^\xc6\x05\xfa""Y+'",b'U\xd6\xf1\x8f\xbd?Y\xbe',b'h\xe3\x13@\x15\x85_h',b'\x0cQc\xc7\xc0\xa4P;',2021.10.11.08.31.07_veh-50_01750_01948/MergedPointCloud/2c63afdcc76f50d2.pcd,1633942891499508
b'\xe3\ny\xe5/\xe6ZE',b'\xc4\x04\xe8\xc1\x89\xe2^\xd8',"b',c\xaf\xdc\xc7oP\xd2'",b'\x8f\xf9\x85\xed\n!Q\xb8',b'h\xe3\x13@\x15\x85_h',b'\x0cQc\xc7\xc0\xa4P;',2021.10.11.08.31.07_veh-50_01750_01948/MergedPointCloud/e30a79e52fe65a45.pcd,1633942891549494
b'\xc4\x04\xe8\xc1\x89\xe2^\xd8',b'\xa3v\x0c\x1bi\x90V\xed',b'\xe3\ny\xe5/\xe6ZE',b'\x93@n\x0e\x11\x13^9',b'h\xe3\x13@\x15\x85_h',b'\x0cQc\xc7\xc0\xa4P;',2021.10.11.08.31.07_veh-50_01750_01948/MergedPointCloud/c404e8c189e25ed8.pcd,1633942891599480
b'\xa3v\x0c\x1bi\x90V\xed',b'\xb6\xa5\xdd\xa7N\x16Tg',b'\xc4\x04\xe8\xc1\x89\xe2^\xd8',b'\xbf\x97P\xd0\xfbWYw',b'h\xe3\x13@\x15\x85_h',b'\x0cQc\xc7\xc0\xa4P;',2021.10.11.08.31.07_veh-50_01750_01948/MergedPointCloud/a3760c1b699056ed.pcd,1633942891649466
b'\xb6\xa5\xdd\xa7N\x16Tg',b'\x19\xc81p\x966U$',b'\xa3v\x0c\x1bi\x90V\xed',b'%\x91o+\x8f\xc2VY',b'h\xe3\x13@\x15\x85_h',b'\x0cQc\xc7\xc0\xa4P;',2021.10.11.08.31.07_veh-50_01750_01948/MergedPointCloud/b6a5dda74e165467.pcd,1633942891699456
b'\x19\xc81p\x966U$',b'.\x17\x96\tx`_\xf5',b'\xb6\xa5\xdd\xa7N\x16Tg',b'\x15\xd3\xdaL\xf7\xb0T\x81',b'h\xe3\x13@\x15\x85_h',b'\x0cQc\xc7\xc0\xa4P;',2021.10.11.08.31.07_veh-50_01750_01948/MergedPointCloud/19c8317096365524.pcd,1633942891749452
b'.\x17\x96\tx`_\xf5',b'\xc47\xd8j\x85TY\xb3',b'\x19\xc81p\x966U$',b'\n}\x07\xb1\xb2\x88V:',b'h\xe3\x13@\x15\x85_h',b'\x0cQc\xc7\xc0\xa4P;',2021.10.11.08.31.07_veh-50_01750_01948/MergedPointCloud/2e17960978605ff5.pcd,1633942891799454
b'\xc47\xd8j\x85TY\xb3',b'\x89n\xdf\x01\x94\xfd_\xfe',b'.\x17\x96\tx`_\xf5',b'\xa5\xa4>\x7fV\xf0Z\r',b'h\xe3\x13@\x15\x85_h',b'\x0cQc\xc7\xc0\xa4P;',2021.10.11.08.31.07_veh-50_01750_01948/MergedPointCloud/c437d86a855459b3.pcd,1633942891849460
b'\x89n\xdf\x01\x94\xfd_\xfe',b'x\x93\xa3j\x16$Sf',b'\xc47\xd8j\x85TY\xb3',b'\x8c\xf3\x14|:XU+',b'h\xe3\x13@\x15\x85_h',b'\x0cQc\xc7\xc0\xa4P;',2021.10.11.08.31.07_veh-50_01750_01948/MergedPointCloud/896edf0194fd5ffe.pcd,1633942891899474
b'x\x93\xa3j\x16$Sf',b'\xa8\x04y\x07}\xb6Tp',b'\x89n\xdf\x01\x94\xfd_\xfe',b'\x15\xd8\x18+Fn[\xd1',b'h\xe3\x13@\x15\x85_h',b'\x0cQc\xc7\xc0\xa4P;',2021.10.11.08.31.07_veh-50_01750_01948/MergedPointCloud/7893a36a16245366.pcd,1633942891949493
b'\xa8\x04y\x07}\xb6Tp',b'm\t\xf2G$\xdb]\xb8',b'x\x93\xa3j\x16$Sf',b'\xff\xa5\xfb\xb0\x8e\xf4[\xa2',b'h\xe3\x13@\x15\x85_h',b'\x0cQc\xc7\xc0\xa4P;',2021.10.11.08.31.07_veh-50_01750_01948/MergedPointCloud/a80479077db65470.pcd,1633942891999517
b'm\t\xf2G$\xdb]\xb8',b'\xf9(\xe3\xc90\xb2\\\xb6',b'\xa8\x04y\x07}\xb6Tp',b'\xfe\\\x1cf\xf6\xe0Z%',b'h\xe3\x13@\x15\x85_h',b'\x0cQc\xc7\xc0\xa4P;',2021.10.11.08.31.07_veh-50_01750_01948/MergedPointCloud/6d09f24724db5db8.pcd,1633942892049541
b'\xf9(\xe3\xc90\xb2\\\xb6',b'\xc3t*3\rJXV',b'm\t\xf2G$\xdb]\xb8',b'.\x9aXv\xa0\x04^\x07',b'h\xe3\x13@\x15\x85_h',b'\x0cQc\xc7\xc0\xa4P;',2021.10.11.08.31.07_veh-50_01750_01948/MergedPointCloud/f928e3c930b25cb6.pcd,1633942892099565
b'\xc3t*3\rJXV',b'\xd8K8g\x0c\x9aY1',b'\xf9(\xe3\xc90\xb2\\\xb6',b'\x81\x9c\xf5\x18\x9f\x88\\\xf2',b'h\xe3\x13@\x15\x85_h',b'\x0cQc\xc7\xc0\xa4P;',2021.10.11.08.31.07_veh-50_01750_01948/MergedPointCloud/c3742a330d4a5856.pcd,1633942892149587
b'\xd8K8g\x0c\x9aY1',"b""'s\xd4\x05\xf7\xed[\xb7""",b'\xc3t*3\rJXV',b'\x87\xa2\x07\xd9J\xfcU.',b'h\xe3\x13@\x15\x85_h',b'\x0cQc\xc7\xc0\xa4P;',2021.10.11.08.31.07_veh-50_01750_01948/MergedPointCloud/d84b38670c9a5931.pcd,1633942892199609
"b""'s\xd4\x05\xf7\xed[\xb7""","b'\xc7JO\x9c,\xa7]\xc7'",b'\xd8K8g\x0c\x9aY1',b'qld\x10\r\xc5Y\x0b',b'h\xe3\x13@\x15\x85_h',b'\x0cQc\xc7\xc0\xa4P;',2021.10.11.08.31.07_veh-50_01750_01948/MergedPointCloud/2773d405f7ed5bb7.pcd,1633942892249630
"b'\xc7JO\x9c,\xa7]\xc7'",b'\xc0\x83zF\xde\xcaT\xd6',"b""'s\xd4\x05\xf7\xed[\xb7""",b'\x96\xa7\xf7Rn\x08\\\x0f',b'h\xe3\x13@\x15\x85_h',b'\x0cQc\xc7\xc0\xa4P;',2021.10.11.08.31.07_veh-50_01750_01948/MergedPointCloud/c74a4f9c2ca75dc7.pcd,1633942892299650
b'\xc0\x83zF\xde\xcaT\xd6',"b'\xccM(M,\x0e^F'","b'\xc7JO\x9c,\xa7]\xc7'",b'\x10X\xf8t\xe7mV\xb7',b'h\xe3\x13@\x15\x85_h',b'\x0cQc\xc7\xc0\xa4P;',2021.10.11.08.31.07_veh-50_01750_01948/MergedPointCloud/c0837a46deca54d6.pcd,1633942892349668
"b'\xccM(M,\x0e^F'",b'\xc5L\xee\xf9\xcbYQl',b'\xc0\x83zF\xde\xcaT\xd6',b'\x8a\x1b\x94\xb0\x01\x07Q\xc5',b'h\xe3\x13@\x15\x85_h',b'\x0cQc\xc7\xc0\xa4P;',2021.10.11.08.31.07_veh-50_01750_01948/MergedPointCloud/cc4d284d2c0e5e46.pcd,1633942892399683
b'\xc5L\xee\xf9\xcbYQl',b'c\x1c\x88l\xff\xbbTc',"b'\xccM(M,\x0e^F'",b']rd4\xcf\xb0R\xae',b'h\xe3\x13@\x15\x85_h',b'\x0cQc\xc7\xc0\xa4P;',2021.10.11.08.31.07_veh-50_01750_01948/MergedPointCloud/c54ceef9cb59516c.pcd,1633942892449699
b'c\x1c\x88l\xff\xbbTc',b'\xed\xb0\xdeE[\x82PI',b'\xc5L\xee\xf9\xcbYQl',b'\x86f\x97\xfd\x94\xb5X\x83',b'h\xe3\x13@\x15\x85_h',b'\x0cQc\xc7\xc0\xa4P;',2021.10.11.08.31.07_veh-50_01750_01948/MergedPointCloud/631c886cffbb5463.pcd,1633942892499715
b'\xed\xb0\xdeE[\x82PI',b'\xe8\x0e\r\xc7\x93nUO',b'c\x1c\x88l\xff\xbbTc',b'\xb1&L\x95\x8b\xffVY',b'h\xe3\x13@\x15\x85_h',b'\x0cQc\xc7\xc0\xa4P;',2021.10.11.08.31.07_veh-50_01750_01948/MergedPointCloud/edb0de455b825049.pcd,1633942892549733
b'\xe8\x0e\r\xc7\x93nUO',b'\x95C\xbav<\x08P\xbc',b'\xed\xb0\xdeE[\x82PI',b'\xae\x9cNN\xeb\xfe\\\xe9',b'h\xe3\x13@\x15\x85_h',b'\x0cQc\xc7\xc0\xa4P;',2021.10.11.08.31.07_veh-50_01750_01948/MergedPointCloud/e80e0dc7936e554f.pcd,1633942892599750
b'\x95C\xbav<\x08P\xbc',"b""'X\xd8k\xa54T\x87""",b'\xe8\x0e\r\xc7\x93nUO',b'\xb0\xfaMN\xd4jW\xf3',b'h\xe3\x13@\x15\x85_h',b'\x0cQc\xc7\xc0\xa4P;',2021.10.11.08.31.07_veh-50_01750_01948/MergedPointCloud/9543ba763c0850bc.pcd,1633942892649766
"b""'X\xd8k\xa54T\x87""",b'0\x06>\x88\x0f\xedW\xad',b'\x95C\xbav<\x08P\xbc',"b'mC\x9btZJ],'",b'h\xe3\x13@\x15\x85_h',b'\x0cQc\xc7\xc0\xa4P;',2021.10.11.08.31.07_veh-50_01750_01948/MergedPointCloud/2758d86ba5345487.pcd,1633942892699781
b'0\x06>\x88\x0f\xedW\xad',b'H\xbe=ud\x06S\xeb',"b""'X\xd8k\xa54T\x87""",b'\xc8\x93b\xd1\xd5KU\xc6',b'h\xe3\x13@\x15\x85_h',b'\x0cQc\xc7\xc0\xa4P;',2021.10.11.08.31.07_veh-50_01750_01948/MergedPointCloud/30063e880fed57ad.pcd,1633942892749795
b'H\xbe=ud\x06S\xeb',b'\xb6}]\x16wI[\xf3',b'0\x06>\x88\x0f\xedW\xad',b'\xe6^\x90QU\xb6V\x9c',b'h\xe3\x13@\x15\x85_h',b'\x0cQc\xc7\xc0\xa4P;',2021.10.11.08.31.07_veh-50_01750_01948/MergedPointCloud/48be3d75640653eb.pcd,1633942892799807
b'\xb6}]\x16wI[\xf3',b'\xea\x99\x131\x91T\\\xa2',b'H\xbe=ud\x06S\xeb',b'2y\x08\x11\x8b\xacR\xea',b'h\xe3\x13@\x15\x85_h',b'\x0cQc\xc7\xc0\xa4P;',2021.10.11.08.31.07_veh-50_01750_01948/MergedPointCloud/b67d5d1677495bf3.pcd,1633942892849819
b'\xea\x99\x131\x91T\\\xa2',b'8\x9c\xd63\xac\x14R\xa1',b'\xb6}]\x16wI[\xf3',b'\x81\x86\xc4\x02\xc1L^\xa9',b'h\xe3\x13@\x15\x85_h',b'\x0cQc\xc7\xc0\xa4P;',2021.10.11.08.31.07_veh-50_01750_01948/MergedPointCloud/ea99133191545ca2.pcd,1633942892899831
b'8\x9c\xd63\xac\x14R\xa1',b'\x8d\x15\x91U|\xb3T2',b'\xea\x99\x131\x91T\\\xa2',b'\x8e\xeeu\x84@\xc0Q\x9b',b'h\xe3\x13@\x15\x85_h',b'\x0cQc\xc7\xc0\xa4P;',2021.10.11.08.31.07_veh-50_01750_01948/MergedPointCloud/389cd633ac1452a1.pcd,1633942892949843
b'\x8d\x15\x91U|\xb3T2',b'\xea-z\xc8\x16\x86^B',b'8\x9c\xd63\xac\x14R\xa1',b'\xb8;\xd7\x83\x7f\xd0Xh',b'h\xe3\x13@\x15\x85_h',b'\x0cQc\xc7\xc0\xa4P;',2021.10.11.08.31.07_veh-50_01750_01948/MergedPointCloud/8d1591557cb35432.pcd,1633942892999856
b'\xea-z\xc8\x16\x86^B',b'\x1e\xb2`\x86\x96\xe9X\xaf',b'\x8d\x15\x91U|\xb3T2',b'\xe1W\t\xe0G+V\xc9',b'h\xe3\x13@\x15\x85_h',b'\x0cQc\xc7\xc0\xa4P;',2021.10.11.08.31.07_veh-50_01750_01948/MergedPointCloud/ea2d7ac816865e42.pcd,1633942893049868
b'\x1e\xb2`\x86\x96\xe9X\xaf',b'\xe1\xc0\xc7@\x8f\x18T\x8b',b'\xea-z\xc8\x16\x86^B',b'\xbd\xd4\x16\xf9\xcbE_\xff',b'h\xe3\x13@\x15\x85_h',b'\x0cQc\xc7\xc0\xa4P;',2021.10.11.08.31.07_veh-50_01750_01948/MergedPointCloud/1eb2608696e958af.pcd,1633942893099886
b'\xe1\xc0\xc7@\x8f\x18T\x8b',b'\x86\xe9\x83\xdaH\xc7Vy',b'\x1e\xb2`\x86\x96\xe9X\xaf',b'\xa2b&\x8dzrRc',b'h\xe3\x13@\x15\x85_h',b'\x0cQc\xc7\xc0\xa4P;',2021.10.11.08.31.07_veh-50_01750_01948/MergedPointCloud/e1c0c7408f18548b.pcd,1633942893149906
b'\x86\xe9\x83\xdaH\xc7Vy',b'\x0f\x7f\xf8\xef3IZs',b'\xe1\xc0\xc7@\x8f\x18T\x8b',b'\xd7a\xf5Z\xa3\xe7W\xd2',b'h\xe3\x13@\x15\x85_h',b'\x0cQc\xc7\xc0\xa4P;',2021.10.11.08.31.07_veh-50_01750_01948/MergedPointCloud/86e983da48c75679.pcd,1633942893199927
b'\x0f\x7f\xf8\xef3IZs',"b'P},?\xc6\x1e[\xb0'",b'\x86\xe9\x83\xdaH\xc7Vy',b'L:\x01\xcf\x0f\xbb_O',b'h\xe3\x13@\x15\x85_h',b'\x0cQc\xc7\xc0\xa4P;',2021.10.11.08.31.07_veh-50_01750_01948/MergedPointCloud/0f7ff8ef33495a73.pcd,1633942893249949
"b'P},?\xc6\x1e[\xb0'",b']Y\x90\x93\xc4\xbf_\xd2',b'\x0f\x7f\xf8\xef3IZs',b'b\xdf\x17\x1f\xa9\xe8W\xc3',b'h\xe3\x13@\x15\x85_h',b'\x0cQc\xc7\xc0\xa4P;',2021.10.11.08.31.07_veh-50_01750_01948/MergedPointCloud/507d2c3fc61e5bb0.pcd,1633942893299968
b']Y\x90\x93\xc4\xbf_\xd2',b'\x06\xe2\x13d\xd0\x8cUN',"b'P},?\xc6\x1e[\xb0'",b'_\xe7l1\x8c\x1aY\xdd',b'h\xe3\x13@\x15\x85_h',b'\x0cQc\xc7\xc0\xa4P;',2021.10.11.08.31.07_veh-50_01750_01948/MergedPointCloud/5d599093c4bf5fd2.pcd,1633942893349983
b'\x06\xe2\x13d\xd0\x8cUN',b'\xd8\xc6\x98!k\xe3S\xd9',b']Y\x90\x93\xc4\xbf_\xd2',b'h/4\xa8lL^\x02',b'h\xe3\x13@\x15\x85_h',b'\x0cQc\xc7\xc0\xa4P;',2021.10.11.08.31.07_veh-50_01750_01948/MergedPointCloud/06e21364d08c554e.pcd,1633942893399996
b'\xd8\xc6\x98!k\xe3S\xd9',b'\xfb+\xb3\xea\x9a\x96X\xa7',b'\x06\xe2\x13d\xd0\x8cUN',b'\x153U\x10X\xf0W\xfc',b'h\xe3\x13@\x15\x85_h',b'\x0cQc\xc7\xc0\xa4P;',2021.10.11.08.31.07_veh-50_01750_01948/MergedPointCloud/d8c698216be353d9.pcd,1633942893450008
b'\xfb+\xb3\xea\x9a\x96X\xa7',b'\xac]\xe6\x10\xd5\x84X\xbf',b'\xd8\xc6\x98!k\xe3S\xd9',b'\xc9t\xd04D\x08]U',b'h\xe3\x13@\x15\x85_h',b'\x0cQc\xc7\xc0\xa4P;',2021.10.11.08.31.07_veh-50_01750_01948/MergedPointCloud/fb2bb3ea9a9658a7.pcd,1633942893500015
b'\xac]\xe6\x10\xd5\x84X\xbf',b'\xf1 \xc5\x11\xa8\x1eU\xb8',b'\xfb+\xb3\xea\x9a\x96X\xa7',b'\x8a\xc8YG\x05jX\xcf',b'h\xe3\x13@\x15\x85_h',b'\x0cQc\xc7\xc0\xa4P;',2021.10.11.08.31.07_veh-50_01750_01948/MergedPointCloud/ac5de610d58458bf.pcd,1633942893550019
b'\xf1 \xc5\x11\xa8\x1eU\xb8',"b""'\xd4o\x18*\x89S\xe6""",b'\xac]\xe6\x10\xd5\x84X\xbf',b'\xf3b\x86\xc0U\xebT\xd6',b'h\xe3\x13@\x15\x85_h',b'\x0cQc\xc7\xc0\xa4P;',2021.10.11.08.31.07_veh-50_01750_01948/MergedPointCloud/f120c511a81e55b8.pcd,1633942893600017
"b""'\xd4o\x18*\x89S\xe6""",b'\x16-\xfd\xf1\x81\xe4P\xd4',b'\xf1 \xc5\x11\xa8\x1eU\xb8',b'\xedZ \xf8\x93\x16V\x02',b'h\xe3\x13@\x15\x85_h',b'\x0cQc\xc7\xc0\xa4P;',2021.10.11.08.31.07_veh-50_01750_01948/MergedPointCloud/27d46f182a8953e6.pcd,1633942893650012
b'\x16-\xfd\xf1\x81\xe4P\xd4',b'\xea:\x8d*\x99RX)',"b""'\xd4o\x18*\x89S\xe6""",b'X\xda\xfd\x05\x039^s',b'h\xe3\x13@\x15\x85_h',b'\x0cQc\xc7\xc0\xa4P;',2021.10.11.08.31.07_veh-50_01750_01948/MergedPointCloud/162dfdf181e450d4.pcd,1633942893700003
b'\xea:\x8d*\x99RX)',b'1u\xf1\x16i\x94WC',b'\x16-\xfd\xf1\x81\xe4P\xd4',b'\x8dO\xc6KkfRe',b'h\xe3\x13@\x15\x85_h',b'\x0cQc\xc7\xc0\xa4P;',2021.10.11.08.31.07_veh-50_01750_01948/MergedPointCloud/ea3a8d2a99525829.pcd,1633942893749987
b'1u\xf1\x16i\x94WC',b'\xd5\x82\xbc\xdc\x92\xdf_\xe7',b'\xea:\x8d*\x99RX)',b'4)\xbd8ZBP\x8e',b'h\xe3\x13@\x15\x85_h',b'\x0cQc\xc7\xc0\xa4P;',2021.10.11.08.31.07_veh-50_01750_01948/MergedPointCloud/3175f11669945743.pcd,1633942893799969
b'\xd5\x82\xbc\xdc\x92\xdf_\xe7',b'c\xc6\xd4+\x870X>',b'1u\xf1\x16i\x94WC',b'\x81mG\xe6\x10;Y\xa3',b'h\xe3\x13@\x15\x85_h',b'\x0cQc\xc7\xc0\xa4P;',2021.10.11.08.31.07_veh-50_01750_01948/MergedPointCloud/d582bcdc92df5fe7.pcd,1633942893849947
b'c\xc6\xd4+\x870X>',b'\x1f\xa09\x1b\xecaP\xd7',b'\xd5\x82\xbc\xdc\x92\xdf_\xe7',b'\xde\\\n\x99:\xf0Z6',b'h\xe3\x13@\x15\x85_h',b'\x0cQc\xc7\xc0\xa4P;',2021.10.11.08.31.07_veh-50_01750_01948/MergedPointCloud/63c6d42b8730583e.pcd,1633942893899925
b'\x1f\xa09\x1b\xecaP\xd7',b'\xa6\xb3\x0ew\x9f\xbf\\U',b'c\xc6\xd4+\x870X>',b'6\xe1\x01\xb3-\xa4_\xfd',b'h\xe3\x13@\x15\x85_h',b'\x0cQc\xc7\xc0\xa4P;',2021.10.11.08.31.07_veh-50_01750_01948/MergedPointCloud/1fa0391bec6150d7.pcd,1633942893949904
b'\xa6\xb3\x0ew\x9f\xbf\\U',b'\x96s%\xbc\xc2\xc8S\x9d',b'\x1f\xa09\x1b\xecaP\xd7',b'\x8f\x95\x14:\xb2\xe3W\xa5',b'h\xe3\x13@\x15\x85_h',b'\x0cQc\xc7\xc0\xa4P;',2021.10.11.08.31.07_veh-50_01750_01948/MergedPointCloud/a6b30e779fbf5c55.pcd,1633942893999885
b'\x96s%\xbc\xc2\xc8S\x9d',b'\xd9\xe0\xb7\x9a\xc1\x80T\x00',b'\xa6\xb3\x0ew\x9f\xbf\\U',b'\xf3\xab\x00\xf9\x94\xeeR\xfd',b'h\xe3\x13@\x15\x85_h',b'\x0cQc\xc7\xc0\xa4P;',2021.10.11.08.31.07_veh-50_01750_01948/MergedPointCloud/967325bcc2c8539d.pcd,1633942894049871
b'\xd9\xe0\xb7\x9a\xc1\x80T\x00',b'\xabh\xbbfp\x8aR\xc7',b'\x96s%\xbc\xc2\xc8S\x9d',b'0\n\xaf\xfbD\x91S\xc6',b'h\xe3\x13@\x15\x85_h',b'\x0cQc\xc7\xc0\xa4P;',2021.10.11.08.31.07_veh-50_01750_01948/MergedPointCloud/d9e0b79ac1805400.pcd,1633942894099861
b'\xabh\xbbfp\x8aR\xc7',b'F\n\xca\x91C\xf2U\xbe',b'\xd9\xe0\xb7\x9a\xc1\x80T\x00',b'\xa4[vs\x00\xd8X\x87',b'h\xe3\x13@\x15\x85_h',b'\x0cQc\xc7\xc0\xa4P;',2021.10.11.08.31.07_veh-50_01750_01948/MergedPointCloud/ab68bb66708a52c7.pcd,1633942894149855
b'F\n\xca\x91C\xf2U\xbe',b'\xdc\xb5\x19\xab\xe2@T\xf4',b'\xabh\xbbfp\x8aR\xc7',b'\xbfX\x91\x8e\xe0\xeeYR',b'h\xe3\x13@\x15\x85_h',b'\x0cQc\xc7\xc0\xa4P;',2021.10.11.08.31.07_veh-50_01750_01948/MergedPointCloud/460aca9143f255be.pcd,1633942894199853
b'\xdc\xb5\x19\xab\xe2@T\xf4',b'\xa2\xc1\xdf\x02j.T\xed',b'F\n\xca\x91C\xf2U\xbe',b'\x95\xe1\xc5V@\xddW\x1f',b'h\xe3\x13@\x15\x85_h',b'\x0cQc\xc7\xc0\xa4P;',2021.10.11.08.31.07_veh-50_01750_01948/MergedPointCloud/dcb519abe24054f4.pcd,1633942894249850
b'\xa2\xc1\xdf\x02j.T\xed',b'\xc1\xc5;\xf1\x1c8Z\xac',b'\xdc\xb5\x19\xab\xe2@T\xf4',b'\x04\xa3\x91\x06\xfb\x13^\x9e',b'h\xe3\x13@\x15\x85_h',b'\x0cQc\xc7\xc0\xa4P;',2021.10.11.08.31.07_veh-50_01750_01948/MergedPointCloud/a2c1df026a2e54ed.pcd,1633942894299847
b'\xc1\xc5;\xf1\x1c8Z\xac',b'\xf1\xdf\x18H+\x08X\xcf',b'\xa2\xc1\xdf\x02j.T\xed',b'0\xba\xd6\xce\xe8\xd7S\x85',b'h\xe3\x13@\x15\x85_h',b'\x0cQc\xc7\xc0\xa4P;',2021.10.11.08.31.07_veh-50_01750_01948/MergedPointCloud/c1c53bf11c385aac.pcd,1633942894349846
b'\xf1\xdf\x18H+\x08X\xcf',b'\xc4\xc2\xbdk\xe0\xf2ZH',b'\xc1\xc5;\xf1\x1c8Z\xac',b'\xd2\x1c\xe7\xc36\xeaZ\xe6',b'h\xe3\x13@\x15\x85_h',b'\x0cQc\xc7\xc0\xa4P;',2021.10.11.08.31.07_veh-50_01750_01948/MergedPointCloud/f1df18482b0858cf.pcd,1633942894399844
b'\xc4\xc2\xbdk\xe0\xf2ZH',b'Oe\x993{\x8fYt',b'\xf1\xdf\x18H+\x08X\xcf',b'\x7f\xc5\xc3W\xcb\xd2Y\x1a',b'h\xe3\x13@\x15\x85_h',b'\x0cQc\xc7\xc0\xa4P;',2021.10.11.08.31.07_veh-50_01750_01948/MergedPointCloud/c4c2bd6be0f25a48.pcd,1633942894449841
b'Oe\x993{\x8fYt',b'\x8a\xd5\x95Q\xca?P\x83',b'\xc4\xc2\xbdk\xe0\xf2ZH',b'\x97\x86\xcbe\xbc\x83\\\xa8',b'h\xe3\x13@\x15\x85_h',b'\x0cQc\xc7\xc0\xa4P;',2021.10.11.08.31.07_veh-50_01750_01948/MergedPointCloud/4f6599337b8f5974.pcd,1633942894499836
b'\x8a\xd5\x95Q\xca?P\x83',b'V\xb3\xa0\x8c\xe4\x91W`',b'Oe\x993{\x8fYt',b'\xf5\xb1\xb2\x1e\x99\xc9Y\xd5',b'h\xe3\x13@\x15\x85_h',b'\x0cQc\xc7\xc0\xa4P;',2021.10.11.08.31.07_veh-50_01750_01948/MergedPointCloud/8ad59551ca3f5083.pcd,1633942894549831
b'V\xb3\xa0\x8c\xe4\x91W`',b'\xa0A}\xe6\xc7\xf3V[',b'\x8a\xd5\x95Q\xca?P\x83',b'RO\xff\xc6b}]\\',b'h\xe3\x13@\x15\x85_h',b'\x0cQc\xc7\xc0\xa4P;',2021.10.11.08.31.07_veh-50_01750_01948/MergedPointCloud/56b3a08ce4915760.pcd,1633942894599826
b'\xa0A}\xe6\xc7\xf3V[',b'Q\xf7O\x94!\xa2S3',b'V\xb3\xa0\x8c\xe4\x91W`',b'\x84\xa7\x8f];\x1aW\x1c',b'h\xe3\x13@\x15\x85_h',b'\x0cQc\xc7\xc0\xa4P;',2021.10.11.08.31.07_veh-50_01750_01948/MergedPointCloud/a0417de6c7f3565b.pcd,1633942894649823
b'Q\xf7O\x94!\xa2S3',b'N\x8d5a\xa8\xf6U=',b'\xa0A}\xe6\xc7\xf3V[',b'0\xb0\xe9?\xa5\xaaV\x00',b'h\xe3\x13@\x15\x85_h',b'\x0cQc\xc7\xc0\xa4P;',2021.10.11.08.31.07_veh-50_01750_01948/MergedPointCloud/51f74f9421a25333.pcd,1633942894699821
b'N\x8d5a\xa8\xf6U=',b'\xdd\xb0\xcec!\xa2^\xab',b'Q\xf7O\x94!\xa2S3',b'X\x80@3\xa4\nP\xd6',b'h\xe3\x13@\x15\x85_h',b'\x0cQc\xc7\xc0\xa4P;',2021.10.11.08.31.07_veh-50_01750_01948/MergedPointCloud/4e8d3561a8f6553d.pcd,1633942894749818
b'\xdd\xb0\xcec!\xa2^\xab',b'\xad\xaf\x18JRXZ\x8e',b'N\x8d5a\xa8\xf6U=',b'T\x14\xd5\xa8)\xd9Q\xd9',b'h\xe3\x13@\x15\x85_h',b'\x0cQc\xc7\xc0\xa4P;',2021.10.11.08.31.07_veh-50_01750_01948/MergedPointCloud/ddb0ce6321a25eab.pcd,1633942894799812
b'\xad\xaf\x18JRXZ\x8e',b'\x01\xc4\xaa\xd6\xb3nXU',b'\xdd\xb0\xcec!\xa2^\xab',b'G\x9f\x88~\\\xc1X\\',b'h\xe3\x13@\x15\x85_h',b'\x0cQc\xc7\xc0\xa4P;',2021.10.11.08.31.07_veh-50_01750_01948/MergedPointCloud/adaf184a52585a8e.pcd,1633942894849804
b'\x01\xc4\xaa\xd6\xb3nXU',b'\x9f\x94\xb2\xf9%\xf1R\x0e',b'\xad\xaf\x18JRXZ\x8e',b'\xd4\x8d\xb1j\x1f@V\xa3',b'h\xe3\x13@\x15\x85_h',b'\x0cQc\xc7\xc0\xa4P;',2021.10.11.08.31.07_veh-50_01750_01948/MergedPointCloud/01c4aad6b36e5855.pcd,1633942894899791
b'\x9f\x94\xb2\xf9%\xf1R\x0e',b'.\xe0\xe6\x94\xcb\x19V\xc7',b'\x01\xc4\xaa\xd6\xb3nXU',b'U\x1c\x12\xee\xca\xceU\xf6',b'h\xe3\x13@\x15\x85_h',b'\x0cQc\xc7\xc0\xa4P;',2021.10.11.08.31.07_veh-50_01750_01948/MergedPointCloud/9f94b2f925f1520e.pcd,1633942894949779
b'.\xe0\xe6\x94\xcb\x19V\xc7',b'\xd4\xfd*\xf1\xb7Y_\xa4',b'\x9f\x94\xb2\xf9%\xf1R\x0e',b'\xaf\x88\x82\xeb\x03\xeb\\\xfc',b'h\xe3\x13@\x15\x85_h',b'\x0cQc\xc7\xc0\xa4P;',2021.10.11.08.31.07_veh-50_01750_01948/MergedPointCloud/2ee0e694cb1956c7.pcd,1633942894999764
b'\xd4\xfd*\xf1\xb7Y_\xa4',b'\xec\xd5\x176ueW)',b'.\xe0\xe6\x94\xcb\x19V\xc7',b'a\n}\x83E\xb8U\x8f',b'h\xe3\x13@\x15\x85_h',b'\x0cQc\xc7\xc0\xa4P;',2021.10.11.08.31.07_veh-50_01750_01948/MergedPointCloud/d4fd2af1b7595fa4.pcd,1633942895049748
b'\xec\xd5\x176ueW)',b'\x14\x7fm\x8au\x95V\x9b',b'\xd4\xfd*\xf1\xb7Y_\xa4',b'\x98\x1c\xdfM\xaf^W\x9e',b'h\xe3\x13@\x15\x85_h',b'\x0cQc\xc7\xc0\xa4P;',2021.10.11.08.31.07_veh-50_01750_01948/MergedPointCloud/ecd5173675655729.pcd,1633942895099731
b'\x14\x7fm\x8au\x95V\x9b',b'\xdcA\xf5C/VW)',b'\xec\xd5\x176ueW)',b'\x8aA\xf2\x1e/*Tf',b'h\xe3\x13@\x15\x85_h',b'\x0cQc\xc7\xc0\xa4P;',2021.10.11.08.31.07_veh-50_01750_01948/MergedPointCloud/147f6d8a7595569b.pcd,1633942895149711
b'\xdcA\xf5C/VW)',b'\n\xf0\xbe\n\x17\xf3U\r',b'\x14\x7fm\x8au\x95V\x9b',b'\xf5\xd6\x83\xe4\x8d\xa2U\xbe',b'h\xe3\x13@\x15\x85_h',b'\x0cQc\xc7\xc0\xa4P;',2021.10.11.08.31.07_veh-50_01750_01948/MergedPointCloud/dc41f5432f565729.pcd,1633942895199693
b'\n\xf0\xbe\n\x17\xf3U\r',b't\xb7\x08\x13\x90\xeaZ2',b'\xdcA\xf5C/VW)',b'\xad*\xbd\xaa{VUn',b'h\xe3\x13@\x15\x85_h',b'\x0cQc\xc7\xc0\xa4P;',2021.10.11.08.31.07_veh-50_01750_01948/MergedPointCloud/0af0be0a17f3550d.pcd,1633942895249676
b't\xb7\x08\x13\x90\xeaZ2',b'N8oz\xb0kW\x92',b'\n\xf0\xbe\n\x17\xf3U\r',b'o;\x04\x16Q\x90P\xdc',b'h\xe3\x13@\x15\x85_h',b'\x0cQc\xc7\xc0\xa4P;',2021.10.11.08.31.07_veh-50_01750_01948/MergedPointCloud/74b7081390ea5a32.pcd,1633942895299660
b'N8oz\xb0kW\x92',"b'g\xd5\xde\x0fVZX""'",b't\xb7\x08\x13\x90\xeaZ2',b'\xb1\xc4\x01\xde@\x07R ',b'h\xe3\x13@\x15\x85_h',b'\x0cQc\xc7\xc0\xa4P;',2021.10.11.08.31.07_veh-50_01750_01948/MergedPointCloud/4e386f7ab06b5792.pcd,1633942895349646
"b'g\xd5\xde\x0fVZX""'",b'\xd1\xe0E\xa8a[Z\x85',b'N8oz\xb0kW\x92',b'Q\x1c<\x9b\xfb\x03X\x19',b'h\xe3\x13@\x15\x85_h',b'\x0cQc\xc7\xc0\xa4P;',2021.10.11.08.31.07_veh-50_01750_01948/MergedPointCloud/67d5de0f565a5822.pcd,1633942895399637
b'\xd1\xe0E\xa8a[Z\x85',b's_K\x16\xc4\xf9Q\xda',"b'g\xd5\xde\x0fVZX""'",b'\xe2\x9e\xf1\xb54_\\L',b'h\xe3\x13@\x15\x85_h',b'\x0cQc\xc7\xc0\xa4P;',2021.10.11.08.31.07_veh-50_01750_01948/MergedPointCloud/d1e045a8615b5a85.pcd,1633942895449630
b's_K\x16\xc4\xf9Q\xda',b'WT\xf0\x05~AUM',b'\xd1\xe0E\xa8a[Z\x85',b'\\x\xaa\xa6\x1e\xbaP\xfa',b'h\xe3\x13@\x15\x85_h',b'\x0cQc\xc7\xc0\xa4P;',2021.10.11.08.31.07_veh-50_01750_01948/MergedPointCloud/735f4b16c4f951da.pcd,1633942895499626
b'WT\xf0\x05~AUM',b'\xe8\xec\xd2bj\xa1Ua',b's_K\x16\xc4\xf9Q\xda',b'C\xdaXH\x0e\xe6P\x11',b'h\xe3\x13@\x15\x85_h',b'\x0cQc\xc7\xc0\xa4P;',2021.10.11.08.31.07_veh-50_01750_01948/MergedPointCloud/5754f0057e41554d.pcd,1633942895549624
b'\xe8\xec\xd2bj\xa1Ua',b'}\x14/\xe0>\x8dW\xab',b'WT\xf0\x05~AUM',b'U\xf2\xa9B \x94Qa',b'h\xe3\x13@\x15\x85_h',b'\x0cQc\xc7\xc0\xa4P;',2021.10.11.08.31.07_veh-50_01750_01948/MergedPointCloud/e8ecd2626aa15561.pcd,1633942895599623
b'}\x14/\xe0>\x8dW\xab',b'\xe3\xad\x86\xd2w\x8fQi',b'\xe8\xec\xd2bj\xa1Ua',b'\xb3;XRa\r\\C',b'h\xe3\x13@\x15\x85_h',b'\x0cQc\xc7\xc0\xa4P;',2021.10.11.08.31.07_veh-50_01750_01948/MergedPointCloud/7d142fe03e8d57ab.pcd,1633942895649624
b'\xe3\xad\x86\xd2w\x8fQi',b'_\xbd\x17wm\x1fQZ',b'}\x14/\xe0>\x8dW\xab',b'\x1e^\xdc\xa7w\xecV\xc6',b'h\xe3\x13@\x15\x85_h',b'\x0cQc\xc7\xc0\xa4P;',2021.10.11.08.31.07_veh-50_01750_01948/MergedPointCloud/e3ad86d2778f5169.pcd,1633942895699625
b'_\xbd\x17wm\x1fQZ',b'\x1a\xa6\x95\xd2\xeb\x83S@',b'\xe3\xad\x86\xd2w\x8fQi',b'\xc2\xe7\xfb\x8f\xd0__\x0f',b'h\xe3\x13@\x15\x85_h',b'\x0cQc\xc7\xc0\xa4P;',2021.10.11.08.31.07_veh-50_01750_01948/MergedPointCloud/5fbd17776d1f515a.pcd,1633942895749628
b'\x1a\xa6\x95\xd2\xeb\x83S@',b'[\x9d\xfew\xa1O_$',b'_\xbd\x17wm\x1fQZ',b'\t\xe8\xda\xf5M\xd0W\xa5',b'h\xe3\x13@\x15\x85_h',b'\x0cQc\xc7\xc0\xa4P;',2021.10.11.08.31.07_veh-50_01750_01948/MergedPointCloud/1aa695d2eb835340.pcd,1633942895799633
b'[\x9d\xfew\xa1O_$',b'\xa2|\x82\xbbO\xcbT\x96',b'\x1a\xa6\x95\xd2\xeb\x83S@',b'\xdfL\x8b\x11\xc3\xfeU\x8c',b'h\xe3\x13@\x15\x85_h',b'\x0cQc\xc7\xc0\xa4P;',2021.10.11.08.31.07_veh-50_01750_01948/MergedPointCloud/5b9dfe77a14f5f24.pcd,1633942895849640
b'\xa2|\x82\xbbO\xcbT\x96',b'\xf9`\x99\xe8\xf9\x9aV\xef',b'[\x9d\xfew\xa1O_$',b'\xdbQ1\xe2\xe2\x99\\\xeb',b'h\xe3\x13@\x15\x85_h',b'\x0cQc\xc7\xc0\xa4P;',2021.10.11.08.31.07_veh-50_01750_01948/MergedPointCloud/a27c82bb4fcb5496.pcd,1633942895899647
b'\xf9`\x99\xe8\xf9\x9aV\xef',b'(\xa7M\x13\x1e\xf4^\xeb',b'\xa2|\x82\xbbO\xcbT\x96',b'`\x88\x1f<sWVX',b'h\xe3\x13@\x15\x85_h',b'\x0cQc\xc7\xc0\xa4P;',2021.10.11.08.31.07_veh-50_01750_01948/MergedPointCloud/f96099e8f99a56ef.pcd,1633942895949654
b'(\xa7M\x13\x1e\xf4^\xeb',b'|\xf6\xc4*M\x16[\x1d',b'\xf9`\x99\xe8\xf9\x9aV\xef',b'6\xb0/\x87\x0c/R/',b'h\xe3\x13@\x15\x85_h',b'\x0cQc\xc7\xc0\xa4P;',2021.10.11.08.31.07_veh-50_01750_01948/MergedPointCloud/28a74d131ef45eeb.pcd,1633942895999661
b'|\xf6\xc4*M\x16[\x1d',b'\xd8\x92\x84\x88\x1a\x02V\xea',b'(\xa7M\x13\x1e\xf4^\xeb',b'\xfb\xd2)s\x90\xf9S\xc0',b'h\xe3\x13@\x15\x85_h',b'\x0cQc\xc7\xc0\xa4P;',2021.10.11.08.31.07_veh-50_01750_01948/MergedPointCloud/7cf6c42a4d165b1d.pcd,1633942896049673
b'\xd8\x92\x84\x88\x1a\x02V\xea',b'{\xda~\x8a\xdf\xb6Wm',b'|\xf6\xc4*M\x16[\x1d',b'\x15\xa6\xcc\xeewq\\\t',b'h\xe3\x13@\x15\x85_h',b'\x0cQc\xc7\xc0\xa4P;',2021.10.11.08.31.07_veh-50_01750_01948/MergedPointCloud/d89284881a0256ea.pcd,1633942896099685
b'{\xda~\x8a\xdf\xb6Wm',b'c\xc3\xbe\xbc\x9c\xbaYm',b'\xd8\x92\x84\x88\x1a\x02V\xea',b'\xef\x87\x01uZ\x00]@',b'h\xe3\x13@\x15\x85_h',b'\x0cQc\xc7\xc0\xa4P;',2021.10.11.08.31.07_veh-50_01750_01948/MergedPointCloud/7bda7e8adfb6576d.pcd,1633942896149699
b'c\xc3\xbe\xbc\x9c\xbaYm',b'\xe3\x98\xd9\x130\xceWN',b'{\xda~\x8a\xdf\xb6Wm',b'\xc7\xe6\x8e\x08\xd4\x9f^\xf8',b'h\xe3\x13@\x15\x85_h',b'\x0cQc\xc7\xc0\xa4P;',2021.10.11.08.31.07_veh-50_01750_01948/MergedPointCloud/63c3bebc9cba596d.pcd,1633942896199715
b'\xe3\x98\xd9\x130\xceWN',b'V\x7fpN\n4_\xdb',b'c\xc3\xbe\xbc\x9c\xbaYm',b'\x87\xa6\xca-\x93/Qw',b'h\xe3\x13@\x15\x85_h',b'\x0cQc\xc7\xc0\xa4P;',2021.10.11.08.31.07_veh-50_01750_01948/MergedPointCloud/e398d91330ce574e.pcd,1633942896249731
b'V\x7fpN\n4_\xdb',b'\xc7\x84\xbf \xef\xf2S\x0e',b'\xe3\x98\xd9\x130\xceWN',b'\xac\xf1k\x10>@VW',b'h\xe3\x13@\x15\x85_h',b'\x0cQc\xc7\xc0\xa4P;',2021.10.11.08.31.07_veh-50_01750_01948/MergedPointCloud/567f704e0a345fdb.pcd,1633942896299748
b'\xc7\x84\xbf \xef\xf2S\x0e',b'[Z\x03\xd7G>Q\x9d',b'V\x7fpN\n4_\xdb',b'W:\xf3\xcaW\x19]V',b'h\xe3\x13@\x15\x85_h',b'\x0cQc\xc7\xc0\xa4P;',2021.10.11.08.31.07_veh-50_01750_01948/MergedPointCloud/c784bf20eff2530e.pcd,1633942896349765
b'[Z\x03\xd7G>Q\x9d',b'U\x8c3X\xcb\xf5Qy',b'\xc7\x84\xbf \xef\xf2S\x0e',b'Z\x8bT$1\x0bY\x95',b'h\xe3\x13@\x15\x85_h',b'\x0cQc\xc7\xc0\xa4P;',2021.10.11.08.31.07_veh-50_01750_01948/MergedPointCloud/5b5a03d7473e519d.pcd,1633942896399781
b'U\x8c3X\xcb\xf5Qy',b'\x1c\xa4]\xf3\xbd\xceT\xc4',b'[Z\x03\xd7G>Q\x9d',b'\xed\xa4\x81\x95\xccxZ/',b'h\xe3\x13@\x15\x85_h',b'\x0cQc\xc7\xc0\xa4P;',2021.10.11.08.31.07_veh-50_01750_01948/MergedPointCloud/558c3358cbf55179.pcd,1633942896449796
b'\x1c\xa4]\xf3\xbd\xceT\xc4',b'\x830#\x85\nRY\xf9',b'U\x8c3X\xcb\xf5Qy',b']\xc1q\xe4K\x7f\\d',b'h\xe3\x13@\x15\x85_h',b'\x0cQc\xc7\xc0\xa4P;',2021.10.11.08.31.07_veh-50_01750_01948/MergedPointCloud/1ca45df3bdce54c4.pcd,1633942896499811
b'\x830#\x85\nRY\xf9',b'JD\x84}c\x7fR\x99',b'\x1c\xa4]\xf3\xbd\xceT\xc4',b'g\xd5O\xdf\xea\x93\\\xc2',b'h\xe3\x13@\x15\x85_h',b'\x0cQc\xc7\xc0\xa4P;',2021.10.11.08.31.07_veh-50_01750_01948/MergedPointCloud/833023850a5259f9.pcd,1633942896549824
b'JD\x84}c\x7fR\x99',b'\x17\x13\xaf\xefu\xb6^a',b'\x830#\x85\nRY\xf9',b'\x0fH=8\xf1\xe7V+',b'h\xe3\x13@\x15\x85_h',b'\x0cQc\xc7\xc0\xa4P;',2021.10.11.08.31.07_veh-50_01750_01948/MergedPointCloud/4a44847d637f5299.pcd,1633942896599837
b'\x17\x13\xaf\xefu\xb6^a',b'\xe1\x1a9L\xe80]\xc5',b'JD\x84}c\x7fR\x99',b'\xael\xc9\xba\xb8c[\x97',b'h\xe3\x13@\x15\x85_h',b'\x0cQc\xc7\xc0\xa4P;',2021.10.11.08.31.07_veh-50_01750_01948/MergedPointCloud/1713afef75b65e61.pcd,1633942896649847
b'\xe1\x1a9L\xe80]\xc5',b't\xb1\x03\xbd[\xc1Q\x0c',b'\x17\x13\xaf\xefu\xb6^a',b'\x81Z\xa7\x88.\xedRU',b'h\xe3\x13@\x15\x85_h',b'\x0cQc\xc7\xc0\xa4P;',2021.10.11.08.31.07_veh-50_01750_01948/MergedPointCloud/e11a394ce8305dc5.pcd,1633942896699857
b't\xb1\x03\xbd[\xc1Q\x0c',b'G~\x19\x88\x02\x10_\xd9',b'\xe1\x1a9L\xe80]\xc5',b'\xe1zB%q\xaf]\xf3',b'h\xe3\x13@\x15\x85_h',b'\x0cQc\xc7\xc0\xa4P;',2021.10.11.08.31.07_veh-50_01750_01948/MergedPointCloud/74b103bd5bc1510c.pcd,1633942896749867
b'G~\x19\x88\x02\x10_\xd9',b'\x12Akcv\x0cZ\x8a',b't\xb1\x03\xbd[\xc1Q\x0c',b'g\xf7\x00\x88\t&Z\xad',b'h\xe3\x13@\x15\x85_h',b'\x0cQc\xc7\xc0\xa4P;',2021.10.11.08.31.07_veh-50_01750_01948/MergedPointCloud/477e198802105fd9.pcd,1633942896799880
b'\x12Akcv\x0cZ\x8a',b'\x92\xdd\x95\xc8\x12\xd6\\\x93',b'G~\x19\x88\x02\x10_\xd9',b'\xd0\xa2\xd4\rj\xe9Q\xb6',b'h\xe3\x13@\x15\x85_h',b'\x0cQc\xc7\xc0\xa4P;',2021.10.11.08.31.07_veh-50_01750_01948/MergedPointCloud/12416b63760c5a8a.pcd,1633942896849894
b'\x92\xdd\x95\xc8\x12\xd6\\\x93',b'\xe6\xc5#\x7f(\x97\\\xee',b'\x12Akcv\x0cZ\x8a',b'F\xa4h8\x83\x19\\j',b'h\xe3\x13@\x15\x85_h',b'\x0cQc\xc7\xc0\xa4P;',2021.10.11.08.31.07_veh-50_01750_01948/MergedPointCloud/92dd95c812d65c93.pcd,1633942896899910
b'\xe6\xc5#\x7f(\x97\\\xee',b'\x9fZN6\x8c!X\xfc',b'\x92\xdd\x95\xc8\x12\xd6\\\x93',b'4\xdb\x18K(\xc0Q-',b'h\xe3\x13@\x15\x85_h',b'\x0cQc\xc7\xc0\xa4P;',2021.10.11.08.31.07_veh-50_01750_01948/MergedPointCloud/e6c5237f28975cee.pcd,1633942896949928
b'\x9fZN6\x8c!X\xfc',b'\x89\xa54\x17JZZ\xda',b'\xe6\xc5#\x7f(\x97\\\xee',b'\xd73\x93B\xb5\x9f^7',b'h\xe3\x13@\x15\x85_h',b'\x0cQc\xc7\xc0\xa4P;',2021.10.11.08.31.07_veh-50_01750_01948/MergedPointCloud/9f5a4e368c2158fc.pcd,1633942896999947
b'\x89\xa54\x17JZZ\xda',b'.\xc7\xea\xc3\xb9\nZq',b'\x9fZN6\x8c!X\xfc',b'\xcfdm\xe5\x04}T\xc2',b'h\xe3\x13@\x15\x85_h',b'\x0cQc\xc7\xc0\xa4P;',2021.10.11.08.31.07_veh-50_01750_01948/MergedPointCloud/89a534174a5a5ada.pcd,1633942897049970
b'.\xc7\xea\xc3\xb9\nZq',b'L\x1d!i\xcbeW\x8f',b'\x89\xa54\x17JZZ\xda',"b'\x9d""Ba\xb9YX2'",b'h\xe3\x13@\x15\x85_h',b'\x0cQc\xc7\xc0\xa4P;',2021.10.11.08.31.07_veh-50_01750_01948/MergedPointCloud/2ec7eac3b90a5a71.pcd,1633942897099992
b'L\x1d!i\xcbeW\x8f',b'\x8c\xcfdT\xd1\x14W\xe9',b'.\xc7\xea\xc3\xb9\nZq',b'\xf7\xdc\x02\xa4\xec\xa5W\x85',b'h\xe3\x13@\x15\x85_h',b'\x0cQc\xc7\xc0\xa4P;',2021.10.11.08.31.07_veh-50_01750_01948/MergedPointCloud/4c1d2169cb65578f.pcd,1633942897150013
b'\x8c\xcfdT\xd1\x14W\xe9',"b',\x0bBL\x94\x95[m'",b'L\x1d!i\xcbeW\x8f',b'\x10\xf37\x8dH\xd3]\x16',b'h\xe3\x13@\x15\x85_h',b'\x0cQc\xc7\xc0\xa4P;',2021.10.11.08.31.07_veh-50_01750_01948/MergedPointCloud/8ccf6454d11457e9.pcd,1633942897200030
"b',\x0bBL\x94\x95[m'",b'\x88X~\x04\xd6\x82^\xf0',b'\x8c\xcfdT\xd1\x14W\xe9',b'\xaf-V\x00\xe0JW\xf7',b'h\xe3\x13@\x15\x85_h',b'\x0cQc\xc7\xc0\xa4P;',2021.10.11.08.31.07_veh-50_01750_01948/MergedPointCloud/2c0b424c94955b6d.pcd,1633942897250043
b'\x88X~\x04\xd6\x82^\xf0',b'\xb7E\x06\xac3\x0e_W',"b',\x0bBL\x94\x95[m'",b'9\x10\xf3\x08\x11\x93^|',b'h\xe3\x13@\x15\x85_h',b'\x0cQc\xc7\xc0\xa4P;',2021.10.11.08.31.07_veh-50_01750_01948/MergedPointCloud/88587e04d6825ef0.pcd,1633942897300050
b'\xb7E\x06\xac3\x0e_W',b'd;\x08\xbai\xa0\\\xdd',b'\x88X~\x04\xd6\x82^\xf0',b'\x0ee\xc0\xf7A\xd0W\xf2',b'h\xe3\x13@\x15\x85_h',b'\x0cQc\xc7\xc0\xa4P;',2021.10.11.08.31.07_veh-50_01750_01948/MergedPointCloud/b74506ac330e5f57.pcd,1633942897350057
b'd;\x08\xbai\xa0\\\xdd',b'\xe0\x08=:?\xc9Z\xfd',b'\xb7E\x06\xac3\x0e_W',b'\xf9>+z\x1b Z\xa5',b'h\xe3\x13@\x15\x85_h',b'\x0cQc\xc7\xc0\xa4P;',2021.10.11.08.31.07_veh-50_01750_01948/MergedPointCloud/643b08ba69a05cdd.pcd,1633942897400059
b'\xe0\x08=:?\xc9Z\xfd',b'\x9e\xe9\x00\xd6\x15\xd3]~',b'd;\x08\xbai\xa0\\\xdd',b'A\xb98{\x0f\xc7X\xb1',b'h\xe3\x13@\x15\x85_h',b'\x0cQc\xc7\xc0\xa4P;',2021.10.11.08.31.07_veh-50_01750_01948/MergedPointCloud/e0083d3a3fc95afd.pcd,1633942897450058
b'\x9e\xe9\x00\xd6\x15\xd3]~',b'\xdas\x1d\x15\x94eP\x97',b'\xe0\x08=:?\xc9Z\xfd',b'U\xfa\x8el<\xefU\xe9',b'h\xe3\x13@\x15\x85_h',b'\x0cQc\xc7\xc0\xa4P;',2021.10.11.08.31.07_veh-50_01750_01948/MergedPointCloud/9ee900d615d35d7e.pcd,1633942897500052
b'\xdas\x1d\x15\x94eP\x97',b'Y\xab\x13\xf2\xb4\xb2V\x16',b'\x9e\xe9\x00\xd6\x15\xd3]~',"b'\xe1\x05\xd9O\xdf""S\xb4'",b'h\xe3\x13@\x15\x85_h',b'\x0cQc\xc7\xc0\xa4P;',2021.10.11.08.31.07_veh-50_01750_01948/MergedPointCloud/da731d1594655097.pcd,1633942897550041
b'Y\xab\x13\xf2\xb4\xb2V\x16',b'Xi?U\xe6\x13[1',b'\xdas\x1d\x15\x94eP\x97',b'\xf8\xab\x08\x08\x84\xe8T.',b'h\xe3\x13@\x15\x85_h',b'\x0cQc\xc7\xc0\xa4P;',2021.10.11.08.31.07_veh-50_01750_01948/MergedPointCloud/59ab13f2b4b25616.pcd,1633942897600027
b'Xi?U\xe6\x13[1',b'\x03\x8fK\xb9\xcdDYI',b'Y\xab\x13\xf2\xb4\xb2V\x16',b'\x91\xa6\xb2\t{\x86T\xb6',b'h\xe3\x13@\x15\x85_h',b'\x0cQc\xc7\xc0\xa4P;',2021.10.11.08.31.07_veh-50_01750_01948/MergedPointCloud/58693f55e6135b31.pcd,1633942897650009
b'\x03\x8fK\xb9\xcdDYI',b'N\xe0\xff\x91\x01\tX\xf1',b'Xi?U\xe6\x13[1',b'\x91\xd9)\xac\xe4\x11_\xde',b'h\xe3\x13@\x15\x85_h',b'\x0cQc\xc7\xc0\xa4P;',2021.10.11.08.31.07_veh-50_01750_01948/MergedPointCloud/038f4bb9cd445949.pcd,1633942897699984
b'N\xe0\xff\x91\x01\tX\xf1',b'\xdf\xce\xff\xcb\xfd\xe9]\xe5',b'\x03\x8fK\xb9\xcdDYI',b'ih\x1ed\x13_Y\xdf',b'h\xe3\x13@\x15\x85_h',b'\x0cQc\xc7\xc0\xa4P;',2021.10.11.08.31.07_veh-50_01750_01948/MergedPointCloud/4ee0ff91010958f1.pcd,1633942897749955
b'\xdf\xce\xff\xcb\xfd\xe9]\xe5',b'F(\x9a\xed\xaa7V[',b'N\xe0\xff\x91\x01\tX\xf1',b'\x12\t\xac\xdbWLZ\x81',b'h\xe3\x13@\x15\x85_h',b'\x0cQc\xc7\xc0\xa4P;',2021.10.11.08.31.07_veh-50_01750_01948/MergedPointCloud/dfceffcbfde95de5.pcd,1633942897799926
b'F(\x9a\xed\xaa7V[',b'8\xcbVb\xf6\x17Q9',b'\xdf\xce\xff\xcb\xfd\xe9]\xe5',b'\x85\x0f\xf7m\x96\xe3R]',b'h\xe3\x13@\x15\x85_h',b'\x0cQc\xc7\xc0\xa4P;',2021.10.11.08.31.07_veh-50_01750_01948/MergedPointCloud/46289aedaa37565b.pcd,1633942897849899
b'8\xcbVb\xf6\x17Q9',"b'\xee\x93\xc4,I\xadR\x95'",b'F(\x9a\xed\xaa7V[',"b'd\x90,%\xedcX\x1b'",b'h\xe3\x13@\x15\x85_h',b'\x0cQc\xc7\xc0\xa4P;',2021.10.11.08.31.07_veh-50_01750_01948/MergedPointCloud/38cb5662f6175139.pcd,1633942897899873
"b'\xee\x93\xc4,I\xadR\x95'",b'\xf3\xcc\x07C\x0f\xe7\\)',b'8\xcbVb\xf6\x17Q9',b'n\xad\x92\x8d\x18\xa6_\x80',b'h\xe3\x13@\x15\x85_h',b'\x0cQc\xc7\xc0\xa4P;',2021.10.11.08.31.07_veh-50_01750_01948/MergedPointCloud/ee93c42c49ad5295.pcd,1633942897949852
b'\xf3\xcc\x07C\x0f\xe7\\)',b's\x89\x02\x1e\xb3;X\x16',"b'\xee\x93\xc4,I\xadR\x95'","b""\xda$\x91n'\xb9^\xca""",b'h\xe3\x13@\x15\x85_h',b'\x0cQc\xc7\xc0\xa4P;',2021.10.11.08.31.07_veh-50_01750_01948/MergedPointCloud/f3cc07430fe75c29.pcd,1633942897999835
b's\x89\x02\x1e\xb3;X\x16',b'\x12\xcb\xff\x18Q\x1a_\r',b'\xf3\xcc\x07C\x0f\xe7\\)',"b'\xd1IA\xb96\xbcT""'",b'h\xe3\x13@\x15\x85_h',b'\x0cQc\xc7\xc0\xa4P;',2021.10.11.08.31.07_veh-50_01750_01948/MergedPointCloud/7389021eb33b5816.pcd,1633942898049822
b'\x12\xcb\xff\x18Q\x1a_\r',b'\xdb\x00\xe4\x8a\xe6\xf9UL',b's\x89\x02\x1e\xb3;X\x16',b'\x10\xec\xe0\xc6\xc3\xabY\xc8',b'h\xe3\x13@\x15\x85_h',b'\x0cQc\xc7\xc0\xa4P;',2021.10.11.08.31.07_veh-50_01750_01948/MergedPointCloud/12cbff18511a5f0d.pcd,1633942898099809
b'\xdb\x00\xe4\x8a\xe6\xf9UL',b'V\xf9\xdc\xa8\xd6\xc9[\xc2',b'\x12\xcb\xff\x18Q\x1a_\r',b'\x15A\xca~\xe0\x95Q\x12',b'h\xe3\x13@\x15\x85_h',b'\x0cQc\xc7\xc0\xa4P;',2021.10.11.08.31.07_veh-50_01750_01948/MergedPointCloud/db00e48ae6f9554c.pcd,1633942898149796
b'V\xf9\xdc\xa8\xd6\xc9[\xc2',b'\x8a\x8f\xfc\xc1>\x8eY5',b'\xdb\x00\xe4\x8a\xe6\xf9UL',b'\x05\xbc%f\xbbM\\\xf3',b'h\xe3\x13@\x15\x85_h',b'\x0cQc\xc7\xc0\xa4P;',2021.10.11.08.31.07_veh-50_01750_01948/MergedPointCloud/56f9dca8d6c95bc2.pcd,1633942898199782
b'\x8a\x8f\xfc\xc1>\x8eY5',b'\xc6\xe7j\xaf\xdd\xc5\\\x15',b'V\xf9\xdc\xa8\xd6\xc9[\xc2',b'@\xe7:\xdd\x1c\xabR\xe5',b'h\xe3\x13@\x15\x85_h',b'\x0cQc\xc7\xc0\xa4P;',2021.10.11.08.31.07_veh-50_01750_01948/MergedPointCloud/8a8ffcc13e8e5935.pcd,1633942898249768
b'\xc6\xe7j\xaf\xdd\xc5\\\x15',b'Fh\xcf\xf8\xe0\xf0X\x19',b'\x8a\x8f\xfc\xc1>\x8eY5',b'\xeb-[H\x05\xabY\x9c',b'h\xe3\x13@\x15\x85_h',b'\x0cQc\xc7\xc0\xa4P;',2021.10.11.08.31.07_veh-50_01750_01948/MergedPointCloud/c6e76aafddc55c15.pcd,1633942898299753
b'Fh\xcf\xf8\xe0\xf0X\x19',b'\xbb\xa2\xc0\xc7\x9b\xe3V\xf3',b'\xc6\xe7j\xaf\xdd\xc5\\\x15',b'\x0b\xa8u#\x04IY\xaf',b'h\xe3\x13@\x15\x85_h',b'\x0cQc\xc7\xc0\xa4P;',2021.10.11.08.31.07_veh-50_01750_01948/MergedPointCloud/4668cff8e0f05819.pcd,1633942898349738
b'\xbb\xa2\xc0\xc7\x9b\xe3V\xf3',b'\xb47;B\x18u[n',b'Fh\xcf\xf8\xe0\xf0X\x19',b'\x9eF\xba\x12`\x84_&',b'h\xe3\x13@\x15\x85_h',b'\x0cQc\xc7\xc0\xa4P;',2021.10.11.08.31.07_veh-50_01750_01948/MergedPointCloud/bba2c0c79be356f3.pcd,1633942898399724
b'\xb47;B\x18u[n',b'\xb6\\\xb3oa\xa4Yb',b'\xbb\xa2\xc0\xc7\x9b\xe3V\xf3',b'\xe8x\x8d\xa1\x9eP]Y',b'h\xe3\x13@\x15\x85_h',b'\x0cQc\xc7\xc0\xa4P;',2021.10.11.08.31.07_veh-50_01750_01948/MergedPointCloud/b4373b4218755b6e.pcd,1633942898449711
b'\xb6\\\xb3oa\xa4Yb',b'\xde\xe3\x02J\xee\xb5Z\xe0',b'\xb47;B\x18u[n',b'\xe3\xc3_e\x17\xa0Y`',b'h\xe3\x13@\x15\x85_h',b'\x0cQc\xc7\xc0\xa4P;',2021.10.11.08.31.07_veh-50_01750_01948/MergedPointCloud/b65cb36f61a45962.pcd,1633942898499698
b'\xde\xe3\x02J\xee\xb5Z\xe0',b'f\x88\xd9\xd7x\xecP\xba',b'\xb6\\\xb3oa\xa4Yb',b'a\xd1y^\x05\xbdZ\xfe',b'h\xe3\x13@\x15\x85_h',b'\x0cQc\xc7\xc0\xa4P;',2021.10.11.08.31.07_veh-50_01750_01948/MergedPointCloud/dee3024aeeb55ae0.pcd,1633942898549685
b'f\x88\xd9\xd7x\xecP\xba',b'\xf9\x94\t\xa2\xae\x01X{',b'\xde\xe3\x02J\xee\xb5Z\xe0',b'\xa3\xbd\x93v\x91\x83_@',b'h\xe3\x13@\x15\x85_h',b'\x0cQc\xc7\xc0\xa4P;',2021.10.11.08.31.07_veh-50_01750_01948/MergedPointCloud/6688d9d778ec50ba.pcd,1633942898599671
b'\xf9\x94\t\xa2\xae\x01X{',b'#\x02\xc5\xff\x99\x8d^\xe5',b'f\x88\xd9\xd7x\xecP\xba',b'\xf2T\xbc\xfc\x12\xd1X\xc6',b'h\xe3\x13@\x15\x85_h',b'\x0cQc\xc7\xc0\xa4P;',2021.10.11.08.31.07_veh-50_01750_01948/MergedPointCloud/f99409a2ae01587b.pcd,1633942898649656
b'#\x02\xc5\xff\x99\x8d^\xe5',b'J\x84\xd6\x88\xff\x81[y',b'\xf9\x94\t\xa2\xae\x01X{',b'\x14\xf2K\xc7\xe4\xc4\\\xd7',b'h\xe3\x13@\x15\x85_h',b'\x0cQc\xc7\xc0\xa4P;',2021.10.11.08.31.07_veh-50_01750_01948/MergedPointCloud/2302c5ff998d5ee5.pcd,1633942898699642
b'J\x84\xd6\x88\xff\x81[y',b'N\xda\x90\xb4\x15\x8c\\\xef',b'#\x02\xc5\xff\x99\x8d^\xe5',b'\xb0\x1a\x99\xb4\x0c\x8cY\x05',b'h\xe3\x13@\x15\x85_h',b'\x0cQc\xc7\xc0\xa4P;',2021.10.11.08.31.07_veh-50_01750_01948/MergedPointCloud/4a84d688ff815b79.pcd,1633942898749629
b'N\xda\x90\xb4\x15\x8c\\\xef',b'p\xfd\x04\x82>\xc7\\\xea',b'J\x84\xd6\x88\xff\x81[y',b'-_ K\x97+V\x1f',b'h\xe3\x13@\x15\x85_h',b'\x0cQc\xc7\xc0\xa4P;',2021.10.11.08.31.07_veh-50_01750_01948/MergedPointCloud/4eda90b4158c5cef.pcd,1633942898799615
b'p\xfd\x04\x82>\xc7\\\xea',b'\x18o\xf2\xf2\x86C\\\xf2',b'N\xda\x90\xb4\x15\x8c\\\xef',b'O\xe4\x01\xcc1\xb2\\H',b'h\xe3\x13@\x15\x85_h',b'\x0cQc\xc7\xc0\xa4P;',2021.10.11.08.31.07_veh-50_01750_01948/MergedPointCloud/70fd04823ec75cea.pcd,1633942898849602
b'\x18o\xf2\xf2\x86C\\\xf2',b'\xe2A\x9d\xe4S\xd5P|',b'p\xfd\x04\x82>\xc7\\\xea',b'\xf5\x01\x94O\xf1\xc1[\xe9',b'h\xe3\x13@\x15\x85_h',b'\x0cQc\xc7\xc0\xa4P;',2021.10.11.08.31.07_veh-50_01750_01948/MergedPointCloud/186ff2f286435cf2.pcd,1633942898899589
b'\xe2A\x9d\xe4S\xd5P|',b'\x94\xd8&h\xf74X\xc2',b'\x18o\xf2\xf2\x86C\\\xf2',b'\xd9\xa7D\xb3C\x01_\xf5',b'h\xe3\x13@\x15\x85_h',b'\x0cQc\xc7\xc0\xa4P;',2021.10.11.08.31.07_veh-50_01750_01948/MergedPointCloud/e2419de453d5507c.pcd,1633942898949575
b'\x94\xd8&h\xf74X\xc2',b'\x8frmU\xc8\xf6[T',b'\xe2A\x9d\xe4S\xd5P|',b'\xc9\x7fe\x9d\x90jY\x0f',b'h\xe3\x13@\x15\x85_h',b'\x0cQc\xc7\xc0\xa4P;',2021.10.11.08.31.07_veh-50_01750_01948/MergedPointCloud/94d82668f73458c2.pcd,1633942898999561
b'\x8frmU\xc8\xf6[T',b'}\xe6\xe2\xf4\xc1d]%',b'\x94\xd8&h\xf74X\xc2',b'L\xed\xc2\xbas\xcfZ1',b'h\xe3\x13@\x15\x85_h',b'\x0cQc\xc7\xc0\xa4P;',2021.10.11.08.31.07_veh-50_01750_01948/MergedPointCloud/8f726d55c8f65b54.pcd,1633942899049546
b'}\xe6\xe2\xf4\xc1d]%',b't\x17\x89\xcf\x1c\xc7X\xf1',b'\x8frmU\xc8\xf6[T',b'\xcf&\x88\xda\x17\xf4W\x08',b'h\xe3\x13@\x15\x85_h',b'\x0cQc\xc7\xc0\xa4P;',2021.10.11.08.31.07_veh-50_01750_01948/MergedPointCloud/7de6e2f4c1645d25.pcd,1633942899099532
b't\x17\x89\xcf\x1c\xc7X\xf1',b'\xf3\xe7\xf2\xe2\xc1\x7fVq',b'}\xe6\xe2\xf4\xc1d]%',b'\xfc\r\xc8\x9df\x9d]\x8f',b'h\xe3\x13@\x15\x85_h',b'\x0cQc\xc7\xc0\xa4P;',2021.10.11.08.31.07_veh-50_01750_01948/MergedPointCloud/741789cf1cc758f1.pcd,1633942899149517
b'\xf3\xe7\xf2\xe2\xc1\x7fVq',b'\xad\x83Zf`\xd1V\x0f',b't\x17\x89\xcf\x1c\xc7X\xf1',b'\xfd\xb7\n\x1ex\xc6__',b'h\xe3\x13@\x15\x85_h',b'\x0cQc\xc7\xc0\xa4P;',2021.10.11.08.31.07_veh-50_01750_01948/MergedPointCloud/f3e7f2e2c17f5671.pcd,1633942899199502
b'\xad\x83Zf`\xd1V\x0f',b'\xcbh\xba[\x1fa\\m',b'\xf3\xe7\xf2\xe2\xc1\x7fVq',b'\tKK\x05\xcf:R\x05',b'h\xe3\x13@\x15\x85_h',b'\x0cQc\xc7\xc0\xa4P;',2021.10.11.08.31.07_veh-50_01750_01948/MergedPointCloud/ad835a6660d1560f.pcd,1633942899249490
b'\xcbh\xba[\x1fa\\m',b'\xfa\xdc\x9e\xc6\x04O[\xb3',b'\xad\x83Zf`\xd1V\x0f',b'(\xb0\xec\xb0\xd2fR\x19',b'h\xe3\x13@\x15\x85_h',b'\x0cQc\xc7\xc0\xa4P;',2021.10.11.08.31.07_veh-50_01750_01948/MergedPointCloud/cb68ba5b1f615c6d.pcd,1633942899299479
b'\xfa\xdc\x9e\xc6\x04O[\xb3',b']\xff\x91\xa1\x87\x0bX\xcf',b'\xcbh\xba[\x1fa\\m',b'W\xa7\x1cN\x15\x9fS!',b'h\xe3\x13@\x15\x85_h',b'\x0cQc\xc7\xc0\xa4P;',2021.10.11.08.31.07_veh-50_01750_01948/MergedPointCloud/fadc9ec6044f5bb3.pcd,1633942899349471
b']\xff\x91\xa1\x87\x0bX\xcf',b'\xe1\t\x1f\xe9\xe1\x87Xc',b'\xfa\xdc\x9e\xc6\x04O[\xb3',b'\xb6/\x977K\x1a^\x88',b'h\xe3\x13@\x15\x85_h',b'\x0cQc\xc7\xc0\xa4P;',2021.10.11.08.31.07_veh-50_01750_01948/MergedPointCloud/5dff91a1870b58cf.pcd,1633942899399466
b'\xe1\t\x1f\xe9\xe1\x87Xc',b'q\x00\x1a /f\\H',b']\xff\x91\xa1\x87\x0bX\xcf',b'g\xa8\x8f\xcf5i\\\x8d',b'h\xe3\x13@\x15\x85_h',b'\x0cQc\xc7\xc0\xa4P;',2021.10.11.08.31.07_veh-50_01750_01948/MergedPointCloud/e1091fe9e1875863.pcd,1633942899449467
b'q\x00\x1a /f\\H',"b""\xd0\x00W3\xb6\xbeP'""",b'\xe1\t\x1f\xe9\xe1\x87Xc',b'\xcd\xdbk\x1e\xd9\xd6[\xe3',b'h\xe3\x13@\x15\x85_h',b'\x0cQc\xc7\xc0\xa4P;',2021.10.11.08.31.07_veh-50_01750_01948/MergedPointCloud/71001a202f665c48.pcd,1633942899499471
"b""\xd0\x00W3\xb6\xbeP'""",b'\xc8r\x92\xbf\xd9\xe3YQ',b'q\x00\x1a /f\\H',b'\xddH\xa8\xa1\x00T]\xc5',b'h\xe3\x13@\x15\x85_h',b'\x0cQc\xc7\xc0\xa4P;',2021.10.11.08.31.07_veh-50_01750_01948/MergedPointCloud/d0005733b6be5027.pcd,1633942899549477
b'\xc8r\x92\xbf\xd9\xe3YQ',b'\xc72\x0f\x99\x90\x0c]6',"b""\xd0\x00W3\xb6\xbeP'""",b'T\xb9\xe5b\xf6LY}',b'h\xe3\x13@\x15\x85_h',b'\x0cQc\xc7\xc0\xa4P;',2021.10.11.08.31.07_veh-50_01750_01948/MergedPointCloud/c87292bfd9e35951.pcd,1633942899599484
b'\xc72\x0f\x99\x90\x0c]6',b'\xb2*KWB\xbeY\xc5',b'\xc8r\x92\xbf\xd9\xe3YQ',b'\xb7\xce\x98\xc4\x0e\xfcR\xec',b'h\xe3\x13@\x15\x85_h',b'\x0cQc\xc7\xc0\xa4P;',2021.10.11.08.31.07_veh-50_01750_01948/MergedPointCloud/c7320f99900c5d36.pcd,1633942899649496
b'\xb2*KWB\xbeY\xc5',b'\xd8\xe3?\xebbKT\xb5',b'\xc72\x0f\x99\x90\x0c]6',b'\xf7w\xd3\x03\xb2\xecS\xb4',b'h\xe3\x13@\x15\x85_h',b'\x0cQc\xc7\xc0\xa4P;',2021.10.11.08.31.07_veh-50_01750_01948/MergedPointCloud/b22a4b5742be59c5.pcd,1633942899699512
b'\xd8\xe3?\xebbKT\xb5',"b""\x18'G\x95\x01[U_""",b'\xb2*KWB\xbeY\xc5',b'\x1bv\x80P\x16ZR\xc4',b'h\xe3\x13@\x15\x85_h',b'\x0cQc\xc7\xc0\xa4P;',2021.10.11.08.31.07_veh-50_01750_01948/MergedPointCloud/d8e33feb624b54b5.pcd,1633942899749533
"b""\x18'G\x95\x01[U_""",b'\xbe>\xed\xde\x9b\x01R\xc5',b'\xd8\xe3?\xebbKT\xb5',b'\x86\x11(=Z\xeb\\\xa4',b'h\xe3\x13@\x15\x85_h',b'\x0cQc\xc7\xc0\xa4P;',2021.10.11.08.31.07_veh-50_01750_01948/MergedPointCloud/18274795015b555f.pcd,1633942899799557
b'\xbe>\xed\xde\x9b\x01R\xc5',b']v\x03u?sTQ',"b""\x18'G\x95\x01[U_""",b'\xbb\x89\xc8\xf3\x043W\n',b'h\xe3\x13@\x15\x85_h',b'\x0cQc\xc7\xc0\xa4P;',2021.10.11.08.31.07_veh-50_01750_01948/MergedPointCloud/be3eedde9b0152c5.pcd,1633942899849581
b']v\x03u?sTQ',"b""V'\x12\x96\x01aZ\x97""",b'\xbe>\xed\xde\x9b\x01R\xc5',b'j\x174\xb6e\xc3U#',b'h\xe3\x13@\x15\x85_h',b'\x0cQc\xc7\xc0\xa4P;',2021.10.11.08.31.07_veh-50_01750_01948/MergedPointCloud/5d7603753f735451.pcd,1633942899899606
"b""V'\x12\x96\x01aZ\x97""",b'\x89/\x1aJ\t\xd8U!',b']v\x03u?sTQ',b'\xe56WY\x99\xff]}',b'h\xe3\x13@\x15\x85_h',b'\x0cQc\xc7\xc0\xa4P;',2021.10.11.08.31.07_veh-50_01750_01948/MergedPointCloud/5627129601615a97.pcd,1633942899949630
b'\x89/\x1aJ\t\xd8U!',b'\x91\x83\xfd\x0f\x10\xe3_\xd1',"b""V'\x12\x96\x01aZ\x97""",b'\xe1\xa9\xbe\x18;\xe8R0',b'h\xe3\x13@\x15\x85_h',b'\x0cQc\xc7\xc0\xa4P;',2021.10.11.08.31.07_veh-50_01750_01948/MergedPointCloud/892f1a4a09d85521.pcd,1633942899999653
b'\x91\x83\xfd\x0f\x10\xe3_\xd1',b'\xebB\xd3K\xe8\xe2Z\x13',b'\x89/\x1aJ\t\xd8U!',b'\xca\xb9I\x91A\x9d_l',b'h\xe3\x13@\x15\x85_h',b'\x0cQc\xc7\xc0\xa4P;',2021.10.11.08.31.07_veh-50_01750_01948/MergedPointCloud/9183fd0f10e35fd1.pcd,1633942900049674
b'\xebB\xd3K\xe8\xe2Z\x13',b'\xa7\xd0\xf6&\x91 W\x0f',b'\x91\x83\xfd\x0f\x10\xe3_\xd1',b'\xa3Y\xdf5$\xa4Q\x0b',b'h\xe3\x13@\x15\x85_h',b'\x0cQc\xc7\xc0\xa4P;',2021.10.11.08.31.07_veh-50_01750_01948/MergedPointCloud/eb42d34be8e25a13.pcd,1633942900099695
b'\xa7\xd0\xf6&\x91 W\x0f',b'+O\x8d\xb6\xe3\xfd\\\xf6',b'\xebB\xd3K\xe8\xe2Z\x13',b'4P\x9fW\xd4%UV',b'h\xe3\x13@\x15\x85_h',b'\x0cQc\xc7\xc0\xa4P;',2021.10.11.08.31.07_veh-50_01750_01948/MergedPointCloud/a7d0f6269120570f.pcd,1633942900149715
b'+O\x8d\xb6\xe3\xfd\\\xf6',b'e>!\x18\x96uY\x00',b'\xa7\xd0\xf6&\x91 W\x0f',b'H\xaa\x8fPud_O',b'h\xe3\x13@\x15\x85_h',b'\x0cQc\xc7\xc0\xa4P;',2021.10.11.08.31.07_veh-50_01750_01948/MergedPointCloud/2b4f8db6e3fd5cf6.pcd,1633942900199734
b'e>!\x18\x96uY\x00',b';\x17\x19\xe82{Q\xcc',b'+O\x8d\xb6\xe3\xfd\\\xf6',b'\x81.\x02{{\xcbY\xe9',b'h\xe3\x13@\x15\x85_h',b'\x0cQc\xc7\xc0\xa4P;',2021.10.11.08.31.07_veh-50_01750_01948/MergedPointCloud/653e211896755900.pcd,1633942900249753
b';\x17\x19\xe82{Q\xcc',b'\xb55\xde\xf4\xa8\x16]F',b'e>!\x18\x96uY\x00',b'\x04<\xe2y\r\xf0_\xdb',b'h\xe3\x13@\x15\x85_h',b'\xdc\xed|\x1a\xdb\xe4S\r',2021.10.11.08.31.07_veh-50_01750_01948/MergedPointCloud/3b1719e8327b51cc.pcd,1633942900299771
b'\xb55\xde\xf4\xa8\x16]F',b'\xf1\xaa\x01\x1b\xa5\x10^C',b';\x17\x19\xe82{Q\xcc',b'>q\x06\x01\xc8\xc9Rv',b'h\xe3\x13@\x15\x85_h',b'\xdc\xed|\x1a\xdb\xe4S\r',2021.10.11.08.31.07_veh-50_01750_01948/MergedPointCloud/b535def4a8165d46.pcd,1633942900349788
b'\xf1\xaa\x01\x1b\xa5\x10^C',b'\xca\xcb\xbe1o\xbcP\xcd',b'\xb55\xde\xf4\xa8\x16]F',b'\x0ch\tt\xea\xa6Qy',b'h\xe3\x13@\x15\x85_h',b'\xdc\xed|\x1a\xdb\xe4S\r',2021.10.11.08.31.07_veh-50_01750_01948/MergedPointCloud/f1aa011ba5105e43.pcd,1633942900399808
b'\xca\xcb\xbe1o\xbcP\xcd',b'V\xd1\\\x00\x83\x99[\x14',b'\xf1\xaa\x01\x1b\xa5\x10^C',b'\x9b\x92\x1d{\xc0\xffTL',b'h\xe3\x13@\x15\x85_h',b'\xdc\xed|\x1a\xdb\xe4S\r',2021.10.11.08.31.07_veh-50_01750_01948/MergedPointCloud/cacbbe316fbc50cd.pcd,1633942900449827
b'V\xd1\\\x00\x83\x99[\x14',b'\xa0s\x9dJ2\xfcY-',b'\xca\xcb\xbe1o\xbcP\xcd',b'\x01\xc5\xa4i.^_\x15',b'h\xe3\x13@\x15\x85_h',b'\xdc\xed|\x1a\xdb\xe4S\r',2021.10.11.08.31.07_veh-50_01750_01948/MergedPointCloud/56d15c0083995b14.pcd,1633942900499846
b'\xa0s\x9dJ2\xfcY-',"b'\x99=\x86\x9e,;\\\xfb'",b'V\xd1\\\x00\x83\x99[\x14',b'e^\x89[E\x91T\xb6',b'h\xe3\x13@\x15\x85_h',b'\xdc\xed|\x1a\xdb\xe4S\r',2021.10.11.08.31.07_veh-50_01750_01948/MergedPointCloud/a0739d4a32fc592d.pcd,1633942900549865
"b'\x99=\x86\x9e,;\\\xfb'",b'\xe1\xeb\x9e\xd6\xf3\x13^\xf1',b'\xa0s\x9dJ2\xfcY-',b'\xae\xad\xe5\xd2\xf3\x9eV\xce',b'h\xe3\x13@\x15\x85_h',b'\xdc\xed|\x1a\xdb\xe4S\r',2021.10.11.08.31.07_veh-50_01750_01948/MergedPointCloud/993d869e2c3b5cfb.pcd,1633942900599883
b'\xe1\xeb\x9e\xd6\xf3\x13^\xf1',b'\x8e\xed\x11>T\xf6W ',"b'\x99=\x86\x9e,;\\\xfb'","b'So\x10\x89,\xea[\xe0'",b'h\xe3\x13@\x15\x85_h',b'\xdc\xed|\x1a\xdb\xe4S\r',2021.10.11.08.31.07_veh-50_01750_01948/MergedPointCloud/e1eb9ed6f3135ef1.pcd,1633942900649903
b'\x8e\xed\x11>T\xf6W ',b'\x97\x12\xdc\x92\xf8\x0bR\xbe',b'\xe1\xeb\x9e\xd6\xf3\x13^\xf1',"b'|v\x18\x14""\x01\\\xd9'",b'h\xe3\x13@\x15\x85_h',b'\xdc\xed|\x1a\xdb\xe4S\r',2021.10.11.08.31.07_veh-50_01750_01948/MergedPointCloud/8eed113e54f65720.pcd,1633942900699928
b'\x97\x12\xdc\x92\xf8\x0bR\xbe',b'53^&\xfa\x9cX\xe5',b'\x8e\xed\x11>T\xf6W ',b'^\xca\xa4\xbf}\xb5_Q',b'h\xe3\x13@\x15\x85_h',b'\xdc\xed|\x1a\xdb\xe4S\r',2021.10.11.08.31.07_veh-50_01750_01948/MergedPointCloud/9712dc92f80b52be.pcd,1633942900749956
b'53^&\xfa\x9cX\xe5',b'\xfc\xed\xd8\x98Y\x05X\xa8',b'\x97\x12\xdc\x92\xf8\x0bR\xbe',"b'I\xa9\x82\xeb,\xc0_K'",b'h\xe3\x13@\x15\x85_h',b'\xdc\xed|\x1a\xdb\xe4S\r',2021.10.11.08.31.07_veh-50_01750_01948/MergedPointCloud/35335e26fa9c58e5.pcd,1633942900799988
b'\xfc\xed\xd8\x98Y\x05X\xa8',b'\xc0\x89\x99\x1fZ\xa1R\x92',b'53^&\xfa\x9cX\xe5',b'\x11\xb3\x06$x\xc9^\xea',b'h\xe3\x13@\x15\x85_h',b'\xdc\xed|\x1a\xdb\xe4S\r',2021.10.11.08.31.07_veh-50_01750_01948/MergedPointCloud/fcedd898590558a8.pcd,1633942900850023
b'\xc0\x89\x99\x1fZ\xa1R\x92',"b'\xc5\x98Z/)""W\x1a'",b'\xfc\xed\xd8\x98Y\x05X\xa8',b'\xf0\xf0\xbb\x12\x88\xb7WA',b'h\xe3\x13@\x15\x85_h',b'\xdc\xed|\x1a\xdb\xe4S\r',2021.10.11.08.31.07_veh-50_01750_01948/MergedPointCloud/c089991f5aa15292.pcd,1633942900900061
"b'\xc5\x98Z/)""W\x1a'",b'Ae\xd4c\xff\x85R\xde',b'\xc0\x89\x99\x1fZ\xa1R\x92',b'\xd6\xe1\xa9\x11\x01WT\x03',b'h\xe3\x13@\x15\x85_h',b'\xdc\xed|\x1a\xdb\xe4S\r',2021.10.11.08.31.07_veh-50_01750_01948/MergedPointCloud/c5985a2f2922571a.pcd,1633942900950100
b'Ae\xd4c\xff\x85R\xde',b'\x8b\x9b\xc8\xda\xe5JW^',"b'\xc5\x98Z/)""W\x1a'",b'6\xbd\xb4\x8c\xa1\xb4W\xbf',b'h\xe3\x13@\x15\x85_h',b'\xdc\xed|\x1a\xdb\xe4S\r',2021.10.11.08.31.07_veh-50_01750_01948/MergedPointCloud/4165d463ff8552de.pcd,1633942901000138
b'\x8b\x9b\xc8\xda\xe5JW^',b'\xe1\xf9\xb7]\x9f`Tn',b'Ae\xd4c\xff\x85R\xde',b'\xdc\x17k/\x1cr^}',b'h\xe3\x13@\x15\x85_h',b'\xdc\xed|\x1a\xdb\xe4S\r',2021.10.11.08.31.07_veh-50_01750_01948/MergedPointCloud/8b9bc8dae54a575e.pcd,1633942901050174
b'\xe1\xf9\xb7]\x9f`Tn',b'\x94\xc8Ir\xf8%W\x8b',b'\x8b\x9b\xc8\xda\xe5JW^',b'\xd5\x16\xd6\xcb`PW0',b'h\xe3\x13@\x15\x85_h',b'\xdc\xed|\x1a\xdb\xe4S\r',2021.10.11.08.31.07_veh-50_01750_01948/MergedPointCloud/e1f9b75d9f60546e.pcd,1633942901100208
b'\x94\xc8Ir\xf8%W\x8b',b'G\x7f\xb89\xa2\xd3]X',b'\xe1\xf9\xb7]\x9f`Tn',b'\xd2\xfc\xc3M\x87\xce\\\xb5',b'h\xe3\x13@\x15\x85_h',b'\xdc\xed|\x1a\xdb\xe4S\r',2021.10.11.08.31.07_veh-50_01750_01948/MergedPointCloud/94c84972f825578b.pcd,1633942901150235
b'G\x7f\xb89\xa2\xd3]X',b'\xe9\xc5\x81u\x93uQ.',b'\x94\xc8Ir\xf8%W\x8b',b'J\x83\x15\x82\xc7\x9dQy',b'h\xe3\x13@\x15\x85_h',b'\xdc\xed|\x1a\xdb\xe4S\r',2021.10.11.08.31.07_veh-50_01750_01948/MergedPointCloud/477fb839a2d35d58.pcd,1633942901200255
b'\xe9\xc5\x81u\x93uQ.',"b'\xa4l\xc1_,\xefZ\xa8'",b'G\x7f\xb89\xa2\xd3]X',"b""\xb8\x11\xd71'CU\xed""",b'h\xe3\x13@\x15\x85_h',b'\xdc\xed|\x1a\xdb\xe4S\r',2021.10.11.08.31.07_veh-50_01750_01948/MergedPointCloud/e9c581759375512e.pcd,1633942901250268
"b'\xa4l\xc1_,\xefZ\xa8'","b""\x1eF\xb9'\xcaTRi""",b'\xe9\xc5\x81u\x93uQ.',b'+\x9d\xad\x12\xe6\t]\xac',b'h\xe3\x13@\x15\x85_h',b'\xdc\xed|\x1a\xdb\xe4S\r',2021.10.11.08.31.07_veh-50_01750_01948/MergedPointCloud/a46cc15f2cef5aa8.pcd,1633942901300272
"b""\x1eF\xb9'\xcaTRi""",b'\xeeG.-\xc9\xb9Pd',"b'\xa4l\xc1_,\xefZ\xa8'",b'\xac\xe2\x8a\x8fd\xf5Q7',b'h\xe3\x13@\x15\x85_h',b'\xdc\xed|\x1a\xdb\xe4S\r',2021.10.11.08.31.07_veh-50_01750_01948/MergedPointCloud/1e46b927ca545269.pcd,1633942901350269
b'\xeeG.-\xc9\xb9Pd',b'\x98\x1a\xddI\x98\xa0\\\x9c',"b""\x1eF\xb9'\xcaTRi""",b'\xd1QN\x95]\xea[ ',b'h\xe3\x13@\x15\x85_h',b'\xdc\xed|\x1a\xdb\xe4S\r',2021.10.11.08.31.07_veh-50_01750_01948/MergedPointCloud/ee472e2dc9b95064.pcd,1633942901400262
b'\x98\x1a\xddI\x98\xa0\\\x9c',b'\x91\xc7\xadB`}_\xe9',b'\xeeG.-\xc9\xb9Pd',b'\xd5\xbd\xd0g\x8b\x96S_',b'h\xe3\x13@\x15\x85_h',b'\xdc\xed|\x1a\xdb\xe4S\r',2021.10.11.08.31.07_veh-50_01750_01948/MergedPointCloud/981add4998a05c9c.pcd,1633942901450251
b'\x91\xc7\xadB`}_\xe9',b'\xab\xbf\x04\xc4\xaf_R\xd6',b'\x98\x1a\xddI\x98\xa0\\\x9c',b'\xcff\xf5]\x14\x7fX\xd9',b'h\xe3\x13@\x15\x85_h',b'\xdc\xed|\x1a\xdb\xe4S\r',2021.10.11.08.31.07_veh-50_01750_01948/MergedPointCloud/91c7ad42607d5fe9.pcd,1633942901500239
b'\xab\xbf\x04\xc4\xaf_R\xd6',b'K\xe3\x85\x97E\xd8Q[',b'\x91\xc7\xadB`}_\xe9',b'PQ\xda\x9f\xc3$P\x1a',b'h\xe3\x13@\x15\x85_h',b'\xdc\xed|\x1a\xdb\xe4S\r',2021.10.11.08.31.07_veh-50_01750_01948/MergedPointCloud/abbf04c4af5f52d6.pcd,1633942901550225
b'K\xe3\x85\x97E\xd8Q[',b'h\x8c/#\x1a:[n',b'\xab\xbf\x04\xc4\xaf_R\xd6',b'\xc7u\xd9\xd6Y\x8d_Z',b'h\xe3\x13@\x15\x85_h',b'\xdc\xed|\x1a\xdb\xe4S\r',2021.10.11.08.31.07_veh-50_01750_01948/MergedPointCloud/4be3859745d8515b.pcd,1633942901600208
b'h\x8c/#\x1a:[n',b'\xa0\xa9\xbe\x91\xcc\xf5T\xc2',b'K\xe3\x85\x97E\xd8Q[',b'\xce\xa7\xce\xd7^\x1aT\xa2',b'h\xe3\x13@\x15\x85_h',b'\xdc\xed|\x1a\xdb\xe4S\r',2021.10.11.08.31.07_veh-50_01750_01948/MergedPointCloud/688c2f231a3a5b6e.pcd,1633942901650188
b'\xa0\xa9\xbe\x91\xcc\xf5T\xc2',b'p\x97\x10;l\x1eT\xeb',b'h\x8c/#\x1a:[n',b'\x9d\xd5\xb9\xde\xb6\xeeR\x0b',b'h\xe3\x13@\x15\x85_h',b'\xdc\xed|\x1a\xdb\xe4S\r',2021.10.11.08.31.07_veh-50_01750_01948/MergedPointCloud/a0a9be91ccf554c2.pcd,1633942901700165
b'p\x97\x10;l\x1eT\xeb',b'\xce*1!7\x05^!',b'\xa0\xa9\xbe\x91\xcc\xf5T\xc2',b'x\xbe\x1e\xcb\xa9\x90W ',b'h\xe3\x13@\x15\x85_h',b'\xdc\xed|\x1a\xdb\xe4S\r',2021.10.11.08.31.07_veh-50_01750_01948/MergedPointCloud/7097103b6c1e54eb.pcd,1633942901750141
b'\xce*1!7\x05^!',b'\xa99_V\xd6\xc4U\xc7',b'p\x97\x10;l\x1eT\xeb',b'v\xdf\xb5O\x8b\xfbVM',b'h\xe3\x13@\x15\x85_h',b'\xdc\xed|\x1a\xdb\xe4S\r',2021.10.11.08.31.07_veh-50_01750_01948/MergedPointCloud/ce2a312137055e21.pcd,1633942901800116
b'\xa99_V\xd6\xc4U\xc7',b'\xfc\xce\x9b\xa9\xe2\xf7W\x05',b'\xce*1!7\x05^!',b'I\xc8\x1fs3\xc9S\xee',b'h\xe3\x13@\x15\x85_h',b'\xdc\xed|\x1a\xdb\xe4S\r',2021.10.11.08.31.07_veh-50_01750_01948/MergedPointCloud/a9395f56d6c455c7.pcd,1633942901850090
b'\xfc\xce\x9b\xa9\xe2\xf7W\x05',b'^\xac\xcc\x7fi4U\xe5',b'\xa99_V\xd6\xc4U\xc7',"b'm\x13\x81(&\xd4T""'",b'h\xe3\x13@\x15\x85_h',b'\xdc\xed|\x1a\xdb\xe4S\r',2021.10.11.08.31.07_veh-50_01750_01948/MergedPointCloud/fcce9ba9e2f75705.pcd,1633942901900065
b'^\xac\xcc\x7fi4U\xe5',b'\x91;\x91\xb7\xcd\xf2Qu',b'\xfc\xce\x9b\xa9\xe2\xf7W\x05',b'\xc6\xfa\xed\x7f\xff4W\xe6',b'h\xe3\x13@\x15\x85_h',b'\xdc\xed|\x1a\xdb\xe4S\r',2021.10.11.08.31.07_veh-50_01750_01948/MergedPointCloud/5eaccc7f693455e5.pcd,1633942901950043
b'\x91;\x91\xb7\xcd\xf2Qu',b'\x7f\xd0a\xf8\r\xdeR:',b'^\xac\xcc\x7fi4U\xe5',b'\xb9\x1f\xbbi\xd4\xfaUh',b'h\xe3\x13@\x15\x85_h',b'\xdc\xed|\x1a\xdb\xe4S\r',2021.10.11.08.31.07_veh-50_01750_01948/MergedPointCloud/913b91b7cdf25175.pcd,1633942902000023
b'\x7f\xd0a\xf8\r\xdeR:',b'\x16\xdc\xe6\xac]\xadR]',b'\x91;\x91\xb7\xcd\xf2Qu',b'\xcc\x0c\\\xc0$\xa3[\x17',b'h\xe3\x13@\x15\x85_h',b'\xdc\xed|\x1a\xdb\xe4S\r',2021.10.11.08.31.07_veh-50_01750_01948/MergedPointCloud/7fd061f80dde523a.pcd,1633942902050001
b'\x16\xdc\xe6\xac]\xadR]',b'v\xf9?\x9a0R[\x01',b'\x7f\xd0a\xf8\r\xdeR:',b'\x90\x84\x04\x8c\x81\x8cS\x93',b'h\xe3\x13@\x15\x85_h',b'\xdc\xed|\x1a\xdb\xe4S\r',2021.10.11.08.31.07_veh-50_01750_01948/MergedPointCloud/16dce6ac5dad525d.pcd,1633942902099978
b'v\xf9?\x9a0R[\x01',b'?\xe1\xdb\xae\x00\xf4[4',b'\x16\xdc\xe6\xac]\xadR]',b'\xb6=[r\xcc\x07^\xc3',b'h\xe3\x13@\x15\x85_h',b'\xdc\xed|\x1a\xdb\xe4S\r',2021.10.11.08.31.07_veh-50_01750_01948/MergedPointCloud/76f93f9a30525b01.pcd,1633942902149959
b'?\xe1\xdb\xae\x00\xf4[4',b'L\x1a\xf6wO\xe3T\x00',b'v\xf9?\x9a0R[\x01',b'\xea\x04\xb2A\x99+T%',b'h\xe3\x13@\x15\x85_h',b'\xdc\xed|\x1a\xdb\xe4S\r',2021.10.11.08.31.07_veh-50_01750_01948/MergedPointCloud/3fe1dbae00f45b34.pcd,1633942902199942
b'L\x1a\xf6wO\xe3T\x00',b'-\xee6!\x04\x0c]\x94',b'?\xe1\xdb\xae\x00\xf4[4',b'\x18\x13\xf4\xb6\xc1\xd5R_',b'h\xe3\x13@\x15\x85_h',b'\xdc\xed|\x1a\xdb\xe4S\r',2021.10.11.08.31.07_veh-50_01750_01948/MergedPointCloud/4c1af6774fe35400.pcd,1633942902249930
b'-\xee6!\x04\x0c]\x94',b'\x1e\xbe\xea\xbf\xf1\xbe^\x9c',b'L\x1a\xf6wO\xe3T\x00',b'\xb3\xe4\x06\xea\xbe\x0bV\xef',b'h\xe3\x13@\x15\x85_h',b'\xdc\xed|\x1a\xdb\xe4S\r',2021.10.11.08.31.07_veh-50_01750_01948/MergedPointCloud/2dee3621040c5d94.pcd,1633942902299919
b'\x1e\xbe\xea\xbf\xf1\xbe^\x9c',b'B\x82&\xc7\xd9\xde]K',b'-\xee6!\x04\x0c]\x94',b'C\xed.\x9b\x9avUI',b'h\xe3\x13@\x15\x85_h',b'\xdc\xed|\x1a\xdb\xe4S\r',2021.10.11.08.31.07_veh-50_01750_01948/MergedPointCloud/1ebeeabff1be5e9c.pcd,1633942902349910
b'B\x82&\xc7\xd9\xde]K',b'V3H\x1c\xa8\xd5Zm',b'\x1e\xbe\xea\xbf\xf1\xbe^\x9c',b'\x1cF\x17\xcf\t\x89X\xd0',b'h\xe3\x13@\x15\x85_h',b'\xdc\xed|\x1a\xdb\xe4S\r',2021.10.11.08.31.07_veh-50_01750_01948/MergedPointCloud/428226c7d9de5d4b.pcd,1633942902399904
b'V3H\x1c\xa8\xd5Zm',b'4t\xef\xe0H\xacUc',b'B\x82&\xc7\xd9\xde]K',b'/y\x04\xd1\x94\xc6Xi',b'h\xe3\x13@\x15\x85_h',b'\xdc\xed|\x1a\xdb\xe4S\r',2021.10.11.08.31.07_veh-50_01750_01948/MergedPointCloud/5633481ca8d55a6d.pcd,1633942902449899
b'4t\xef\xe0H\xacUc',"b""_\xaa\x16 })R'""",b'V3H\x1c\xa8\xd5Zm',b'\x85\xdc\xef\x98]\x89\\m',b'h\xe3\x13@\x15\x85_h',b'\xdc\xed|\x1a\xdb\xe4S\r',2021.10.11.08.31.07_veh-50_01750_01948/MergedPointCloud/3474efe048ac5563.pcd,1633942902499893
"b""_\xaa\x16 })R'""",b'I\x1ck\x93/\x1b_\xb4',b'4t\xef\xe0H\xacUc',b'\\\x88!B=]]w',b'h\xe3\x13@\x15\x85_h',b'\xdc\xed|\x1a\xdb\xe4S\r',2021.10.11.08.31.07_veh-50_01750_01948/MergedPointCloud/5faa16207d295227.pcd,1633942902549885
b'I\x1ck\x93/\x1b_\xb4',b'\xce\x1a\xe2\x9b\xcd\xca_\x92',"b""_\xaa\x16 })R'""",b'9\x9f\xc8\x03}kT.',b'h\xe3\x13@\x15\x85_h',b'\xdc\xed|\x1a\xdb\xe4S\r',2021.10.11.08.31.07_veh-50_01750_01948/MergedPointCloud/491c6b932f1b5fb4.pcd,1633942902599876
b'\xce\x1a\xe2\x9b\xcd\xca_\x92',b'\x06\x1b\xc8\x8e7\xf9X\xbd',b'I\x1ck\x93/\x1b_\xb4',b'F\x1b\x10-C\xf4V#',b'h\xe3\x13@\x15\x85_h',b'\xdc\xed|\x1a\xdb\xe4S\r',2021.10.11.08.31.07_veh-50_01750_01948/MergedPointCloud/ce1ae29bcdca5f92.pcd,1633942902649868
b'\x06\x1b\xc8\x8e7\xf9X\xbd',b'D\xa3\xa2yRPX<',b'\xce\x1a\xe2\x9b\xcd\xca_\x92',b'\xa0\xa1\xffO\xa2\x0b_\xc3',b'h\xe3\x13@\x15\x85_h',b'\xdc\xed|\x1a\xdb\xe4S\r',2021.10.11.08.31.07_veh-50_01750_01948/MergedPointCloud/061bc88e37f958bd.pcd,1633942902699860
b'D\xa3\xa2yRPX<',"b""\xab'r\xf8Q\xa0Q\x7f""",b'\x06\x1b\xc8\x8e7\xf9X\xbd',b'\xa6\xa9\xc2S\xfc\xdfP\x1e',b'h\xe3\x13@\x15\x85_h',b'\xdc\xed|\x1a\xdb\xe4S\r',2021.10.11.08.31.07_veh-50_01750_01948/MergedPointCloud/44a3a2795250583c.pcd,1633942902749852
"b""\xab'r\xf8Q\xa0Q\x7f""","b""\xac\xde\x87\x07'\x9bW\xfe""",b'D\xa3\xa2yRPX<',b'\xd8\x80\x1b\xe8\xb5 ]\xb2',b'h\xe3\x13@\x15\x85_h',b'\xdc\xed|\x1a\xdb\xe4S\r',2021.10.11.08.31.07_veh-50_01750_01948/MergedPointCloud/ab2772f851a0517f.pcd,1633942902799843
"b""\xac\xde\x87\x07'\x9bW\xfe""",b'\xe3xm{\xe7\xc8P\xb1',"b""\xab'r\xf8Q\xa0Q\x7f""",b'\xfeM\x9d\xba\xd5\xd3Z\x15',b'h\xe3\x13@\x15\x85_h',b'\xdc\xed|\x1a\xdb\xe4S\r',2021.10.11.08.31.07_veh-50_01750_01948/MergedPointCloud/acde8707279b57fe.pcd,1633942902849834
b'\xe3xm{\xe7\xc8P\xb1',b'\xc3j\xc8\xcb+pV\xff',"b""\xac\xde\x87\x07'\x9bW\xfe""",b'\x94\x06\xcd\x1b\x1alY!',b'h\xe3\x13@\x15\x85_h',b'\xdc\xed|\x1a\xdb\xe4S\r',2021.10.11.08.31.07_veh-50_01750_01948/MergedPointCloud/e3786d7be7c850b1.pcd,1633942902899823
b'\xc3j\xc8\xcb+pV\xff',b'\x94\xd91\x97\xbf\xd5Q\xbb',b'\xe3xm{\xe7\xc8P\xb1',b'\xab*\x86\xc0|\x86V\xf7',b'h\xe3\x13@\x15\x85_h',b'\xdc\xed|\x1a\xdb\xe4S\r',2021.10.11.08.31.07_veh-50_01750_01948/MergedPointCloud/c36ac8cb2b7056ff.pcd,1633942902949810
b'\x94\xd91\x97\xbf\xd5Q\xbb',b'\x95\xf6V\xa2A>Z\xde',b'\xc3j\xc8\xcb+pV\xff',b'}\xd7\xa4\x96\x8a\x87_\xc7',b'h\xe3\x13@\x15\x85_h',b'\xdc\xed|\x1a\xdb\xe4S\r',2021.10.11.08.31.07_veh-50_01750_01948/MergedPointCloud/94d93197bfd551bb.pcd,1633942902999792
b'\x95\xf6V\xa2A>Z\xde',b'\xfbny\xc5\xa8&Z4',b'\x94\xd91\x97\xbf\xd5Q\xbb',b'\xceM\xa4\x04c\x0c]3',b'h\xe3\x13@\x15\x85_h',b'\xdc\xed|\x1a\xdb\xe4S\r',2021.10.11.08.31.07_veh-50_01750_01948/MergedPointCloud/95f656a2413e5ade.pcd,1633942903049774
b'\xfbny\xc5\xa8&Z4',b'S\x80x\x0e\x1a[\\\x1c',b'\x95\xf6V\xa2A>Z\xde',b'q-\xd3V\x91\xff[\xa9',b'h\xe3\x13@\x15\x85_h',b'\xdc\xed|\x1a\xdb\xe4S\r',2021.10.11.08.31.07_veh-50_01750_01948/MergedPointCloud/fb6e79c5a8265a34.pcd,1633942903099755
b'S\x80x\x0e\x1a[\\\x1c',b'5\x97V\xdf/\xd2^\xf0',b'\xfbny\xc5\xa8&Z4',"b""\xd5\x1d\xd3I\xb6'_\xf5""",b'h\xe3\x13@\x15\x85_h',b'\xdc\xed|\x1a\xdb\xe4S\r',2021.10.11.08.31.07_veh-50_01750_01948/MergedPointCloud/5380780e1a5b5c1c.pcd,1633942903149738
b'5\x97V\xdf/\xd2^\xf0',b'N\x0c\xd2\xb6\xbb\x84Y\xbb',b'S\x80x\x0e\x1a[\\\x1c',b'\xfb\xad\x04U#\xbbV\x1f',b'h\xe3\x13@\x15\x85_h',b'\xdc\xed|\x1a\xdb\xe4S\r',2021.10.11.08.31.07_veh-50_01750_01948/MergedPointCloud/359756df2fd25ef0.pcd,1633942903199721
b'N\x0c\xd2\xb6\xbb\x84Y\xbb',b'Bt:\xc7\xf54]\xe8',b'5\x97V\xdf/\xd2^\xf0',b'\xf7\xfe\xd8\xb1u\xc4]%',b'h\xe3\x13@\x15\x85_h',b'\xdc\xed|\x1a\xdb\xe4S\r',2021.10.11.08.31.07_veh-50_01750_01948/MergedPointCloud/4e0cd2b6bb8459bb.pcd,1633942903249704
b'Bt:\xc7\xf54]\xe8',b'\xcdR7]|\x87[P',b'N\x0c\xd2\xb6\xbb\x84Y\xbb',b'u`\xa7\xc6t>Y\xd8',b'h\xe3\x13@\x15\x85_h',b'\xdc\xed|\x1a\xdb\xe4S\r',2021.10.11.08.31.07_veh-50_01750_01948/MergedPointCloud/42743ac7f5345de8.pcd,1633942903299688
b'\xcdR7]|\x87[P',b'\xd0K:\xef\xc3DZ|',b'Bt:\xc7\xf54]\xe8',b';\xbf]6$KT2',b'h\xe3\x13@\x15\x85_h',b'\xdc\xed|\x1a\xdb\xe4S\r',2021.10.11.08.31.07_veh-50_01750_01948/MergedPointCloud/cd52375d7c875b50.pcd,1633942903349675
b'\xd0K:\xef\xc3DZ|',b'\x7f\xfc\xddY\xf6\xdeY\xea',b'\xcdR7]|\x87[P',b'!O\xfb(\x86\xb2T\x8f',b'h\xe3\x13@\x15\x85_h',b'\xdc\xed|\x1a\xdb\xe4S\r',2021.10.11.08.31.07_veh-50_01750_01948/MergedPointCloud/d04b3aefc3445a7c.pcd,1633942903399665
b'\x7f\xfc\xddY\xf6\xdeY\xea',b'\xack\xa5\xbb\xd3q]\x1b',b'\xd0K:\xef\xc3DZ|',b'\x8b\xca#D\xe6\x1dT;',b'h\xe3\x13@\x15\x85_h',b'\xdc\xed|\x1a\xdb\xe4S\r',2021.10.11.08.31.07_veh-50_01750_01948/MergedPointCloud/7ffcdd59f6de59ea.pcd,1633942903449660
b'\xack\xa5\xbb\xd3q]\x1b',b'\x93\x10\x84x\xfe\xfb\\I',b'\x7f\xfc\xddY\xf6\xdeY\xea',b'\xe9g\x7f\xa5 C]`',b'h\xe3\x13@\x15\x85_h',b'\xdc\xed|\x1a\xdb\xe4S\r',2021.10.11.08.31.07_veh-50_01750_01948/MergedPointCloud/ac6ba5bbd3715d1b.pcd,1633942903499655
b'\x93\x10\x84x\xfe\xfb\\I',b'GZ\xba=5cP\x95',b'\xack\xa5\xbb\xd3q]\x1b',b'\x06F\xdd\xbe.\xdaZ\xe4',b'h\xe3\x13@\x15\x85_h',b'\xdc\xed|\x1a\xdb\xe4S\r',2021.10.11.08.31.07_veh-50_01750_01948/MergedPointCloud/93108478fefb5c49.pcd,1633942903549652
b'GZ\xba=5cP\x95',b'\xe7\xd27[\xb6LU\xf8',b'\x93\x10\x84x\xfe\xfb\\I',b'\x1ea\xb1\x8d\xadY_\xaf',b'h\xe3\x13@\x15\x85_h',b'\xdc\xed|\x1a\xdb\xe4S\r',2021.10.11.08.31.07_veh-50_01750_01948/MergedPointCloud/475aba3d35635095.pcd,1633942903599648
b'\xe7\xd27[\xb6LU\xf8',b'$\xc0\x85\x07\x13L]^',b'GZ\xba=5cP\x95',b'p\xf9C\xdd\xea\x02_Q',b'h\xe3\x13@\x15\x85_h',b'\xdc\xed|\x1a\xdb\xe4S\r',2021.10.11.08.31.07_veh-50_01750_01948/MergedPointCloud/e7d2375bb64c55f8.pcd,1633942903649644
b'$\xc0\x85\x07\x13L]^',b'o\xff.\x89VxP\xfe',b'\xe7\xd27[\xb6LU\xf8',b'\xbb\x98\xe1<=\x02[6',b'h\xe3\x13@\x15\x85_h',b'\xdc\xed|\x1a\xdb\xe4S\r',2021.10.11.08.31.07_veh-50_01750_01948/MergedPointCloud/24c08507134c5d5e.pcd,1633942903699642
b'o\xff.\x89VxP\xfe',b'tG2\xc3\x05C_H',b'$\xc0\x85\x07\x13L]^',b'K\xecR\xb3\x94\xeaQ\x94',b'h\xe3\x13@\x15\x85_h',b'\xdc\xed|\x1a\xdb\xe4S\r',2021.10.11.08.31.07_veh-50_01750_01948/MergedPointCloud/6fff2e89567850fe.pcd,1633942903749641
b'tG2\xc3\x05C_H',b'T\x9cSP\xf9\xb0\\4',b'o\xff.\x89VxP\xfe',b'0\xe2\xef4N7U`',b'h\xe3\x13@\x15\x85_h',b'\xdc\xed|\x1a\xdb\xe4S\r',2021.10.11.08.31.07_veh-50_01750_01948/MergedPointCloud/744732c305435f48.pcd,1633942903799641
b'T\x9cSP\xf9\xb0\\4',b'\x99\xb2O7JW[\xa7',b'tG2\xc3\x05C_H',b'/ee\xfa]@U!',b'h\xe3\x13@\x15\x85_h',b'\xdc\xed|\x1a\xdb\xe4S\r',2021.10.11.08.31.07_veh-50_01750_01948/MergedPointCloud/549c5350f9b05c34.pcd,1633942903849641
b'\x99\xb2O7JW[\xa7',b'\xf3\x8e\x13a0\xc3Q[',b'T\x9cSP\xf9\xb0\\4',"b'\xa0\x85:\xb54""\\\x85'",b'h\xe3\x13@\x15\x85_h',b'\xdc\xed|\x1a\xdb\xe4S\r',2021.10.11.08.31.07_veh-50_01750_01948/MergedPointCloud/99b24f374a575ba7.pcd,1633942903899646
b'\xf3\x8e\x13a0\xc3Q[',b'r#\x98s\xca\xd9X\xff',b'\x99\xb2O7JW[\xa7',b'$Vk\xb6y\xe1WT',b'h\xe3\x13@\x15\x85_h',b'\xdc\xed|\x1a\xdb\xe4S\r',2021.10.11.08.31.07_veh-50_01750_01948/MergedPointCloud/f38e136130c3515b.pcd,1633942903949653
b'r#\x98s\xca\xd9X\xff',b'E\x11\xad:\x90\xb7V\xd9',b'\xf3\x8e\x13a0\xc3Q[',b'2\x8a$7\xc3pTU',b'h\xe3\x13@\x15\x85_h',b'\xdc\xed|\x1a\xdb\xe4S\r',2021.10.11.08.31.07_veh-50_01750_01948/MergedPointCloud/72239873cad958ff.pcd,1633942903999662
b'E\x11\xad:\x90\xb7V\xd9',b'=\x11r4hsZ7',b'r#\x98s\xca\xd9X\xff',b'\xecAky]\x1fR\xf8',b'h\xe3\x13@\x15\x85_h',b'\xdc\xed|\x1a\xdb\xe4S\r',2021.10.11.08.31.07_veh-50_01750_01948/MergedPointCloud/4511ad3a90b756d9.pcd,1633942904049670
b'=\x11r4hsZ7',"b""`'\xdc\x87\x1f\x92]I""",b'E\x11\xad:\x90\xb7V\xd9',b'\x1d_\xf2\\\xe2\x98X5',b'h\xe3\x13@\x15\x85_h',b'\xdc\xed|\x1a\xdb\xe4S\r',2021.10.11.08.31.07_veh-50_01750_01948/MergedPointCloud/3d11723468735a37.pcd,1633942904099677
"b""`'\xdc\x87\x1f\x92]I""",b'\xf6\xf5\x8f_d5\\u',b'=\x11r4hsZ7',b'\x19!}!elP\x9e',b'h\xe3\x13@\x15\x85_h',b'\xdc\xed|\x1a\xdb\xe4S\r',2021.10.11.08.31.07_veh-50_01750_01948/MergedPointCloud/6027dc871f925d49.pcd,1633942904149684
b'\xf6\xf5\x8f_d5\\u',b'\xef\x83$\x8cm\x18R\x9b',"b""`'\xdc\x87\x1f\x92]I""",b'-9\xe4\x9c\xc5^\\R',b'h\xe3\x13@\x15\x85_h',b'\xdc\xed|\x1a\xdb\xe4S\r',2021.10.11.08.31.07_veh-50_01750_01948/MergedPointCloud/f6f58f5f64355c75.pcd,1633942904199692
b'\xef\x83$\x8cm\x18R\x9b',b'\xaa\xd5\xdf\x87\xfc=Q(',b'\xf6\xf5\x8f_d5\\u',b'\x85[\xdf\xa7\xd1\xb9Y\x99',b'h\xe3\x13@\x15\x85_h',b'\xdc\xed|\x1a\xdb\xe4S\r',2021.10.11.08.31.07_veh-50_01750_01948/MergedPointCloud/ef83248c6d18529b.pcd,1633942904249701
b'\xaa\xd5\xdf\x87\xfc=Q(',b'\xf2\xc8\xa03\xc5\xfdU\x1a',b'\xef\x83$\x8cm\x18R\x9b',b'h\xf81\xaag\xd7U\xa2',b'h\xe3\x13@\x15\x85_h',b'\xdc\xed|\x1a\xdb\xe4S\r',2021.10.11.08.31.07_veh-50_01750_01948/MergedPointCloud/aad5df87fc3d5128.pcd,1633942904299716
b'\xf2\xc8\xa03\xc5\xfdU\x1a',b'\xcb\xaak:c\xe8]0',b'\xaa\xd5\xdf\x87\xfc=Q(',b'\x848\xaa\xeb\xc8\xd5QG',b'h\xe3\x13@\x15\x85_h',b'\xdc\xed|\x1a\xdb\xe4S\r',2021.10.11.08.31.07_veh-50_01750_01948/MergedPointCloud/f2c8a033c5fd551a.pcd,1633942904349733
b'\xcb\xaak:c\xe8]0',b'8\xdb\x83k\xd0\xb8T\x03',b'\xf2\xc8\xa03\xc5\xfdU\x1a',b'\x8bv\x07\xc0E_[b',b'h\xe3\x13@\x15\x85_h',b'\xdc\xed|\x1a\xdb\xe4S\r',2021.10.11.08.31.07_veh-50_01750_01948/MergedPointCloud/cbaa6b3a63e85d30.pcd,1633942904399750
b'8\xdb\x83k\xd0\xb8T\x03',b'J\xe2\x85q\xa3aS\xb4',b'\xcb\xaak:c\xe8]0',b'z\x10+\xf9r\xe0S\x1a',b'h\xe3\x13@\x15\x85_h',b'\xdc\xed|\x1a\xdb\xe4S\r',2021.10.11.08.31.07_veh-50_01750_01948/MergedPointCloud/38db836bd0b85403.pcd,1633942904449769
b'J\xe2\x85q\xa3aS\xb4',b'\x84\x17O@\xdf\xd8U\xac',b'8\xdb\x83k\xd0\xb8T\x03',b'\xca\xec2\x9d\x01\xdcY\x9f',b'h\xe3\x13@\x15\x85_h',b'\xdc\xed|\x1a\xdb\xe4S\r',2021.10.11.08.31.07_veh-50_01750_01948/MergedPointCloud/4ae28571a36153b4.pcd,1633942904499790
b'\x84\x17O@\xdf\xd8U\xac',b'\xaf\x0f\x07\xcbj\x7fP}',b'J\xe2\x85q\xa3aS\xb4',b'\xf0y8\xd9\x10\xadX\xef',b'h\xe3\x13@\x15\x85_h',b'\xdc\xed|\x1a\xdb\xe4S\r',2021.10.11.08.31.07_veh-50_01750_01948/MergedPointCloud/84174f40dfd855ac.pcd,1633942904549813
b'\xaf\x0f\x07\xcbj\x7fP}',b'!g\x07\xbf~\xacU\x08',b'\x84\x17O@\xdf\xd8U\xac',b'\xc0t\xf4\r\xc7\xb3T}',b'h\xe3\x13@\x15\x85_h',b'\xdc\xed|\x1a\xdb\xe4S\r',2021.10.11.08.31.07_veh-50_01750_01948/MergedPointCloud/af0f07cb6a7f507d.pcd,1633942904599836
b'!g\x07\xbf~\xacU\x08',b'\x87j\xc8-\x18\xf1V\xb8',b'\xaf\x0f\x07\xcbj\x7fP}',b'7l\xf6+\x1f\xde\\\xea',b'h\xe3\x13@\x15\x85_h',b'\xdc\xed|\x1a\xdb\xe4S\r',2021.10.11.08.31.07_veh-50_01750_01948/MergedPointCloud/216707bf7eac5508.pcd,1633942904649859
b'\x87j\xc8-\x18\xf1V\xb8',b'\xf9\xf6\xe9.\x93qYW',b'!g\x07\xbf~\xacU\x08',b'5\x8e;3\xef(W^',b'h\xe3\x13@\x15\x85_h',b'\xdc\xed|\x1a\xdb\xe4S\r',2021.10.11.08.31.07_veh-50_01750_01948/MergedPointCloud/876ac82d18f156b8.pcd,1633942904699881
b'\xf9\xf6\xe9.\x93qYW',b'\xe6g\xa1?W\xac^\x7f',b'\x87j\xc8-\x18\xf1V\xb8',b'\xfc\xa0\xbe\x8c\xc20U\xd2',b'h\xe3\x13@\x15\x85_h',b'\xdc\xed|\x1a\xdb\xe4S\r',2021.10.11.08.31.07_veh-50_01750_01948/MergedPointCloud/f9f6e92e93715957.pcd,1633942904749902
b'\xe6g\xa1?W\xac^\x7f',b'\x88F\xae\xe7\xcehZ>',b'\xf9\xf6\xe9.\x93qYW',b'\xf5}g\xd2\xe8eV\x8e',b'h\xe3\x13@\x15\x85_h',b'\xdc\xed|\x1a\xdb\xe4S\r',2021.10.11.08.31.07_veh-50_01750_01948/MergedPointCloud/e667a13f57ac5e7f.pcd,1633942904799924
b'\x88F\xae\xe7\xcehZ>',b'O\xdf\xeag\xec\xd9U\xe1',b'\xe6g\xa1?W\xac^\x7f',b';\xa5\xa3we\x80W~',b'h\xe3\x13@\x15\x85_h',b'\xdc\xed|\x1a\xdb\xe4S\r',2021.10.11.08.31.07_veh-50_01750_01948/MergedPointCloud/8846aee7ce685a3e.pcd,1633942904849946
b'O\xdf\xeag\xec\xd9U\xe1',b'\\w\xcc\xc5\x05_X\xdb',b'\x88F\xae\xe7\xcehZ>',b'\xc9f\x91\xfa|\x0bTn',b'h\xe3\x13@\x15\x85_h',b'\xdc\xed|\x1a\xdb\xe4S\r',2021.10.11.08.31.07_veh-50_01750_01948/MergedPointCloud/4fdfea67ecd955e1.pcd,1633942904899969
b'\\w\xcc\xc5\x05_X\xdb',b'\xd5\xd8\xd5\xa2\xd3\x91SM',b'O\xdf\xeag\xec\xd9U\xe1',b'g\xc7\x19\x1c:SW\xac',b'h\xe3\x13@\x15\x85_h',b'\xdc\xed|\x1a\xdb\xe4S\r',2021.10.11.08.31.07_veh-50_01750_01948/MergedPointCloud/5c77ccc5055f58db.pcd,1633942904949993
b'\xd5\xd8\xd5\xa2\xd3\x91SM',b'\xa9\x92J\xc5O.[p',b'\\w\xcc\xc5\x05_X\xdb',"b'*AyE\x06""V?'",b'h\xe3\x13@\x15\x85_h',b'\xdc\xed|\x1a\xdb\xe4S\r',2021.10.11.08.31.07_veh-50_01750_01948/MergedPointCloud/d5d8d5a2d391534d.pcd,1633942905000023
b'\xa9\x92J\xc5O.[p',b'\xdb\x8c\xfc\xf4z\\^\xba',b'\xd5\xd8\xd5\xa2\xd3\x91SM',b'\n3\xed\xa5?{S\x19',b'h\xe3\x13@\x15\x85_h',b'\xdc\xed|\x1a\xdb\xe4S\r',2021.10.11.08.31.07_veh-50_01750_01948/MergedPointCloud/a9924ac54f2e5b70.pcd,1633942905050056
b'\xdb\x8c\xfc\xf4z\\^\xba',b'\xce.\xef-\xe6Q\\\xf9',b'\xa9\x92J\xc5O.[p',"b'cOYf\xf7""P\x9e'",b'h\xe3\x13@\x15\x85_h',b'\xdc\xed|\x1a\xdb\xe4S\r',2021.10.11.08.31.07_veh-50_01750_01948/MergedPointCloud/db8cfcf47a5c5eba.pcd,1633942905100089
b'\xce.\xef-\xe6Q\\\xf9',"b""$\x1a:\x8d\x9b\x03T'""",b'\xdb\x8c\xfc\xf4z\\^\xba',b'\xe8!.\xe8\xcfwR\xc6',b'h\xe3\x13@\x15\x85_h',b'\xdc\xed|\x1a\xdb\xe4S\r',2021.10.11.08.31.07_veh-50_01750_01948/MergedPointCloud/ce2eef2de6515cf9.pcd,1633942905150121
"b""$\x1a:\x8d\x9b\x03T'""",b'J\x98\x83\x03\x9d\x7f_5',b'\xce.\xef-\xe6Q\\\xf9',b'\x96\x139-~\x02YC',b'h\xe3\x13@\x15\x85_h',b'\xdc\xed|\x1a\xdb\xe4S\r',2021.10.11.08.31.07_veh-50_01750_01948/MergedPointCloud/241a3a8d9b035427.pcd,1633942905200145
b'J\x98\x83\x03\x9d\x7f_5',b'\xce\x80\xe9{\x193SI',"b""$\x1a:\x8d\x9b\x03T'""",b'\xd2K\xd0*t\xc5X\\',b'h\xe3\x13@\x15\x85_h',b'\xdc\xed|\x1a\xdb\xe4S\r',2021.10.11.08.31.07_veh-50_01750_01948/MergedPointCloud/4a9883039d7f5f35.pcd,1633942905250162
b'\xce\x80\xe9{\x193SI',b'\xceio\xddd)X\xdf',b'J\x98\x83\x03\x9d\x7f_5',b'\x0c\xf1\x11h\xae\x84R\xa0',b'h\xe3\x13@\x15\x85_h',b'\xdc\xed|\x1a\xdb\xe4S\r',2021.10.11.08.31.07_veh-50_01750_01948/MergedPointCloud/ce80e97b19335349.pcd,1633942905300168
b'\xceio\xddd)X\xdf',b'\x11\xc1\xc9\xfc\r\x83^l',b'\xce\x80\xe9{\x193SI',"b',!\x1ew\xea\xf6Y\x0f'",b'h\xe3\x13@\x15\x85_h',b'\xdc\xed|\x1a\xdb\xe4S\r',2021.10.11.08.31.07_veh-50_01750_01948/MergedPointCloud/ce696fdd642958df.pcd,1633942905350169
b'\x11\xc1\xc9\xfc\r\x83^l',b'\xf7\x00\xe4xo\xd2P\xf5',b'\xceio\xddd)X\xdf',b'c\xdf\xce\xca\x8f\xee]v',b'h\xe3\x13@\x15\x85_h',b'\xdc\xed|\x1a\xdb\xe4S\r',2021.10.11.08.31.07_veh-50_01750_01948/MergedPointCloud/11c1c9fc0d835e6c.pcd,1633942905400167
b'\xf7\x00\xe4xo\xd2P\xf5',"b'""\x8f\x01@\xa9\x04V\xd3'",b'\x11\xc1\xc9\xfc\r\x83^l',b'\x07V\xfa\xed\xe8\xe1\\y',b'h\xe3\x13@\x15\x85_h',b'\xdc\xed|\x1a\xdb\xe4S\r',2021.10.11.08.31.07_veh-50_01750_01948/MergedPointCloud/f700e4786fd250f5.pcd,1633942905450164
"b'""\x8f\x01@\xa9\x04V\xd3'",b'\xd1{\xd40\xff\xd3\\h',b'\xf7\x00\xe4xo\xd2P\xf5',b'\x03\xe4\xd20~\x80[\xf4',b'h\xe3\x13@\x15\x85_h',b'\xdc\xed|\x1a\xdb\xe4S\r',2021.10.11.08.31.07_veh-50_01750_01948/MergedPointCloud/228f0140a90456d3.pcd,1633942905500160
b'\xd1{\xd40\xff\xd3\\h',b'W\x8bB\xba3\xddR\x1e',"b'""\x8f\x01@\xa9\x04V\xd3'",b'\xf9\x06uA\xb5\xbcR\x98',b'h\xe3\x13@\x15\x85_h',b'\xdc\xed|\x1a\xdb\xe4S\r',2021.10.11.08.31.07_veh-50_01750_01948/MergedPointCloud/d17bd430ffd35c68.pcd,1633942905550152
b'W\x8bB\xba3\xddR\x1e',b'l\x99\xe9\xbbs3Pr',b'\xd1{\xd40\xff\xd3\\h',b'\xe2@\xbb\x15\xe3/]\x04',b'h\xe3\x13@\x15\x85_h',b'\xdc\xed|\x1a\xdb\xe4S\r',2021.10.11.08.31.07_veh-50_01750_01948/MergedPointCloud/578b42ba33dd521e.pcd,1633942905600137
b'l\x99\xe9\xbbs3Pr',b'\xb4\x11F|%\xa1Z\xe0',b'W\x8bB\xba3\xddR\x1e',b'\tP\xb9\x04~\xb5[m',b'h\xe3\x13@\x15\x85_h',b'\xdc\xed|\x1a\xdb\xe4S\r',2021.10.11.08.31.07_veh-50_01750_01948/MergedPointCloud/6c99e9bb73335072.pcd,1633942905650121
b'\xb4\x11F|%\xa1Z\xe0',b'\x9d\xb4^KPlZ\x01',b'l\x99\xe9\xbbs3Pr',b'9(*\x02=yP$',b'h\xe3\x13@\x15\x85_h',b'\xdc\xed|\x1a\xdb\xe4S\r',2021.10.11.08.31.07_veh-50_01750_01948/MergedPointCloud/b411467c25a15ae0.pcd,1633942905700102
b'\x9d\xb4^KPlZ\x01',b'\x9c\x95\x07\xef\xe2;Yh',b'\xb4\x11F|%\xa1Z\xe0',b'\xcf\xe0\xe0\xcfZ\x93^J',b'h\xe3\x13@\x15\x85_h',b'\xdc\xed|\x1a\xdb\xe4S\r',2021.10.11.08.31.07_veh-50_01750_01948/MergedPointCloud/9db45e4b506c5a01.pcd,1633942905750084
b'\x9c\x95\x07\xef\xe2;Yh',b'H\x82\x9a\xede\xc6PG',b'\x9d\xb4^KPlZ\x01',b'Pf\xc9\xc9\x00EQ\x92',b'h\xe3\x13@\x15\x85_h',b'\xdc\xed|\x1a\xdb\xe4S\r',2021.10.11.08.31.07_veh-50_01750_01948/MergedPointCloud/9c9507efe23b5968.pcd,1633942905800070
b'H\x82\x9a\xede\xc6PG',b'\xf39}\xde_\x97Q\x97',b'\x9c\x95\x07\xef\xe2;Yh',b'\xe4\x02\xc1\xfe\xa7NYA',b'h\xe3\x13@\x15\x85_h',b'\xdc\xed|\x1a\xdb\xe4S\r',2021.10.11.08.31.07_veh-50_01750_01948/MergedPointCloud/48829aed65c65047.pcd,1633942905850058
b'\xf39}\xde_\x97Q\x97',b'\xb9/(s\x03\xf2^\xda',b'H\x82\x9a\xede\xc6PG',b'\xc1\xe0\x16\xf0\xc0LQ\xd6',b'h\xe3\x13@\x15\x85_h',b'\xdc\xed|\x1a\xdb\xe4S\r',2021.10.11.08.31.07_veh-50_01750_01948/MergedPointCloud/f3397dde5f975197.pcd,1633942905900046
b'\xb9/(s\x03\xf2^\xda',b'\x0f\xfe\x1b\xebF\x96S\x9d',b'\xf39}\xde_\x97Q\x97',b'\xaa\x1e\xfc\xdf\xeeeV\xcc',b'h\xe3\x13@\x15\x85_h',b'\xdc\xed|\x1a\xdb\xe4S\r',2021.10.11.08.31.07_veh-50_01750_01948/MergedPointCloud/b92f287303f25eda.pcd,1633942905950033
b'\x0f\xfe\x1b\xebF\x96S\x9d',b'|\xaa2\x06\xfap\\\x1e',b'\xb9/(s\x03\xf2^\xda',b'aR\xee(\x94\xbaX\x9c',b'h\xe3\x13@\x15\x85_h',b'\xdc\xed|\x1a\xdb\xe4S\r',2021.10.11.08.31.07_veh-50_01750_01948/MergedPointCloud/0ffe1beb4696539d.pcd,1633942906000018
b'|\xaa2\x06\xfap\\\x1e',b'\x13\t\xa8\xb1\x96\xb1^\xca',b'\x0f\xfe\x1b\xebF\x96S\x9d',"b""'\xb1Cs\x8es\\\xcb""",b'h\xe3\x13@\x15\x85_h',b'\xdc\xed|\x1a\xdb\xe4S\r',2021.10.11.08.31.07_veh-50_01750_01948/MergedPointCloud/7caa3206fa705c1e.pcd,1633942906050001
b'\x13\t\xa8\xb1\x96\xb1^\xca',b'\x10\x9b\xf7\xa4\x04\xcdS\x83',b'|\xaa2\x06\xfap\\\x1e',b'\xb5\xcd4\x15\x91\xb9Z\xe5',b'h\xe3\x13@\x15\x85_h',b'\xdc\xed|\x1a\xdb\xe4S\r',2021.10.11.08.31.07_veh-50_01750_01948/MergedPointCloud/1309a8b196b15eca.pcd,1633942906099984
b'\x10\x9b\xf7\xa4\x04\xcdS\x83',b'\xf2+\x1f\xc3\x02_T\x90',b'\x13\t\xa8\xb1\x96\xb1^\xca',b'!\xd8\xa7\xf2\xd7\xa4TG',b'h\xe3\x13@\x15\x85_h',b'\xdc\xed|\x1a\xdb\xe4S\r',2021.10.11.08.31.07_veh-50_01750_01948/MergedPointCloud/109bf7a404cd5383.pcd,1633942906149966
b'\xf2+\x1f\xc3\x02_T\x90',b'N\xac\xbc\xc0V\xc4UY',b'\x10\x9b\xf7\xa4\x04\xcdS\x83',b'\x0b\xf4\xe0\xaa\x17^Y$',b'h\xe3\x13@\x15\x85_h',b'\xdc\xed|\x1a\xdb\xe4S\r',2021.10.11.08.31.07_veh-50_01750_01948/MergedPointCloud/f22b1fc3025f5490.pcd,1633942906199947
b'N\xac\xbc\xc0V\xc4UY',b'\xfaJ\x1f\x83\xadBQ\xd3',b'\xf2+\x1f\xc3\x02_T\x90',b'C\x10|\xe23W[\t',b'h\xe3\x13@\x15\x85_h',b'\xdc\xed|\x1a\xdb\xe4S\r',2021.10.11.08.31.07_veh-50_01750_01948/MergedPointCloud/4eacbcc056c45559.pcd,1633942906249927
b'\xfaJ\x1f\x83\xadBQ\xd3',b'#T\x16\x91\x13LU\xe3',b'N\xac\xbc\xc0V\xc4UY',b'\xcb\xf3\xff(\x90GS\xc8',b'h\xe3\x13@\x15\x85_h',b'\xdc\xed|\x1a\xdb\xe4S\r',2021.10.11.08.31.07_veh-50_01750_01948/MergedPointCloud/fa4a1f83ad4251d3.pcd,1633942906299905
b'#T\x16\x91\x13LU\xe3',b'\xee[-\xc0\x1b\x93T\xd1',b'\xfaJ\x1f\x83\xadBQ\xd3',b'5\xf1a\xe8U\x7fRN',b'h\xe3\x13@\x15\x85_h',b'\xdc\xed|\x1a\xdb\xe4S\r',2021.10.11.08.31.07_veh-50_01750_01948/MergedPointCloud/23541691134c55e3.pcd,1633942906349884
b'\xee[-\xc0\x1b\x93T\xd1',b'\xca\xbeQ\xfeJ\xcbX\x83',b'#T\x16\x91\x13LU\xe3',b'\x8a\x98\xeb\xc6\xe69W6',b'h\xe3\x13@\x15\x85_h',b'\xdc\xed|\x1a\xdb\xe4S\r',2021.10.11.08.31.07_veh-50_01750_01948/MergedPointCloud/ee5b2dc01b9354d1.pcd,1633942906399860
b'\xca\xbeQ\xfeJ\xcbX\x83',"b'\x92\xc5O\xa97\x1d]""'",b'\xee[-\xc0\x1b\x93T\xd1',b'Db\x05>[\xd2\\\xc2',b'h\xe3\x13@\x15\x85_h',b'\xdc\xed|\x1a\xdb\xe4S\r',2021.10.11.08.31.07_veh-50_01750_01948/MergedPointCloud/cabe51fe4acb5883.pcd,1633942906449834
"b'\x92\xc5O\xa97\x1d]""'",b' :\x07\xa1\x1fP^\x04',b'\xca\xbeQ\xfeJ\xcbX\x83',b'8h\xdd\xb2\xdc\xf7Z\x12',b'h\xe3\x13@\x15\x85_h',b'\xdc\xed|\x1a\xdb\xe4S\r',2021.10.11.08.31.07_veh-50_01750_01948/MergedPointCloud/92c54fa9371d5d22.pcd,1633942906499808
b' :\x07\xa1\x1fP^\x04',b'\x83\xc6\xe8\xe5\x8c\x9c]`',"b'\x92\xc5O\xa97\x1d]""'",b'9\x9c6\x073C[m',b'h\xe3\x13@\x15\x85_h',b'\xdc\xed|\x1a\xdb\xe4S\r',2021.10.11.08.31.07_veh-50_01750_01948/MergedPointCloud/203a07a11f505e04.pcd,1633942906549782
b'\x83\xc6\xe8\xe5\x8c\x9c]`',b'\xc5\x03\xd9\xe5^\xe8_\x1d',b' :\x07\xa1\x1fP^\x04',b'\xcd\xa38\x1ec\xf5Q9',b'h\xe3\x13@\x15\x85_h',b'\xdc\xed|\x1a\xdb\xe4S\r',2021.10.11.08.31.07_veh-50_01750_01948/MergedPointCloud/83c6e8e58c9c5d60.pcd,1633942906599754
b'\xc5\x03\xd9\xe5^\xe8_\x1d',b'\xe06R8\xc55^\xd0',b'\x83\xc6\xe8\xe5\x8c\x9c]`',b'\xd1\x96\xa4RP\x19[\x1b',b'h\xe3\x13@\x15\x85_h',b'\xdc\xed|\x1a\xdb\xe4S\r',2021.10.11.08.31.07_veh-50_01750_01948/MergedPointCloud/c503d9e55ee85f1d.pcd,1633942906649724
b'\xe06R8\xc55^\xd0',b'!\x1a\xe9\xa0+\xd1P\x9d',b'\xc5\x03\xd9\xe5^\xe8_\x1d',b'\xa6\x17`|!\x8dY\x0e',b'h\xe3\x13@\x15\x85_h',b'\xdc\xed|\x1a\xdb\xe4S\r',2021.10.11.08.31.07_veh-50_01750_01948/MergedPointCloud/e0365238c5355ed0.pcd,1633942906699694
b'!\x1a\xe9\xa0+\xd1P\x9d',b'\xc1\xb9\tD9\xb8W\n',b'\xe06R8\xc55^\xd0',b'\xb9Ra\x9f\xcc_[b',b'h\xe3\x13@\x15\x85_h',b'\xdc\xed|\x1a\xdb\xe4S\r',2021.10.11.08.31.07_veh-50_01750_01948/MergedPointCloud/211ae9a02bd1509d.pcd,1633942906749663
b'\xc1\xb9\tD9\xb8W\n',b'WH`\xa9\\7\\\x1e',b'!\x1a\xe9\xa0+\xd1P\x9d',b'\xc9\x8c\x92\xd5\xca}_\xff',b'h\xe3\x13@\x15\x85_h',b'\xdc\xed|\x1a\xdb\xe4S\r',2021.10.11.08.31.07_veh-50_01750_01948/MergedPointCloud/c1b9094439b8570a.pcd,1633942906799634
b'WH`\xa9\\7\\\x1e',b'\nz\xb0\x06E\xc1Z\x99',b'\xc1\xb9\tD9\xb8W\n',b'\xa0\xc4\x1f\xb8[\xd7[p',b'h\xe3\x13@\x15\x85_h',b'\xdc\xed|\x1a\xdb\xe4S\r',2021.10.11.08.31.07_veh-50_01750_01948/MergedPointCloud/574860a95c375c1e.pcd,1633942906849606
b'\nz\xb0\x06E\xc1Z\x99',"b'Sd\xf5""\x02\xb9^\x08'",b'WH`\xa9\\7\\\x1e',b'\xb7\xfe7\xe3$\x1b^s',b'h\xe3\x13@\x15\x85_h',b'\xdc\xed|\x1a\xdb\xe4S\r',2021.10.11.08.31.07_veh-50_01750_01948/MergedPointCloud/0a7ab00645c15a99.pcd,1633942906899580
"b'Sd\xf5""\x02\xb9^\x08'",b'X\xeb@\xbf\x9a\xb2Y&',b'\nz\xb0\x06E\xc1Z\x99',b'\x86\xee\x96\xd3\xbb\\Y|',b'h\xe3\x13@\x15\x85_h',b'\xdc\xed|\x1a\xdb\xe4S\r',2021.10.11.08.31.07_veh-50_01750_01948/MergedPointCloud/5364f52202b95e08.pcd,1633942906949556
b'X\xeb@\xbf\x9a\xb2Y&',b'dpt\x98\xfd\xde[R',"b'Sd\xf5""\x02\xb9^\x08'",b'jZT\xc4\x99\xeb^\x91',b'h\xe3\x13@\x15\x85_h',b'\xdc\xed|\x1a\xdb\xe4S\r',2021.10.11.08.31.07_veh-50_01750_01948/MergedPointCloud/58eb40bf9ab25926.pcd,1633942906999530
b'dpt\x98\xfd\xde[R',b'\xe6O\xc6\xcf\x0b\xa8Z\x96',b'X\xeb@\xbf\x9a\xb2Y&',b'\xf7/Z\xee\xcb\x9d_\x11',b'h\xe3\x13@\x15\x85_h',b'\xdc\xed|\x1a\xdb\xe4S\r',2021.10.11.08.31.07_veh-50_01750_01948/MergedPointCloud/64707498fdde5b52.pcd,1633942907049505
b'\xe6O\xc6\xcf\x0b\xa8Z\x96',"b'\x84t,\x9a\xbc\xc6_\x7f'",b'dpt\x98\xfd\xde[R',b'\x1e\x11\xd9&\xd52W\xf1',b'h\xe3\x13@\x15\x85_h',b'\xdc\xed|\x1a\xdb\xe4S\r',2021.10.11.08.31.07_veh-50_01750_01948/MergedPointCloud/e64fc6cf0ba85a96.pcd,1633942907099478
"b'\x84t,\x9a\xbc\xc6_\x7f'",b'o4\xd6+\xf1\xcaV8',b'\xe6O\xc6\xcf\x0b\xa8Z\x96',b'0\x8c\x91V\t\x10^H',b'h\xe3\x13@\x15\x85_h',b'\xdc\xed|\x1a\xdb\xe4S\r',2021.10.11.08.31.07_veh-50_01750_01948/MergedPointCloud/84742c9abcc65f7f.pcd,1633942907149452
b'o4\xd6+\xf1\xcaV8',b'4\xaeA\x1a\x85\xd9P\xc1',"b'\x84t,\x9a\xbc\xc6_\x7f'",b'B\xccW_\xca\xa3P\x1f',b'h\xe3\x13@\x15\x85_h',b'\xdc\xed|\x1a\xdb\xe4S\r',2021.10.11.08.31.07_veh-50_01750_01948/MergedPointCloud/6f34d62bf1ca5638.pcd,1633942907199428
b'4\xaeA\x1a\x85\xd9P\xc1',b'\xf3F-\xcdUYU\xd3',b'o4\xd6+\xf1\xcaV8',b'_\xa7\x0cBe\xb4XU',b'h\xe3\x13@\x15\x85_h',b'\xdc\xed|\x1a\xdb\xe4S\r',2021.10.11.08.31.07_veh-50_01750_01948/MergedPointCloud/34ae411a85d950c1.pcd,1633942907249409
b'\xf3F-\xcdUYU\xd3',b'Y$E\xa2\x97\xd5Z\xee',b'4\xaeA\x1a\x85\xd9P\xc1',b'\xa6F\xa2f\r\x0cY\xf6',b'h\xe3\x13@\x15\x85_h',b'\xdc\xed|\x1a\xdb\xe4S\r',2021.10.11.08.31.07_veh-50_01750_01948/MergedPointCloud/f3462dcd555955d3.pcd,1633942907299394
b'Y$E\xa2\x97\xd5Z\xee',b'1ef\xa5md]\x8f',b'\xf3F-\xcdUYU\xd3',b'\x07\xdf\xe3\xb3\x95\x0fUF',b'h\xe3\x13@\x15\x85_h',b'\xdc\xed|\x1a\xdb\xe4S\r',2021.10.11.08.31.07_veh-50_01750_01948/MergedPointCloud/592445a297d55aee.pcd,1633942907349384
b'1ef\xa5md]\x8f',b'`5\x91H\xc8JR\xe9',b'Y$E\xa2\x97\xd5Z\xee',b'\xc4\xcf\xec\xa3\xfa\x86QS',b'h\xe3\x13@\x15\x85_h',b'\xdc\xed|\x1a\xdb\xe4S\r',2021.10.11.08.31.07_veh-50_01750_01948/MergedPointCloud/316566a56d645d8f.pcd,1633942907399376
b'`5\x91H\xc8JR\xe9',b'yVp>b\x07_\x19',b'1ef\xa5md]\x8f',b'\xf3\x01\xec\xddL)^\x0e',b'h\xe3\x13@\x15\x85_h',b'\xdc\xed|\x1a\xdb\xe4S\r',2021.10.11.08.31.07_veh-50_01750_01948/MergedPointCloud/60359148c84a52e9.pcd,1633942907449373
b'yVp>b\x07_\x19',b'\xe0\x82\x8a\xdb\xbe\xc5Y\x9b',b'`5\x91H\xc8JR\xe9',b't\x02\x18\xe8\x92F[Z',b'h\xe3\x13@\x15\x85_h',b'\xdc\xed|\x1a\xdb\xe4S\r',2021.10.11.08.31.07_veh-50_01750_01948/MergedPointCloud/7956703e62075f19.pcd,1633942907499372
b'\xe0\x82\x8a\xdb\xbe\xc5Y\x9b',b'ZQ\xee|\xc8\xfbX\xde',b'yVp>b\x07_\x19',b'\xad\xcf\x7f\x1b\xcc\x16QW',b'h\xe3\x13@\x15\x85_h',b'\xdc\xed|\x1a\xdb\xe4S\r',2021.10.11.08.31.07_veh-50_01750_01948/MergedPointCloud/e0828adbbec5599b.pcd,1633942907549374
b'ZQ\xee|\xc8\xfbX\xde',b'\xf7\xcbu\x06P\xb2U\xfa',b'\xe0\x82\x8a\xdb\xbe\xc5Y\x9b',b':\x90\x9b\x08\xfe\x8dY\xf1',b'h\xe3\x13@\x15\x85_h',b'\xdc\xed|\x1a\xdb\xe4S\r',2021.10.11.08.31.07_veh-50_01750_01948/MergedPointCloud/5a51ee7cc8fb58de.pcd,1633942907599382
b'\xf7\xcbu\x06P\xb2U\xfa',b'\xe9 ?\x0e\xa4\x8f[q',b'ZQ\xee|\xc8\xfbX\xde',"b'G\xcf\xd6\xa9k""\\a'",b'h\xe3\x13@\x15\x85_h',b'\xdc\xed|\x1a\xdb\xe4S\r',2021.10.11.08.31.07_veh-50_01750_01948/MergedPointCloud/f7cb750650b255fa.pcd,1633942907649393
b'\xe9 ?\x0e\xa4\x8f[q',b'k\xd9\xc4\x86\xf6FP\xb4',b'\xf7\xcbu\x06P\xb2U\xfa',b'\xc7jM\x8d\x80AZ\xa0',b'h\xe3\x13@\x15\x85_h',b'\xdc\xed|\x1a\xdb\xe4S\r',2021.10.11.08.31.07_veh-50_01750_01948/MergedPointCloud/e9203f0ea48f5b71.pcd,1633942907699405
b'k\xd9\xc4\x86\xf6FP\xb4',b'\x17)%J\xd8rS*',b'\xe9 ?\x0e\xa4\x8f[q',b'\x84&9\x8aDaY@',b'h\xe3\x13@\x15\x85_h',b'\xdc\xed|\x1a\xdb\xe4S\r',2021.10.11.08.31.07_veh-50_01750_01948/MergedPointCloud/6bd9c486f64650b4.pcd,1633942907749417
b'\x17)%J\xd8rS*',"b'4\xc5\x18.\xde,WD'",b'k\xd9\xc4\x86\xf6FP\xb4',b'~g\xd3\xbcj[P\xd1',b'h\xe3\x13@\x15\x85_h',b'\xdc\xed|\x1a\xdb\xe4S\r',2021.10.11.08.31.07_veh-50_01750_01948/MergedPointCloud/1729254ad872532a.pcd,1633942907799430
"b'4\xc5\x18.\xde,WD'",b'E\x01\xecY\xe2\x13Z\xf1',b'\x17)%J\xd8rS*',b'{\x97\xc4\xb3u\xe3T\x00',b'h\xe3\x13@\x15\x85_h',b'\xdc\xed|\x1a\xdb\xe4S\r',2021.10.11.08.31.07_veh-50_01750_01948/MergedPointCloud/34c5182ede2c5744.pcd,1633942907849446
b'E\x01\xecY\xe2\x13Z\xf1',b'\x9a~\x85Y\x08 Vc',"b'4\xc5\x18.\xde,WD'",b'\x9fD\xc9.aXU\xfd',b'h\xe3\x13@\x15\x85_h',b'\xdc\xed|\x1a\xdb\xe4S\r',2021.10.11.08.31.07_veh-50_01750_01948/MergedPointCloud/4501ec59e2135af1.pcd,1633942907899463
b'\x9a~\x85Y\x08 Vc',b'\x1e\xbc#z\x02G^\xd6',b'E\x01\xecY\xe2\x13Z\xf1',b'#\xee\xccC\xc0\xbdTC',b'h\xe3\x13@\x15\x85_h',b'\xdc\xed|\x1a\xdb\xe4S\r',2021.10.11.08.31.07_veh-50_01750_01948/MergedPointCloud/9a7e855908205663.pcd,1633942907949484
b'\x1e\xbc#z\x02G^\xd6',b'\xe9\xfd\x12\xde\xeaP_\xa4',b'\x9a~\x85Y\x08 Vc',b'\xcf\xc9\x1e\x82\xd0\xd9S\xf6',b'h\xe3\x13@\x15\x85_h',b'\xdc\xed|\x1a\xdb\xe4S\r',2021.10.11.08.31.07_veh-50_01750_01948/MergedPointCloud/1ebc237a02475ed6.pcd,1633942907999507
b'\xe9\xfd\x12\xde\xeaP_\xa4',b'\x0c\x00n\x84n\x11U\xf2',b'\x1e\xbc#z\x02G^\xd6',b'\x9fa68\xf2\xd3Y\x12',b'h\xe3\x13@\x15\x85_h',b'\xdc\xed|\x1a\xdb\xe4S\r',2021.10.11.08.31.07_veh-50_01750_01948/MergedPointCloud/e9fd12deea505fa4.pcd,1633942908049534
b'\x0c\x00n\x84n\x11U\xf2',b'\xe9\xfa\x94\xe0\x17\x0eW@',b'\xe9\xfd\x12\xde\xeaP_\xa4',b'\xc8\xba\xb1\xee\x1e\x86P\xe6',b'h\xe3\x13@\x15\x85_h',b'\xdc\xed|\x1a\xdb\xe4S\r',2021.10.11.08.31.07_veh-50_01750_01948/MergedPointCloud/0c006e846e1155f2.pcd,1633942908099565
b'\xe9\xfa\x94\xe0\x17\x0eW@',"b'\xbb\xc5\xc4\x8d""\xb0TT'",b'\x0c\x00n\x84n\x11U\xf2',b'h\xa5\xef\xdbfoP\xed',b'h\xe3\x13@\x15\x85_h',b'\xdc\xed|\x1a\xdb\xe4S\r',2021.10.11.08.31.07_veh-50_01750_01948/MergedPointCloud/e9fa94e0170e5740.pcd,1633942908149596
"b'\xbb\xc5\xc4\x8d""\xb0TT'",b'\xe4\xb5va\xfd\x07]\x8f',b'\xe9\xfa\x94\xe0\x17\x0eW@',b'>\x9d{ .\x8bVP',b'h\xe3\x13@\x15\x85_h',b'\xdc\xed|\x1a\xdb\xe4S\r',2021.10.11.08.31.07_veh-50_01750_01948/MergedPointCloud/bbc5c48d22b05454.pcd,1633942908199629
b'\xe4\xb5va\xfd\x07]\x8f',b'\xf1\x9f\xba\x08\xe9\x02S\xc8',"b'\xbb\xc5\xc4\x8d""\xb0TT'",b'\x98(\x97=-CZ@',b'h\xe3\x13@\x15\x85_h',b'\xdc\xed|\x1a\xdb\xe4S\r',2021.10.11.08.31.07_veh-50_01750_01948/MergedPointCloud/e4b57661fd075d8f.pcd,1633942908249662
b'\xf1\x9f\xba\x08\xe9\x02S\xc8',b'\xee\x89\xcf\xab4-]\xbc',b'\xe4\xb5va\xfd\x07]\x8f',b'\xbb\xcf\xd4\x04\xb5DY\xa1',b'h\xe3\x13@\x15\x85_h',b'\xdc\xed|\x1a\xdb\xe4S\r',2021.10.11.08.31.07_veh-50_01750_01948/MergedPointCloud/f19fba08e90253c8.pcd,1633942908299695
b'\xee\x89\xcf\xab4-]\xbc',b'w\x11\xb9\x10\x16\xacX\xa0',b'\xf1\x9f\xba\x08\xe9\x02S\xc8',b'5|\x81\xbap\x96V\xb3',b'h\xe3\x13@\x15\x85_h',b'\xdc\xed|\x1a\xdb\xe4S\r',2021.10.11.08.31.07_veh-50_01750_01948/MergedPointCloud/ee89cfab342d5dbc.pcd,1633942908349728
b'w\x11\xb9\x10\x16\xacX\xa0',b'F\xcf\xf8\xfc\xdb\xbeP1',b'\xee\x89\xcf\xab4-]\xbc',b'a\xd0\x10\x11X\xafR5',b'h\xe3\x13@\x15\x85_h',b'\xdc\xed|\x1a\xdb\xe4S\r',2021.10.11.08.31.07_veh-50_01750_01948/MergedPointCloud/7711b91016ac58a0.pcd,1633942908399762
b'F\xcf\xf8\xfc\xdb\xbeP1',b'T\xa4\xac)\xb6\xf6[\x19',b'w\x11\xb9\x10\x16\xacX\xa0',b'S\x8dG-\xf0+[]',b'h\xe3\x13@\x15\x85_h',b'\xdc\xed|\x1a\xdb\xe4S\r',2021.10.11.08.31.07_veh-50_01750_01948/MergedPointCloud/46cff8fcdbbe5031.pcd,1633942908449797
b'T\xa4\xac)\xb6\xf6[\x19',b'\xea\xa5@sM\x8c^\x13',b'F\xcf\xf8\xfc\xdb\xbeP1',b'\xf4U\xe0;\x13\xadT\x13',b'h\xe3\x13@\x15\x85_h',b'\xdc\xed|\x1a\xdb\xe4S\r',2021.10.11.08.31.07_veh-50_01750_01948/MergedPointCloud/54a4ac29b6f65b19.pcd,1633942908499832
b'\xea\xa5@sM\x8c^\x13',b'e3[\xd1\x12\xf9U=',b'T\xa4\xac)\xb6\xf6[\x19',b'\x07\xa6\xaa\xa4\xe3\x9d^\x8c',b'h\xe3\x13@\x15\x85_h',b'\xdc\xed|\x1a\xdb\xe4S\r',2021.10.11.08.31.07_veh-50_01750_01948/MergedPointCloud/eaa540734d8c5e13.pcd,1633942908549870
b'e3[\xd1\x12\xf9U=',"b'\xaa\xd2\xcf\x02\xbdrU""'",b'\xea\xa5@sM\x8c^\x13',b'\xe0\x03\x92\xa9\xb8\xafZ\xf5',b'h\xe3\x13@\x15\x85_h',b'\xdc\xed|\x1a\xdb\xe4S\r',2021.10.11.08.31.07_veh-50_01750_01948/MergedPointCloud/65335bd112f9553d.pcd,1633942908599906
"b'\xaa\xd2\xcf\x02\xbdrU""'",b'\xa4\xe0\xbc\x9f\xba\x13P\x14',b'e3[\xd1\x12\xf9U=',b'\x8a\xef\x0f\xe2j\xce[_',b'h\xe3\x13@\x15\x85_h',b'\xdc\xed|\x1a\xdb\xe4S\r',2021.10.11.08.31.07_veh-50_01750_01948/MergedPointCloud/aad2cf02bd725522.pcd,1633942908649943
b'\xa4\xe0\xbc\x9f\xba\x13P\x14',b'$\xe0\xf5\\\xbdSQ\xe9',"b'\xaa\xd2\xcf\x02\xbdrU""'",b'\xd9Z\xf3KU\xcdV\xd6',b'h\xe3\x13@\x15\x85_h',b'\xdc\xed|\x1a\xdb\xe4S\r',2021.10.11.08.31.07_veh-50_01750_01948/MergedPointCloud/a4e0bc9fba135014.pcd,1633942908699982
b'$\xe0\xf5\\\xbdSQ\xe9',b'\xc0t\xc7\x11q\x1ePC',b'\xa4\xe0\xbc\x9f\xba\x13P\x14',b']}\xf3\xbe\x9e\x95U}',b'h\xe3\x13@\x15\x85_h',b'\xdc\xed|\x1a\xdb\xe4S\r',2021.10.11.08.31.07_veh-50_01750_01948/MergedPointCloud/24e0f55cbd5351e9.pcd,1633942908750023
b'\xc0t\xc7\x11q\x1ePC',b'9\xd4\xea7`\xd1]\xc1',b'$\xe0\xf5\\\xbdSQ\xe9',b'.k\x8fJ\xad(^n',b'h\xe3\x13@\x15\x85_h',b'\xdc\xed|\x1a\xdb\xe4S\r',2021.10.11.08.31.07_veh-50_01750_01948/MergedPointCloud/c074c711711e5043.pcd,1633942908800067
b'9\xd4\xea7`\xd1]\xc1',b'w\xf5\xe9\x02@g_B',b'\xc0t\xc7\x11q\x1ePC',b'\xcb\xb5\xf81\xb1\xc8\\\xda',b'h\xe3\x13@\x15\x85_h',b'\xdc\xed|\x1a\xdb\xe4S\r',2021.10.11.08.31.07_veh-50_01750_01948/MergedPointCloud/39d4ea3760d15dc1.pcd,1633942908850112
b'w\xf5\xe9\x02@g_B',b'<#\x92r\xb8>_>',b'9\xd4\xea7`\xd1]\xc1',b'\xb0X\x9a\xb5\xf9\x1cV\xbe',b'h\xe3\x13@\x15\x85_h',b'\xdc\xed|\x1a\xdb\xe4S\r',2021.10.11.08.31.07_veh-50_01750_01948/MergedPointCloud/77f5e90240675f42.pcd,1633942908900159
b'<#\x92r\xb8>_>',"b'\xee\xafa"")q\\\x00'",b'w\xf5\xe9\x02@g_B',b'\xf3\xf1:\x1b-\xa9_s',b'h\xe3\x13@\x15\x85_h',b'\xdc\xed|\x1a\xdb\xe4S\r',2021.10.11.08.31.07_veh-50_01750_01948/MergedPointCloud/3c239272b83e5f3e.pcd,1633942908950205
"b'\xee\xafa"")q\\\x00'",b'\xbcym|\x05\x1dY\xa3',b'<#\x92r\xb8>_>',b'\x0f\xadG\xa1W\x12_\xcb',b'h\xe3\x13@\x15\x85_h',b'\xdc\xed|\x1a\xdb\xe4S\r',2021.10.11.08.31.07_veh-50_01750_01948/MergedPointCloud/eeaf612229715c00.pcd,1633942909000249
b'\xbcym|\x05\x1dY\xa3',b'\xe4\x02.\xbd\x12\x82U4',"b'\xee\xafa"")q\\\x00'",b'[3\xbb\xd2\x91\xd6R\x82',b'h\xe3\x13@\x15\x85_h',b'\xdc\xed|\x1a\xdb\xe4S\r',2021.10.11.08.31.07_veh-50_01750_01948/MergedPointCloud/bc796d7c051d59a3.pcd,1633942909050292
b'\xe4\x02.\xbd\x12\x82U4',b'\xa2OH\xbdU\xd2S\xa3',b'\xbcym|\x05\x1dY\xa3',b'\x90R\xbb/?\x80]\xc9',b'h\xe3\x13@\x15\x85_h',b'\xdc\xed|\x1a\xdb\xe4S\r',2021.10.11.08.31.07_veh-50_01750_01948/MergedPointCloud/e4022ebd12825534.pcd,1633942909100329
b'\xa2OH\xbdU\xd2S\xa3',b'\x15\xac<\x9eM\xe8ZW',b'\xe4\x02.\xbd\x12\x82U4',b'\x13rQ\xbc\x00\xb1Qc',b'h\xe3\x13@\x15\x85_h',b'\xdc\xed|\x1a\xdb\xe4S\r',2021.10.11.08.31.07_veh-50_01750_01948/MergedPointCloud/a24f48bd55d253a3.pcd,1633942909150361
b'\x15\xac<\x9eM\xe8ZW',b'u\x1bu\x1a\r\x06W\xeb',b'\xa2OH\xbdU\xd2S\xa3',b'\x8b\xceo\xc0\xe1\x8eY\x1c',b'h\xe3\x13@\x15\x85_h',b'\xdc\xed|\x1a\xdb\xe4S\r',2021.10.11.08.31.07_veh-50_01750_01948/MergedPointCloud/15ac3c9e4de85a57.pcd,1633942909200386
b'u\x1bu\x1a\r\x06W\xeb',b'}K\xe0\x1e\xa6!^\x9a',b'\x15\xac<\x9eM\xe8ZW',b'\xd3\xecK\xec\x10\xc3S\x12',b'h\xe3\x13@\x15\x85_h',b'\xdc\xed|\x1a\xdb\xe4S\r',2021.10.11.08.31.07_veh-50_01750_01948/MergedPointCloud/751b751a0d0657eb.pcd,1633942909250406
b'}K\xe0\x1e\xa6!^\x9a',b'\x18\xe1\x1e\xb4\xc1\xd1Y\x85',b'u\x1bu\x1a\r\x06W\xeb',b'\xb7!(\n\xd1nY\xd6',b'h\xe3\x13@\x15\x85_h',b'\xdc\xed|\x1a\xdb\xe4S\r',2021.10.11.08.31.07_veh-50_01750_01948/MergedPointCloud/7d4be01ea6215e9a.pcd,1633942909300420
b'\x18\xe1\x1e\xb4\xc1\xd1Y\x85',b'2 avH\xe2YX',b'}K\xe0\x1e\xa6!^\x9a',b'Iw\xa3\x05\xb6W]\xb9',b'h\xe3\x13@\x15\x85_h',b'\xdc\xed|\x1a\xdb\xe4S\r',2021.10.11.08.31.07_veh-50_01750_01948/MergedPointCloud/18e11eb4c1d15985.pcd,1633942909350424
b'2 avH\xe2YX',b'8 g\xe3\xe8\xfc\\\xcb',b'\x18\xe1\x1e\xb4\xc1\xd1Y\x85',b'\xad\x82\x89\xf6@\x8f_N',b'h\xe3\x13@\x15\x85_h',b'\xdc\xed|\x1a\xdb\xe4S\r',2021.10.11.08.31.07_veh-50_01750_01948/MergedPointCloud/3220617648e25958.pcd,1633942909400423
b'8 g\xe3\xe8\xfc\\\xcb',b'\xd7\x83\xfd_\x08*U\xdf',b'2 avH\xe2YX',b'\xa3o!\xbd\xbd\x85Wu',b'h\xe3\x13@\x15\x85_h',b'\xdc\xed|\x1a\xdb\xe4S\r',2021.10.11.08.31.07_veh-50_01750_01948/MergedPointCloud/382067e3e8fc5ccb.pcd,1633942909450416
b'\xd7\x83\xfd_\x08*U\xdf',"b'\x1ah\t[\x86""W\xa2'",b'8 g\xe3\xe8\xfc\\\xcb',b'T`e\xc5\x85\xdbQ\x02',b'h\xe3\x13@\x15\x85_h',b'\xdc\xed|\x1a\xdb\xe4S\r',2021.10.11.08.31.07_veh-50_01750_01948/MergedPointCloud/d783fd5f082a55df.pcd,1633942909500406
"b'\x1ah\t[\x86""W\xa2'","b'r\xc3\x17\x1c""\x06U\x9e'",b'\xd7\x83\xfd_\x08*U\xdf',"b'\xceE\xfe|""{U.'",b'h\xe3\x13@\x15\x85_h',b'\xdc\xed|\x1a\xdb\xe4S\r',2021.10.11.08.31.07_veh-50_01750_01948/MergedPointCloud/1a68095b862257a2.pcd,1633942909550394
"b'r\xc3\x17\x1c""\x06U\x9e'",b'L\xf2\xae\xcbn\x85X.',"b'\x1ah\t[\x86""W\xa2'","b's\x9c|D>eV""'",b'h\xe3\x13@\x15\x85_h',b'\xdc\xed|\x1a\xdb\xe4S\r',2021.10.11.08.31.07_veh-50_01750_01948/MergedPointCloud/72c3171c2206559e.pcd,1633942909600380
b'L\xf2\xae\xcbn\x85X.',b'\xe2\xff\xd3\xb0G\x02\\\n',"b'r\xc3\x17\x1c""\x06U\x9e'",b'(k\xf8DV\xe1Z\xa9',b'h\xe3\x13@\x15\x85_h',b'\xdc\xed|\x1a\xdb\xe4S\r',2021.10.11.08.31.07_veh-50_01750_01948/MergedPointCloud/4cf2aecb6e85582e.pcd,1633942909650363
b'\xe2\xff\xd3\xb0G\x02\\\n',"b'k\x16m-,\xd9R\xa0'",b'L\xf2\xae\xcbn\x85X.',b'+\x87.\xc7\xc6\xd1^\xa8',b'h\xe3\x13@\x15\x85_h',b'\xdc\xed|\x1a\xdb\xe4S\r',2021.10.11.08.31.07_veh-50_01750_01948/MergedPointCloud/e2ffd3b047025c0a.pcd,1633942909700341
"b'k\x16m-,\xd9R\xa0'",b'!\xee\xb5\x10M\xebPz',b'\xe2\xff\xd3\xb0G\x02\\\n',b'\xc3\xd0\xe0g\xd06\\B',b'h\xe3\x13@\x15\x85_h',b'\xdc\xed|\x1a\xdb\xe4S\r',2021.10.11.08.31.07_veh-50_01750_01948/MergedPointCloud/6b166d2d2cd952a0.pcd,1633942909750314
b'!\xee\xb5\x10M\xebPz',b'\xcfD\xef\xdd\x9e\xbaU>',"b'k\x16m-,\xd9R\xa0'",b'Y\x06\xa1#u1_e',b'h\xe3\x13@\x15\x85_h',b'\xdc\xed|\x1a\xdb\xe4S\r',2021.10.11.08.31.07_veh-50_01750_01948/MergedPointCloud/21eeb5104deb507a.pcd,1633942909800285
b'\xcfD\xef\xdd\x9e\xbaU>',b'\xcf\xb1\x97|\xf0\xe5T[',b'!\xee\xb5\x10M\xebPz',b'g\x1a\x93?\x8b+[\xb1',b'h\xe3\x13@\x15\x85_h',b'\xdc\xed|\x1a\xdb\xe4S\r',2021.10.11.08.31.07_veh-50_01750_01948/MergedPointCloud/cf44efdd9eba553e.pcd,1633942909850253
b'\xcf\xb1\x97|\xf0\xe5T[',b'\x16\xeb\xc2}\xf9\x11YG',b'\xcfD\xef\xdd\x9e\xbaU>',b'\xab\x05\x05\xbcu*U\xa2',b'h\xe3\x13@\x15\x85_h',b'\xdc\xed|\x1a\xdb\xe4S\r',2021.10.11.08.31.07_veh-50_01750_01948/MergedPointCloud/cfb1977cf0e5545b.pcd,1633942909900220
b'\x16\xeb\xc2}\xf9\x11YG',b'\xd3yo\x8b?\x12W\x1a',b'\xcf\xb1\x97|\xf0\xe5T[',b'\xe3_\xdb\x01.\xcd_\x0c',b'h\xe3\x13@\x15\x85_h',b'\xdc\xed|\x1a\xdb\xe4S\r',2021.10.11.08.31.07_veh-50_01750_01948/MergedPointCloud/16ebc27df9115947.pcd,1633942909950189
b'\xd3yo\x8b?\x12W\x1a',b'\xc5\xa0]\x8e&\x15WB',b'\x16\xeb\xc2}\xf9\x11YG',b'\xe6B\xce\x8d\xd6\xc0]\x1e',b'h\xe3\x13@\x15\x85_h',b'\xdc\xed|\x1a\xdb\xe4S\r',2021.10.11.08.31.07_veh-50_01750_01948/MergedPointCloud/d3796f8b3f12571a.pcd,1633942910000159
b'\xc5\xa0]\x8e&\x15WB',b'\xec)B7\xa6\xf6Ya',b'\xd3yo\x8b?\x12W\x1a',b'\x86\x8c\x8c\xe8\xe6\xd8U\x89',b'h\xe3\x13@\x15\x85_h',b'\xdc\xed|\x1a\xdb\xe4S\r',2021.10.11.08.31.07_veh-50_01750_01948/MergedPointCloud/c5a05d8e26155742.pcd,1633942910050131
b'\xec)B7\xa6\xf6Ya',b'N(\xb6{c\x17V\xda',b'\xc5\xa0]\x8e&\x15WB',b'tl\xf0g\x01\xce\\\xb1',b'h\xe3\x13@\x15\x85_h',b'\xdc\xed|\x1a\xdb\xe4S\r',2021.10.11.08.31.07_veh-50_01750_01948/MergedPointCloud/ec294237a6f65961.pcd,1633942910100105
b'N(\xb6{c\x17V\xda',b'\x047\xc4\x1es\x1a]\x8d',b'\xec)B7\xa6\xf6Ya',b'\x1a\x8b\xe8\xaf\x99\xafP\xe7',b'h\xe3\x13@\x15\x85_h',b'\xdc\xed|\x1a\xdb\xe4S\r',2021.10.11.08.31.07_veh-50_01750_01948/MergedPointCloud/4e28b67b631756da.pcd,1633942910150082
b'\x047\xc4\x1es\x1a]\x8d',b'|\xab\xd27\xa3\xe8S\xa2',b'N(\xb6{c\x17V\xda',b'V#\x05\x1e\x0c\x1fX\x8e',b'h\xe3\x13@\x15\x85_h',b'\xdc\xed|\x1a\xdb\xe4S\r',2021.10.11.08.31.07_veh-50_01750_01948/MergedPointCloud/0437c41e731a5d8d.pcd,1633942910200059
b'|\xab\xd27\xa3\xe8S\xa2',b'\xd7\x15\xfc\xaa\xac\xbdS\xca',b'\x047\xc4\x1es\x1a]\x8d',b'\x08\xdf\xf9\x9f\x7f\xa5WB',b'h\xe3\x13@\x15\x85_h',b'\xdc\xed|\x1a\xdb\xe4S\r',2021.10.11.08.31.07_veh-50_01750_01948/MergedPointCloud/7cabd237a3e853a2.pcd,1633942910250035
b'\xd7\x15\xfc\xaa\xac\xbdS\xca',b'[V\xc0\xad\x99\\U\xfa',b'|\xab\xd27\xa3\xe8S\xa2',b'6M\xa9\x0c\xe8\xb3Y\xa8',b'h\xe3\x13@\x15\x85_h',b'\xdc\xed|\x1a\xdb\xe4S\r',2021.10.11.08.31.07_veh-50_01750_01948/MergedPointCloud/d715fcaaacbd53ca.pcd,1633942910300013
b'[V\xc0\xad\x99\\U\xfa',b'C\xec\x0c\xaeq\x9eR\xd0',b'\xd7\x15\xfc\xaa\xac\xbdS\xca',b'\x86^e\xf1\xb7\xcaW\x01',b'h\xe3\x13@\x15\x85_h',b'\xdc\xed|\x1a\xdb\xe4S\r',2021.10.11.08.31.07_veh-50_01750_01948/MergedPointCloud/5b56c0ad995c55fa.pcd,1633942910349993
b'C\xec\x0c\xaeq\x9eR\xd0',b'0\x0biY\x9d\x0eTG',b'[V\xc0\xad\x99\\U\xfa',b'z3\xbf\xa2h\xd6_\xb2',b'h\xe3\x13@\x15\x85_h',b'\xdc\xed|\x1a\xdb\xe4S\r',2021.10.11.08.31.07_veh-50_01750_01948/MergedPointCloud/43ec0cae719e52d0.pcd,1633942910399973
b'0\x0biY\x9d\x0eTG',b'\xde\xb7Hs-\xb7Q)',b'C\xec\x0c\xaeq\x9eR\xd0',b'5\nY@\xa0pT\x19',b'h\xe3\x13@\x15\x85_h',b'\xdc\xed|\x1a\xdb\xe4S\r',2021.10.11.08.31.07_veh-50_01750_01948/MergedPointCloud/300b69599d0e5447.pcd,1633942910449952
b'\xde\xb7Hs-\xb7Q)',b'\xfd\x06B(M\nS\x07',b'0\x0biY\x9d\x0eTG',b'\x91\x110\xa4.\x82QH',b'h\xe3\x13@\x15\x85_h',b'\xdc\xed|\x1a\xdb\xe4S\r',2021.10.11.08.31.07_veh-50_01750_01948/MergedPointCloud/deb748732db75129.pcd,1633942910499931
b'\xfd\x06B(M\nS\x07',b'\x1b\xe1\xc5d\xd2#U\xe2',b'\xde\xb7Hs-\xb7Q)',b'\xd0m\xbc\xd9V\xd6Z\xa2',b'h\xe3\x13@\x15\x85_h',b'\xdc\xed|\x1a\xdb\xe4S\r',2021.10.11.08.31.07_veh-50_01750_01948/MergedPointCloud/fd0642284d0a5307.pcd,1633942910549908
b'\x1b\xe1\xc5d\xd2#U\xe2',b'\xa9-\x0f\x14\xa5_Q_',b'\xfd\x06B(M\nS\x07',b'8\xaeg&\n\x00[\x02',b'h\xe3\x13@\x15\x85_h',b'\xdc\xed|\x1a\xdb\xe4S\r',2021.10.11.08.31.07_veh-50_01750_01948/MergedPointCloud/1be1c564d22355e2.pcd,1633942910599882
b'\xa9-\x0f\x14\xa5_Q_',b'\xeb\xf8\x8f\x88\x9cNR\x0f',b'\x1b\xe1\xc5d\xd2#U\xe2',b'+\xa6\xab!\x1a\xd9V\x81',b'h\xe3\x13@\x15\x85_h',b'\xdc\xed|\x1a\xdb\xe4S\r',2021.10.11.08.31.07_veh-50_01750_01948/MergedPointCloud/a92d0f14a55f515f.pcd,1633942910649857
b'\xeb\xf8\x8f\x88\x9cNR\x0f',b'k\r\x19/\xcc\x13[\xc8',b'\xa9-\x0f\x14\xa5_Q_',b'\x17Iw\xf2\xd4eR\xf9',b'h\xe3\x13@\x15\x85_h',b'\xdc\xed|\x1a\xdb\xe4S\r',2021.10.11.08.31.07_veh-50_01750_01948/MergedPointCloud/ebf88f889c4e520f.pcd,1633942910699831
b'k\r\x19/\xcc\x13[\xc8',"b'""8\xf8\xe8\xfa\xa4Q\xcf'",b'\xeb\xf8\x8f\x88\x9cNR\x0f',b'\xe2\x0f\x0b\x18\x12`R\x18',b'h\xe3\x13@\x15\x85_h',b'\xdc\xed|\x1a\xdb\xe4S\r',2021.10.11.08.31.07_veh-50_01750_01948/MergedPointCloud/6b0d192fcc135bc8.pcd,1633942910749805
"b'""8\xf8\xe8\xfa\xa4Q\xcf'",b'Z\x92\xbc\x85\xc3\xdeWl',b'k\r\x19/\xcc\x13[\xc8',b'j\xb6\xf5\xe7\x95.P\x8a',b'h\xe3\x13@\x15\x85_h',b'\xdc\xed|\x1a\xdb\xe4S\r',2021.10.11.08.31.07_veh-50_01750_01948/MergedPointCloud/2238f8e8faa451cf.pcd,1633942910799778
b'Z\x92\xbc\x85\xc3\xdeWl',b'\xe3\xc1\x04\x0c\xeb\xa7Xt',"b'""8\xf8\xe8\xfa\xa4Q\xcf'",b'\xa6\xcbULs\xa9[\t',b'h\xe3\x13@\x15\x85_h',b'\xdc\xed|\x1a\xdb\xe4S\r',2021.10.11.08.31.07_veh-50_01750_01948/MergedPointCloud/5a92bc85c3de576c.pcd,1633942910849750
b'\xe3\xc1\x04\x0c\xeb\xa7Xt',b'\xa5\xff\xbb\x1e\xdf\xe7Vy',b'Z\x92\xbc\x85\xc3\xdeWl',b'\x0b\x8f\xeer\xeda\\\x97',b'h\xe3\x13@\x15\x85_h',b'\xdc\xed|\x1a\xdb\xe4S\r',2021.10.11.08.31.07_veh-50_01750_01948/MergedPointCloud/e3c1040ceba75874.pcd,1633942910899722
b'\xa5\xff\xbb\x1e\xdf\xe7Vy',b'\xd2\x1fUB\xd6\x15S\x02',b'\xe3\xc1\x04\x0c\xeb\xa7Xt',"b'\x82v,\xde\xc1QY\xbe'",b'h\xe3\x13@\x15\x85_h',b'\xdc\xed|\x1a\xdb\xe4S\r',2021.10.11.08.31.07_veh-50_01750_01948/MergedPointCloud/a5ffbb1edfe75679.pcd,1633942910949692
b'\xd2\x1fUB\xd6\x15S\x02',b'\x0f\xe0\x9eP\x7fK[f',b'\xa5\xff\xbb\x1e\xdf\xe7Vy',"b""^`\x97#j\xbf['""",b'h\xe3\x13@\x15\x85_h',b'\xdc\xed|\x1a\xdb\xe4S\r',2021.10.11.08.31.07_veh-50_01750_01948/MergedPointCloud/d21f5542d6155302.pcd,1633942910999661
b'\x0f\xe0\x9eP\x7fK[f',b'\xfc\x86\xac\xb4\xc5\x81V\x8f',b'\xd2\x1fUB\xd6\x15S\x02',b'\xc0>\xd3tSXW\xe1',b'h\xe3\x13@\x15\x85_h',b'\xdc\xed|\x1a\xdb\xe4S\r',2021.10.11.08.31.07_veh-50_01750_01948/MergedPointCloud/0fe09e507f4b5b66.pcd,1633942911049633
b'\xfc\x86\xac\xb4\xc5\x81V\x8f',b'\xcd\xc3K^\xe8\xf6P\xaf',b'\x0f\xe0\x9eP\x7fK[f',b'\xf5\xba\x02\xa0<\nPe',b'h\xe3\x13@\x15\x85_h',b'\xdc\xed|\x1a\xdb\xe4S\r',2021.10.11.08.31.07_veh-50_01750_01948/MergedPointCloud/fc86acb4c581568f.pcd,1633942911099604
b'\xcd\xc3K^\xe8\xf6P\xaf',b'\xc6\x85\xa9E\xd4\xf1W\xc1',b'\xfc\x86\xac\xb4\xc5\x81V\x8f',b'\xf7\x91\x01\xe0\xd7\xfb\\!',b'h\xe3\x13@\x15\x85_h',b'\xdc\xed|\x1a\xdb\xe4S\r',2021.10.11.08.31.07_veh-50_01750_01948/MergedPointCloud/cdc34b5ee8f650af.pcd,1633942911149578
b'\xc6\x85\xa9E\xd4\xf1W\xc1',b'\xad\t\x80X\x93s^\x03',b'\xcd\xc3K^\xe8\xf6P\xaf',b'\xd3\xe2+\x9a 0]W',b'h\xe3\x13@\x15\x85_h',b'\xdc\xed|\x1a\xdb\xe4S\r',2021.10.11.08.31.07_veh-50_01750_01948/MergedPointCloud/c685a945d4f157c1.pcd,1633942911199553
b'\xad\t\x80X\x93s^\x03',b'N\xfc\xa6\x8fh\xa9\\\x0b',b'\xc6\x85\xa9E\xd4\xf1W\xc1',b'\x8b\xf9P\xf7\x97`\\\xd2',b'h\xe3\x13@\x15\x85_h',b'\xdc\xed|\x1a\xdb\xe4S\r',2021.10.11.08.31.07_veh-50_01750_01948/MergedPointCloud/ad09805893735e03.pcd,1633942911249530
b'N\xfc\xa6\x8fh\xa9\\\x0b',b'R\x8e[h)ZW\xcd',b'\xad\t\x80X\x93s^\x03',b'\xdee\x05D-\x1f[R',b'h\xe3\x13@\x15\x85_h',b'\xdc\xed|\x1a\xdb\xe4S\r',2021.10.11.08.31.07_veh-50_01750_01948/MergedPointCloud/4efca68f68a95c0b.pcd,1633942911299511
b'R\x8e[h)ZW\xcd',b'\xd3gX\xba*\x8f[o',b'N\xfc\xa6\x8fh\xa9\\\x0b',b'\xd6\x9d\x82=i\xf9PO',b'h\xe3\x13@\x15\x85_h',b'\xdc\xed|\x1a\xdb\xe4S\r',2021.10.11.08.31.07_veh-50_01750_01948/MergedPointCloud/528e5b68295a57cd.pcd,1633942911349495
b'\xd3gX\xba*\x8f[o',b'F5\xf2\xa3\x84gY\xc4',b'R\x8e[h)ZW\xcd',b'\xaet\xa0\x06\xf5\xc7S\x16',b'h\xe3\x13@\x15\x85_h',b'\xdc\xed|\x1a\xdb\xe4S\r',2021.10.11.08.31.07_veh-50_01750_01948/MergedPointCloud/d36758ba2a8f5b6f.pcd,1633942911399482
b'F5\xf2\xa3\x84gY\xc4',"b'w\x14\xfen\xb1""[\xdb'",b'\xd3gX\xba*\x8f[o',b'@!\x100\x19\x14RG',b'h\xe3\x13@\x15\x85_h',b'\xdc\xed|\x1a\xdb\xe4S\r',2021.10.11.08.31.07_veh-50_01750_01948/MergedPointCloud/4635f2a3846759c4.pcd,1633942911449473
"b'w\x14\xfen\xb1""[\xdb'",b'ei\xa4\xb0N\x1bSq',b'F5\xf2\xa3\x84gY\xc4',b'c\x9af#=W^\xa9',b'h\xe3\x13@\x15\x85_h',b'\xdc\xed|\x1a\xdb\xe4S\r',2021.10.11.08.31.07_veh-50_01750_01948/MergedPointCloud/7714fe6eb1225bdb.pcd,1633942911499467
b'ei\xa4\xb0N\x1bSq',b'\xa6A\x03\xc23\x92\\>',"b'w\x14\xfen\xb1""[\xdb'",b'r\xe6z\xfe\x90\x18_\xa4',b'h\xe3\x13@\x15\x85_h',b'\xdc\xed|\x1a\xdb\xe4S\r',2021.10.11.08.31.07_veh-50_01750_01948/MergedPointCloud/6569a4b04e1b5371.pcd,1633942911549465
b'\xa6A\x03\xc23\x92\\>',b'\x9f\xb5f\x97]\xc2^n',b'ei\xa4\xb0N\x1bSq',b'\x862\xef\x84\x93:T@',b'h\xe3\x13@\x15\x85_h',b'\xdc\xed|\x1a\xdb\xe4S\r',2021.10.11.08.31.07_veh-50_01750_01948/MergedPointCloud/a64103c233925c3e.pcd,1633942911599467
b'\x9f\xb5f\x97]\xc2^n',b'\x194X\x95i\xa8V\xae',b'\xa6A\x03\xc23\x92\\>',b'\x0f\x8d\x87P\x9d\xc3S\x90',b'h\xe3\x13@\x15\x85_h',b'\xdc\xed|\x1a\xdb\xe4S\r',2021.10.11.08.31.07_veh-50_01750_01948/MergedPointCloud/9fb566975dc25e6e.pcd,1633942911649474
b'\x194X\x95i\xa8V\xae',b'\xcf\x1aJ\xff}&V ',b'\x9f\xb5f\x97]\xc2^n',b'\x0ezP\xbc\x91\xfcX\xda',b'h\xe3\x13@\x15\x85_h',b'\xdc\xed|\x1a\xdb\xe4S\r',2021.10.11.08.31.07_veh-50_01750_01948/MergedPointCloud/1934589569a856ae.pcd,1633942911699486
b'\xcf\x1aJ\xff}&V ',b'\x84f\xc8G\xa3+Q\x82',b'\x194X\x95i\xa8V\xae',b'\xaf\x86\xd4~\xf5\x08_\x05',b'h\xe3\x13@\x15\x85_h',b'\xdc\xed|\x1a\xdb\xe4S\r',2021.10.11.08.31.07_veh-50_01750_01948/MergedPointCloud/cf1a4aff7d265620.pcd,1633942911749502
b'\x84f\xc8G\xa3+Q\x82',b'\x99!H\xf2&\x8dU\xc1',b'\xcf\x1aJ\xff}&V ',b'\x1a\x03\xcd\x90\x9b\xb3T@',b'h\xe3\x13@\x15\x85_h',b'\xdc\xed|\x1a\xdb\xe4S\r',2021.10.11.08.31.07_veh-50_01750_01948/MergedPointCloud/8466c847a32b5182.pcd,1633942911799520
b'\x99!H\xf2&\x8dU\xc1',b'[{\\\x96\xff\xf2P\xc9',b'\x84f\xc8G\xa3+Q\x82',b'\xf0h\xaf\x89HGY\xc1',b'h\xe3\x13@\x15\x85_h',b'\xdc\xed|\x1a\xdb\xe4S\r',2021.10.11.08.31.07_veh-50_01750_01948/MergedPointCloud/992148f2268d55c1.pcd,1633942911849540
b'[{\\\x96\xff\xf2P\xc9',b'u\xe9YL@UXN',b'\x99!H\xf2&\x8dU\xc1',b'\x1c|\x02n8FV\xc8',b'h\xe3\x13@\x15\x85_h',b'\xdc\xed|\x1a\xdb\xe4S\r',2021.10.11.08.31.07_veh-50_01750_01948/MergedPointCloud/5b7b5c96fff250c9.pcd,1633942911899562
b'u\xe9YL@UXN',b'?\xea\n\x04-\x93W4',b'[{\\\x96\xff\xf2P\xc9',b'\x0c\xbb\xcb\x8d\xd0\x08Yq',b'h\xe3\x13@\x15\x85_h',b'\xdc\xed|\x1a\xdb\xe4S\r',2021.10.11.08.31.07_veh-50_01750_01948/MergedPointCloud/75e9594c4055584e.pcd,1633942911949586
b'?\xea\n\x04-\x93W4',b')d\x96\x9e\x81\x96])',b'u\xe9YL@UXN',b'\xcb\x96\xdf\xd7\xda\xdaR\xbd',b'h\xe3\x13@\x15\x85_h',b'\xdc\xed|\x1a\xdb\xe4S\r',2021.10.11.08.31.07_veh-50_01750_01948/MergedPointCloud/3fea0a042d935734.pcd,1633942911999613
b')d\x96\x9e\x81\x96])',b'q\x06\x0f\xa4&\x0c_(',b'?\xea\n\x04-\x93W4',b'Ju\n\xc7\xf1\x17P\xa1',b'h\xe3\x13@\x15\x85_h',b'\xdc\xed|\x1a\xdb\xe4S\r',2021.10.11.08.31.07_veh-50_01750_01948/MergedPointCloud/2964969e81965d29.pcd,1633942912049643
b'q\x06\x0f\xa4&\x0c_(',b'H\x90\x94.\xa0\x81Z\x9f',b')d\x96\x9e\x81\x96])',"b';\x7f\xcap\x87""V\xa4'",b'h\xe3\x13@\x15\x85_h',b'\xdc\xed|\x1a\xdb\xe4S\r',2021.10.11.08.31.07_veh-50_01750_01948/MergedPointCloud/71060fa4260c5f28.pcd,1633942912099673
b'H\x90\x94.\xa0\x81Z\x9f',b'\x05&\xc1\x9e\x9d\xeaU\xdd',b'q\x06\x0f\xa4&\x0c_(',b'F3\xbb\x97?[\\\xe3',b'h\xe3\x13@\x15\x85_h',b'\xdc\xed|\x1a\xdb\xe4S\r',2021.10.11.08.31.07_veh-50_01750_01948/MergedPointCloud/4890942ea0815a9f.pcd,1633942912149704
b'\x05&\xc1\x9e\x9d\xeaU\xdd',b'\xae\xd3^\xeb\x91\x98S\xd7',b'H\x90\x94.\xa0\x81Z\x9f',b'm\x9cw\x9a\x9a\x0f]\x02',b'h\xe3\x13@\x15\x85_h',b'\xdc\xed|\x1a\xdb\xe4S\r',2021.10.11.08.31.07_veh-50_01750_01948/MergedPointCloud/0526c19e9dea55dd.pcd,1633942912199734
b'\xae\xd3^\xeb\x91\x98S\xd7',b'\xf1{\xd9(\x03\x7f]~',b'\x05&\xc1\x9e\x9d\xeaU\xdd',b'\xbc7\x13\xea\xfb\x8fT(',b'h\xe3\x13@\x15\x85_h',b'\xdc\xed|\x1a\xdb\xe4S\r',2021.10.11.08.31.07_veh-50_01750_01948/MergedPointCloud/aed35eeb919853d7.pcd,1633942912249765
b'\xf1{\xd9(\x03\x7f]~',b'\x83\x1c\x9e\xa7u\xa1\\Q',b'\xae\xd3^\xeb\x91\x98S\xd7',"b""=\xe0i\xc8'\x91Z\xc6""",b'h\xe3\x13@\x15\x85_h',b'\xdc\xed|\x1a\xdb\xe4S\r',2021.10.11.08.31.07_veh-50_01750_01948/MergedPointCloud/f17bd928037f5d7e.pcd,1633942912299794
b'\x83\x1c\x9e\xa7u\xa1\\Q',b'\x86@\x1d\xc1\xf4\xc8X\x14',b'\xf1{\xd9(\x03\x7f]~',b'\xcf\x81#\xa7/vV\x19',b'h\xe3\x13@\x15\x85_h',b'\xdc\xed|\x1a\xdb\xe4S\r',2021.10.11.08.31.07_veh-50_01750_01948/MergedPointCloud/831c9ea775a15c51.pcd,1633942912349824
b'\x86@\x1d\xc1\xf4\xc8X\x14',b'\x8eF\x81\xb5G\xd0\\5',b'\x83\x1c\x9e\xa7u\xa1\\Q',"b""_\x04\x07G'j\\\xe4""",b'h\xe3\x13@\x15\x85_h',b'\xdc\xed|\x1a\xdb\xe4S\r',2021.10.11.08.31.07_veh-50_01750_01948/MergedPointCloud/86401dc1f4c85814.pcd,1633942912399855
b'\x8eF\x81\xb5G\xd0\\5',b'h\x86\x83-0pZc',b'\x86@\x1d\xc1\xf4\xc8X\x14',b'y\x8c\x10|\x1b\xfeVB',b'h\xe3\x13@\x15\x85_h',b'\xdc\xed|\x1a\xdb\xe4S\r',2021.10.11.08.31.07_veh-50_01750_01948/MergedPointCloud/8e4681b547d05c35.pcd,1633942912449888
b'h\x86\x83-0pZc',b'\xcaa\xc4\xe25\x8a]9',b'\x8eF\x81\xb5G\xd0\\5',b't5\x08y\xc1\x84Z-',b'h\xe3\x13@\x15\x85_h',b'\xdc\xed|\x1a\xdb\xe4S\r',2021.10.11.08.31.07_veh-50_01750_01948/MergedPointCloud/6886832d30705a63.pcd,1633942912499918
b'\xcaa\xc4\xe25\x8a]9',b'k\xecI\x06+\x0cU\x8f',b'h\x86\x83-0pZc',b'E\x06\xa0\xe5\xac[V\x10',b'h\xe3\x13@\x15\x85_h',b'\xdc\xed|\x1a\xdb\xe4S\r',2021.10.11.08.31.07_veh-50_01750_01948/MergedPointCloud/ca61c4e2358a5d39.pcd,1633942912549948
b'k\xecI\x06+\x0cU\x8f',b'\xd4C\xd3\x9f\xecO^\xc1',b'\xcaa\xc4\xe25\x8a]9',b'_\x02v\xf4\x07\xefP_',b'h\xe3\x13@\x15\x85_h',b'\xdc\xed|\x1a\xdb\xe4S\r',2021.10.11.08.31.07_veh-50_01750_01948/MergedPointCloud/6bec49062b0c558f.pcd,1633942912599979
b'\xd4C\xd3\x9f\xecO^\xc1',b'\xf5b\tg\xf2OW{',b'k\xecI\x06+\x0cU\x8f',b'p\xafp\x06\xdb\x8fV\xa0',b'h\xe3\x13@\x15\x85_h',b'\xdc\xed|\x1a\xdb\xe4S\r',2021.10.11.08.31.07_veh-50_01750_01948/MergedPointCloud/d443d39fec4f5ec1.pcd,1633942912650010
b'\xf5b\tg\xf2OW{',b'h\x8aO\x1dZ@Q\x0c',b'\xd4C\xd3\x9f\xecO^\xc1',b'D\xeda\xed\xd7\xd3]\xce',b'h\xe3\x13@\x15\x85_h',b'\xdc\xed|\x1a\xdb\xe4S\r',2021.10.11.08.31.07_veh-50_01750_01948/MergedPointCloud/f5620967f24f577b.pcd,1633942912700043
b'h\x8aO\x1dZ@Q\x0c',b'MOr\x01ZD_\xd0',b'\xf5b\tg\xf2OW{',b')pNa:YWG',b'h\xe3\x13@\x15\x85_h',b'\xdc\xed|\x1a\xdb\xe4S\r',2021.10.11.08.31.07_veh-50_01750_01948/MergedPointCloud/688a4f1d5a40510c.pcd,1633942912750079
b'MOr\x01ZD_\xd0',b'\xcb1\xa8\x13\xdb\xe3]x',b'h\x8aO\x1dZ@Q\x0c',b'XF16\x9e\xdaV\xb1',b'h\xe3\x13@\x15\x85_h',b'\xdc\xed|\x1a\xdb\xe4S\r',2021.10.11.08.31.07_veh-50_01750_01948/MergedPointCloud/4d4f72015a445fd0.pcd,1633942912800119
b'\xcb1\xa8\x13\xdb\xe3]x',b'd\x80\x08\xceh*T\xd8',b'MOr\x01ZD_\xd0',b'\x8a\xa2\xa6\xaeg\\PI',b'h\xe3\x13@\x15\x85_h',b'\xdc\xed|\x1a\xdb\xe4S\r',2021.10.11.08.31.07_veh-50_01750_01948/MergedPointCloud/cb31a813dbe35d78.pcd,1633942912850160
b'd\x80\x08\xceh*T\xd8',b'0\xff\xc2k#\xd4X\xe6',b'\xcb1\xa8\x13\xdb\xe3]x',b'\x10\xe2\x80\xa8\x8d\xadZ\x96',b'h\xe3\x13@\x15\x85_h',b'\xdc\xed|\x1a\xdb\xe4S\r',2021.10.11.08.31.07_veh-50_01750_01948/MergedPointCloud/648008ce682a54d8.pcd,1633942912900204
b'0\xff\xc2k#\xd4X\xe6',b'RBcn\xdb6Qs',b'd\x80\x08\xceh*T\xd8',b'm\xad\x03\xa6A\x01\\\xde',b'h\xe3\x13@\x15\x85_h',b'\xdc\xed|\x1a\xdb\xe4S\r',2021.10.11.08.31.07_veh-50_01750_01948/MergedPointCloud/30ffc26b23d458e6.pcd,1633942912950248
b'RBcn\xdb6Qs',b'\xc7\x91r\xed\xb6\xe9]#',b'0\xff\xc2k#\xd4X\xe6',b'\xc7)\xae\xd5\xdf\xb6Q\xe9',b'h\xe3\x13@\x15\x85_h',b'\xdc\xed|\x1a\xdb\xe4S\r',2021.10.11.08.31.07_veh-50_01750_01948/MergedPointCloud/5242636edb365173.pcd,1633942913000290
b'\xc7\x91r\xed\xb6\xe9]#',b'N\rS\xda\x81\xe3_\xbd',b'RBcn\xdb6Qs',b'BD\xf2=\xd2\x01\\\\',b'h\xe3\x13@\x15\x85_h',b'\xdc\xed|\x1a\xdb\xe4S\r',2021.10.11.08.31.07_veh-50_01750_01948/MergedPointCloud/c79172edb6e95d23.pcd,1633942913050330
b'N\rS\xda\x81\xe3_\xbd',b'RT[\xe9\xe9\xcd_\xe2',b'\xc7\x91r\xed\xb6\xe9]#',b'<?\xe2\n\xd0mQ\x1d',b'h\xe3\x13@\x15\x85_h',b'\xdc\xed|\x1a\xdb\xe4S\r',2021.10.11.08.31.07_veh-50_01750_01948/MergedPointCloud/4e0d53da81e35fbd.pcd,1633942913100365
b'RT[\xe9\xe9\xcd_\xe2',"b'\xd7$""\xb5\\\xee\\\xa6'",b'N\rS\xda\x81\xe3_\xbd',b'|\xdb\x1c[?lQ\x84',b'h\xe3\x13@\x15\x85_h',b'\xdc\xed|\x1a\xdb\xe4S\r',2021.10.11.08.31.07_veh-50_01750_01948/MergedPointCloud/52545be9e9cd5fe2.pcd,1633942913150396
"b'\xd7$""\xb5\\\xee\\\xa6'",b'\xbb\xc4\x88f\x02XQ\x9f',b'RT[\xe9\xe9\xcd_\xe2',b'\xfdf\xf6\xe3\xcfBZY',b'h\xe3\x13@\x15\x85_h',b'\xdc\xed|\x1a\xdb\xe4S\r',2021.10.11.08.31.07_veh-50_01750_01948/MergedPointCloud/d72422b55cee5ca6.pcd,1633942913200419
b'\xbb\xc4\x88f\x02XQ\x9f',b'9A`\x9c\x97uZ-',"b'\xd7$""\xb5\\\xee\\\xa6'",b'\xb4\x08FU5\xb2R\xa5',b'h\xe3\x13@\x15\x85_h',b'\xdc\xed|\x1a\xdb\xe4S\r',2021.10.11.08.31.07_veh-50_01750_01948/MergedPointCloud/bbc488660258519f.pcd,1633942913250435
b'9A`\x9c\x97uZ-',b'\xa3k0h<\xfb]n',b'\xbb\xc4\x88f\x02XQ\x9f',b'\xdaU\x0e\xfe\xcc:R\xd8',b'h\xe3\x13@\x15\x85_h',b'\xdc\xed|\x1a\xdb\xe4S\r',2021.10.11.08.31.07_veh-50_01750_01948/MergedPointCloud/3941609c97755a2d.pcd,1633942913300444
b'\xa3k0h<\xfb]n',b'Jk\xc3\x1f\xe0\x08V\xf3',b'9A`\x9c\x97uZ-',b'\xd6\xcek\xbdy\xeaU\x19',b'h\xe3\x13@\x15\x85_h',b'\xdc\xed|\x1a\xdb\xe4S\r',2021.10.11.08.31.07_veh-50_01750_01948/MergedPointCloud/a36b30683cfb5d6e.pcd,1633942913350445
b'Jk\xc3\x1f\xe0\x08V\xf3',b'\x9f5\xfey\xd7k\\\xce',b'\xa3k0h<\xfb]n',b'\x15\xa3\xa4F\xe5\x8aX\x9b',b'h\xe3\x13@\x15\x85_h',b'\xdc\xed|\x1a\xdb\xe4S\r',2021.10.11.08.31.07_veh-50_01750_01948/MergedPointCloud/4a6bc31fe00856f3.pcd,1633942913400441
b'\x9f5\xfey\xd7k\\\xce',b'\xdeLW\xd5\x1a\xdaY\xff',b'Jk\xc3\x1f\xe0\x08V\xf3',b'\x1c\xb9\x06<\xee\xceR\xe9',b'h\xe3\x13@\x15\x85_h',b'\xdc\xed|\x1a\xdb\xe4S\r',2021.10.11.08.31.07_veh-50_01750_01948/MergedPointCloud/9f35fe79d76b5cce.pcd,1633942913450432
b'\xdeLW\xd5\x1a\xdaY\xff',b'\x1f\x13\x97\x93\x97\x98V\xa6',b'\x9f5\xfey\xd7k\\\xce',b'D7\x81*\x14\xecU\x1a',b'h\xe3\x13@\x15\x85_h',b'\xdc\xed|\x1a\xdb\xe4S\r',2021.10.11.08.31.07_veh-50_01750_01948/MergedPointCloud/de4c57d51ada59ff.pcd,1633942913500421
b'\x1f\x13\x97\x93\x97\x98V\xa6',b'Z\xc8\xb3[\xb4\xdbYi',b'\xdeLW\xd5\x1a\xdaY\xff',"b'\x17""\xea\xa1p?R/'",b'h\xe3\x13@\x15\x85_h',b'\xdc\xed|\x1a\xdb\xe4S\r',2021.10.11.08.31.07_veh-50_01750_01948/MergedPointCloud/1f139793979856a6.pcd,1633942913550408
b'Z\xc8\xb3[\xb4\xdbYi',b'\x90\xccQ\x13\xa0![s',b'\x1f\x13\x97\x93\x97\x98V\xa6',b'q\x9f\xfdMn\xeeUO',b'h\xe3\x13@\x15\x85_h',b'\xdc\xed|\x1a\xdb\xe4S\r',2021.10.11.08.31.07_veh-50_01750_01948/MergedPointCloud/5ac8b35bb4db5969.pcd,1633942913600391
b'\x90\xccQ\x13\xa0![s',b'0k%\xff\x1a_Qt',b'Z\xc8\xb3[\xb4\xdbYi',b'\xc9\xa0\xe9\xccj\xf6Y\xbc',b'h\xe3\x13@\x15\x85_h',b'\xdc\xed|\x1a\xdb\xe4S\r',2021.10.11.08.31.07_veh-50_01750_01948/MergedPointCloud/90cc5113a0215b73.pcd,1633942913650372
b'0k%\xff\x1a_Qt',b'z\x84\xc88xwZ\x00',b'\x90\xccQ\x13\xa0![s',b'\xb4\xabS\xab\xe1\xc4]\x0c',b'h\xe3\x13@\x15\x85_h',b'\xdc\xed|\x1a\xdb\xe4S\r',2021.10.11.08.31.07_veh-50_01750_01948/MergedPointCloud/306b25ff1a5f5174.pcd,1633942913700350
b'z\x84\xc88xwZ\x00',b'\x0e\xda0\xe2?\x0e_\x9b',b'0k%\xff\x1a_Qt',b'ci\xbf\xd6g\xee\\\xff',b'h\xe3\x13@\x15\x85_h',b'\xdc\xed|\x1a\xdb\xe4S\r',2021.10.11.08.31.07_veh-50_01750_01948/MergedPointCloud/7a84c83878775a00.pcd,1633942913750325
b'\x0e\xda0\xe2?\x0e_\x9b',b'a)~kV\xf0^\xe9',b'z\x84\xc88xwZ\x00',b'\x12@\xe9\x12\xa8\xd0[\xe2',b'h\xe3\x13@\x15\x85_h',b'\xdc\xed|\x1a\xdb\xe4S\r',2021.10.11.08.31.07_veh-50_01750_01948/MergedPointCloud/0eda30e23f0e5f9b.pcd,1633942913800296
b'a)~kV\xf0^\xe9',b'\xeb\x05\xa3\xd8\xe2\x7f_\xf8',b'\x0e\xda0\xe2?\x0e_\x9b',b'\xdf\x19\xafX\t4R\x17',b'h\xe3\x13@\x15\x85_h',b'\xdc\xed|\x1a\xdb\xe4S\r',2021.10.11.08.31.07_veh-50_01750_01948/MergedPointCloud/61297e6b56f05ee9.pcd,1633942913850265
b'\xeb\x05\xa3\xd8\xe2\x7f_\xf8',b'\xb2\x92&0^t^\xf1',b'a)~kV\xf0^\xe9',b'\xb8zVg\xff\x15T\x89',b'h\xe3\x13@\x15\x85_h',b'\xdc\xed|\x1a\xdb\xe4S\r',2021.10.11.08.31.07_veh-50_01750_01948/MergedPointCloud/eb05a3d8e27f5ff8.pcd,1633942913900233
b'\xb2\x92&0^t^\xf1',b'\xc7\xe2\x07\x93\xcf\x8aX\x84',b'\xeb\x05\xa3\xd8\xe2\x7f_\xf8',b'\x9b\x0e\xb1\x9azx^\xf2',b'h\xe3\x13@\x15\x85_h',b'\xdc\xed|\x1a\xdb\xe4S\r',2021.10.11.08.31.07_veh-50_01750_01948/MergedPointCloud/b29226305e745ef1.pcd,1633942913950202
b'\xc7\xe2\x07\x93\xcf\x8aX\x84',b'wz7\xd8\xaft[\x85',b'\xb2\x92&0^t^\xf1',b'\x04:\x12>\x0b\x80PN',b'h\xe3\x13@\x15\x85_h',b'\xdc\xed|\x1a\xdb\xe4S\r',2021.10.11.08.31.07_veh-50_01750_01948/MergedPointCloud/c7e20793cf8a5884.pcd,1633942914000171
b'wz7\xd8\xaft[\x85',b'\x86\xb8\xe7B\xd0\x96V\x11',b'\xc7\xe2\x07\x93\xcf\x8aX\x84',b'\x1b\x00\x91\x89\x8b\xf8[\x00',b'h\xe3\x13@\x15\x85_h',b'\xdc\xed|\x1a\xdb\xe4S\r',2021.10.11.08.31.07_veh-50_01750_01948/MergedPointCloud/777a37d8af745b85.pcd,1633942914050141
b'\x86\xb8\xe7B\xd0\x96V\x11',b'\x951\xad\xa8\xed\xce]b',b'wz7\xd8\xaft[\x85',b'c9\x17b\x8e\x86XM',b'h\xe3\x13@\x15\x85_h',b'\xdc\xed|\x1a\xdb\xe4S\r',2021.10.11.08.31.07_veh-50_01750_01948/MergedPointCloud/86b8e742d0965611.pcd,1633942914100113
b'\x951\xad\xa8\xed\xce]b',b'\x04O\x1e\xed(\xbd]\xc2',b'\x86\xb8\xe7B\xd0\x96V\x11',b'\x8ah\x10L\xdd\x1bW3',b'h\xe3\x13@\x15\x85_h',b'\xdc\xed|\x1a\xdb\xe4S\r',2021.10.11.08.31.07_veh-50_01750_01948/MergedPointCloud/9531ada8edce5d62.pcd,1633942914150086
b'\x04O\x1e\xed(\xbd]\xc2',b'\x12\xe5\x8b\xc3\x82\xa8R\xe9',b'\x951\xad\xa8\xed\xce]b',b'\xcdH\xad\xe9D\xf4]\x9f',b'h\xe3\x13@\x15\x85_h',b'\xdc\xed|\x1a\xdb\xe4S\r',2021.10.11.08.31.07_veh-50_01750_01948/MergedPointCloud/044f1eed28bd5dc2.pcd,1633942914200061
b'\x12\xe5\x8b\xc3\x82\xa8R\xe9',b'\xdd\xa3\xe7%\x10\xa1U$',b'\x04O\x1e\xed(\xbd]\xc2',b'\x9f\x91\xffmc\x92^\xc6',b'h\xe3\x13@\x15\x85_h',b'\xdc\xed|\x1a\xdb\xe4S\r',2021.10.11.08.31.07_veh-50_01750_01948/MergedPointCloud/12e58bc382a852e9.pcd,1633942914250038
b'\xdd\xa3\xe7%\x10\xa1U$',b'\xd7u\xa5*\xcb\xc2S\xb7',b'\x12\xe5\x8b\xc3\x82\xa8R\xe9',"b'hO0""\x00\x87Y\xb6'",b'h\xe3\x13@\x15\x85_h',b'\xdc\xed|\x1a\xdb\xe4S\r',2021.10.11.08.31.07_veh-50_01750_01948/MergedPointCloud/dda3e72510a15524.pcd,1633942914300015
b'\xd7u\xa5*\xcb\xc2S\xb7',b'Y<\xa0=\xc7lW!',b'\xdd\xa3\xe7%\x10\xa1U$',b'\xe8J>\xe3\x85\x15R|',b'h\xe3\x13@\x15\x85_h',b'\xdc\xed|\x1a\xdb\xe4S\r',2021.10.11.08.31.07_veh-50_01750_01948/MergedPointCloud/d775a52acbc253b7.pcd,1633942914349992
b'Y<\xa0=\xc7lW!',b'?[.\xc9\x80QT\xb8',b'\xd7u\xa5*\xcb\xc2S\xb7',b'K\x11*\xda \xc6\\\x82',b'h\xe3\x13@\x15\x85_h',b'\xdc\xed|\x1a\xdb\xe4S\r',2021.10.11.08.31.07_veh-50_01750_01948/MergedPointCloud/593ca03dc76c5721.pcd,1633942914399966
b'?[.\xc9\x80QT\xb8',b'\xa8\x8f<\x97\xda\x81_i',b'Y<\xa0=\xc7lW!',"b',\x86\xd2c\xb0\xceT\xb7'",b'h\xe3\x13@\x15\x85_h',b'\xdc\xed|\x1a\xdb\xe4S\r',2021.10.11.08.31.07_veh-50_01750_01948/MergedPointCloud/3f5b2ec9805154b8.pcd,1633942914449938
b'\xa8\x8f<\x97\xda\x81_i',b'\xb0\x8fP4F|[\xf4',b'?[.\xc9\x80QT\xb8',b'\xca@\x9c\x19r\x97\\\xf6',b'h\xe3\x13@\x15\x85_h',b'\xdc\xed|\x1a\xdb\xe4S\r',2021.10.11.08.31.07_veh-50_01750_01948/MergedPointCloud/a88f3c97da815f69.pcd,1633942914499907
b'\xb0\x8fP4F|[\xf4',b'\x15\xa0\xb3\xaa#\x0c[N',b'\xa8\x8f<\x97\xda\x81_i',b'\xfc\xeah\xbcK\xbcT\x9c',b'h\xe3\x13@\x15\x85_h',b'\xdc\xed|\x1a\xdb\xe4S\r',2021.10.11.08.31.07_veh-50_01750_01948/MergedPointCloud/b08f5034467c5bf4.pcd,1633942914549879
b'\x15\xa0\xb3\xaa#\x0c[N',b'\x03\xe9]8\x92@X\xd9',b'\xb0\x8fP4F|[\xf4',b'\x83$`\xca\xda#U*',b'h\xe3\x13@\x15\x85_h',b'\xdc\xed|\x1a\xdb\xe4S\r',2021.10.11.08.31.07_veh-50_01750_01948/MergedPointCloud/15a0b3aa230c5b4e.pcd,1633942914599853
b'\x03\xe9]8\x92@X\xd9',b'i\xdb\xb0\x83\xc7[\\\xf5',b'\x15\xa0\xb3\xaa#\x0c[N',b'om\x08\xc0j-VJ',b'h\xe3\x13@\x15\x85_h',b'\xdc\xed|\x1a\xdb\xe4S\r',2021.10.11.08.31.07_veh-50_01750_01948/MergedPointCloud/03e95d38924058d9.pcd,1633942914649826
b'i\xdb\xb0\x83\xc7[\\\xf5',b')f\xc2\x03\x0c%P\xe5',b'\x03\xe9]8\x92@X\xd9',b'+\xbd\x80\x8c\x83MS\xb8',b'h\xe3\x13@\x15\x85_h',b'\xdc\xed|\x1a\xdb\xe4S\r',2021.10.11.08.31.07_veh-50_01750_01948/MergedPointCloud/69dbb083c75b5cf5.pcd,1633942914699801
b')f\xc2\x03\x0c%P\xe5',b'\xd6\xe0\x15\xb7\xfc/]\x19',b'i\xdb\xb0\x83\xc7[\\\xf5',b'O\xa0\x0b\x05\x0e\xacT\x91',b'h\xe3\x13@\x15\x85_h',b'\xdc\xed|\x1a\xdb\xe4S\r',2021.10.11.08.31.07_veh-50_01750_01948/MergedPointCloud/2966c2030c2550e5.pcd,1633942914749774
b'\xd6\xe0\x15\xb7\xfc/]\x19',"b'~\xd632\xb9\xb0V""'",b')f\xc2\x03\x0c%P\xe5',b'\xb54\xe1w>\xd9U4',b'h\xe3\x13@\x15\x85_h',b'\xdc\xed|\x1a\xdb\xe4S\r',2021.10.11.08.31.07_veh-50_01750_01948/MergedPointCloud/d6e015b7fc2f5d19.pcd,1633942914799747
"b'~\xd632\xb9\xb0V""'",b'\x9b\xca\xd2\x0fX\xf6Z\x9f',b'\xd6\xe0\x15\xb7\xfc/]\x19',b'\xb2\xa8\n\x01\xfb\x08\\\x0b',b'h\xe3\x13@\x15\x85_h',b'\xdc\xed|\x1a\xdb\xe4S\r',2021.10.11.08.31.07_veh-50_01750_01948/MergedPointCloud/7ed63332b9b05622.pcd,1633942914849717
b'\x9b\xca\xd2\x0fX\xf6Z\x9f',b'\xbc\x9e\xc2\xa2T9^W',"b'~\xd632\xb9\xb0V""'",b'\xe1>\x8e\x04\xaaM\\t',b'h\xe3\x13@\x15\x85_h',b'\xdc\xed|\x1a\xdb\xe4S\r',2021.10.11.08.31.07_veh-50_01750_01948/MergedPointCloud/9bcad20f58f65a9f.pcd,1633942914899687
b'\xbc\x9e\xc2\xa2T9^W',b'\xa5\xde\xebp\xfe\xf1]L',b'\x9b\xca\xd2\x0fX\xf6Z\x9f',"b""%'\x89\x98\x88#X\x98""",b'h\xe3\x13@\x15\x85_h',b'\xdc\xed|\x1a\xdb\xe4S\r',2021.10.11.08.31.07_veh-50_01750_01948/MergedPointCloud/bc9ec2a254395e57.pcd,1633942914949657
b'\xa5\xde\xebp\xfe\xf1]L',b'n\xf3\x9aN\xe0\xc5P\xe8',b'\xbc\x9e\xc2\xa2T9^W',b'B\x1d\x01Z\xd1q_v',b'h\xe3\x13@\x15\x85_h',b'\xdc\xed|\x1a\xdb\xe4S\r',2021.10.11.08.31.07_veh-50_01750_01948/MergedPointCloud/a5deeb70fef15d4c.pcd,1633942914999632
b'n\xf3\x9aN\xe0\xc5P\xe8',b'\xda\xacZ\xf0#\x1dS\xdd',b'\xa5\xde\xebp\xfe\xf1]L',b'|Y7\x08X\xdeY(',b'h\xe3\x13@\x15\x85_h',b'\xdc\xed|\x1a\xdb\xe4S\r',2021.10.11.08.31.07_veh-50_01750_01948/MergedPointCloud/6ef39a4ee0c550e8.pcd,1633942915049609
b'\xda\xacZ\xf0#\x1dS\xdd',b'D\xb4N\x0f\x06\x9f_\xaf',b'n\xf3\x9aN\xe0\xc5P\xe8',b'\xf0}\xc9\xdcb\xd5^/',b'h\xe3\x13@\x15\x85_h',b'\xdc\xed|\x1a\xdb\xe4S\r',2021.10.11.08.31.07_veh-50_01750_01948/MergedPointCloud/daac5af0231d53dd.pcd,1633942915099591
b'D\xb4N\x0f\x06\x9f_\xaf',"b'\x8d]""\x17\x90\xd9]A'",b'\xda\xacZ\xf0#\x1dS\xdd',b'\xba\x80\xe2\x88\x84G]\xde',b'h\xe3\x13@\x15\x85_h',b'\xdc\xed|\x1a\xdb\xe4S\r',2021.10.11.08.31.07_veh-50_01750_01948/MergedPointCloud/44b44e0f069f5faf.pcd,1633942915149578
"b'\x8d]""\x17\x90\xd9]A'",b'\xc1Iw$\xdf\x92\\\x9c',b'D\xb4N\x0f\x06\x9f_\xaf',b'O\x1f\x08\xa6i\xa4Q\xfb',b'h\xe3\x13@\x15\x85_h',b'\xdc\xed|\x1a\xdb\xe4S\r',2021.10.11.08.31.07_veh-50_01750_01948/MergedPointCloud/8d5d221790d95d41.pcd,1633942915199571
b'\xc1Iw$\xdf\x92\\\x9c',b'5{\xf2\x18\xbc.V;',"b'\x8d]""\x17\x90\xd9]A'",b'\x8f\xe5\x13Qw\x93_%',b'h\xe3\x13@\x15\x85_h',b'\xdc\xed|\x1a\xdb\xe4S\r',2021.10.11.08.31.07_veh-50_01750_01948/MergedPointCloud/c1497724df925c9c.pcd,1633942915249566
b'5{\xf2\x18\xbc.V;',b'>\x86\xbeoA\xfbXK',b'\xc1Iw$\xdf\x92\\\x9c',b'*\xacQ\xfc\xd0\x15PA',b'h\xe3\x13@\x15\x85_h',b'\xdc\xed|\x1a\xdb\xe4S\r',2021.10.11.08.31.07_veh-50_01750_01948/MergedPointCloud/357bf218bc2e563b.pcd,1633942915299561
b'>\x86\xbeoA\xfbXK',b'\xae\x1d\xfd\xdf\xdc&T4',b'5{\xf2\x18\xbc.V;',b'\xf2\x10iKDp[\xf8',b'h\xe3\x13@\x15\x85_h',b'\xdc\xed|\x1a\xdb\xe4S\r',2021.10.11.08.31.07_veh-50_01750_01948/MergedPointCloud/3e86be6f41fb584b.pcd,1633942915349557
b'\xae\x1d\xfd\xdf\xdc&T4',b'\xb6\x071\x81\x8d\xb3T\x01',b'>\x86\xbeoA\xfbXK',b'\xe2(\x9c\x08\x03\xabZ\xf9',b'h\xe3\x13@\x15\x85_h',b'\xdc\xed|\x1a\xdb\xe4S\r',2021.10.11.08.31.07_veh-50_01750_01948/MergedPointCloud/ae1dfddfdc265434.pcd,1633942915399554
b'\xb6\x071\x81\x8d\xb3T\x01',b'\xa8z\xde\x14\xf9\xc7S4',b'\xae\x1d\xfd\xdf\xdc&T4',b'7\xc0i!\xb6i^\xd7',b'h\xe3\x13@\x15\x85_h',b'\xdc\xed|\x1a\xdb\xe4S\r',2021.10.11.08.31.07_veh-50_01750_01948/MergedPointCloud/b60731818db35401.pcd,1633942915449552
b'\xa8z\xde\x14\xf9\xc7S4',b'\xba\x06\x95\xbe\xde\xb7[\x0e',b'\xb6\x071\x81\x8d\xb3T\x01',b'\x7f~I?d7Qs',b'h\xe3\x13@\x15\x85_h',b'\xdc\xed|\x1a\xdb\xe4S\r',2021.10.11.08.31.07_veh-50_01750_01948/MergedPointCloud/a87ade14f9c75334.pcd,1633942915499555
b'\xba\x06\x95\xbe\xde\xb7[\x0e',b'H5\x19\xd3q\n[f',b'\xa8z\xde\x14\xf9\xc7S4',b'\xc7\xc9\x17w}\xcb]\xb3',b'h\xe3\x13@\x15\x85_h',b'\xdc\xed|\x1a\xdb\xe4S\r',2021.10.11.08.31.07_veh-50_01750_01948/MergedPointCloud/ba0695bedeb75b0e.pcd,1633942915549561
b'H5\x19\xd3q\n[f',b'\xa2\x8c\xce\x1f\xd9\xe7V\xde',b'\xba\x06\x95\xbe\xde\xb7[\x0e',b')T|8U\xccQ\xd2',b'h\xe3\x13@\x15\x85_h',b'\xdc\xed|\x1a\xdb\xe4S\r',2021.10.11.08.31.07_veh-50_01750_01948/MergedPointCloud/483519d3710a5b66.pcd,1633942915599569
b'\xa2\x8c\xce\x1f\xd9\xe7V\xde',b'\xdd2PJe\x9e^$',b'H5\x19\xd3q\n[f',b'\x06G\xaf\x1f;\xbc]\xe3',b'h\xe3\x13@\x15\x85_h',b'\xdc\xed|\x1a\xdb\xe4S\r',2021.10.11.08.31.07_veh-50_01750_01948/MergedPointCloud/a28cce1fd9e756de.pcd,1633942915649580
b'\xdd2PJe\x9e^$',b'\xc3N.nu\xb6[%',b'\xa2\x8c\xce\x1f\xd9\xe7V\xde',b'\x12\xc2V\xe2\xd4\xf2Uy',b'h\xe3\x13@\x15\x85_h',b'\xdc\xed|\x1a\xdb\xe4S\r',2021.10.11.08.31.07_veh-50_01750_01948/MergedPointCloud/dd32504a659e5e24.pcd,1633942915699590
b'\xc3N.nu\xb6[%',b'\x00^\xa2P\x99\x8aW`',b'\xdd2PJe\x9e^$',b'\x88\xf4\x1c\t[MYw',b'h\xe3\x13@\x15\x85_h',b'\xdc\xed|\x1a\xdb\xe4S\r',2021.10.11.08.31.07_veh-50_01750_01948/MergedPointCloud/c34e2e6e75b65b25.pcd,1633942915749601
b'\x00^\xa2P\x99\x8aW`',b'\x1d\x15\xdfky:W\x97',b'\xc3N.nu\xb6[%',b'\x19\xb5<\xa0\x9c\x93^\xc7',b'h\xe3\x13@\x15\x85_h',b'\xdc\xed|\x1a\xdb\xe4S\r',2021.10.11.08.31.07_veh-50_01750_01948/MergedPointCloud/005ea250998a5760.pcd,1633942915799613
b'\x1d\x15\xdfky:W\x97',b'\xb9\x19\x93\x83m\xab[\x90',b'\x00^\xa2P\x99\x8aW`',b'\x10\xbdfa\xc7^^\xa3',b'h\xe3\x13@\x15\x85_h',b'\xdc\xed|\x1a\xdb\xe4S\r',2021.10.11.08.31.07_veh-50_01750_01948/MergedPointCloud/1d15df6b793a5797.pcd,1633942915849626
b'\xb9\x19\x93\x83m\xab[\x90',b'\x06;\xfe\xfe&\xd6]\xd1',b'\x1d\x15\xdfky:W\x97',"b'\xc2,\x97\xceU\\X\x87'",b'h\xe3\x13@\x15\x85_h',b'\xdc\xed|\x1a\xdb\xe4S\r',2021.10.11.08.31.07_veh-50_01750_01948/MergedPointCloud/b91993836dab5b90.pcd,1633942915899641
b'\x06;\xfe\xfe&\xd6]\xd1',b'M`P\xfc\xcc\xbb_\r',b'\xb9\x19\x93\x83m\xab[\x90',"b"")\x89\xfa\xd2\t\xb0W'""",b'h\xe3\x13@\x15\x85_h',b'\xdc\xed|\x1a\xdb\xe4S\r',2021.10.11.08.31.07_veh-50_01750_01948/MergedPointCloud/063bfefe26d65dd1.pcd,1633942915949658
b'M`P\xfc\xcc\xbb_\r',b'\xbbw|\xfb\xeb\xe4Sx',b'\x06;\xfe\xfe&\xd6]\xd1',b'\xc7B\xd2\xa4\xa2S\\\xd0',b'h\xe3\x13@\x15\x85_h',b'\xdc\xed|\x1a\xdb\xe4S\r',2021.10.11.08.31.07_veh-50_01750_01948/MergedPointCloud/4d6050fcccbb5f0d.pcd,1633942915999675
b'\xbbw|\xfb\xeb\xe4Sx',b'\xdb\xcb\x1b\xe8\xcb\xf4RK',b'M`P\xfc\xcc\xbb_\r',b'r\xdbD=\x82MV\xb4',b'h\xe3\x13@\x15\x85_h',b'\xdc\xed|\x1a\xdb\xe4S\r',2021.10.11.08.31.07_veh-50_01750_01948/MergedPointCloud/bb777cfbebe45378.pcd,1633942916049694
b'\xdb\xcb\x1b\xe8\xcb\xf4RK',b'\x0f\xb3(\xb4u\x07T\xfe',b'\xbbw|\xfb\xeb\xe4Sx',b'\xc0\xf5\x80\x03\xe9 S\x84',b'h\xe3\x13@\x15\x85_h',b'\xdc\xed|\x1a\xdb\xe4S\r',2021.10.11.08.31.07_veh-50_01750_01948/MergedPointCloud/dbcb1be8cbf4524b.pcd,1633942916099713
b'\x0f\xb3(\xb4u\x07T\xfe',b'1A\xf7.\xf4`Zy',b'\xdb\xcb\x1b\xe8\xcb\xf4RK',b'\xe6\x08\x854\x08\xd8]\xa8',b'h\xe3\x13@\x15\x85_h',b'\xdc\xed|\x1a\xdb\xe4S\r',2021.10.11.08.31.07_veh-50_01750_01948/MergedPointCloud/0fb328b4750754fe.pcd,1633942916149731
b'1A\xf7.\xf4`Zy',b'\xff\xdb\xc5Jt\xc6\\\xfa',b'\x0f\xb3(\xb4u\x07T\xfe',"b""'\xc5\x0c\x1dy\xacS """,b'h\xe3\x13@\x15\x85_h',b'\xdc\xed|\x1a\xdb\xe4S\r',2021.10.11.08.31.07_veh-50_01750_01948/MergedPointCloud/3141f72ef4605a79.pcd,1633942916199751
b'\xff\xdb\xc5Jt\xc6\\\xfa',b'\xb5\xf0\xdf\xfa\x7f\x92W\xc5',b'1A\xf7.\xf4`Zy',b'\xccD\xf0#h`Z\x90',b'h\xe3\x13@\x15\x85_h',b'\xdc\xed|\x1a\xdb\xe4S\r',2021.10.11.08.31.07_veh-50_01750_01948/MergedPointCloud/ffdbc54a74c65cfa.pcd,1633942916249771
b'\xb5\xf0\xdf\xfa\x7f\x92W\xc5',b'\xf1f\x88%B\x94]\x96',b'\xff\xdb\xc5Jt\xc6\\\xfa',b'\x94=$\xae\x94\xf4Rk',b'h\xe3\x13@\x15\x85_h',b'\xdc\xed|\x1a\xdb\xe4S\r',2021.10.11.08.31.07_veh-50_01750_01948/MergedPointCloud/b5f0dffa7f9257c5.pcd,1633942916299793
b'\xf1f\x88%B\x94]\x96',b'\x91\xc9y\xb7R\x1cT#',b'\xb5\xf0\xdf\xfa\x7f\x92W\xc5',b'l\x8e\x8e\xc5\xf8<R\x80',b'h\xe3\x13@\x15\x85_h',b'\xdc\xed|\x1a\xdb\xe4S\r',2021.10.11.08.31.07_veh-50_01750_01948/MergedPointCloud/f166882542945d96.pcd,1633942916349814
b'\x91\xc9y\xb7R\x1cT#',b'p(\xd9\xcb\x00{U\x84',b'\xf1f\x88%B\x94]\x96',b'\xa2%\xd9ix\x14\\\x8f',b'h\xe3\x13@\x15\x85_h',b'\xdc\xed|\x1a\xdb\xe4S\r',2021.10.11.08.31.07_veh-50_01750_01948/MergedPointCloud/91c979b7521c5423.pcd,1633942916399837
b'p(\xd9\xcb\x00{U\x84',b'\x1d\x1a\xdb\xb2\xcd\xecUT',b'\x91\xc9y\xb7R\x1cT#',b'3\xe6\xf6Q\xb1\xdc]\xc8',b'h\xe3\x13@\x15\x85_h',b'\xdc\xed|\x1a\xdb\xe4S\r',2021.10.11.08.31.07_veh-50_01750_01948/MergedPointCloud/7028d9cb007b5584.pcd,1633942916449858
b'\x1d\x1a\xdb\xb2\xcd\xecUT',b'\x85\xe1&\x94\xd4\xf0_\x8f',b'p(\xd9\xcb\x00{U\x84',b'/\x92\x15\x85{TR0',b'h\xe3\x13@\x15\x85_h',b'\xdc\xed|\x1a\xdb\xe4S\r',2021.10.11.08.31.07_veh-50_01750_01948/MergedPointCloud/1d1adbb2cdec5554.pcd,1633942916499878
b'\x85\xe1&\x94\xd4\xf0_\x8f',b'\x91L\x94\x8d\n\x0eP\xe4',b'\x1d\x1a\xdb\xb2\xcd\xecUT',b'f<\xa7[\x9a\xbe]~',b'h\xe3\x13@\x15\x85_h',b'\xdc\xed|\x1a\xdb\xe4S\r',2021.10.11.08.31.07_veh-50_01750_01948/MergedPointCloud/85e12694d4f05f8f.pcd,1633942916549900
b'\x91L\x94\x8d\n\x0eP\xe4',b'\xde\x94\xc2 \x83\x91Q\x88',b'\x85\xe1&\x94\xd4\xf0_\x8f',"b""'\xc6\x8b\x1d]\xc6W\x87""",b'h\xe3\x13@\x15\x85_h',b'\xdc\xed|\x1a\xdb\xe4S\r',2021.10.11.08.31.07_veh-50_01750_01948/MergedPointCloud/914c948d0a0e50e4.pcd,1633942916599923
b'\xde\x94\xc2 \x83\x91Q\x88',b'q\xe03\x7f\xe2\xc1Y`',b'\x91L\x94\x8d\n\x0eP\xe4',b'X\x82%j(SXu',b'h\xe3\x13@\x15\x85_h',b'\xdc\xed|\x1a\xdb\xe4S\r',2021.10.11.08.31.07_veh-50_01750_01948/MergedPointCloud/de94c22083915188.pcd,1633942916649949
b'q\xe03\x7f\xe2\xc1Y`',b'\xef^\xed$\xa3\x1fT\xf1',b'\xde\x94\xc2 \x83\x91Q\x88',b'\x14\xd0\x1e\xad\x0b\xcfS\x03',b'h\xe3\x13@\x15\x85_h',b'\xdc\xed|\x1a\xdb\xe4S\r',2021.10.11.08.31.07_veh-50_01750_01948/MergedPointCloud/71e0337fe2c15960.pcd,1633942916699974
b'\xef^\xed$\xa3\x1fT\xf1',"b'L\xcb""\xe4;\xb4S\xc0'",b'q\xe03\x7f\xe2\xc1Y`',b'K\xec/e\x10\x01]\xdc',b'h\xe3\x13@\x15\x85_h',b'\xdc\xed|\x1a\xdb\xe4S\r',2021.10.11.08.31.07_veh-50_01750_01948/MergedPointCloud/ef5eed24a31f54f1.pcd,1633942916750000
"b'L\xcb""\xe4;\xb4S\xc0'",b'\x7f\xeegi\x10\xd5U\xac',b'\xef^\xed$\xa3\x1fT\xf1',b'\xdf\xf3w}\xa7\x13[(',b'h\xe3\x13@\x15\x85_h',b'\xdc\xed|\x1a\xdb\xe4S\r',2021.10.11.08.31.07_veh-50_01750_01948/MergedPointCloud/4ccb22e43bb453c0.pcd,1633942916800025
b'\x7f\xeegi\x10\xd5U\xac',b'\x0c\xcbs\xb0\xa4\xf0Zz',"b'L\xcb""\xe4;\xb4S\xc0'",b'\xf3Y\x0c\xd9\x07H[\xe4',b'h\xe3\x13@\x15\x85_h',b'\xdc\xed|\x1a\xdb\xe4S\r',2021.10.11.08.31.07_veh-50_01750_01948/MergedPointCloud/7fee676910d555ac.pcd,1633942916850048
b'\x0c\xcbs\xb0\xa4\xf0Zz',b'\xb6_\xa6\x8d\x01\xceX\x9e',b'\x7f\xeegi\x10\xd5U\xac',b'(\xf4\x15\xbc\x1d\xbdR\x05',b'h\xe3\x13@\x15\x85_h',b'\xdc\xed|\x1a\xdb\xe4S\r',2021.10.11.08.31.07_veh-50_01750_01948/MergedPointCloud/0ccb73b0a4f05a7a.pcd,1633942916900070
b'\xb6_\xa6\x8d\x01\xceX\x9e',"b'\xcd6v\xfa8""V-'",b'\x0c\xcbs\xb0\xa4\xf0Zz',b'\xd4\xb9&X\xa7\xb5_\xf0',b'h\xe3\x13@\x15\x85_h',b'\xdc\xed|\x1a\xdb\xe4S\r',2021.10.11.08.31.07_veh-50_01750_01948/MergedPointCloud/b65fa68d01ce589e.pcd,1633942916950094
"b'\xcd6v\xfa8""V-'",b'I\xe0I\xef\\\rYm',b'\xb6_\xa6\x8d\x01\xceX\x9e',b'\xaa\x93\xe78\xe2\xb1Wx',b'h\xe3\x13@\x15\x85_h',b'\xdc\xed|\x1a\xdb\xe4S\r',2021.10.11.08.31.07_veh-50_01750_01948/MergedPointCloud/cd3676fa3822562d.pcd,1633942917000124
b'I\xe0I\xef\\\rYm',b'\xe1\x86:\xa9\xc0?P\x95',"b'\xcd6v\xfa8""V-'","b""'\xbdDJc\x85S3""",b'h\xe3\x13@\x15\x85_h',b'\xdc\xed|\x1a\xdb\xe4S\r',2021.10.11.08.31.07_veh-50_01750_01948/MergedPointCloud/49e049ef5c0d596d.pcd,1633942917050160
b'\xe1\x86:\xa9\xc0?P\x95',b'6\xb4ti\x01\xf0]\xd2',b'I\xe0I\xef\\\rYm',b'\xbd\x82a\xa1\xb5]Uj',b'h\xe3\x13@\x15\x85_h',b'\xdc\xed|\x1a\xdb\xe4S\r',2021.10.11.08.31.07_veh-50_01750_01948/MergedPointCloud/e1863aa9c03f5095.pcd,1633942917100195
b'6\xb4ti\x01\xf0]\xd2',b'\x9a\x8aT\x9c\x96/Yv',b'\xe1\x86:\xa9\xc0?P\x95',b'\xf2\x95\xfaI\x88\\X`',b'h\xe3\x13@\x15\x85_h',b'\xdc\xed|\x1a\xdb\xe4S\r',2021.10.11.08.31.07_veh-50_01750_01948/MergedPointCloud/36b4746901f05dd2.pcd,1633942917150226
b'\x9a\x8aT\x9c\x96/Yv',b'_\xe7o6\xaew[!',b'6\xb4ti\x01\xf0]\xd2',b'\r\xfc\x96\x83\x18(Y>',b'h\xe3\x13@\x15\x85_h',b'\xdc\xed|\x1a\xdb\xe4S\r',2021.10.11.08.31.07_veh-50_01750_01948/MergedPointCloud/9a8a549c962f5976.pcd,1633942917200248
b'_\xe7o6\xaew[!',b'Ts\x92\x19\x92\xe9W\x14',b'\x9a\x8aT\x9c\x96/Yv',b'C\xc8Z\xdb\xb3\xcf[\\',b'h\xe3\x13@\x15\x85_h',b'\xdc\xed|\x1a\xdb\xe4S\r',2021.10.11.08.31.07_veh-50_01750_01948/MergedPointCloud/5fe76f36ae775b21.pcd,1633942917250261
b'Ts\x92\x19\x92\xe9W\x14',b'\x0b\x18\xb5\x90\x08\xfb^6',b'_\xe7o6\xaew[!',b'\xd8\xf0X\xe7s\xefSk',b'h\xe3\x13@\x15\x85_h',b'\xdc\xed|\x1a\xdb\xe4S\r',2021.10.11.08.31.07_veh-50_01750_01948/MergedPointCloud/5473921992e95714.pcd,1633942917300267
b'\x0b\x18\xb5\x90\x08\xfb^6',b'\xb3G\xd10\xd3LW\xb1',b'Ts\x92\x19\x92\xe9W\x14',b'69z|\x80\xbd\\s',b'h\xe3\x13@\x15\x85_h',b'\xdc\xed|\x1a\xdb\xe4S\r',2021.10.11.08.31.07_veh-50_01750_01948/MergedPointCloud/0b18b59008fb5e36.pcd,1633942917350266
b'\xb3G\xd10\xd3LW\xb1',b'\xce\xfb\xffx?\t[\xdf',b'\x0b\x18\xb5\x90\x08\xfb^6',b'da\xe1\xea\x00\x94^\xe8',b'h\xe3\x13@\x15\x85_h',b'\xdc\xed|\x1a\xdb\xe4S\r',2021.10.11.08.31.07_veh-50_01750_01948/MergedPointCloud/b347d130d34c57b1.pcd,1633942917400259
b'\xce\xfb\xffx?\t[\xdf',b'_=\x8c7C%Y\x9f',b'\xb3G\xd10\xd3LW\xb1',b'\xbd\xf0e\x96\xd9SY\xaa',b'h\xe3\x13@\x15\x85_h',b'\xdc\xed|\x1a\xdb\xe4S\r',2021.10.11.08.31.07_veh-50_01750_01948/MergedPointCloud/cefbff783f095bdf.pcd,1633942917450248
b'_=\x8c7C%Y\x9f',b'\xd2\x82\x87\xedu\xeeQ\x06',b'\xce\xfb\xffx?\t[\xdf',"b""\xben:\xd3\xfc'VE""",b'h\xe3\x13@\x15\x85_h',b'\xdc\xed|\x1a\xdb\xe4S\r',2021.10.11.08.31.07_veh-50_01750_01948/MergedPointCloud/5f3d8c374325599f.pcd,1633942917500235
b'\xd2\x82\x87\xedu\xeeQ\x06',b'x;\t\xfd-\x07ZP',b'_=\x8c7C%Y\x9f',b'\xd4\xf2\xda\xe0\x00\xe7[\xf4',b'h\xe3\x13@\x15\x85_h',b'\xdc\xed|\x1a\xdb\xe4S\r',2021.10.11.08.31.07_veh-50_01750_01948/MergedPointCloud/d28287ed75ee5106.pcd,1633942917550219
b'x;\t\xfd-\x07ZP',b'\x0c\x7fc\x9b\x93\xd2U\xe5',b'\xd2\x82\x87\xedu\xeeQ\x06',"b""\x80P\xc7\xc2'\xcdZ'""",b'h\xe3\x13@\x15\x85_h',b'\xdc\xed|\x1a\xdb\xe4S\r',2021.10.11.08.31.07_veh-50_01750_01948/MergedPointCloud/783b09fd2d075a50.pcd,1633942917600201
b'\x0c\x7fc\x9b\x93\xd2U\xe5',b'\xa8o\x10z_\x93U?',b'x;\t\xfd-\x07ZP',"b'Kl\x14""\xb0\x0cR\xb7'",b'h\xe3\x13@\x15\x85_h',b'\xdc\xed|\x1a\xdb\xe4S\r',2021.10.11.08.31.07_veh-50_01750_01948/MergedPointCloud/0c7f639b93d255e5.pcd,1633942917650184
b'\xa8o\x10z_\x93U?',b'JI\x9dS\x95WP\x86',b'\x0c\x7fc\x9b\x93\xd2U\xe5',b'J\xe1\x802h/U\xd2',b'h\xe3\x13@\x15\x85_h',b'\xdc\xed|\x1a\xdb\xe4S\r',2021.10.11.08.31.07_veh-50_01750_01948/MergedPointCloud/a86f107a5f93553f.pcd,1633942917700168
b'JI\x9dS\x95WP\x86',b'\x7f\xf6\x978\xc1\xf7Pa',b'\xa8o\x10z_\x93U?',b'#\xf6\xc7\xc76UV\x83',b'h\xe3\x13@\x15\x85_h',b'\xdc\xed|\x1a\xdb\xe4S\r',2021.10.11.08.31.07_veh-50_01750_01948/MergedPointCloud/4a499d5395575086.pcd,1633942917750151
b'\x7f\xf6\x978\xc1\xf7Pa',b'\xf3\xd1\xd7\xbb\t\xce^/',b'JI\x9dS\x95WP\x86',b'\x7f\xe1R8w^T\xef',b'h\xe3\x13@\x15\x85_h',b'\xdc\xed|\x1a\xdb\xe4S\r',2021.10.11.08.31.07_veh-50_01750_01948/MergedPointCloud/7ff69738c1f75061.pcd,1633942917800134
b'\xf3\xd1\xd7\xbb\t\xce^/',b'r\x85\x94\x0e\xa8\xd3[3',b'\x7f\xf6\x978\xc1\xf7Pa',b'\xe1\x0b\\\xde\xfd_St',b'h\xe3\x13@\x15\x85_h',b'\xdc\xed|\x1a\xdb\xe4S\r',2021.10.11.08.31.07_veh-50_01750_01948/MergedPointCloud/f3d1d7bb09ce5e2f.pcd,1633942917850113
b'r\x85\x94\x0e\xa8\xd3[3',"b'\xc0/3\xe5,\xef^\x90'",b'\xf3\xd1\xd7\xbb\t\xce^/',b'\xba\xb3\x87n\x9c4Z\xcb',b'h\xe3\x13@\x15\x85_h',b'\xdc\xed|\x1a\xdb\xe4S\r',2021.10.11.08.31.07_veh-50_01750_01948/MergedPointCloud/7285940ea8d35b33.pcd,1633942917900095
"b'\xc0/3\xe5,\xef^\x90'",b'\xb3\xads\xb3%0\\\x10',b'r\x85\x94\x0e\xa8\xd3[3',b'\xa8\x17\xf6\xf9\x01\x99S\xe7',b'h\xe3\x13@\x15\x85_h',b'\xdc\xed|\x1a\xdb\xe4S\r',2021.10.11.08.31.07_veh-50_01750_01948/MergedPointCloud/c02f33e52cef5e90.pcd,1633942917950077
b'\xb3\xads\xb3%0\\\x10',b'\xb0Q\xfa\xbbz\xea]2',"b'\xc0/3\xe5,\xef^\x90'",b'\xbd\x99\xe8\xe9\xd4-[3',b'h\xe3\x13@\x15\x85_h',b'\xdc\xed|\x1a\xdb\xe4S\r',2021.10.11.08.31.07_veh-50_01750_01948/MergedPointCloud/b3ad73b325305c10.pcd,1633942918000060
b'\xb0Q\xfa\xbbz\xea]2',b'\xf6_\xb8\xcf\x0f\x95^\x1e',b'\xb3\xads\xb3%0\\\x10',b'\x1d\x95\xe0y\xc6$U\xa9',b'h\xe3\x13@\x15\x85_h',b'\xdc\xed|\x1a\xdb\xe4S\r',2021.10.11.08.31.07_veh-50_01750_01948/MergedPointCloud/b051fabb7aea5d32.pcd,1633942918050042
b'\xf6_\xb8\xcf\x0f\x95^\x1e',b'\xb9\xc82\xb3\x92{Y\xa0',b'\xb0Q\xfa\xbbz\xea]2',b'\xf2\x1f\xf7\x94\x14H[v',b'h\xe3\x13@\x15\x85_h',b'\xdc\xed|\x1a\xdb\xe4S\r',2021.10.11.08.31.07_veh-50_01750_01948/MergedPointCloud/f65fb8cf0f955e1e.pcd,1633942918100022
b'\xb9\xc82\xb3\x92{Y\xa0',b'\x10*\x9d\x1f\x1aq_\x9a',b'\xf6_\xb8\xcf\x0f\x95^\x1e',b'=\xd0\xc4\xb93\x01^\xe6',b'h\xe3\x13@\x15\x85_h',b'\xdc\xed|\x1a\xdb\xe4S\r',2021.10.11.08.31.07_veh-50_01750_01948/MergedPointCloud/b9c832b3927b59a0.pcd,1633942918149998
b'\x10*\x9d\x1f\x1aq_\x9a',b'Z\x9c\xa7\xafPTZ\xae',b'\xb9\xc82\xb3\x92{Y\xa0',b'\xfe#\x02@h\xaa\\\x1d',b'h\xe3\x13@\x15\x85_h',b'\xdc\xed|\x1a\xdb\xe4S\r',2021.10.11.08.31.07_veh-50_01750_01948/MergedPointCloud/102a9d1f1a715f9a.pcd,1633942918199970
b'Z\x9c\xa7\xafPTZ\xae',b'w\x7f\xac/<\xa8^?',b'\x10*\x9d\x1f\x1aq_\x9a',b'\x17\xa6\x8c\x933\x88_\xce',b'h\xe3\x13@\x15\x85_h',b'\xdc\xed|\x1a\xdb\xe4S\r',2021.10.11.08.31.07_veh-50_01750_01948/MergedPointCloud/5a9ca7af50545aae.pcd,1633942918249940
b'w\x7f\xac/<\xa8^?',b'&\xb5\x9d.N\xffQ\x89',b'Z\x9c\xa7\xafPTZ\xae',b'\xeb\xc7\xa5\xab\x17A]\xa4',b'h\xe3\x13@\x15\x85_h',b'\xdc\xed|\x1a\xdb\xe4S\r',2021.10.11.08.31.07_veh-50_01750_01948/MergedPointCloud/777fac2f3ca85e3f.pcd,1633942918299910
b'&\xb5\x9d.N\xffQ\x89',b'h\xbc\x99\xef\xec]W\x06',b'w\x7f\xac/<\xa8^?',b'\xdcu\xf3\xa3\xe4\x95S\xa7',b'h\xe3\x13@\x15\x85_h',b'\xdc\xed|\x1a\xdb\xe4S\r',2021.10.11.08.31.07_veh-50_01750_01948/MergedPointCloud/26b59d2e4eff5189.pcd,1633942918349882
b'h\xbc\x99\xef\xec]W\x06',b'\x9d`\xd2_viR\x17',b'&\xb5\x9d.N\xffQ\x89',b'\xf5T\xa3Z\xd4\x02Q\xae',b'h\xe3\x13@\x15\x85_h',b'\xdc\xed|\x1a\xdb\xe4S\r',2021.10.11.08.31.07_veh-50_01750_01948/MergedPointCloud/68bc99efec5d5706.pcd,1633942918399856
b'\x9d`\xd2_viR\x17',b'\x0eX)2\xb7\xc9W\x9d',b'h\xbc\x99\xef\xec]W\x06',"b'\xd7\xe4\xfdC\xf6,W]'",b'h\xe3\x13@\x15\x85_h',b'\xdc\xed|\x1a\xdb\xe4S\r',2021.10.11.08.31.07_veh-50_01750_01948/MergedPointCloud/9d60d25f76695217.pcd,1633942918449833
b'\x0eX)2\xb7\xc9W\x9d',b'\x9d)9V\x12\x05T\x14',b'\x9d`\xd2_viR\x17',b'\\\xd3\xe7\x83lpXo',b'h\xe3\x13@\x15\x85_h',b'\xdc\xed|\x1a\xdb\xe4S\r',2021.10.11.08.31.07_veh-50_01750_01948/MergedPointCloud/0e582932b7c9579d.pcd,1633942918499809
b'\x9d)9V\x12\x05T\x14',b'\x08`J\xc2a\x16^\x05',b'\x0eX)2\xb7\xc9W\x9d',b'\xc9\xdf\x86\x87\xda\xe4]\x95',b'h\xe3\x13@\x15\x85_h',b'\xdc\xed|\x1a\xdb\xe4S\r',2021.10.11.08.31.07_veh-50_01750_01948/MergedPointCloud/9d29395612055414.pcd,1633942918549785
b'\x08`J\xc2a\x16^\x05',"b'\xb8U\x14@; T,'",b'\x9d)9V\x12\x05T\x14',b'\xe6\x7f\x13\xfb|@Z\xe6',b'h\xe3\x13@\x15\x85_h',b'\xdc\xed|\x1a\xdb\xe4S\r',2021.10.11.08.31.07_veh-50_01750_01948/MergedPointCloud/08604ac261165e05.pcd,1633942918599757
"b'\xb8U\x14@; T,'",b'L\x86\xc7\x8a\x87AWZ',b'\x08`J\xc2a\x16^\x05',b'\x04<`\x18\xaah[\xec',b'h\xe3\x13@\x15\x85_h',b'\xdc\xed|\x1a\xdb\xe4S\r',2021.10.11.08.31.07_veh-50_01750_01948/MergedPointCloud/b85514403b20542c.pcd,1633942918649726
b'L\x86\xc7\x8a\x87AWZ',b'\x01fxSK\x94X\xd2',"b'\xb8U\x14@; T,'",b'j\xdb<=\x0c\xa6Yv',b'h\xe3\x13@\x15\x85_h',b'\xdc\xed|\x1a\xdb\xe4S\r',2021.10.11.08.31.07_veh-50_01750_01948/MergedPointCloud/4c86c78a8741575a.pcd,1633942918699692
b'\x01fxSK\x94X\xd2',b'\r\x83\xe2\x0e\xa2=U[',b'L\x86\xc7\x8a\x87AWZ',b'xF\xb4^\x03\x81\\<',b'h\xe3\x13@\x15\x85_h',b'\xdc\xed|\x1a\xdb\xe4S\r',2021.10.11.08.31.07_veh-50_01750_01948/MergedPointCloud/016678534b9458d2.pcd,1633942918749657
b'\r\x83\xe2\x0e\xa2=U[',b';\x0e5\\\x08sW\xa9',b'\x01fxSK\x94X\xd2',b'\x81o\x82\xa2v\xa4X\xb0',b'h\xe3\x13@\x15\x85_h',b'\xdc\xed|\x1a\xdb\xe4S\r',2021.10.11.08.31.07_veh-50_01750_01948/MergedPointCloud/0d83e20ea23d555b.pcd,1633942918799624
b';\x0e5\\\x08sW\xa9',b'\xde\xd5\xf9Dk\xd2_)',b'\r\x83\xe2\x0e\xa2=U[',b'\x80_\xeb\x95x\x13X<',b'h\xe3\x13@\x15\x85_h',b'\xdc\xed|\x1a\xdb\xe4S\r',2021.10.11.08.31.07_veh-50_01750_01948/MergedPointCloud/3b0e355c087357a9.pcd,1633942918849592
b'\xde\xd5\xf9Dk\xd2_)',b'(\xe2LZ|\xe2^!',b';\x0e5\\\x08sW\xa9',b'\x1b\x01\x99\x06^\xa4_\xef',b'h\xe3\x13@\x15\x85_h',b'\xdc\xed|\x1a\xdb\xe4S\r',2021.10.11.08.31.07_veh-50_01750_01948/MergedPointCloud/ded5f9446bd25f29.pcd,1633942918899564
b'(\xe2LZ|\xe2^!',b'2!\xa0\x02\x15\x95^\x18',b'\xde\xd5\xf9Dk\xd2_)',b'5\\\xb1\xd5~\xc0V\x88',b'h\xe3\x13@\x15\x85_h',b'\xdc\xed|\x1a\xdb\xe4S\r',2021.10.11.08.31.07_veh-50_01750_01948/MergedPointCloud/28e24c5a7ce25e21.pcd,1633942918949538
b'2!\xa0\x02\x15\x95^\x18',b'\xc3]\xb2\xb2\x0f\xe9Y\x7f',b'(\xe2LZ|\xe2^!',b'\xb1\xa5N\x80VxU\x7f',b'h\xe3\x13@\x15\x85_h',b'\xdc\xed|\x1a\xdb\xe4S\r',2021.10.11.08.31.07_veh-50_01750_01948/MergedPointCloud/3221a00215955e18.pcd,1633942918999512
b'\xc3]\xb2\xb2\x0f\xe9Y\x7f',b'\xcd\x13d\x81\xf0\x87S\xe0',b'2!\xa0\x02\x15\x95^\x18',b'\xa9\x0e\xb5\xc6\x82=T\x9c',b'h\xe3\x13@\x15\x85_h',b'\xdc\xed|\x1a\xdb\xe4S\r',2021.10.11.08.31.07_veh-50_01750_01948/MergedPointCloud/c35db2b20fe9597f.pcd,1633942919049485
b'\xcd\x13d\x81\xf0\x87S\xe0',b'\xce\x08T\x1b%\x00X#',b'\xc3]\xb2\xb2\x0f\xe9Y\x7f',b'\xf2\xa7\xccV\x1a\xf1^\xdf',b'h\xe3\x13@\x15\x85_h',b'\xdc\xed|\x1a\xdb\xe4S\r',2021.10.11.08.31.07_veh-50_01750_01948/MergedPointCloud/cd136481f08753e0.pcd,1633942919099456
b'\xce\x08T\x1b%\x00X#',b'5\nvE8\xf4_\x1d',b'\xcd\x13d\x81\xf0\x87S\xe0',"b'\xae\xd9G^G\xaf_,'",b'h\xe3\x13@\x15\x85_h',b'\xdc\xed|\x1a\xdb\xe4S\r',2021.10.11.08.31.07_veh-50_01750_01948/MergedPointCloud/ce08541b25005823.pcd,1633942919149427
b'5\nvE8\xf4_\x1d',b'\x003\xd5\xa7k\xacR\x95',b'\xce\x08T\x1b%\x00X#',b'\xeb\xc3\xc8\xd7\x19{^\x8d',b'h\xe3\x13@\x15\x85_h',b'\xdc\xed|\x1a\xdb\xe4S\r',2021.10.11.08.31.07_veh-50_01750_01948/MergedPointCloud/350a764538f45f1d.pcd,1633942919199398
b'\x003\xd5\xa7k\xacR\x95',b'\xc4f\x1d$\xfe\tS\xcb',b'5\nvE8\xf4_\x1d',"b'R""\xabi\xc47Z\xa0'",b'h\xe3\x13@\x15\x85_h',b'\xdc\xed|\x1a\xdb\xe4S\r',2021.10.11.08.31.07_veh-50_01750_01948/MergedPointCloud/0033d5a76bac5295.pcd,1633942919249372
b'\xc4f\x1d$\xfe\tS\xcb',b'I\xdb(K\xc1\xcb[i',b'\x003\xd5\xa7k\xacR\x95',b'\xbb\xd7!\x83\xe9qP\xf3',b'h\xe3\x13@\x15\x85_h',b'\xdc\xed|\x1a\xdb\xe4S\r',2021.10.11.08.31.07_veh-50_01750_01948/MergedPointCloud/c4661d24fe0953cb.pcd,1633942919299351
b'I\xdb(K\xc1\xcb[i',b'-L\xb2o\xe5\x7f[\xbf',b'\xc4f\x1d$\xfe\tS\xcb',b'n\x98\xc0\x08\x1a\xf1\\\xf8',b'h\xe3\x13@\x15\x85_h',b'\xdc\xed|\x1a\xdb\xe4S\r',2021.10.11.08.31.07_veh-50_01750_01948/MergedPointCloud/49db284bc1cb5b69.pcd,1633942919349331
b'-L\xb2o\xe5\x7f[\xbf',"b""\xc1\x03p]_'X\x02""",b'I\xdb(K\xc1\xcb[i',b'_\xa8\x88\xe6\xa4\x99RC',b'h\xe3\x13@\x15\x85_h',b'\xdc\xed|\x1a\xdb\xe4S\r',2021.10.11.08.31.07_veh-50_01750_01948/MergedPointCloud/2d4cb26fe57f5bbf.pcd,1633942919399315
"b""\xc1\x03p]_'X\x02""",b'\xa0B6Y\xc7\xe7Q\xe1',b'-L\xb2o\xe5\x7f[\xbf',"b'\xa1\xb3\x8b\xcf\xdeoZ,'",b'h\xe3\x13@\x15\x85_h',b'\xdc\xed|\x1a\xdb\xe4S\r',2021.10.11.08.31.07_veh-50_01750_01948/MergedPointCloud/c103705d5f275802.pcd,1633942919449303
b'\xa0B6Y\xc7\xe7Q\xe1',b'\x1e\xa4\x04\xe9z[R\x99',"b""\xc1\x03p]_'X\x02""","b""J)E.\\'[&""",b'h\xe3\x13@\x15\x85_h',b'\xdc\xed|\x1a\xdb\xe4S\r',2021.10.11.08.31.07_veh-50_01750_01948/MergedPointCloud/a0423659c7e751e1.pcd,1633942919499297
b'\x1e\xa4\x04\xe9z[R\x99',b'l\xf3\xc5\xc5\xe3*W!',b'\xa0B6Y\xc7\xe7Q\xe1',b'f\x824\x16\r:Q\xc2',b'h\xe3\x13@\x15\x85_h',b'\xdc\xed|\x1a\xdb\xe4S\r',2021.10.11.08.31.07_veh-50_01750_01948/MergedPointCloud/1ea404e97a5b5299.pcd,1633942919549295
b'l\xf3\xc5\xc5\xe3*W!',b'XAt\xb2L\xeaW@',b'\x1e\xa4\x04\xe9z[R\x99',"b'\xe3\xa9\xc4""\x96\xa6U\xe6'",b'h\xe3\x13@\x15\x85_h',b'\xdc\xed|\x1a\xdb\xe4S\r',2021.10.11.08.31.07_veh-50_01750_01948/MergedPointCloud/6cf3c5c5e32a5721.pcd,1633942919599297
b'XAt\xb2L\xeaW@',b'\x10LHGitWt',b'l\xf3\xc5\xc5\xe3*W!',b'\r\x8cD\x16?\xa2V\x19',b'h\xe3\x13@\x15\x85_h',b'\xdc\xed|\x1a\xdb\xe4S\r',2021.10.11.08.31.07_veh-50_01750_01948/MergedPointCloud/584174b24cea5740.pcd,1633942919649300
b'\x10LHGitWt',b'\xc6\x88\xccN\xadwUl',b'XAt\xb2L\xeaW@',b';?\xb3\xda\xaa+Y\xcb',b'h\xe3\x13@\x15\x85_h',b'\xdc\xed|\x1a\xdb\xe4S\r',2021.10.11.08.31.07_veh-50_01750_01948/MergedPointCloud/104c484769745774.pcd,1633942919699310
b'\xc6\x88\xccN\xadwUl',b'\x84\xf0\xb8\x06N\xfbPT',b'\x10LHGitWt',b'\xa8\xb1\xaf\x00\x8f\xcfSN',b'h\xe3\x13@\x15\x85_h',b'\xdc\xed|\x1a\xdb\xe4S\r',2021.10.11.08.31.07_veh-50_01750_01948/MergedPointCloud/c688cc4ead77556c.pcd,1633942919749324
b'\x84\xf0\xb8\x06N\xfbPT',b'\xa5\xd72:6\xa6U\x15',b'\xc6\x88\xccN\xadwUl',b'JF.tD\xfcQ\x9c',b'h\xe3\x13@\x15\x85_h',b'\xdc\xed|\x1a\xdb\xe4S\r',2021.10.11.08.31.07_veh-50_01750_01948/MergedPointCloud/84f0b8064efb5054.pcd,1633942919799341
b'\xa5\xd72:6\xa6U\x15',b'Ma`\xf9\xde\xa5\\\xad',b'\x84\xf0\xb8\x06N\xfbPT',"b""\x15\x8f's\x91\xa0]\xc2""",b'h\xe3\x13@\x15\x85_h',b'\xdc\xed|\x1a\xdb\xe4S\r',2021.10.11.08.31.07_veh-50_01750_01948/MergedPointCloud/a5d7323a36a65515.pcd,1633942919849361
b'Ma`\xf9\xde\xa5\\\xad',"b""\x07t\xeb's\xb5Z8""",b'\xa5\xd72:6\xa6U\x15',b'\t\xfd?\\\x8e\xdeR\x80',b'h\xe3\x13@\x15\x85_h',b'\xdc\xed|\x1a\xdb\xe4S\r',2021.10.11.08.31.07_veh-50_01750_01948/MergedPointCloud/4d6160f9dea55cad.pcd,1633942919899386
"b""\x07t\xeb's\xb5Z8""",b'O\xa5\x0b\x99\xf6\x08P\xf5',b'Ma`\xf9\xde\xa5\\\xad',b'E\x03\xfeG\x9btU\xbe',b'h\xe3\x13@\x15\x85_h',b'\xdc\xed|\x1a\xdb\xe4S\r',2021.10.11.08.31.07_veh-50_01750_01948/MergedPointCloud/0774eb2773b55a38.pcd,1633942919949414
b'O\xa5\x0b\x99\xf6\x08P\xf5',b'=_\x01\x03\xe9\xebS\x8b',"b""\x07t\xeb's\xb5Z8""",b'\xda7\xdaY\xe5\xafU\xb3',b'h\xe3\x13@\x15\x85_h',b'\xdc\xed|\x1a\xdb\xe4S\r',2021.10.11.08.31.07_veh-50_01750_01948/MergedPointCloud/4fa50b99f60850f5.pcd,1633942919999444
b'=_\x01\x03\xe9\xebS\x8b',b'\x1b\xb7.\x1c\x82\xd7\\\xd4',b'O\xa5\x0b\x99\xf6\x08P\xf5',b'_\xa2g\x85\x89\xd3]\x8b',b'h\xe3\x13@\x15\x85_h',b'\xdc\xed|\x1a\xdb\xe4S\r',2021.10.11.08.31.07_veh-50_01750_01948/MergedPointCloud/3d5f0103e9eb538b.pcd,1633942920049475
b'\x1b\xb7.\x1c\x82\xd7\\\xd4',b'\x11)>Jd\x00]\xac',b'=_\x01\x03\xe9\xebS\x8b',b'x(\xcd\xf0\xdb.W\xe4',b'h\xe3\x13@\x15\x85_h',b'\xdc\xed|\x1a\xdb\xe4S\r',2021.10.11.08.31.07_veh-50_01750_01948/MergedPointCloud/1bb72e1c82d75cd4.pcd,1633942920099508
b'\x11)>Jd\x00]\xac',b'\x80\xf4\x89\xd7\xd9\x08W\xef',b'\x1b\xb7.\x1c\x82\xd7\\\xd4',b'\xe0\x8b\xbd+ha_l',b'h\xe3\x13@\x15\x85_h',b'\xdc\xed|\x1a\xdb\xe4S\r',2021.10.11.08.31.07_veh-50_01750_01948/MergedPointCloud/11293e4a64005dac.pcd,1633942920149542
b'\x80\xf4\x89\xd7\xd9\x08W\xef',b'-\x17\x9f\x19\rPP\x9e',b'\x11)>Jd\x00]\xac',b'\xeeE\x1e~\x02\xadQL',b'h\xe3\x13@\x15\x85_h',b'\xdc\xed|\x1a\xdb\xe4S\r',2021.10.11.08.31.07_veh-50_01750_01948/MergedPointCloud/80f489d7d90857ef.pcd,1633942920199578
b'-\x17\x9f\x19\rPP\x9e',b'\xda !/KUY\xf5',b'\x80\xf4\x89\xd7\xd9\x08W\xef',b'q\xf6\x0f\xd02\xab_\xc3',b'h\xe3\x13@\x15\x85_h',b'\xdc\xed|\x1a\xdb\xe4S\r',2021.10.11.08.31.07_veh-50_01750_01948/MergedPointCloud/2d179f190d50509e.pcd,1633942920249617
b'\xda !/KUY\xf5',b'\xbf=\xa8#\x04\xe4Q\xdc',b'-\x17\x9f\x19\rPP\x9e',b'_$\xbcK\xf7+\\\x18',b'h\xe3\x13@\x15\x85_h',b']\xf1\xfa\xd5XT^\x9e',2021.10.11.08.31.07_veh-50_01750_01948/MergedPointCloud/da20212f4b5559f5.pcd,1633942920299657
b'\xbf=\xa8#\x04\xe4Q\xdc',b's\x1f\xe6\xe0.-Z\xc2',b'\xda !/KUY\xf5',"b""\x93'\xaeK\x04\xb0^X""",b'h\xe3\x13@\x15\x85_h',b']\xf1\xfa\xd5XT^\x9e',2021.10.11.08.31.07_veh-50_01750_01948/MergedPointCloud/bf3da82304e451dc.pcd,1633942920349698
b's\x1f\xe6\xe0.-Z\xc2',b'Q\x0cFu\xf2\x16Y\xc8',b'\xbf=\xa8#\x04\xe4Q\xdc',b'r\xb4fi\xef\xf5]~',b'h\xe3\x13@\x15\x85_h',b']\xf1\xfa\xd5XT^\x9e',2021.10.11.08.31.07_veh-50_01750_01948/MergedPointCloud/731fe6e02e2d5ac2.pcd,1633942920399738
b'Q\x0cFu\xf2\x16Y\xc8',"b""s2#\x1d\xc5\xb5^'""",b's\x1f\xe6\xe0.-Z\xc2',b'E&W\xb3v\xbfS\xbd',b'h\xe3\x13@\x15\x85_h',b']\xf1\xfa\xd5XT^\x9e',2021.10.11.08.31.07_veh-50_01750_01948/MergedPointCloud/510c4675f21659c8.pcd,1633942920449781
"b""s2#\x1d\xc5\xb5^'""",b'\xf884\xffd\x8b^\xbb',b'Q\x0cFu\xf2\x16Y\xc8',b'y\x97D\x05\x1e*\\\xe9',b'h\xe3\x13@\x15\x85_h',b']\xf1\xfa\xd5XT^\x9e',2021.10.11.08.31.07_veh-50_01750_01948/MergedPointCloud/7332231dc5b55e27.pcd,1633942920499826
b'\xf884\xffd\x8b^\xbb',b'\x8f\xeeOo^6Z\xce',"b""s2#\x1d\xc5\xb5^'""",b'\x02\x98\r\x93\x15\xb3X\x13',b'h\xe3\x13@\x15\x85_h',b']\xf1\xfa\xd5XT^\x9e',2021.10.11.08.31.07_veh-50_01750_01948/MergedPointCloud/f83834ff648b5ebb.pcd,1633942920549868
b'\x8f\xeeOo^6Z\xce',b'C\xf7\xb8\xbf\xfa\xabR\x91',b'\xf884\xffd\x8b^\xbb',b'\xb1\x8e\x96\n\x92\xcaT2',b'h\xe3\x13@\x15\x85_h',b']\xf1\xfa\xd5XT^\x9e',2021.10.11.08.31.07_veh-50_01750_01948/MergedPointCloud/8fee4f6f5e365ace.pcd,1633942920599908
b'C\xf7\xb8\xbf\xfa\xabR\x91',b'R\x9a\x96L\x99\xb3U\x00',b'\x8f\xeeOo^6Z\xce',b'Cy\\\r\ta^\x9e',b'h\xe3\x13@\x15\x85_h',b']\xf1\xfa\xd5XT^\x9e',2021.10.11.08.31.07_veh-50_01750_01948/MergedPointCloud/43f7b8bffaab5291.pcd,1633942920649951
b'R\x9a\x96L\x99\xb3U\x00',b'\xa5tk?\xe7mRf',b'C\xf7\xb8\xbf\xfa\xabR\x91',b'/\xe92\xb5\xfcVQ\xe9',b'h\xe3\x13@\x15\x85_h',b']\xf1\xfa\xd5XT^\x9e',2021.10.11.08.31.07_veh-50_01750_01948/MergedPointCloud/529a964c99b35500.pcd,1633942920699995
b'\xa5tk?\xe7mRf',b'w\xabe9\xaeQ^\xc8',b'R\x9a\x96L\x99\xb3U\x00',b'\xd78+Q\x1e\x80U\xb8',b'h\xe3\x13@\x15\x85_h',b']\xf1\xfa\xd5XT^\x9e',2021.10.11.08.31.07_veh-50_01750_01948/MergedPointCloud/a5746b3fe76d5266.pcd,1633942920750041
b'w\xabe9\xaeQ^\xc8',b'\xf2\x91Dw\x9e\xd9P~',b'\xa5tk?\xe7mRf',b'\xd0\xe8@\x16\x82pQ\x13',b'h\xe3\x13@\x15\x85_h',b']\xf1\xfa\xd5XT^\x9e',2021.10.11.08.31.07_veh-50_01750_01948/MergedPointCloud/77ab6539ae515ec8.pcd,1633942920800091
b'\xf2\x91Dw\x9e\xd9P~',b'\n\xb0O!\x13:Y*',b'w\xabe9\xaeQ^\xc8',b'U0\xa3\x91\x06T\\\x0b',b'h\xe3\x13@\x15\x85_h',b']\xf1\xfa\xd5XT^\x9e',2021.10.11.08.31.07_veh-50_01750_01948/MergedPointCloud/f29144779ed9507e.pcd,1633942920850143
b'\n\xb0O!\x13:Y*',b'\x0c^i\x8d\xfelP\x9e',b'\xf2\x91Dw\x9e\xd9P~',b'\xc7.\x04\xc0i\xecT\xaf',b'h\xe3\x13@\x15\x85_h',b']\xf1\xfa\xd5XT^\x9e',2021.10.11.08.31.07_veh-50_01750_01948/MergedPointCloud/0ab04f21133a592a.pcd,1633942920900198
b'\x0c^i\x8d\xfelP\x9e',b'\x95\xdc\x7f\x179\x83[\xea',b'\n\xb0O!\x13:Y*',b'\xf6\xef\x88s^\xbeQ\xb3',b'h\xe3\x13@\x15\x85_h',b']\xf1\xfa\xd5XT^\x9e',2021.10.11.08.31.07_veh-50_01750_01948/MergedPointCloud/0c5e698dfe6c509e.pcd,1633942920950253
b'\x95\xdc\x7f\x179\x83[\xea',b'\xcer\xe8L?\xf2P+',b'\x0c^i\x8d\xfelP\x9e',b'\x02}\x9d\xcc\xa0\x13_\x82',b'h\xe3\x13@\x15\x85_h',b']\xf1\xfa\xd5XT^\x9e',2021.10.11.08.31.07_veh-50_01750_01948/MergedPointCloud/95dc7f1739835bea.pcd,1633942921000307
b'\xcer\xe8L?\xf2P+',b'\xe6\xf4P\xee\xad\xb4R\x91',b'\x95\xdc\x7f\x179\x83[\xea',b'\xf90v\x01R][H',b'h\xe3\x13@\x15\x85_h',b']\xf1\xfa\xd5XT^\x9e',2021.10.11.08.31.07_veh-50_01750_01948/MergedPointCloud/ce72e84c3ff2502b.pcd,1633942921050357
b'\xe6\xf4P\xee\xad\xb4R\x91',b'\xd1(\x122\x91%Rs',b'\xcer\xe8L?\xf2P+',b'y\xf2\x02\x8b~\x00R\x93',b'h\xe3\x13@\x15\x85_h',b']\xf1\xfa\xd5XT^\x9e',2021.10.11.08.31.07_veh-50_01750_01948/MergedPointCloud/e6f450eeadb45291.pcd,1633942921100398
b'\xd1(\x122\x91%Rs',b'\xe4\xb6\xb4\x1fl\x87Q\xef',b'\xe6\xf4P\xee\xad\xb4R\x91',b'T\xb3\xf9T \xcaZ\xbb',b'h\xe3\x13@\x15\x85_h',b']\xf1\xfa\xd5XT^\x9e',2021.10.11.08.31.07_veh-50_01750_01948/MergedPointCloud/d128123291255273.pcd,1633942921150433
b'\xe4\xb6\xb4\x1fl\x87Q\xef',b'\x0fW/2\xfd\xfdP\x9c',b'\xd1(\x122\x91%Rs',b'\xb24\x9f\xb5\x7fPWK',b'h\xe3\x13@\x15\x85_h',b']\xf1\xfa\xd5XT^\x9e',2021.10.11.08.31.07_veh-50_01750_01948/MergedPointCloud/e4b6b41f6c8751ef.pcd,1633942921200461
b'\x0fW/2\xfd\xfdP\x9c',b'\xe0Qq\x18\x01\x17\\\x17',b'\xe4\xb6\xb4\x1fl\x87Q\xef',b'\xc8\xe9\xf1^\xba\xc6S\x9d',b'h\xe3\x13@\x15\x85_h',b']\xf1\xfa\xd5XT^\x9e',2021.10.11.08.31.07_veh-50_01750_01948/MergedPointCloud/0f572f32fdfd509c.pcd,1633942921250481
b'\xe0Qq\x18\x01\x17\\\x17',b'\x9a\xc5i\xe2r\xf1[\x9f',b'\x0fW/2\xfd\xfdP\x9c',b'\x92\xfe\x0f{?\xab_m',b'h\xe3\x13@\x15\x85_h',b']\xf1\xfa\xd5XT^\x9e',2021.10.11.08.31.07_veh-50_01750_01948/MergedPointCloud/e051711801175c17.pcd,1633942921300495
b'\x9a\xc5i\xe2r\xf1[\x9f',"b'\xd3,\xa3\xaa\xe9\x86Q\xc2'",b'\xe0Qq\x18\x01\x17\\\x17',b'\xbd.\xdf\x11\xa9\x82S\x07',b'h\xe3\x13@\x15\x85_h',b']\xf1\xfa\xd5XT^\x9e',2021.10.11.08.31.07_veh-50_01750_01948/MergedPointCloud/9ac569e272f15b9f.pcd,1633942921350499
"b'\xd3,\xa3\xaa\xe9\x86Q\xc2'",b'\xae\x19(\xa4;&Q8',b'\x9a\xc5i\xe2r\xf1[\x9f',b'\x1d\xb46\\\xef\x0c^\xd3',b'h\xe3\x13@\x15\x85_h',b']\xf1\xfa\xd5XT^\x9e',2021.10.11.08.31.07_veh-50_01750_01948/MergedPointCloud/d32ca3aae98651c2.pcd,1633942921400495
b'\xae\x19(\xa4;&Q8',b'rdb\xa5\x84YR\xa4',"b'\xd3,\xa3\xaa\xe9\x86Q\xc2'",b'\x1f\xd1\xa8\r\xbdv^v',b'h\xe3\x13@\x15\x85_h',b']\xf1\xfa\xd5XT^\x9e',2021.10.11.08.31.07_veh-50_01750_01948/MergedPointCloud/ae1928a43b265138.pcd,1633942921450480
b'rdb\xa5\x84YR\xa4',"b""\x9a\xa7'\x00\xb6\xab[\x92""",b'\xae\x19(\xa4;&Q8',b'\xfdMo\xeb\x07\x8bPS',b'h\xe3\x13@\x15\x85_h',b']\xf1\xfa\xd5XT^\x9e',2021.10.11.08.31.07_veh-50_01750_01948/MergedPointCloud/726462a5845952a4.pcd,1633942921500460
"b""\x9a\xa7'\x00\xb6\xab[\x92""",b'\xa6%\x11\\\x99\xfaR\x90',b'rdb\xa5\x84YR\xa4',b'\x0b\xa5z)\xdc\x08Q\xb3',b'h\xe3\x13@\x15\x85_h',b']\xf1\xfa\xd5XT^\x9e',2021.10.11.08.31.07_veh-50_01750_01948/MergedPointCloud/9aa72700b6ab5b92.pcd,1633942921550437
b'\xa6%\x11\\\x99\xfaR\x90',b'\xb6\xc43\xd1\x99\xebPv',"b""\x9a\xa7'\x00\xb6\xab[\x92""",b'U\x1a KCVX&',b'h\xe3\x13@\x15\x85_h',b']\xf1\xfa\xd5XT^\x9e',2021.10.11.08.31.07_veh-50_01750_01948/MergedPointCloud/a625115c99fa5290.pcd,1633942921600411
b'\xb6\xc43\xd1\x99\xebPv',b'\x12\xb5\xbf\x17\xee\xd2X+',b'\xa6%\x11\\\x99\xfaR\x90',b'N\xf1v\xd3`\xc4Q\xc7',b'h\xe3\x13@\x15\x85_h',b']\xf1\xfa\xd5XT^\x9e',2021.10.11.08.31.07_veh-50_01750_01948/MergedPointCloud/b6c433d199eb5076.pcd,1633942921650383
b'\x12\xb5\xbf\x17\xee\xd2X+',b'V\xbb<\xa7\xa9 \\T',b'\xb6\xc43\xd1\x99\xebPv',b'c\xb5nlRnX\x19',b'h\xe3\x13@\x15\x85_h',b']\xf1\xfa\xd5XT^\x9e',2021.10.11.08.31.07_veh-50_01750_01948/MergedPointCloud/12b5bf17eed2582b.pcd,1633942921700352
b'V\xbb<\xa7\xa9 \\T',b'TM~\x13#2R1',b'\x12\xb5\xbf\x17\xee\xd2X+',b'p\xbfBl\x8a\xbb[L',b'h\xe3\x13@\x15\x85_h',b']\xf1\xfa\xd5XT^\x9e',2021.10.11.08.31.07_veh-50_01750_01948/MergedPointCloud/56bb3ca7a9205c54.pcd,1633942921750319
b'TM~\x13#2R1',b'=7R\xbb\xa6:Pi',b'V\xbb<\xa7\xa9 \\T',b'T@\xe2\xc6  X(',b'h\xe3\x13@\x15\x85_h',b']\xf1\xfa\xd5XT^\x9e',2021.10.11.08.31.07_veh-50_01750_01948/MergedPointCloud/544d7e1323325231.pcd,1633942921800286
b'=7R\xbb\xa6:Pi',b'\xeb\xdel\xa0\x95\xc4[\xce',b'TM~\x13#2R1',b'\x04\x11\xbf\r\xdc\x92X\x14',b'h\xe3\x13@\x15\x85_h',b']\xf1\xfa\xd5XT^\x9e',2021.10.11.08.31.07_veh-50_01750_01948/MergedPointCloud/3d3752bba63a5069.pcd,1633942921850254
b'\xeb\xdel\xa0\x95\xc4[\xce',b'\x0b\xdb\xfa\xc4\xf3+[\xa9',b'=7R\xbb\xa6:Pi',b'\xd8\xacB\x92\xc1\x08RG',b'h\xe3\x13@\x15\x85_h',b']\xf1\xfa\xd5XT^\x9e',2021.10.11.08.31.07_veh-50_01750_01948/MergedPointCloud/ebde6ca095c45bce.pcd,1633942921900224
b'\x0b\xdb\xfa\xc4\xf3+[\xa9',b'\xf4\xd3\x99\xec]\xa8P\xe6',b'\xeb\xdel\xa0\x95\xc4[\xce',b'\xf2\x1ce}\xe0\xc2ZN',b'h\xe3\x13@\x15\x85_h',b']\xf1\xfa\xd5XT^\x9e',2021.10.11.08.31.07_veh-50_01750_01948/MergedPointCloud/0bdbfac4f32b5ba9.pcd,1633942921950197
b'\xf4\xd3\x99\xec]\xa8P\xe6',b'\xee\xce|L\xb1\xebU\x7f',b'\x0b\xdb\xfa\xc4\xf3+[\xa9',b'\xc8\xcd\xff\xe6\xceaP\xb3',b'h\xe3\x13@\x15\x85_h',b']\xf1\xfa\xd5XT^\x9e',2021.10.11.08.31.07_veh-50_01750_01948/MergedPointCloud/f4d399ec5da850e6.pcd,1633942922000169
b'\xee\xce|L\xb1\xebU\x7f',"b""'\x00\xf9rZ\xe8^\x8b""",b'\xf4\xd3\x99\xec]\xa8P\xe6',b'x4\x89Vn\xe7R)',b'h\xe3\x13@\x15\x85_h',b']\xf1\xfa\xd5XT^\x9e',2021.10.11.08.31.07_veh-50_01750_01948/MergedPointCloud/eece7c4cb1eb557f.pcd,1633942922050142
"b""'\x00\xf9rZ\xe8^\x8b""",b'&\x07#w\xb3x\\\x08',b'\xee\xce|L\xb1\xebU\x7f',b'\xdeh\xb5\xce+#T\x90',b'h\xe3\x13@\x15\x85_h',b']\xf1\xfa\xd5XT^\x9e',2021.10.11.08.31.07_veh-50_01750_01948/MergedPointCloud/2700f9725ae85e8b.pcd,1633942922100113
b'&\x07#w\xb3x\\\x08',b'\x1e0)\x98\x19\x97U\x8b',"b""'\x00\xf9rZ\xe8^\x8b""",b'ms\x82\xbb\xee\x83Te',b'h\xe3\x13@\x15\x85_h',b']\xf1\xfa\xd5XT^\x9e',2021.10.11.08.31.07_veh-50_01750_01948/MergedPointCloud/26072377b3785c08.pcd,1633942922150081
b'\x1e0)\x98\x19\x97U\x8b',b'\x04\xad\x82\x0e@\xabX\xa6',b'&\x07#w\xb3x\\\x08',b'\x93\xf2\xdb\x04\x96\x97Y\x86',b'h\xe3\x13@\x15\x85_h',b']\xf1\xfa\xd5XT^\x9e',2021.10.11.08.31.07_veh-50_01750_01948/MergedPointCloud/1e3029981997558b.pcd,1633942922200048
b'\x04\xad\x82\x0e@\xabX\xa6',"b'X\xd3""\x94\xcfDT\xc1'",b'\x1e0)\x98\x19\x97U\x8b',b'I/\xc6\xe9S\xc4Q\xaf',b'h\xe3\x13@\x15\x85_h',b']\xf1\xfa\xd5XT^\x9e',2021.10.11.08.31.07_veh-50_01750_01948/MergedPointCloud/04ad820e40ab58a6.pcd,1633942922250015
"b'X\xd3""\x94\xcfDT\xc1'",b'\x8d\x83\x0e\xe6\x84_[\xa0',b'\x04\xad\x82\x0e@\xabX\xa6',b'\xfa \xa0\xa4\xfb0Q\x15',b'h\xe3\x13@\x15\x85_h',b']\xf1\xfa\xd5XT^\x9e',2021.10.11.08.31.07_veh-50_01750_01948/MergedPointCloud/58d32294cf4454c1.pcd,1633942922299982
b'\x8d\x83\x0e\xe6\x84_[\xa0',b'G~\x1a\xc8\x10\xc0S\x07',"b'X\xd3""\x94\xcfDT\xc1'",b'g\x15)n\x92\x90R\xbd',b'h\xe3\x13@\x15\x85_h',b']\xf1\xfa\xd5XT^\x9e',2021.10.11.08.31.07_veh-50_01750_01948/MergedPointCloud/8d830ee6845f5ba0.pcd,1633942922349950
b'G~\x1a\xc8\x10\xc0S\x07',"b'2\xff""\x8a{-R\x83'",b'\x8d\x83\x0e\xe6\x84_[\xa0',b'\x99>\xc7\xdaLE_\x82',b'h\xe3\x13@\x15\x85_h',b']\xf1\xfa\xd5XT^\x9e',2021.10.11.08.31.07_veh-50_01750_01948/MergedPointCloud/477e1ac810c05307.pcd,1633942922399919
"b'2\xff""\x8a{-R\x83'",b'\xe7\xa4\x066\x16\xb5V\x02',b'G~\x1a\xc8\x10\xc0S\x07',b'[\x9fa\x91\xc4uX\x00',b'h\xe3\x13@\x15\x85_h',b']\xf1\xfa\xd5XT^\x9e',2021.10.11.08.31.07_veh-50_01750_01948/MergedPointCloud/32ff228a7b2d5283.pcd,1633942922449888
b'\xe7\xa4\x066\x16\xb5V\x02',b';!DO\xdd\x80^!',"b'2\xff""\x8a{-R\x83'",b'\xac1\x0e\xbbP\xb0X\xc5',b'h\xe3\x13@\x15\x85_h',b']\xf1\xfa\xd5XT^\x9e',2021.10.11.08.31.07_veh-50_01750_01948/MergedPointCloud/e7a4063616b55602.pcd,1633942922499859
b';!DO\xdd\x80^!',b'@\xf0u\r\xef\xb4WJ',b'\xe7\xa4\x066\x16\xb5V\x02',"b'\xc6\xda,\xe5\xed\x9dX\xf9'",b'h\xe3\x13@\x15\x85_h',b']\xf1\xfa\xd5XT^\x9e',2021.10.11.08.31.07_veh-50_01750_01948/MergedPointCloud/3b21444fdd805e21.pcd,1633942922549831
b'@\xf0u\r\xef\xb4WJ',b'\xdf\xa6\xe8\x11>\x96RY',b';!DO\xdd\x80^!',b'\x1b\xa6\x90\x10\x86=T\x04',b'h\xe3\x13@\x15\x85_h',b']\xf1\xfa\xd5XT^\x9e',2021.10.11.08.31.07_veh-50_01750_01948/MergedPointCloud/40f0750defb4574a.pcd,1633942922599802
b'\xdf\xa6\xe8\x11>\x96RY',b'v\xa4v\x1aS\xf5^\xd6',b'@\xf0u\r\xef\xb4WJ',b'x\xa9X\x9d\xa0\xb9W\x8e',b'h\xe3\x13@\x15\x85_h',b']\xf1\xfa\xd5XT^\x9e',2021.10.11.08.31.07_veh-50_01750_01948/MergedPointCloud/dfa6e8113e965259.pcd,1633942922649770
b'v\xa4v\x1aS\xf5^\xd6',b'!\x98Z=`\xcdZx',b'\xdf\xa6\xe8\x11>\x96RY',"b'Bq\xa3$\x92p^,'",b'h\xe3\x13@\x15\x85_h',b']\xf1\xfa\xd5XT^\x9e',2021.10.11.08.31.07_veh-50_01750_01948/MergedPointCloud/76a4761a53f55ed6.pcd,1633942922699736
b'!\x98Z=`\xcdZx',b'O\xd9\x95\x88N\x86T\xb4',b'v\xa4v\x1aS\xf5^\xd6',b'C\xb0\xfe\xaclyT\x00',b'h\xe3\x13@\x15\x85_h',b']\xf1\xfa\xd5XT^\x9e',2021.10.11.08.31.07_veh-50_01750_01948/MergedPointCloud/21985a3d60cd5a78.pcd,1633942922749703
b'O\xd9\x95\x88N\x86T\xb4',b'\x0e\x85\xc8\x1f\xd2\xe2\\C',b'!\x98Z=`\xcdZx',b'~\\\xc7\xf5\xf2\xaa[F',b'h\xe3\x13@\x15\x85_h',b']\xf1\xfa\xd5XT^\x9e',2021.10.11.08.31.07_veh-50_01750_01948/MergedPointCloud/4fd995884e8654b4.pcd,1633942922799674
b'\x0e\x85\xc8\x1f\xd2\xe2\\C',b'\x8e\xb2\xd3-`z_%',b'O\xd9\x95\x88N\x86T\xb4',b'\xad\xee\xa6\xe3\x8b0[p',b'h\xe3\x13@\x15\x85_h',b']\xf1\xfa\xd5XT^\x9e',2021.10.11.08.31.07_veh-50_01750_01948/MergedPointCloud/0e85c81fd2e25c43.pcd,1633942922849650
b'\x8e\xb2\xd3-`z_%',b'\xe7\xba\x07}\xb2\xcfU\xa4',b'\x0e\x85\xc8\x1f\xd2\xe2\\C',b'*\x1b=\xebWM\\\x80',b'h\xe3\x13@\x15\x85_h',b']\xf1\xfa\xd5XT^\x9e',2021.10.11.08.31.07_veh-50_01750_01948/MergedPointCloud/8eb2d32d607a5f25.pcd,1633942922899629
b'\xe7\xba\x07}\xb2\xcfU\xa4',b'\x8e!\xa0\xe2<\xaeY\xa2',b'\x8e\xb2\xd3-`z_%',b'*c\xf5^]\x99W\xae',b'h\xe3\x13@\x15\x85_h',b']\xf1\xfa\xd5XT^\x9e',2021.10.11.08.31.07_veh-50_01750_01948/MergedPointCloud/e7ba077db2cf55a4.pcd,1633942922949610
b'\x8e!\xa0\xe2<\xaeY\xa2',b'\xc8\x99\\\x13\xf9\x02R\xff',b'\xe7\xba\x07}\xb2\xcfU\xa4',b'Spo\x01-\xf4YM',b'h\xe3\x13@\x15\x85_h',b']\xf1\xfa\xd5XT^\x9e',2021.10.11.08.31.07_veh-50_01750_01948/MergedPointCloud/8e21a0e23cae59a2.pcd,1633942922999589
b'\xc8\x99\\\x13\xf9\x02R\xff',"b'mk\xab\x80~HR""'",b'\x8e!\xa0\xe2<\xaeY\xa2',"b""u\xed\x10VU^R'""",b'h\xe3\x13@\x15\x85_h',b']\xf1\xfa\xd5XT^\x9e',2021.10.11.08.31.07_veh-50_01750_01948/MergedPointCloud/c8995c13f90252ff.pcd,1633942923049566
"b'mk\xab\x80~HR""'",b'v\x94\x13\x8bt\xa4_\x84',b'\xc8\x99\\\x13\xf9\x02R\xff',b'\x19@5\xdfa\xc5Y\xae',b'h\xe3\x13@\x15\x85_h',b']\xf1\xfa\xd5XT^\x9e',2021.10.11.08.31.07_veh-50_01750_01948/MergedPointCloud/6d6bab807e485222.pcd,1633942923099546
b'v\x94\x13\x8bt\xa4_\x84',b'\xcb\x9f\xab\xdd\xc9\xdeU\xd8',"b'mk\xab\x80~HR""'",b'\x069\xcb\x1d\xe57S\xe1',b'h\xe3\x13@\x15\x85_h',b']\xf1\xfa\xd5XT^\x9e',2021.10.11.08.31.07_veh-50_01750_01948/MergedPointCloud/7694138b74a45f84.pcd,1633942923149528
b'\xcb\x9f\xab\xdd\xc9\xdeU\xd8',b'\xc52\xd9\x1c6\xbdX2',b'v\x94\x13\x8bt\xa4_\x84',b'\x08\x1a\xc1\xc9B0\\\xde',b'h\xe3\x13@\x15\x85_h',b']\xf1\xfa\xd5XT^\x9e',2021.10.11.08.31.07_veh-50_01750_01948/MergedPointCloud/cb9fabddc9de55d8.pcd,1633942923199514
b'\xc52\xd9\x1c6\xbdX2',b'k\x94x\xdf\xa7\xf8_f',b'\xcb\x9f\xab\xdd\xc9\xdeU\xd8',b'\xffV\x14\xe4\xe2\xe4]F',b'h\xe3\x13@\x15\x85_h',b']\xf1\xfa\xd5XT^\x9e',2021.10.11.08.31.07_veh-50_01750_01948/MergedPointCloud/c532d91c36bd5832.pcd,1633942923249502
b'k\x94x\xdf\xa7\xf8_f',b'\xb5\x99\xce\xdb\x13]V\xf0',b'\xc52\xd9\x1c6\xbdX2',b'\x1f\xbe\x01\xbdGDQ\x94',b'h\xe3\x13@\x15\x85_h',b']\xf1\xfa\xd5XT^\x9e',2021.10.11.08.31.07_veh-50_01750_01948/MergedPointCloud/6b9478dfa7f85f66.pcd,1633942923299494
b'\xb5\x99\xce\xdb\x13]V\xf0',b'\x16V\xd9m\x8c\xceWP',b'k\x94x\xdf\xa7\xf8_f',b'\xde\x87N\x11\xcc\x8c[\xbd',b'h\xe3\x13@\x15\x85_h',b']\xf1\xfa\xd5XT^\x9e',2021.10.11.08.31.07_veh-50_01750_01948/MergedPointCloud/b599cedb135d56f0.pcd,1633942923349488
b'\x16V\xd9m\x8c\xceWP',b'\xe1O*\xe9\x9c\xa9V+',b'\xb5\x99\xce\xdb\x13]V\xf0',b'\xda3\x10\tu\x88_\xf9',b'h\xe3\x13@\x15\x85_h',b']\xf1\xfa\xd5XT^\x9e',2021.10.11.08.31.07_veh-50_01750_01948/MergedPointCloud/1656d96d8cce5750.pcd,1633942923399485
b'\xe1O*\xe9\x9c\xa9V+',b'~X\x88W\xb6\x92V\xc7',b'\x16V\xd9m\x8c\xceWP',b'W$\xceA\x0e}T>',b'h\xe3\x13@\x15\x85_h',b']\xf1\xfa\xd5XT^\x9e',2021.10.11.08.31.07_veh-50_01750_01948/MergedPointCloud/e14f2ae99ca9562b.pcd,1633942923449485
b'~X\x88W\xb6\x92V\xc7',b'R\x91!b\x9e\xa3XA',b'\xe1O*\xe9\x9c\xa9V+',b'v$\x1eLx\x95U\xba',b'h\xe3\x13@\x15\x85_h',b']\xf1\xfa\xd5XT^\x9e',2021.10.11.08.31.07_veh-50_01750_01948/MergedPointCloud/7e588857b69256c7.pcd,1633942923499488
b'R\x91!b\x9e\xa3XA',b' X\xf8\x99\xd5\xc5W\xc9',b'~X\x88W\xb6\x92V\xc7',b'MJ\xa1\xf9+\xb9_\x89',b'h\xe3\x13@\x15\x85_h',b']\xf1\xfa\xd5XT^\x9e',2021.10.11.08.31.07_veh-50_01750_01948/MergedPointCloud/529121629ea35841.pcd,1633942923549494
b' X\xf8\x99\xd5\xc5W\xc9',b'\xe1\x04\xfer\xf1\xb5U\xb9',b'R\x91!b\x9e\xa3XA',b'\xda.\xdb\x80\x17\xd3R0',b'h\xe3\x13@\x15\x85_h',b']\xf1\xfa\xd5XT^\x9e',2021.10.11.08.31.07_veh-50_01750_01948/MergedPointCloud/2058f899d5c557c9.pcd,1633942923599504
b'\xe1\x04\xfer\xf1\xb5U\xb9',"b'\xd4""z\x9c\x94}S\x86'",b' X\xf8\x99\xd5\xc5W\xc9',b'\x7f\x92\x9c\xb6\x8d\xbaWM',b'h\xe3\x13@\x15\x85_h',b']\xf1\xfa\xd5XT^\x9e',2021.10.11.08.31.07_veh-50_01750_01948/MergedPointCloud/e104fe72f1b555b9.pcd,1633942923649518
"b'\xd4""z\x9c\x94}S\x86'","b'\x0e\xb0,\x9a.\xf1T\xc9'",b'\xe1\x04\xfer\xf1\xb5U\xb9',"b""+'\x94\x8fn\x92T\xa2""",b'h\xe3\x13@\x15\x85_h',b']\xf1\xfa\xd5XT^\x9e',2021.10.11.08.31.07_veh-50_01750_01948/MergedPointCloud/d4227a9c947d5386.pcd,1633942923699532
"b'\x0e\xb0,\x9a.\xf1T\xc9'",b'\r\x98g\xaas\xefY\xc8',"b'\xd4""z\x9c\x94}S\x86'",b'\xc9X\xb0\x02\x0e\xd0R6',b'h\xe3\x13@\x15\x85_h',b']\xf1\xfa\xd5XT^\x9e',2021.10.11.08.31.07_veh-50_01750_01948/MergedPointCloud/0eb02c9a2ef154c9.pcd,1633942923749544
b'\r\x98g\xaas\xefY\xc8',b'\xd1\xa0\xbah4IS\x90',"b'\x0e\xb0,\x9a.\xf1T\xc9'",b'w\xe3\xb3DQ\tV\x0c',b'h\xe3\x13@\x15\x85_h',b']\xf1\xfa\xd5XT^\x9e',2021.10.11.08.31.07_veh-50_01750_01948/MergedPointCloud/0d9867aa73ef59c8.pcd,1633942923799557
b'\xd1\xa0\xbah4IS\x90',b'\xe15@;\xc8\xac\\\xdd',b'\r\x98g\xaas\xefY\xc8',b'[f\xc9\xe6F\xa2Y\x02',b'h\xe3\x13@\x15\x85_h',b']\xf1\xfa\xd5XT^\x9e',2021.10.11.08.31.07_veh-50_01750_01948/MergedPointCloud/d1a0ba6834495390.pcd,1633942923849569
b'\xe15@;\xc8\xac\\\xdd',b'\x8b\x88f\x17xj\\\xbb',b'\xd1\xa0\xbah4IS\x90',b'So\xd7I\x008]\xc8',b'h\xe3\x13@\x15\x85_h',b']\xf1\xfa\xd5XT^\x9e',2021.10.11.08.31.07_veh-50_01750_01948/MergedPointCloud/e135403bc8ac5cdd.pcd,1633942923899582
b'\x8b\x88f\x17xj\\\xbb',b'8\x12\xbb:\rFQ~',b'\xe15@;\xc8\xac\\\xdd',b'\xd2L\xaf[Y\xa8\\F',b'h\xe3\x13@\x15\x85_h',b']\xf1\xfa\xd5XT^\x9e',2021.10.11.08.31.07_veh-50_01750_01948/MergedPointCloud/8b886617786a5cbb.pcd,1633942923949594
b'8\x12\xbb:\rFQ~',b'\xbf\xb1\xfdY\xb1\r]\xb6',b'\x8b\x88f\x17xj\\\xbb',b'_5B \x83\xdd[\x1f',b'h\xe3\x13@\x15\x85_h',b']\xf1\xfa\xd5XT^\x9e',2021.10.11.08.31.07_veh-50_01750_01948/MergedPointCloud/3812bb3a0d46517e.pcd,1633942923999608
b'\xbf\xb1\xfdY\xb1\r]\xb6',"b""1\xdc\xa2\xfe\xb0'RO""",b'8\x12\xbb:\rFQ~',b'1\xce\xceG\x12bPW',b'h\xe3\x13@\x15\x85_h',b']\xf1\xfa\xd5XT^\x9e',2021.10.11.08.31.07_veh-50_01750_01948/MergedPointCloud/bfb1fd59b10d5db6.pcd,1633942924049625
"b""1\xdc\xa2\xfe\xb0'RO""",b'~oCK\xa3\xc5]\x9c',b'\xbf\xb1\xfdY\xb1\r]\xb6',b'Mcq\xb8z\xa8P\xac',b'h\xe3\x13@\x15\x85_h',b']\xf1\xfa\xd5XT^\x9e',2021.10.11.08.31.07_veh-50_01750_01948/MergedPointCloud/31dca2feb027524f.pcd,1633942924099644
b'~oCK\xa3\xc5]\x9c',b'\xe6e\xad\x9eG\x9bY\x8f',"b""1\xdc\xa2\xfe\xb0'RO""",b'\xe0eJ\xbb\xefNP\xc9',b'h\xe3\x13@\x15\x85_h',b']\xf1\xfa\xd5XT^\x9e',2021.10.11.08.31.07_veh-50_01750_01948/MergedPointCloud/7e6f434ba3c55d9c.pcd,1633942924149668
b'\xe6e\xad\x9eG\x9bY\x8f',b'\x9c9\xf2\xb5C\x9bU\x0f',b'~oCK\xa3\xc5]\x9c',b'\x8a|whE\tP\x00',b'h\xe3\x13@\x15\x85_h',b']\xf1\xfa\xd5XT^\x9e',2021.10.11.08.31.07_veh-50_01750_01948/MergedPointCloud/e665ad9e479b598f.pcd,1633942924199696
b'\x9c9\xf2\xb5C\x9bU\x0f',b'\x91\x84\x05\xb9\x06\xd1]*',b'\xe6e\xad\x9eG\x9bY\x8f',b'\x8f\x13\x0b|\xf8\x13R\xd5',b'h\xe3\x13@\x15\x85_h',b']\xf1\xfa\xd5XT^\x9e',2021.10.11.08.31.07_veh-50_01750_01948/MergedPointCloud/9c39f2b5439b550f.pcd,1633942924249730
b'\x91\x84\x05\xb9\x06\xd1]*',b'\xecJ)h\xa7pY`',b'\x9c9\xf2\xb5C\x9bU\x0f',b'X}?>\x0ew]x',b'h\xe3\x13@\x15\x85_h',b']\xf1\xfa\xd5XT^\x9e',2021.10.11.08.31.07_veh-50_01750_01948/MergedPointCloud/918405b906d15d2a.pcd,1633942924299766
b'\xecJ)h\xa7pY`',b'\xbb\xa4Oh=k\\\x13',b'\x91\x84\x05\xb9\x06\xd1]*',b'\xf8\xde\xe8\xec\xf6\xf2Z?',b'h\xe3\x13@\x15\x85_h',b']\xf1\xfa\xd5XT^\x9e',2021.10.11.08.31.07_veh-50_01750_01948/MergedPointCloud/ec4a2968a7705960.pcd,1633942924349806
b'\xbb\xa4Oh=k\\\x13',b'ONQ4\xc54\\D',b'\xecJ)h\xa7pY`',b'\x1eI\xb4\r=*V\xa4',b'h\xe3\x13@\x15\x85_h',b']\xf1\xfa\xd5XT^\x9e',2021.10.11.08.31.07_veh-50_01750_01948/MergedPointCloud/bba44f683d6b5c13.pcd,1633942924399844
b'ONQ4\xc54\\D',b'\x1e\xf2@\x1fkfX:',b'\xbb\xa4Oh=k\\\x13',b'n\xedD\xc0G\xbdX\x97',b'h\xe3\x13@\x15\x85_h',b']\xf1\xfa\xd5XT^\x9e',2021.10.11.08.31.07_veh-50_01750_01948/MergedPointCloud/4f4e5134c5345c44.pcd,1633942924449879
b'\x1e\xf2@\x1fkfX:',b'\xbfi\xbb&vHP\xa2',b'ONQ4\xc54\\D',b'\x13\xbcpJ\xf0NR\xea',b'h\xe3\x13@\x15\x85_h',b']\xf1\xfa\xd5XT^\x9e',2021.10.11.08.31.07_veh-50_01750_01948/MergedPointCloud/1ef2401f6b66583a.pcd,1633942924499913
b'\xbfi\xbb&vHP\xa2',b'\xb4y\x86\xdaH\xd7Z\x17',b'\x1e\xf2@\x1fkfX:',b'\xda\x89\xb1\x95\x0b\xddS\xe6',b'h\xe3\x13@\x15\x85_h',b']\xf1\xfa\xd5XT^\x9e',2021.10.11.08.31.07_veh-50_01750_01948/MergedPointCloud/bf69bb26764850a2.pcd,1633942924549947
b'\xb4y\x86\xdaH\xd7Z\x17',b'\xfc\x11\xe3\xfdm\xf2Y\x95',b'\xbfi\xbb&vHP\xa2',"b'ufI,\xf7\xf0]\x8a'",b'h\xe3\x13@\x15\x85_h',b']\xf1\xfa\xd5XT^\x9e',2021.10.11.08.31.07_veh-50_01750_01948/MergedPointCloud/b47986da48d75a17.pcd,1633942924599979
b'\xfc\x11\xe3\xfdm\xf2Y\x95',b'\xb7F\x91V\x8b\xc0X\xb3',b'\xb4y\x86\xdaH\xd7Z\x17',b'\xdb\xf5\xce\x7f\xcel\\t',b'h\xe3\x13@\x15\x85_h',b']\xf1\xfa\xd5XT^\x9e',2021.10.11.08.31.07_veh-50_01750_01948/MergedPointCloud/fc11e3fd6df25995.pcd,1633942924650013
b'\xb7F\x91V\x8b\xc0X\xb3',"b'\x10D\x11,\xf3OX\xdf'",b'\xfc\x11\xe3\xfdm\xf2Y\x95',b'y\xa3\x95\x83\x02\xdcV\x80',b'h\xe3\x13@\x15\x85_h',b']\xf1\xfa\xd5XT^\x9e',2021.10.11.08.31.07_veh-50_01750_01948/MergedPointCloud/b74691568bc058b3.pcd,1633942924700049
"b'\x10D\x11,\xf3OX\xdf'",b'\x89_\xd0A\xe6bU\x9a',b'\xb7F\x91V\x8b\xc0X\xb3',b'\x81\xf6\x1f\xa2\xacQT\xf5',b'h\xe3\x13@\x15\x85_h',b']\xf1\xfa\xd5XT^\x9e',2021.10.11.08.31.07_veh-50_01750_01948/MergedPointCloud/1044112cf34f58df.pcd,1633942924750085
b'\x89_\xd0A\xe6bU\x9a',b'\x92\x96\x89\xd9}\xf9R*',"b'\x10D\x11,\xf3OX\xdf'",b'~\x12\xd5g\x95\xceT\xe7',b'h\xe3\x13@\x15\x85_h',b']\xf1\xfa\xd5XT^\x9e',2021.10.11.08.31.07_veh-50_01750_01948/MergedPointCloud/895fd041e662559a.pcd,1633942924800124
b'\x92\x96\x89\xd9}\xf9R*',b'I\xce\x91k\x80\xcf]\xde',b'\x89_\xd0A\xe6bU\x9a',b'\xa4\xd3\x99E95R\xd8',b'h\xe3\x13@\x15\x85_h',b']\xf1\xfa\xd5XT^\x9e',2021.10.11.08.31.07_veh-50_01750_01948/MergedPointCloud/929689d97df9522a.pcd,1633942924850164
b'I\xce\x91k\x80\xcf]\xde',b'P\x95\x1b\xfe\xfcqZh',b'\x92\x96\x89\xd9}\xf9R*',b'\xf4b\xef\xa8\xa2\xc2P\x1e',b'h\xe3\x13@\x15\x85_h',b']\xf1\xfa\xd5XT^\x9e',2021.10.11.08.31.07_veh-50_01750_01948/MergedPointCloud/49ce916b80cf5dde.pcd,1633942924900204
b'P\x95\x1b\xfe\xfcqZh',b'FP\xec\x14QPZS',b'I\xce\x91k\x80\xcf]\xde',"b'-\xed\x04\xbaw{P""'",b'h\xe3\x13@\x15\x85_h',b']\xf1\xfa\xd5XT^\x9e',2021.10.11.08.31.07_veh-50_01750_01948/MergedPointCloud/50951bfefc715a68.pcd,1633942924950248
b'FP\xec\x14QPZS',"b'Q2\xc7""z6R\xb7'",b'P\x95\x1b\xfe\xfcqZh',b'\x8a\xc12\xe16\xa7]\xc4',b'h\xe3\x13@\x15\x85_h',b']\xf1\xfa\xd5XT^\x9e',2021.10.11.08.31.07_veh-50_01750_01948/MergedPointCloud/4650ec1451505a53.pcd,1633942925000292
"b'Q2\xc7""z6R\xb7'",b'a\xff\xab\xa6.h\\;',b'FP\xec\x14QPZS',b'\xcd\x92\x87d\rkU\x96',b'h\xe3\x13@\x15\x85_h',b']\xf1\xfa\xd5XT^\x9e',2021.10.11.08.31.07_veh-50_01750_01948/MergedPointCloud/5132c7227a3652b7.pcd,1633942925050335
b'a\xff\xab\xa6.h\\;',b'\xdd\xdba\xde\x0b\xb8X<',"b'Q2\xc7""z6R\xb7'",b'&\xa4\xf5\xc4e\x8eX_',b'h\xe3\x13@\x15\x85_h',b']\xf1\xfa\xd5XT^\x9e',2021.10.11.08.31.07_veh-50_01750_01948/MergedPointCloud/61ffaba62e685c3b.pcd,1633942925100374
b'\xdd\xdba\xde\x0b\xb8X<',b'\xb9@\xf2;\xb6V^\\',b'a\xff\xab\xa6.h\\;',b'\xb7\xb6\x11\xc3\x8f\xbe^\xa5',b'h\xe3\x13@\x15\x85_h',b']\xf1\xfa\xd5XT^\x9e',2021.10.11.08.31.07_veh-50_01750_01948/MergedPointCloud/dddb61de0bb8583c.pcd,1633942925150406
b'\xb9@\xf2;\xb6V^\\',b'<m\xd4\xd7n\xf1W<',b'\xdd\xdba\xde\x0b\xb8X<',b'\x823\x12Xx\xaf\\z',b'h\xe3\x13@\x15\x85_h',b']\xf1\xfa\xd5XT^\x9e',2021.10.11.08.31.07_veh-50_01750_01948/MergedPointCloud/b940f23bb6565e5c.pcd,1633942925200433
b'<m\xd4\xd7n\xf1W<',b'\xd0x3\x98\xb5\x9d^\x07',b'\xb9@\xf2;\xb6V^\\',b'\x07:`\xd6!\xf9]\xff',b'h\xe3\x13@\x15\x85_h',b']\xf1\xfa\xd5XT^\x9e',2021.10.11.08.31.07_veh-50_01750_01948/MergedPointCloud/3c6dd4d76ef1573c.pcd,1633942925250451
b'\xd0x3\x98\xb5\x9d^\x07',b'?Z\xcd\xc1\x0e^R\xe5',b'<m\xd4\xd7n\xf1W<',b'N\xc4\xf9{\xe0\x0c]K',b'h\xe3\x13@\x15\x85_h',b']\xf1\xfa\xd5XT^\x9e',2021.10.11.08.31.07_veh-50_01750_01948/MergedPointCloud/d0783398b59d5e07.pcd,1633942925300461
b'?Z\xcd\xc1\x0e^R\xe5',b'WR\x81\x18\x00B]j',b'\xd0x3\x98\xb5\x9d^\x07',b'\x88?\x13b\xea\xecV\x9d',b'h\xe3\x13@\x15\x85_h',b']\xf1\xfa\xd5XT^\x9e',2021.10.11.08.31.07_veh-50_01750_01948/MergedPointCloud/3f5acdc10e5e52e5.pcd,1633942925350463
b'WR\x81\x18\x00B]j',b'1I\n\xce]\xdb_\x18',b'?Z\xcd\xc1\x0e^R\xe5',b'\x8b+LM\xc2\xfcP\xc4',b'h\xe3\x13@\x15\x85_h',b']\xf1\xfa\xd5XT^\x9e',2021.10.11.08.31.07_veh-50_01750_01948/MergedPointCloud/5752811800425d6a.pcd,1633942925400458
b'1I\n\xce]\xdb_\x18',b'\xc2\xa5\xae\x02\x944]\xab',b'WR\x81\x18\x00B]j',b'$\x01\x05\x90.\x8cS\x8a',b'h\xe3\x13@\x15\x85_h',b']\xf1\xfa\xd5XT^\x9e',2021.10.11.08.31.07_veh-50_01750_01948/MergedPointCloud/31490ace5ddb5f18.pcd,1633942925450452
b'\xc2\xa5\xae\x02\x944]\xab',b'\xe8\xfb\xa6\xb4j\xf3[\xa9',b'1I\n\xce]\xdb_\x18',b'@\xee\xa8\xee\x8d\x80X\xfd',b'h\xe3\x13@\x15\x85_h',b']\xf1\xfa\xd5XT^\x9e',2021.10.11.08.31.07_veh-50_01750_01948/MergedPointCloud/c2a5ae0294345dab.pcd,1633942925500443
b'\xe8\xfb\xa6\xb4j\xf3[\xa9',b'j\x1d\xb6\xc9\xff\xa0^\xc6',b'\xc2\xa5\xae\x02\x944]\xab',b'^\x80R\xfa.\xd0P\x9f',b'h\xe3\x13@\x15\x85_h',b']\xf1\xfa\xd5XT^\x9e',2021.10.11.08.31.07_veh-50_01750_01948/MergedPointCloud/e8fba6b46af35ba9.pcd,1633942925550433
b'j\x1d\xb6\xc9\xff\xa0^\xc6',b'r\xf1>#\x89\xec\\>',b'\xe8\xfb\xa6\xb4j\xf3[\xa9',b'l \xee\xf2\xacSVo',b'h\xe3\x13@\x15\x85_h',b']\xf1\xfa\xd5XT^\x9e',2021.10.11.08.31.07_veh-50_01750_01948/MergedPointCloud/6a1db6c9ffa05ec6.pcd,1633942925600420
b'r\xf1>#\x89\xec\\>',b'\x9d\xee}j\xd7\xa5V\x18',b'j\x1d\xb6\xc9\xff\xa0^\xc6',b'\x8fQ\xda\xc7\x86BV6',b'h\xe3\x13@\x15\x85_h',b']\xf1\xfa\xd5XT^\x9e',2021.10.11.08.31.07_veh-50_01750_01948/MergedPointCloud/72f13e2389ec5c3e.pcd,1633942925650406
b'\x9d\xee}j\xd7\xa5V\x18',b'8\xfe\xb0\xc5\xa2)W\xf5',b'r\xf1>#\x89\xec\\>',b'\xc3\x9c\x1b\xf2%#U+',b'h\xe3\x13@\x15\x85_h',b']\xf1\xfa\xd5XT^\x9e',2021.10.11.08.31.07_veh-50_01750_01948/MergedPointCloud/9dee7d6ad7a55618.pcd,1633942925700386
b'8\xfe\xb0\xc5\xa2)W\xf5',b')\xf1p\x97\x8e\xe8\\\xae',b'\x9d\xee}j\xd7\xa5V\x18',b'\x1f\xbf\xa2\xc9\xe6\xaaR\x99',b'h\xe3\x13@\x15\x85_h',b']\xf1\xfa\xd5XT^\x9e',2021.10.11.08.31.07_veh-50_01750_01948/MergedPointCloud/38feb0c5a22957f5.pcd,1633942925750363
b')\xf1p\x97\x8e\xe8\\\xae',b'P\xf0h&A\x96U0',b'8\xfe\xb0\xc5\xa2)W\xf5',b']\nSa\x1b\x8bR\xe5',b'h\xe3\x13@\x15\x85_h',b']\xf1\xfa\xd5XT^\x9e',2021.10.11.08.31.07_veh-50_01750_01948/MergedPointCloud/29f170978ee85cae.pcd,1633942925800336
b'P\xf0h&A\x96U0',b'iqM\xa8\xfb\xbaP5',b')\xf1p\x97\x8e\xe8\\\xae',b'&h?(\x8e\xe3W/',b'h\xe3\x13@\x15\x85_h',b']\xf1\xfa\xd5XT^\x9e',2021.10.11.08.31.07_veh-50_01750_01948/MergedPointCloud/50f0682641965530.pcd,1633942925850311
b'iqM\xa8\xfb\xbaP5',b'\x10\xe3\x86\xef\xb0\x90S`',b'P\xf0h&A\x96U0',b'+G\x84\x97z\x0fY\xb6',b'h\xe3\x13@\x15\x85_h',b']\xf1\xfa\xd5XT^\x9e',2021.10.11.08.31.07_veh-50_01750_01948/MergedPointCloud/69714da8fbba5035.pcd,1633942925900287
b'\x10\xe3\x86\xef\xb0\x90S`',b'\xff\nK\xa6\x8d\xddPz',b'iqM\xa8\xfb\xbaP5',b'\xbf4V\x96A\xbcPS',b'h\xe3\x13@\x15\x85_h',b']\xf1\xfa\xd5XT^\x9e',2021.10.11.08.31.07_veh-50_01750_01948/MergedPointCloud/10e386efb0905360.pcd,1633942925950263
b'\xff\nK\xa6\x8d\xddPz',b'\xcc\xf7ld\x0b\x16]c',b'\x10\xe3\x86\xef\xb0\x90S`',b'\xcbG\xf0\xb6\xfe*Q\xb2',b'h\xe3\x13@\x15\x85_h',b']\xf1\xfa\xd5XT^\x9e',2021.10.11.08.31.07_veh-50_01750_01948/MergedPointCloud/ff0a4ba68ddd507a.pcd,1633942926000241
b'\xcc\xf7ld\x0b\x16]c',b'\xe75\xc7\xae\x8crY\x96',b'\xff\nK\xa6\x8d\xddPz',b'eM\xb6)\xc9\xec\\[',b'h\xe3\x13@\x15\x85_h',b']\xf1\xfa\xd5XT^\x9e',2021.10.11.08.31.07_veh-50_01750_01948/MergedPointCloud/ccf76c640b165d63.pcd,1633942926050223
b'\xe75\xc7\xae\x8crY\x96',b'\x8f\xfa\xbd\x86[AQb',b'\xcc\xf7ld\x0b\x16]c',b':\x82\xd2\xf5z\xf4^E',b'h\xe3\x13@\x15\x85_h',b']\xf1\xfa\xd5XT^\x9e',2021.10.11.08.31.07_veh-50_01750_01948/MergedPointCloud/e735c7ae8c725996.pcd,1633942926100206
b'\x8f\xfa\xbd\x86[AQb',b'\xca\x03\x0b\x95\xcf>TU',b'\xe75\xc7\xae\x8crY\x96',b'\xf1?\xf9\xc6\xff7_\xd0',b'h\xe3\x13@\x15\x85_h',b']\xf1\xfa\xd5XT^\x9e',2021.10.11.08.31.07_veh-50_01750_01948/MergedPointCloud/8ffabd865b415162.pcd,1633942926150187
b'\xca\x03\x0b\x95\xcf>TU',b'F\x9e \xd7v\xc2U\xf8',b'\x8f\xfa\xbd\x86[AQb',b'o\xdb4\xa58]Rf',b'h\xe3\x13@\x15\x85_h',b']\xf1\xfa\xd5XT^\x9e',2021.10.11.08.31.07_veh-50_01750_01948/MergedPointCloud/ca030b95cf3e5455.pcd,1633942926200168
b'F\x9e \xd7v\xc2U\xf8',b'Y)\xc6\xe3H\xb4^n',b'\xca\x03\x0b\x95\xcf>TU',b'N}\xe4s\x7f\xa6Q\xcd',b'h\xe3\x13@\x15\x85_h',b']\xf1\xfa\xd5XT^\x9e',2021.10.11.08.31.07_veh-50_01750_01948/MergedPointCloud/469e20d776c255f8.pcd,1633942926250150
b'Y)\xc6\xe3H\xb4^n',b'QZr|\xeb\xd2[\x04',b'F\x9e \xd7v\xc2U\xf8',b'=\xe3\xfcO\xff{[\xd1',b'h\xe3\x13@\x15\x85_h',b']\xf1\xfa\xd5XT^\x9e',2021.10.11.08.31.07_veh-50_01750_01948/MergedPointCloud/5929c6e348b45e6e.pcd,1633942926300132
b'QZr|\xeb\xd2[\x04',b'\x1ex\x0f0\x16\xa6]e',b'Y)\xc6\xe3H\xb4^n',b'\x1e\xe7\x112[<P5',b'h\xe3\x13@\x15\x85_h',b']\xf1\xfa\xd5XT^\x9e',2021.10.11.08.31.07_veh-50_01750_01948/MergedPointCloud/515a727cebd25b04.pcd,1633942926350114
b'\x1ex\x0f0\x16\xa6]e',b'\xd8\xd2\x15D\x94E\\\xdb',b'QZr|\xeb\xd2[\x04',b'\xd4\xc4\xa6\xdbU\xb6V)',b'h\xe3\x13@\x15\x85_h',b']\xf1\xfa\xd5XT^\x9e',2021.10.11.08.31.07_veh-50_01750_01948/MergedPointCloud/1e780f3016a65d65.pcd,1633942926400098
b'\xd8\xd2\x15D\x94E\\\xdb',b'\t\x07s\x130wS\xc9',b'\x1ex\x0f0\x16\xa6]e',b'@\x9b\xcb\xcb\x1d\x16P\x10',b'h\xe3\x13@\x15\x85_h',b']\xf1\xfa\xd5XT^\x9e',2021.10.11.08.31.07_veh-50_01750_01948/MergedPointCloud/d8d2154494455cdb.pcd,1633942926450079
b'\t\x07s\x130wS\xc9',b'\xdb\xd79o4VT\xf5',b'\xd8\xd2\x15D\x94E\\\xdb',b'9\xab?\xed-\xb4^;',b'h\xe3\x13@\x15\x85_h',b']\xf1\xfa\xd5XT^\x9e',2021.10.11.08.31.07_veh-50_01750_01948/MergedPointCloud/09077313307753c9.pcd,1633942926500057
b'\xdb\xd79o4VT\xf5',b'\xaf`\xbf.}\xe4_\xb0',b'\t\x07s\x130wS\xc9',b'w\xd8H\x8d\x9d\xe4T\x0f',b'h\xe3\x13@\x15\x85_h',b']\xf1\xfa\xd5XT^\x9e',2021.10.11.08.31.07_veh-50_01750_01948/MergedPointCloud/dbd7396f345654f5.pcd,1633942926550034
b'\xaf`\xbf.}\xe4_\xb0',b'\xbf\xd9 \xda\xca\xfaPV',b'\xdb\xd79o4VT\xf5',b'\xf8-\xc9\xc78\xf0V\xd3',b'h\xe3\x13@\x15\x85_h',b']\xf1\xfa\xd5XT^\x9e',2021.10.11.08.31.07_veh-50_01750_01948/MergedPointCloud/af60bf2e7de45fb0.pcd,1633942926600010
b'\xbf\xd9 \xda\xca\xfaPV',b'\x1a\xffxu~%Vl',b'\xaf`\xbf.}\xe4_\xb0',b'3\x90\xe1\xd3\xae^W\xcf',b'h\xe3\x13@\x15\x85_h',b']\xf1\xfa\xd5XT^\x9e',2021.10.11.08.31.07_veh-50_01750_01948/MergedPointCloud/bfd920dacafa5056.pcd,1633942926649986
b'\x1a\xffxu~%Vl',"b'\xfe\x0f\xe6\xa4""\xf2V|'",b'\xbf\xd9 \xda\xca\xfaPV',b'/U=\xb3\xb7\xeaWd',b'h\xe3\x13@\x15\x85_h',b']\xf1\xfa\xd5XT^\x9e',2021.10.11.08.31.07_veh-50_01750_01948/MergedPointCloud/1aff78757e25566c.pcd,1633942926699961
"b'\xfe\x0f\xe6\xa4""\xf2V|'",b'\xa3\x0f\x948F5Y\xee',b'\x1a\xffxu~%Vl',b'\x8bb\xac\xdac\xe9_\xf0',b'h\xe3\x13@\x15\x85_h',b']\xf1\xfa\xd5XT^\x9e',2021.10.11.08.31.07_veh-50_01750_01948/MergedPointCloud/fe0fe6a422f2567c.pcd,1633942926749934
b'\xa3\x0f\x948F5Y\xee',b'y\xdee\x91\xf9\xde^\x90',"b'\xfe\x0f\xe6\xa4""\xf2V|'",b'\x84z=\x88\t\xedYd',b'h\xe3\x13@\x15\x85_h',b']\xf1\xfa\xd5XT^\x9e',2021.10.11.08.31.07_veh-50_01750_01948/MergedPointCloud/a30f9438463559ee.pcd,1633942926799908
b'y\xdee\x91\xf9\xde^\x90',b'\xfe[\xb2\x89F\x17Ph',b'\xa3\x0f\x948F5Y\xee',"b'\xbd,\x01\xa6\x87\xd2Q\xb1'",b'h\xe3\x13@\x15\x85_h',b']\xf1\xfa\xd5XT^\x9e',2021.10.11.08.31.07_veh-50_01750_01948/MergedPointCloud/79de6591f9de5e90.pcd,1633942926849880
b'\xfe[\xb2\x89F\x17Ph',b'\xd8|0~\xe3wPl',b'y\xdee\x91\xf9\xde^\x90',b'\x12\xceL\x88juZA',b'h\xe3\x13@\x15\x85_h',b']\xf1\xfa\xd5XT^\x9e',2021.10.11.08.31.07_veh-50_01750_01948/MergedPointCloud/fe5bb28946175068.pcd,1633942926899851
b'\xd8|0~\xe3wPl',b'w\x1d\x18\x14\xd5\x9e\\\xea',b'\xfe[\xb2\x89F\x17Ph',b'\xca\xeb\x95\x81\x7fB\\\xd0',b'h\xe3\x13@\x15\x85_h',b']\xf1\xfa\xd5XT^\x9e',2021.10.11.08.31.07_veh-50_01750_01948/MergedPointCloud/d87c307ee377506c.pcd,1633942926949820
b'w\x1d\x18\x14\xd5\x9e\\\xea',b'&\rEx\x9e\x19V7',b'\xd8|0~\xe3wPl',b'%+0\xf9\x96\xd7V\xf7',b'h\xe3\x13@\x15\x85_h',b']\xf1\xfa\xd5XT^\x9e',2021.10.11.08.31.07_veh-50_01750_01948/MergedPointCloud/771d1814d59e5cea.pcd,1633942926999790
b'&\rEx\x9e\x19V7',b'\xc3!\xea\xdcF\x08S\x80',b'w\x1d\x18\x14\xd5\x9e\\\xea',b'\xf6\nii\xf1\x1aX\xd7',b'h\xe3\x13@\x15\x85_h',b']\xf1\xfa\xd5XT^\x9e',2021.10.11.08.31.07_veh-50_01750_01948/MergedPointCloud/260d45789e195637.pcd,1633942927049761
b'\xc3!\xea\xdcF\x08S\x80',b'\xe6\x1b$\xc7\xad\xf9Wx',b'&\rEx\x9e\x19V7',b'\x1e\xccs\xcf\xe9:^\xe8',b'h\xe3\x13@\x15\x85_h',b']\xf1\xfa\xd5XT^\x9e',2021.10.11.08.31.07_veh-50_01750_01948/MergedPointCloud/c321eadc46085380.pcd,1633942927099732
b'\xe6\x1b$\xc7\xad\xf9Wx',b'\x1d\xd5\x01\xb8vEZ\xaa',b'\xc3!\xea\xdcF\x08S\x80',b'\xe5\xe8f$\x1bZ[\xe6',b'h\xe3\x13@\x15\x85_h',b']\xf1\xfa\xd5XT^\x9e',2021.10.11.08.31.07_veh-50_01750_01948/MergedPointCloud/e61b24c7adf95778.pcd,1633942927149708
b'\x1d\xd5\x01\xb8vEZ\xaa',b'R\xf6\xc8\x8e\xf6\xeeST',b'\xe6\x1b$\xc7\xad\xf9Wx',b'\xc3\x14E\xa8\xc3\x8e^H',b'h\xe3\x13@\x15\x85_h',b']\xf1\xfa\xd5XT^\x9e',2021.10.11.08.31.07_veh-50_01750_01948/MergedPointCloud/1dd501b876455aaa.pcd,1633942927199689
b'R\xf6\xc8\x8e\xf6\xeeST',b'\xbb&\x16\xf6o>Q\x0b',b'\x1d\xd5\x01\xb8vEZ\xaa',b'\x08\x83\xc9\xd3\x91\xd1\\\xe2',b'h\xe3\x13@\x15\x85_h',b']\xf1\xfa\xd5XT^\x9e',2021.10.11.08.31.07_veh-50_01750_01948/MergedPointCloud/52f6c88ef6ee5354.pcd,1633942927249674
b'\xbb&\x16\xf6o>Q\x0b',b'\xae\xb23\x1bx\x06U\xf5',b'R\xf6\xc8\x8e\xf6\xeeST',"b'\x14""\xfe\xb3\x03\xfbQ\xee'",b'h\xe3\x13@\x15\x85_h',b']\xf1\xfa\xd5XT^\x9e',2021.10.11.08.31.07_veh-50_01750_01948/MergedPointCloud/bb2616f66f3e510b.pcd,1633942927299664
b'\xae\xb23\x1bx\x06U\xf5',b'c;\xbc^\x19\xa7Z\x1d',b'\xbb&\x16\xf6o>Q\x0b',b'\x0f\xda\x14\xf7SpQD',b'h\xe3\x13@\x15\x85_h',b']\xf1\xfa\xd5XT^\x9e',2021.10.11.08.31.07_veh-50_01750_01948/MergedPointCloud/aeb2331b780655f5.pcd,1633942927349657
b'c;\xbc^\x19\xa7Z\x1d',b'nz\x92\x86\xf0\xa5Ue',b'\xae\xb23\x1bx\x06U\xf5',b'z\xc9\xb4\xe7d\xa5\\+',b'h\xe3\x13@\x15\x85_h',b']\xf1\xfa\xd5XT^\x9e',2021.10.11.08.31.07_veh-50_01750_01948/MergedPointCloud/633bbc5e19a75a1d.pcd,1633942927399652
b'nz\x92\x86\xf0\xa5Ue',b'D\x80\x8c\x82R=]\xa1',b'c;\xbc^\x19\xa7Z\x1d',b'\x9bv|C\rwP\xf1',b'h\xe3\x13@\x15\x85_h',b']\xf1\xfa\xd5XT^\x9e',2021.10.11.08.31.07_veh-50_01750_01948/MergedPointCloud/6e7a9286f0a55565.pcd,1633942927449648
b'D\x80\x8c\x82R=]\xa1',"b'RZ\xee,P\x94Q,'",b'nz\x92\x86\xf0\xa5Ue',b'V\x94\xb7x{L]b',b'h\xe3\x13@\x15\x85_h',b']\xf1\xfa\xd5XT^\x9e',2021.10.11.08.31.07_veh-50_01750_01948/MergedPointCloud/44808c82523d5da1.pcd,1633942927499643
"b'RZ\xee,P\x94Q,'",b'\xfb\xe1\x94\x8f\t\x7fR\x1a',b'D\x80\x8c\x82R=]\xa1',b'+U\xc3\x00\x1b\xf7]\xcc',b'h\xe3\x13@\x15\x85_h',b']\xf1\xfa\xd5XT^\x9e',2021.10.11.08.31.07_veh-50_01750_01948/MergedPointCloud/525aee2c5094512c.pcd,1633942927549640
b'\xfb\xe1\x94\x8f\t\x7fR\x1a',b'\xee\x83\xa3\xa7_\x92XN',"b'RZ\xee,P\x94Q,'",b'a)A}\x8e|QC',b'h\xe3\x13@\x15\x85_h',b']\xf1\xfa\xd5XT^\x9e',2021.10.11.08.31.07_veh-50_01750_01948/MergedPointCloud/fbe1948f097f521a.pcd,1633942927599639
b'\xee\x83\xa3\xa7_\x92XN',b'kH\\\xfa\xed4Qw',b'\xfb\xe1\x94\x8f\t\x7fR\x1a',b'|r~\x91\x12\x94WB',b'h\xe3\x13@\x15\x85_h',b']\xf1\xfa\xd5XT^\x9e',2021.10.11.08.31.07_veh-50_01750_01948/MergedPointCloud/ee83a3a75f92584e.pcd,1633942927649639
b'kH\\\xfa\xed4Qw',b'v\x81\xb1\xa9\x04CZ\xb0',b'\xee\x83\xa3\xa7_\x92XN',b'\x93G\xc4\xed^\xa4\\\xcd',b'h\xe3\x13@\x15\x85_h',b']\xf1\xfa\xd5XT^\x9e',2021.10.11.08.31.07_veh-50_01750_01948/MergedPointCloud/6b485cfaed345177.pcd,1633942927699642
b'v\x81\xb1\xa9\x04CZ\xb0',b'\x85\x15\xa14\xc9\xb0T\xd1',b'kH\\\xfa\xed4Qw',b'j\x03Aw}\xf3P\xbd',b'h\xe3\x13@\x15\x85_h',b']\xf1\xfa\xd5XT^\x9e',2021.10.11.08.31.07_veh-50_01750_01948/MergedPointCloud/7681b1a904435ab0.pcd,1633942927749646
b'\x85\x15\xa14\xc9\xb0T\xd1',b'\x0f`\xb3G\n8\\!',b'v\x81\xb1\xa9\x04CZ\xb0',"b""\xcd\xbb\x1bj'\xf0R\x80""",b'h\xe3\x13@\x15\x85_h',b']\xf1\xfa\xd5XT^\x9e',2021.10.11.08.31.07_veh-50_01750_01948/MergedPointCloud/8515a134c9b054d1.pcd,1633942927799651
b'\x0f`\xb3G\n8\\!',b'\xc0\xe7}\x07\x1c>U\x0b',b'\x85\x15\xa14\xc9\xb0T\xd1',b'\\V\x80\x1f\xbe}^r',b'h\xe3\x13@\x15\x85_h',b']\xf1\xfa\xd5XT^\x9e',2021.10.11.08.31.07_veh-50_01750_01948/MergedPointCloud/0f60b3470a385c21.pcd,1633942927849659
b'\xc0\xe7}\x07\x1c>U\x0b',b'/W\xe1\x10\xf5KZ\xdf',b'\x0f`\xb3G\n8\\!',b'\\\xc9\xffTC\x95S\xc2',b'h\xe3\x13@\x15\x85_h',b']\xf1\xfa\xd5XT^\x9e',2021.10.11.08.31.07_veh-50_01750_01948/MergedPointCloud/c0e77d071c3e550b.pcd,1633942927899670
b'/W\xe1\x10\xf5KZ\xdf',b'\x1dF\x1f@B\xddX\xc9',b'\xc0\xe7}\x07\x1c>U\x0b',b'\xcfX\xe55\xf2\xb6]\x86',b'h\xe3\x13@\x15\x85_h',b']\xf1\xfa\xd5XT^\x9e',2021.10.11.08.31.07_veh-50_01750_01948/MergedPointCloud/2f57e110f54b5adf.pcd,1633942927949685
b'\x1dF\x1f@B\xddX\xc9',b'\xdd\xcd\xf8L\x8bjWK',b'/W\xe1\x10\xf5KZ\xdf',b'vQ\xe9\xb0\xa3y_\xfe',b'h\xe3\x13@\x15\x85_h',b']\xf1\xfa\xd5XT^\x9e',2021.10.11.08.31.07_veh-50_01750_01948/MergedPointCloud/1d461f4042dd58c9.pcd,1633942927999703
b'\xdd\xcd\xf8L\x8bjWK',"b""\xab\xec\t\xcc'\xa5]\x85""",b'\x1dF\x1f@B\xddX\xc9',b'\xe5y\xfag\xa72U\x87',b'h\xe3\x13@\x15\x85_h',b']\xf1\xfa\xd5XT^\x9e',2021.10.11.08.31.07_veh-50_01750_01948/MergedPointCloud/ddcdf84c8b6a574b.pcd,1633942928049724
"b""\xab\xec\t\xcc'\xa5]\x85""",b'\x9f\x11\x0c3\xed\xd0YB',b'\xdd\xcd\xf8L\x8bjWK',"b'\x83\x90,\xcc\x87\x03Z\x0b'",b'h\xe3\x13@\x15\x85_h',b']\xf1\xfa\xd5XT^\x9e',2021.10.11.08.31.07_veh-50_01750_01948/MergedPointCloud/abec09cc27a55d85.pcd,1633942928099747
b'\x9f\x11\x0c3\xed\xd0YB',b'\xc3\x0c\x9b\xe73\xae]~',"b""\xab\xec\t\xcc'\xa5]\x85""",b'K\xd9\r\xe8\xb6\x17Z\xee',b'h\xe3\x13@\x15\x85_h',b']\xf1\xfa\xd5XT^\x9e',2021.10.11.08.31.07_veh-50_01750_01948/MergedPointCloud/9f110c33edd05942.pcd,1633942928149770
b'\xc3\x0c\x9b\xe73\xae]~',b'\xa5\x85\xbf\xd0\xe2\xb3Z\xf9',b'\x9f\x11\x0c3\xed\xd0YB',b'\x8by\x10w)\x9e_7',b'h\xe3\x13@\x15\x85_h',b']\xf1\xfa\xd5XT^\x9e',2021.10.11.08.31.07_veh-50_01750_01948/MergedPointCloud/c30c9be733ae5d7e.pcd,1633942928199794
b'\xa5\x85\xbf\xd0\xe2\xb3Z\xf9',b'\xfe\x17=\xc2\xbcr[\x10',b'\xc3\x0c\x9b\xe73\xae]~',b'c\xcd*0\xb6\xde\\{',b'h\xe3\x13@\x15\x85_h',b']\xf1\xfa\xd5XT^\x9e',2021.10.11.08.31.07_veh-50_01750_01948/MergedPointCloud/a585bfd0e2b35af9.pcd,1633942928249818
b'\xfe\x17=\xc2\xbcr[\x10',b'\xd52\t\xfa8\xcdU\xb2',b'\xa5\x85\xbf\xd0\xe2\xb3Z\xf9',b'\x80\x14d@ltV\x9b',b'h\xe3\x13@\x15\x85_h',b']\xf1\xfa\xd5XT^\x9e',2021.10.11.08.31.07_veh-50_01750_01948/MergedPointCloud/fe173dc2bc725b10.pcd,1633942928299839
b'\xd52\t\xfa8\xcdU\xb2',b'h\xaa\x86\xbf\xe8\x90P\x1f',b'\xfe\x17=\xc2\xbcr[\x10',b'\xf6\xe4\xd7\x1fk\x92[^',b'h\xe3\x13@\x15\x85_h',b']\xf1\xfa\xd5XT^\x9e',2021.10.11.08.31.07_veh-50_01750_01948/MergedPointCloud/d53209fa38cd55b2.pcd,1633942928349860
b'h\xaa\x86\xbf\xe8\x90P\x1f',b'x)\x10\xf5vUS\xe0',b'\xd52\t\xfa8\xcdU\xb2',"b""\xf7!\xfd\xc3\xdd\xc1Z'""",b'h\xe3\x13@\x15\x85_h',b']\xf1\xfa\xd5XT^\x9e',2021.10.11.08.31.07_veh-50_01750_01948/MergedPointCloud/68aa86bfe890501f.pcd,1633942928399881
b'x)\x10\xf5vUS\xe0',b'4\xf6\x04\x08\xbb@Z\xb9',b'h\xaa\x86\xbf\xe8\x90P\x1f',b'\x8fR\x89u\xb7M_\x12',b'h\xe3\x13@\x15\x85_h',b']\xf1\xfa\xd5XT^\x9e',2021.10.11.08.31.07_veh-50_01750_01948/MergedPointCloud/782910f5765553e0.pcd,1633942928449902
b'4\xf6\x04\x08\xbb@Z\xb9',b'\x86\x13@\nB\x18P\xb7',b'x)\x10\xf5vUS\xe0',b'\x13\x0f\xc9\xc7x\x1eP\x9b',b'h\xe3\x13@\x15\x85_h',b']\xf1\xfa\xd5XT^\x9e',2021.10.11.08.31.07_veh-50_01750_01948/MergedPointCloud/34f60408bb405ab9.pcd,1633942928499919
b'\x86\x13@\nB\x18P\xb7',b'\xd8\x9f\xbd\xb16\xdd\\\xe7',b'4\xf6\x04\x08\xbb@Z\xb9',b'K>\xb1cy\x96T\x86',b'h\xe3\x13@\x15\x85_h',b']\xf1\xfa\xd5XT^\x9e',2021.10.11.08.31.07_veh-50_01750_01948/MergedPointCloud/8613400a421850b7.pcd,1633942928549935
b'\xd8\x9f\xbd\xb16\xdd\\\xe7',b'\xbc\\\xff\x00\x9dM_3',b'\x86\x13@\nB\x18P\xb7',b'\x1b\xb9\xd1Be\x01U\xa1',b'h\xe3\x13@\x15\x85_h',b']\xf1\xfa\xd5XT^\x9e',2021.10.11.08.31.07_veh-50_01750_01948/MergedPointCloud/d89fbdb136dd5ce7.pcd,1633942928599948
b'\xbc\\\xff\x00\x9dM_3',b'\xb2\xad\x93r\x12\xf8W\x14',b'\xd8\x9f\xbd\xb16\xdd\\\xe7',b'\xd2\xb4\xf4\xd1\xae\xedS\xe4',b'h\xe3\x13@\x15\x85_h',b']\xf1\xfa\xd5XT^\x9e',2021.10.11.08.31.07_veh-50_01750_01948/MergedPointCloud/bc5cff009d4d5f33.pcd,1633942928649960
b'\xb2\xad\x93r\x12\xf8W\x14',b'h`\xbb\x18f\x99Ue',b'\xbc\\\xff\x00\x9dM_3',b'kFs\x9b\x07\xc0]U',b'h\xe3\x13@\x15\x85_h',b']\xf1\xfa\xd5XT^\x9e',2021.10.11.08.31.07_veh-50_01750_01948/MergedPointCloud/b2ad937212f85714.pcd,1633942928699971
b'h`\xbb\x18f\x99Ue',b'\xf5\x8f\xe7\x1dD\xd8Z\x00',b'\xb2\xad\x93r\x12\xf8W\x14',b'\xa7Pw\xb4x\xfbUH',b'h\xe3\x13@\x15\x85_h',b']\xf1\xfa\xd5XT^\x9e',2021.10.11.08.31.07_veh-50_01750_01948/MergedPointCloud/6860bb1866995565.pcd,1633942928749983
b'\xf5\x8f\xe7\x1dD\xd8Z\x00',b'\x1e\xb5#\xca\xe2\xc6S\xb7',b'h`\xbb\x18f\x99Ue',"b'\x8dRf""%yV\xe4'",b'h\xe3\x13@\x15\x85_h',b']\xf1\xfa\xd5XT^\x9e',2021.10.11.08.31.07_veh-50_01750_01948/MergedPointCloud/f58fe71d44d85a00.pcd,1633942928799996
b'\x1e\xb5#\xca\xe2\xc6S\xb7',b'j\xacY\xc14KS\xe0',b'\xf5\x8f\xe7\x1dD\xd8Z\x00',b'Q\xe930\x1a<_\xac',b'h\xe3\x13@\x15\x85_h',b']\xf1\xfa\xd5XT^\x9e',2021.10.11.08.31.07_veh-50_01750_01948/MergedPointCloud/1eb523cae2c653b7.pcd,1633942928850011
b'j\xacY\xc14KS\xe0',"b'\x1eA""3\xdf\xc6^f'",b'\x1e\xb5#\xca\xe2\xc6S\xb7',b'p \xc4\x93\xa8\xd9Z\xce',b'h\xe3\x13@\x15\x85_h',b']\xf1\xfa\xd5XT^\x9e',2021.10.11.08.31.07_veh-50_01750_01948/MergedPointCloud/6aac59c1344b53e0.pcd,1633942928900027
"b'\x1eA""3\xdf\xc6^f'",b'\xcc\xaf!ly\xdbS\x8b',b'j\xacY\xc14KS\xe0',b'\xeb\xed\xeao6\x89TU',b'h\xe3\x13@\x15\x85_h',b']\xf1\xfa\xd5XT^\x9e',2021.10.11.08.31.07_veh-50_01750_01948/MergedPointCloud/1e412233dfc65e66.pcd,1633942928950043
b'\xcc\xaf!ly\xdbS\x8b',b'\x8cAQ\xf4\x03NTL',"b'\x1eA""3\xdf\xc6^f'",b'\x1c\xce\x0c\x7fw0]\xe6',b'h\xe3\x13@\x15\x85_h',b']\xf1\xfa\xd5XT^\x9e',2021.10.11.08.31.07_veh-50_01750_01948/MergedPointCloud/ccaf216c79db538b.pcd,1633942929000062
b'\x8cAQ\xf4\x03NTL',b'\xc5Z\x98\xc4\x8b\xc0Wq',b'\xcc\xaf!ly\xdbS\x8b',b'\xd5$HP#\xbc\\\xbb',b'h\xe3\x13@\x15\x85_h',b']\xf1\xfa\xd5XT^\x9e',2021.10.11.08.31.07_veh-50_01750_01948/MergedPointCloud/8c4151f4034e544c.pcd,1633942929050080
b'\xc5Z\x98\xc4\x8b\xc0Wq',b'\x19f\x14\xc1\xabtR\x91',b'\x8cAQ\xf4\x03NTL',b'Jb\xcc\x1f:\xb9Pv',b'h\xe3\x13@\x15\x85_h',b']\xf1\xfa\xd5XT^\x9e',2021.10.11.08.31.07_veh-50_01750_01948/MergedPointCloud/c55a98c48bc05771.pcd,1633942929100099
b'\x19f\x14\xc1\xabtR\x91',b'^\x9e9\xcd\x7f\x8dP\xf9',b'\xc5Z\x98\xc4\x8b\xc0Wq',b'%\xac\x9amV U\xc5',b'h\xe3\x13@\x15\x85_h',b']\xf1\xfa\xd5XT^\x9e',2021.10.11.08.31.07_veh-50_01750_01948/MergedPointCloud/196614c1ab745291.pcd,1633942929150117
b'^\x9e9\xcd\x7f\x8dP\xf9',b'\xc2\xc9\x1a\xb0HVR\xd5',b'\x19f\x14\xc1\xabtR\x91',b'\xae\xcb\xcf:U\x0eZ\xc8',b'h\xe3\x13@\x15\x85_h',b']\xf1\xfa\xd5XT^\x9e',2021.10.11.08.31.07_veh-50_01750_01948/MergedPointCloud/5e9e39cd7f8d50f9.pcd,1633942929200127
b'\xc2\xc9\x1a\xb0HVR\xd5',b'sr\x17\x12\x0b\x0bR\xf6',b'^\x9e9\xcd\x7f\x8dP\xf9',b'\x99k\x9b1>7U\xb6',b'h\xe3\x13@\x15\x85_h',b']\xf1\xfa\xd5XT^\x9e',2021.10.11.08.31.07_veh-50_01750_01948/MergedPointCloud/c2c91ab0485652d5.pcd,1633942929250133
b'sr\x17\x12\x0b\x0bR\xf6',b')v2\x7f\xc0\x18Q|',b'\xc2\xc9\x1a\xb0HVR\xd5',b'\x9f9\xc8\x8ajZY\xd9',b'h\xe3\x13@\x15\x85_h',b']\xf1\xfa\xd5XT^\x9e',2021.10.11.08.31.07_veh-50_01750_01948/MergedPointCloud/737217120b0b52f6.pcd,1633942929300134
b')v2\x7f\xc0\x18Q|',b'\xe2|G\x00[\xf5\\\xd9',b'sr\x17\x12\x0b\x0bR\xf6',b'\xad#Z\xc3\xe8\x95ZZ',b'h\xe3\x13@\x15\x85_h',b']\xf1\xfa\xd5XT^\x9e',2021.10.11.08.31.07_veh-50_01750_01948/MergedPointCloud/2976327fc018517c.pcd,1633942929350130
b'\xe2|G\x00[\xf5\\\xd9',b'\xb2\x14\xe1\xb9\xcd\xc8[w',b')v2\x7f\xc0\x18Q|',b'\x83\xd4\xcd\xb5\xec:P\x88',b'h\xe3\x13@\x15\x85_h',b']\xf1\xfa\xd5XT^\x9e',2021.10.11.08.31.07_veh-50_01750_01948/MergedPointCloud/e27c47005bf55cd9.pcd,1633942929400124
b'\xb2\x14\xe1\xb9\xcd\xc8[w',b'\xae\xae|\x1c\xd5\xbaQ\xec',b'\xe2|G\x00[\xf5\\\xd9',b'e\xb2\x15\x86s`\\>',b'h\xe3\x13@\x15\x85_h',b']\xf1\xfa\xd5XT^\x9e',2021.10.11.08.31.07_veh-50_01750_01948/MergedPointCloud/b214e1b9cdc85b77.pcd,1633942929450114
b'\xae\xae|\x1c\xd5\xbaQ\xec',b'\xfc\x12%~[^Sz',b'\xb2\x14\xe1\xb9\xcd\xc8[w',b'\xfe\x9fF1\xad\x97\\\xd0',b'h\xe3\x13@\x15\x85_h',b']\xf1\xfa\xd5XT^\x9e',2021.10.11.08.31.07_veh-50_01750_01948/MergedPointCloud/aeae7c1cd5ba51ec.pcd,1633942929500103
b'\xfc\x12%~[^Sz',b'C\xda\xb2\x92D\x0eW\xb5',b'\xae\xae|\x1c\xd5\xbaQ\xec',b'\x99\x05:\xc2\xa1\rX\x9f',b'h\xe3\x13@\x15\x85_h',b']\xf1\xfa\xd5XT^\x9e',2021.10.11.08.31.07_veh-50_01750_01948/MergedPointCloud/fc12257e5b5e537a.pcd,1633942929550089
b'C\xda\xb2\x92D\x0eW\xb5',b'\x02PQ\xd2B\x86T\xaf',b'\xfc\x12%~[^Sz',b'\xbb\xb8\xc7\x0fP$Zl',b'h\xe3\x13@\x15\x85_h',b']\xf1\xfa\xd5XT^\x9e',2021.10.11.08.31.07_veh-50_01750_01948/MergedPointCloud/43dab292440e57b5.pcd,1633942929600072
b'\x02PQ\xd2B\x86T\xaf',b'5\x08\x067\x89\xa8Y\xd8',b'C\xda\xb2\x92D\x0eW\xb5',b'\xb8\xc7NA\xbcDP\x84',b'h\xe3\x13@\x15\x85_h',b']\xf1\xfa\xd5XT^\x9e',2021.10.11.08.31.07_veh-50_01750_01948/MergedPointCloud/025051d2428654af.pcd,1633942929650057
b'5\x08\x067\x89\xa8Y\xd8',b'\x96\xfecC\nP\\1',b'\x02PQ\xd2B\x86T\xaf',b'\xfe\xc0*qxsT?',b'h\xe3\x13@\x15\x85_h',b']\xf1\xfa\xd5XT^\x9e',2021.10.11.08.31.07_veh-50_01750_01948/MergedPointCloud/3508063789a859d8.pcd,1633942929700044
b'\x96\xfecC\nP\\1',b'\x9bu\xee\x1e\xc8\x89Y\xcc',b'5\x08\x067\x89\xa8Y\xd8',b'\xe3g\xe9\xb4\xab\xc8V\x89',b'h\xe3\x13@\x15\x85_h',b']\xf1\xfa\xd5XT^\x9e',2021.10.11.08.31.07_veh-50_01750_01948/MergedPointCloud/96fe63430a505c31.pcd,1633942929750033
b'\x9bu\xee\x1e\xc8\x89Y\xcc',b'?2\rD\xadbQ\x0e',b'\x96\xfecC\nP\\1',b'c\xd9\xcfe\xf3\xa0_\xf0',b'h\xe3\x13@\x15\x85_h',b']\xf1\xfa\xd5XT^\x9e',2021.10.11.08.31.07_veh-50_01750_01948/MergedPointCloud/9b75ee1ec88959cc.pcd,1633942929800021
b'?2\rD\xadbQ\x0e',b'\xeb-9\x90\xf6\xf9_\x9c',b'\x9bu\xee\x1e\xc8\x89Y\xcc',b'\xe1\xfeg\xeb\xee\x85]\xbc',b'h\xe3\x13@\x15\x85_h',b']\xf1\xfa\xd5XT^\x9e',2021.10.11.08.31.07_veh-50_01750_01948/MergedPointCloud/3f320d44ad62510e.pcd,1633942929850007
b'\xeb-9\x90\xf6\xf9_\x9c',b'\t\xe6\xd2\xde\xc1lP!',b'?2\rD\xadbQ\x0e',b'v/`\x1cO WI',b'h\xe3\x13@\x15\x85_h',b']\xf1\xfa\xd5XT^\x9e',2021.10.11.08.31.07_veh-50_01750_01948/MergedPointCloud/eb2d3990f6f95f9c.pcd,1633942929899990
b'\t\xe6\xd2\xde\xc1lP!',b'\x040\xba\x9f\xb9~P\xdc',b'\xeb-9\x90\xf6\xf9_\x9c',b'\x1b\x82\x1a\x123>\\\x92',b'h\xe3\x13@\x15\x85_h',b']\xf1\xfa\xd5XT^\x9e',2021.10.11.08.31.07_veh-50_01750_01948/MergedPointCloud/09e6d2dec16c5021.pcd,1633942929949970
b'\x040\xba\x9f\xb9~P\xdc',b'\xde\xa6\x8a\xbb\x1b\x06]v',b'\t\xe6\xd2\xde\xc1lP!',b'\x87\xda<\xda\xe9\x1c[\x17',b'h\xe3\x13@\x15\x85_h',b']\xf1\xfa\xd5XT^\x9e',2021.10.11.08.31.07_veh-50_01750_01948/MergedPointCloud/0430ba9fb97e50dc.pcd,1633942929999953
b'\xde\xa6\x8a\xbb\x1b\x06]v',b'\xa005\x9e\x88\xb9X\xe6',b'\x040\xba\x9f\xb9~P\xdc',b'\xc7\x0cr\x1a\xf57U\x1d',b'h\xe3\x13@\x15\x85_h',b']\xf1\xfa\xd5XT^\x9e',2021.10.11.08.31.07_veh-50_01750_01948/MergedPointCloud/dea68abb1b065d76.pcd,1633942930049936
b'\xa005\x9e\x88\xb9X\xe6',b'z\x0e\x08\xb9%\x08T\xc5',b'\xde\xa6\x8a\xbb\x1b\x06]v',b'\r2[\xc6\xfd\x9bUo',b'h\xe3\x13@\x15\x85_h',b']\xf1\xfa\xd5XT^\x9e',2021.10.11.08.31.07_veh-50_01750_01948/MergedPointCloud/a030359e88b958e6.pcd,1633942930099922
b'z\x0e\x08\xb9%\x08T\xc5',b'c\x87\xe6\x98H\x88RE',b'\xa005\x9e\x88\xb9X\xe6',b'\x89\xce\x19EhDS\xf1',b'h\xe3\x13@\x15\x85_h',b']\xf1\xfa\xd5XT^\x9e',2021.10.11.08.31.07_veh-50_01750_01948/MergedPointCloud/7a0e08b9250854c5.pcd,1633942930149907
b'c\x87\xe6\x98H\x88RE',b'\xe3\xd3\xae\xc75\x95V\xa5',b'z\x0e\x08\xb9%\x08T\xc5',b'_\xa4+\xf8\x83\xc6^\xd9',b'h\xe3\x13@\x15\x85_h',b']\xf1\xfa\xd5XT^\x9e',2021.10.11.08.31.07_veh-50_01750_01948/MergedPointCloud/6387e69848885245.pcd,1633942930199890
b'\xe3\xd3\xae\xc75\x95V\xa5',b'\x04P\x06f\xed\x0eWW',b'c\x87\xe6\x98H\x88RE',b'\x91\xc1\xdc\\\x94\xebU\x15',b'h\xe3\x13@\x15\x85_h',b']\xf1\xfa\xd5XT^\x9e',2021.10.11.08.31.07_veh-50_01750_01948/MergedPointCloud/e3d3aec7359556a5.pcd,1633942930249873
b'\x04P\x06f\xed\x0eWW',b'V\x12\xfa)T\xa7[\xe7',b'\xe3\xd3\xae\xc75\x95V\xa5',b'F\xe4\x99J4\x18X\xca',b'h\xe3\x13@\x15\x85_h',b']\xf1\xfa\xd5XT^\x9e',2021.10.11.08.31.07_veh-50_01750_01948/MergedPointCloud/04500666ed0e5757.pcd,1633942930299855
b'V\x12\xfa)T\xa7[\xe7',b'F&\xa9}\xd0\xd0_w',b'\x04P\x06f\xed\x0eWW',b'$\x15H\xa3N\xc4S\xf3',b'h\xe3\x13@\x15\x85_h',b']\xf1\xfa\xd5XT^\x9e',2021.10.11.08.31.07_veh-50_01750_01948/MergedPointCloud/5612fa2954a75be7.pcd,1633942930349838
b'F&\xa9}\xd0\xd0_w',b'\xae^\x93\x1c\x08\xf3Qw',b'V\x12\xfa)T\xa7[\xe7',"b';u\x8b""\xafDU|'",b'h\xe3\x13@\x15\x85_h',b']\xf1\xfa\xd5XT^\x9e',2021.10.11.08.31.07_veh-50_01750_01948/MergedPointCloud/4626a97dd0d05f77.pcd,1633942930399822
b'\xae^\x93\x1c\x08\xf3Qw',b'-c\xe6\x16\xc5\nQ\xc6',b'F&\xa9}\xd0\xd0_w',b'F\xfe\xc0\xf8t%^\xec',b'h\xe3\x13@\x15\x85_h',b']\xf1\xfa\xd5XT^\x9e',2021.10.11.08.31.07_veh-50_01750_01948/MergedPointCloud/ae5e931c08f35177.pcd,1633942930449810
b'-c\xe6\x16\xc5\nQ\xc6',b'h\x1e\xf8\xb3\xd0\x1aX\xf3',b'\xae^\x93\x1c\x08\xf3Qw',b'\x1b\x0c\x81\xceq\xf3WQ',b'h\xe3\x13@\x15\x85_h',b']\xf1\xfa\xd5XT^\x9e',2021.10.11.08.31.07_veh-50_01750_01948/MergedPointCloud/2d63e616c50a51c6.pcd,1633942930499798
b'h\x1e\xf8\xb3\xd0\x1aX\xf3',"b'et\x16\xb6""fW\x91'",b'-c\xe6\x16\xc5\nQ\xc6',b'\x0eFS\xa0n\xf4_\xd3',b'h\xe3\x13@\x15\x85_h',b']\xf1\xfa\xd5XT^\x9e',2021.10.11.08.31.07_veh-50_01750_01948/MergedPointCloud/681ef8b3d01a58f3.pcd,1633942930549789
"b'et\x16\xb6""fW\x91'","b'\xd5\xf8\x94,\x1a\rR\xf3'",b'h\x1e\xf8\xb3\xd0\x1aX\xf3',b'\xb5\x9f\xc2\xdbO\x7f\\\x04',b'h\xe3\x13@\x15\x85_h',b']\xf1\xfa\xd5XT^\x9e',2021.10.11.08.31.07_veh-50_01750_01948/MergedPointCloud/657416b622665791.pcd,1633942930599779
"b'\xd5\xf8\x94,\x1a\rR\xf3'",b'\x93\x11+j\x06\xe1W\xdd',"b'et\x16\xb6""fW\x91'",b'\x92\x12J]\xc9eWT',b'h\xe3\x13@\x15\x85_h',b']\xf1\xfa\xd5XT^\x9e',2021.10.11.08.31.07_veh-50_01750_01948/MergedPointCloud/d5f8942c1a0d52f3.pcd,1633942930649767
b'\x93\x11+j\x06\xe1W\xdd',b'vU|\xbb\x9d\xcd\\\x9a',"b'\xd5\xf8\x94,\x1a\rR\xf3'",b'_\xe9\xccX\xc6\x07U\xa4',b'h\xe3\x13@\x15\x85_h',b']\xf1\xfa\xd5XT^\x9e',2021.10.11.08.31.07_veh-50_01750_01948/MergedPointCloud/93112b6a06e157dd.pcd,1633942930699754
b'vU|\xbb\x9d\xcd\\\x9a',b'\xef\xe2\x80\x87\xbapR\xdc',b'\x93\x11+j\x06\xe1W\xdd',b'@+o;\xc7\x1eUV',b'h\xe3\x13@\x15\x85_h',b']\xf1\xfa\xd5XT^\x9e',2021.10.11.08.31.07_veh-50_01750_01948/MergedPointCloud/76557cbb9dcd5c9a.pcd,1633942930749739
b'\xef\xe2\x80\x87\xbapR\xdc',b'@I\xe3\x82Yh\\e',b'vU|\xbb\x9d\xcd\\\x9a',b'\xdf\xad\x88KM\xf0Y\xf3',b'h\xe3\x13@\x15\x85_h',b']\xf1\xfa\xd5XT^\x9e',2021.10.11.08.31.07_veh-50_01750_01948/MergedPointCloud/efe28087ba7052dc.pcd,1633942930799727
b'@I\xe3\x82Yh\\e',b'\x93;K\x03\xe5\x0cT\xdd',b'\xef\xe2\x80\x87\xbapR\xdc',b'G\xbf\x03G\xa1\xb6T\xca',b'h\xe3\x13@\x15\x85_h',b']\xf1\xfa\xd5XT^\x9e',2021.10.11.08.31.07_veh-50_01750_01948/MergedPointCloud/4049e38259685c65.pcd,1633942930849717
b'\x93;K\x03\xe5\x0cT\xdd',b'A\xecf\xb4\xbfeW\xf1',b'@I\xe3\x82Yh\\e',b'\x03\x02)5\x07\x9bX!',b'h\xe3\x13@\x15\x85_h',b']\xf1\xfa\xd5XT^\x9e',2021.10.11.08.31.07_veh-50_01750_01948/MergedPointCloud/933b4b03e50c54dd.pcd,1633942930899710
b'A\xecf\xb4\xbfeW\xf1',b'\x18\x06\x14\xed\x16KR5',b'\x93;K\x03\xe5\x0cT\xdd',b'c\x90\x87\xcc[cQ\xc2',b'h\xe3\x13@\x15\x85_h',b']\xf1\xfa\xd5XT^\x9e',2021.10.11.08.31.07_veh-50_01750_01948/MergedPointCloud/41ec66b4bf6557f1.pcd,1633942930949705
b'\x18\x06\x14\xed\x16KR5',b'(\x86\xb4\xbe@\\Z\x82',b'A\xecf\xb4\xbfeW\xf1',b'\xb9\x9a}BC\xeaW\xc9',b'h\xe3\x13@\x15\x85_h',b']\xf1\xfa\xd5XT^\x9e',2021.10.11.08.31.07_veh-50_01750_01948/MergedPointCloud/180614ed164b5235.pcd,1633942930999700
b'(\x86\xb4\xbe@\\Z\x82',b'\xb7\x9b?\xf2$\xd1^(',b'\x18\x06\x14\xed\x16KR5',b'\xabc\x8e\x052|P.',b'h\xe3\x13@\x15\x85_h',b']\xf1\xfa\xd5XT^\x9e',2021.10.11.08.31.07_veh-50_01750_01948/MergedPointCloud/2886b4be405c5a82.pcd,1633942931049696
b'\xb7\x9b?\xf2$\xd1^(',b'\xee\xaf\xd26M\x07X\xc0',b'(\x86\xb4\xbe@\\Z\x82',b'\xf7\xcf\x9d\xf9\xc4\xb1RJ',b'h\xe3\x13@\x15\x85_h',b']\xf1\xfa\xd5XT^\x9e',2021.10.11.08.31.07_veh-50_01750_01948/MergedPointCloud/b79b3ff224d15e28.pcd,1633942931099692
b'\xee\xaf\xd26M\x07X\xc0',b'\x88\x11q\\\xb2\xb1S^',b'\xb7\x9b?\xf2$\xd1^(',b'\x90\xaf\xfa\xe3\xb6z\\H',b'h\xe3\x13@\x15\x85_h',b']\xf1\xfa\xd5XT^\x9e',2021.10.11.08.31.07_veh-50_01750_01948/MergedPointCloud/eeafd2364d0758c0.pcd,1633942931149690
b'\x88\x11q\\\xb2\xb1S^',b'\xa7O\x0c\xe4wlQ\xf8',b'\xee\xaf\xd26M\x07X\xc0',b'1\x9f\x1f\xf2\x98\xd5XD',b'h\xe3\x13@\x15\x85_h',b']\xf1\xfa\xd5XT^\x9e',2021.10.11.08.31.07_veh-50_01750_01948/MergedPointCloud/8811715cb2b1535e.pcd,1633942931199687
b'\xa7O\x0c\xe4wlQ\xf8',b'5[5\xe7Y\x86S\x15',b'\x88\x11q\\\xb2\xb1S^',b'\xdbe\xfa\xae\x14\xfeP\xd9',b'h\xe3\x13@\x15\x85_h',b']\xf1\xfa\xd5XT^\x9e',2021.10.11.08.31.07_veh-50_01750_01948/MergedPointCloud/a74f0ce4776c51f8.pcd,1633942931249683
b'5[5\xe7Y\x86S\x15',b'e \x9e\xbd[\x97_%',b'\xa7O\x0c\xe4wlQ\xf8',b'\x9e\x0b(\x93n\x0e^(',b'h\xe3\x13@\x15\x85_h',b']\xf1\xfa\xd5XT^\x9e',2021.10.11.08.31.07_veh-50_01750_01948/MergedPointCloud/355b35e759865315.pcd,1633942931299680
b'e \x9e\xbd[\x97_%',b'Z\xc4\xf3\xb83\xe6QN',b'5[5\xe7Y\x86S\x15',b'l\x1e\xc7^\xbei_\x0c',b'h\xe3\x13@\x15\x85_h',b']\xf1\xfa\xd5XT^\x9e',2021.10.11.08.31.07_veh-50_01750_01948/MergedPointCloud/65209ebd5b975f25.pcd,1633942931349677
b'Z\xc4\xf3\xb83\xe6QN',b'\xc1o\x84\xba2\xfaZk',b'e \x9e\xbd[\x97_%',b'n<\x13\x1cK\xadP\xc0',b'h\xe3\x13@\x15\x85_h',b']\xf1\xfa\xd5XT^\x9e',2021.10.11.08.31.07_veh-50_01750_01948/MergedPointCloud/5ac4f3b833e6514e.pcd,1633942931399676
b'\xc1o\x84\xba2\xfaZk',b'\n\x16)\xc8zOX\xf9',b'Z\xc4\xf3\xb83\xe6QN',b'\xda\xc8\xb0\x86?r[\xaa',b'h\xe3\x13@\x15\x85_h',b']\xf1\xfa\xd5XT^\x9e',2021.10.11.08.31.07_veh-50_01750_01948/MergedPointCloud/c16f84ba32fa5a6b.pcd,1633942931449675
b'\n\x16)\xc8zOX\xf9',b'\x81U\xd9Z\x96\xf4PH',b'\xc1o\x84\xba2\xfaZk',b'.\xa9\x9be\xf3\xfbQ\x1d',b'h\xe3\x13@\x15\x85_h',b']\xf1\xfa\xd5XT^\x9e',2021.10.11.08.31.07_veh-50_01750_01948/MergedPointCloud/0a1629c87a4f58f9.pcd,1633942931499676
b'\x81U\xd9Z\x96\xf4PH',b'\x11\xed\xd4\xa7\xd9\xedQ\x9e',b'\n\x16)\xc8zOX\xf9',b'\x0c\xc7\x19\xeeP\xa4^\x1a',b'h\xe3\x13@\x15\x85_h',b']\xf1\xfa\xd5XT^\x9e',2021.10.11.08.31.07_veh-50_01750_01948/MergedPointCloud/8155d95a96f45048.pcd,1633942931549677
b'\x11\xed\xd4\xa7\xd9\xedQ\x9e',b'\x80\xd2bF\x08A_\xf0',b'\x81U\xd9Z\x96\xf4PH',b'\xba\x1e\xe0u\x9bWT\x84',b'h\xe3\x13@\x15\x85_h',b']\xf1\xfa\xd5XT^\x9e',2021.10.11.08.31.07_veh-50_01750_01948/MergedPointCloud/11edd4a7d9ed519e.pcd,1633942931599678
b'\x80\xd2bF\x08A_\xf0',b'\xaad\x08\x81\x0c\xc1R\xd8',b'\x11\xed\xd4\xa7\xd9\xedQ\x9e',b'$\xb7\xa2\xf2\x18\xf4R@',b'h\xe3\x13@\x15\x85_h',b']\xf1\xfa\xd5XT^\x9e',2021.10.11.08.31.07_veh-50_01750_01948/MergedPointCloud/80d2624608415ff0.pcd,1633942931649679
b'\xaad\x08\x81\x0c\xc1R\xd8',b'^\x9bo3g\xebZ(',b'\x80\xd2bF\x08A_\xf0',b'\xcc\xe3\x9c?\n\xe4Y\x14',b'h\xe3\x13@\x15\x85_h',b']\xf1\xfa\xd5XT^\x9e',2021.10.11.08.31.07_veh-50_01750_01948/MergedPointCloud/aa6408810cc152d8.pcd,1633942931699681
b'^\x9bo3g\xebZ(',b'\xff\xa2\xdc\x83C\x1c[=',b'\xaad\x08\x81\x0c\xc1R\xd8',b'\xdcV\xf4\xd9O\x1cZ0',b'h\xe3\x13@\x15\x85_h',b']\xf1\xfa\xd5XT^\x9e',2021.10.11.08.31.07_veh-50_01750_01948/MergedPointCloud/5e9b6f3367eb5a28.pcd,1633942931749682
b'\xff\xa2\xdc\x83C\x1c[=',b'y@\x1f3\xc3\xa2X\xed',b'^\x9bo3g\xebZ(',b'\x93\xa5u~\xc9p_\xe1',b'h\xe3\x13@\x15\x85_h',b']\xf1\xfa\xd5XT^\x9e',2021.10.11.08.31.07_veh-50_01750_01948/MergedPointCloud/ffa2dc83431c5b3d.pcd,1633942931799684
b'y@\x1f3\xc3\xa2X\xed',b'\xc8c\x06\xf2iY^\xe1',b'\xff\xa2\xdc\x83C\x1c[=',b'\x1c\x0ct\x83W\xe6\\4',b'h\xe3\x13@\x15\x85_h',b']\xf1\xfa\xd5XT^\x9e',2021.10.11.08.31.07_veh-50_01750_01948/MergedPointCloud/79401f33c3a258ed.pcd,1633942931849684
b'\xc8c\x06\xf2iY^\xe1',b'\xd8\x86\xa80T\x00Qv',b'y@\x1f3\xc3\xa2X\xed',b'-\xee\n\x17q*^&',b'h\xe3\x13@\x15\x85_h',b']\xf1\xfa\xd5XT^\x9e',2021.10.11.08.31.07_veh-50_01750_01948/MergedPointCloud/c86306f269595ee1.pcd,1633942931899685
b'\xd8\x86\xa80T\x00Qv',b'o\x07\x9bn1\x11Y\x90',b'\xc8c\x06\xf2iY^\xe1',b'__\x9a\x120\xd2P>',b'h\xe3\x13@\x15\x85_h',b']\xf1\xfa\xd5XT^\x9e',2021.10.11.08.31.07_veh-50_01750_01948/MergedPointCloud/d886a83054005176.pcd,1633942931949687
b'o\x07\x9bn1\x11Y\x90',b'\x03*J\x93\t9_O',b'\xd8\x86\xa80T\x00Qv',b'\xd8X\xb1.S\xd9Q=',b'h\xe3\x13@\x15\x85_h',b']\xf1\xfa\xd5XT^\x9e',2021.10.11.08.31.07_veh-50_01750_01948/MergedPointCloud/6f079b6e31115990.pcd,1633942931999695
b'\x03*J\x93\t9_O',b'A\xd3\xc0\rM\xaaR\x9c',b'o\x07\x9bn1\x11Y\x90',b'~>D\xde\x0b@W\x96',b'h\xe3\x13@\x15\x85_h',b']\xf1\xfa\xd5XT^\x9e',2021.10.11.08.31.07_veh-50_01750_01948/MergedPointCloud/032a4a9309395f4f.pcd,1633942932049706
b'A\xd3\xc0\rM\xaaR\x9c',b'\xb8!gN\r%U\x16',b'\x03*J\x93\t9_O',b'\xd0\xfd\x18\xcfb\x91_\x8f',b'h\xe3\x13@\x15\x85_h',b']\xf1\xfa\xd5XT^\x9e',2021.10.11.08.31.07_veh-50_01750_01948/MergedPointCloud/41d3c00d4daa529c.pcd,1633942932099724
b'\xb8!gN\r%U\x16',b'\xc2\xdaJ\x91\xcf?\\\x08',b'A\xd3\xc0\rM\xaaR\x9c',b'}\x00v\x19)\x0cZ5',b'h\xe3\x13@\x15\x85_h',b']\xf1\xfa\xd5XT^\x9e',2021.10.11.08.31.07_veh-50_01750_01948/MergedPointCloud/b821674e0d255516.pcd,1633942932149745
b'\xc2\xdaJ\x91\xcf?\\\x08',b'bLDS\xff\x95Zc',b'\xb8!gN\r%U\x16',b'\xa5<glY\x80PW',b'h\xe3\x13@\x15\x85_h',b']\xf1\xfa\xd5XT^\x9e',2021.10.11.08.31.07_veh-50_01750_01948/MergedPointCloud/c2da4a91cf3f5c08.pcd,1633942932199770
b'bLDS\xff\x95Zc',b'Q(\xa5\x1aF\xceZ1',b'\xc2\xdaJ\x91\xcf?\\\x08',b']\x82\x0e\x19Cm_l',b'h\xe3\x13@\x15\x85_h',b']\xf1\xfa\xd5XT^\x9e',2021.10.11.08.31.07_veh-50_01750_01948/MergedPointCloud/624c4453ff955a63.pcd,1633942932249799
b'Q(\xa5\x1aF\xceZ1',"b'0,\x99\xca\xe48Ux'",b'bLDS\xff\x95Zc',"b'\x12,\xc0\x8cf;Wx'",b'h\xe3\x13@\x15\x85_h',b']\xf1\xfa\xd5XT^\x9e',2021.10.11.08.31.07_veh-50_01750_01948/MergedPointCloud/5128a51a46ce5a31.pcd,1633942932299828
"b'0,\x99\xca\xe48Ux'",b'\xbbGC\xaa<X_\xd5',b'Q(\xa5\x1aF\xceZ1',b'\xd4\x1c4\xd2\x07g^/',b'h\xe3\x13@\x15\x85_h',b']\xf1\xfa\xd5XT^\x9e',2021.10.11.08.31.07_veh-50_01750_01948/MergedPointCloud/302c99cae4385578.pcd,1633942932349859
b'\xbbGC\xaa<X_\xd5',b'\xe6<b\xe0\xd3S[?',"b'0,\x99\xca\xe48Ux'",b'\xb3\xfd\xd3\xf9\xe8\xb7U7',b'h\xe3\x13@\x15\x85_h',b']\xf1\xfa\xd5XT^\x9e',2021.10.11.08.31.07_veh-50_01750_01948/MergedPointCloud/bb4743aa3c585fd5.pcd,1633942932399888
b'\xe6<b\xe0\xd3S[?',b'\x9d\x15\x18\x0e\xa1\x1bP{',b'\xbbGC\xaa<X_\xd5',b'v\xd5g\xb8\xf5\xafRm',b'h\xe3\x13@\x15\x85_h',b']\xf1\xfa\xd5XT^\x9e',2021.10.11.08.31.07_veh-50_01750_01948/MergedPointCloud/e63c62e0d3535b3f.pcd,1633942932449915
b'\x9d\x15\x18\x0e\xa1\x1bP{',b'\xc8\xb4c\x18\x89\tT\x0f',b'\xe6<b\xe0\xd3S[?',b'Ix\xb2\x97\xa2\x96UC',b'h\xe3\x13@\x15\x85_h',b']\xf1\xfa\xd5XT^\x9e',2021.10.11.08.31.07_veh-50_01750_01948/MergedPointCloud/9d15180ea11b507b.pcd,1633942932499940
b'\xc8\xb4c\x18\x89\tT\x0f',b'u\xd9\xeas%\x03Z\x84',b'\x9d\x15\x18\x0e\xa1\x1bP{',b'\xa3\x8e\x84\x1eZu_\x01',b'h\xe3\x13@\x15\x85_h',b']\xf1\xfa\xd5XT^\x9e',2021.10.11.08.31.07_veh-50_01750_01948/MergedPointCloud/c8b463188909540f.pcd,1633942932549964
b'u\xd9\xeas%\x03Z\x84',b'\xc8\xd5\xbe*\xaa\x10T\xdb',b'\xc8\xb4c\x18\x89\tT\x0f',b'P=\xb2d\xd5\xb7\\\xd7',b'h\xe3\x13@\x15\x85_h',b']\xf1\xfa\xd5XT^\x9e',2021.10.11.08.31.07_veh-50_01750_01948/MergedPointCloud/75d9ea7325035a84.pcd,1633942932599985
b'\xc8\xd5\xbe*\xaa\x10T\xdb',b'\xfe\xd4\xb2\xf0\xffgU=',b'u\xd9\xeas%\x03Z\x84',b'=\xa9t\xa7\x9fe[\x88',b'h\xe3\x13@\x15\x85_h',b']\xf1\xfa\xd5XT^\x9e',2021.10.11.08.31.07_veh-50_01750_01948/MergedPointCloud/c8d5be2aaa1054db.pcd,1633942932650008
b'\xfe\xd4\xb2\xf0\xffgU=',b'\xb1\xc7\xb1\x18\xff\x12_m',b'\xc8\xd5\xbe*\xaa\x10T\xdb',b'\x99`c\xca>\x99U\t',b'h\xe3\x13@\x15\x85_h',b']\xf1\xfa\xd5XT^\x9e',2021.10.11.08.31.07_veh-50_01750_01948/MergedPointCloud/fed4b2f0ff67553d.pcd,1633942932700028
b'\xb1\xc7\xb1\x18\xff\x12_m',b'l\x98s\xe2s\xc9RH',b'\xfe\xd4\xb2\xf0\xffgU=',b'\xc3\xb2\x92m\x14\x0bY\x0f',b'h\xe3\x13@\x15\x85_h',b']\xf1\xfa\xd5XT^\x9e',2021.10.11.08.31.07_veh-50_01750_01948/MergedPointCloud/b1c7b118ff125f6d.pcd,1633942932750048
b'l\x98s\xe2s\xc9RH',b'3\rFn\xde\x02\\\x9e',b'\xb1\xc7\xb1\x18\xff\x12_m',b'\xd2.P\xbca\xe9]8',b'h\xe3\x13@\x15\x85_h',b']\xf1\xfa\xd5XT^\x9e',2021.10.11.08.31.07_veh-50_01750_01948/MergedPointCloud/6c9873e273c95248.pcd,1633942932800067
b'3\rFn\xde\x02\\\x9e',b'#RM\xc7\x0f\xa0Y<',b'l\x98s\xe2s\xc9RH',b'm\x16\x97\x8f{\xdb[\x80',b'h\xe3\x13@\x15\x85_h',b']\xf1\xfa\xd5XT^\x9e',2021.10.11.08.31.07_veh-50_01750_01948/MergedPointCloud/330d466ede025c9e.pcd,1633942932850086
b'#RM\xc7\x0f\xa0Y<',b'\xac\r\xc8\xe3M=QV',b'3\rFn\xde\x02\\\x9e',b'\x02\xa0O\xa2-\xa0X`',b'h\xe3\x13@\x15\x85_h',b']\xf1\xfa\xd5XT^\x9e',2021.10.11.08.31.07_veh-50_01750_01948/MergedPointCloud/23524dc70fa0593c.pcd,1633942932900104
b'\xac\r\xc8\xe3M=QV',b'\x00\xaa2\x91\xd1\xb2\\J',b'#RM\xc7\x0f\xa0Y<',b'm\xe1\xf3H\xb72W5',b'h\xe3\x13@\x15\x85_h',b']\xf1\xfa\xd5XT^\x9e',2021.10.11.08.31.07_veh-50_01750_01948/MergedPointCloud/ac0dc8e34d3d5156.pcd,1633942932950123
b'\x00\xaa2\x91\xd1\xb2\\J',b'\xa7b\x86\xc8\xb7\xe4[y',b'\xac\r\xc8\xe3M=QV',b'\xe4\xa4\x189]\xb6R\x7f',b'h\xe3\x13@\x15\x85_h',b']\xf1\xfa\xd5XT^\x9e',2021.10.11.08.31.07_veh-50_01750_01948/MergedPointCloud/00aa3291d1b25c4a.pcd,1633942933000143
b'\xa7b\x86\xc8\xb7\xe4[y',b'\xfe\x87\x8f\x08B\x0eV(',b'\x00\xaa2\x91\xd1\xb2\\J',b'\x9ab\xee\xefU\xd6P\xdb',b'h\xe3\x13@\x15\x85_h',b']\xf1\xfa\xd5XT^\x9e',2021.10.11.08.31.07_veh-50_01750_01948/MergedPointCloud/a76286c8b7e45b79.pcd,1633942933050160
b'\xfe\x87\x8f\x08B\x0eV(',b'\xbc\xb0\xf1m\xd8CVH',b'\xa7b\x86\xc8\xb7\xe4[y',"b'@l\xa4\xe5\xa9""T '",b'h\xe3\x13@\x15\x85_h',b']\xf1\xfa\xd5XT^\x9e',2021.10.11.08.31.07_veh-50_01750_01948/MergedPointCloud/fe878f08420e5628.pcd,1633942933100174
b'\xbc\xb0\xf1m\xd8CVH',b'\xae\xbaME@\xaeS0',b'\xfe\x87\x8f\x08B\x0eV(',b';\x03\xd9d\x8b\xc3T\xde',b'h\xe3\x13@\x15\x85_h',b']\xf1\xfa\xd5XT^\x9e',2021.10.11.08.31.07_veh-50_01750_01948/MergedPointCloud/bcb0f16dd8435648.pcd,1633942933150184
b'\xae\xbaME@\xaeS0',b'\xde\xa47L4\xc9Z5',b'\xbc\xb0\xf1m\xd8CVH',b'IQ\x9b\xf0\xc4yP\xe3',b'h\xe3\x13@\x15\x85_h',b']\xf1\xfa\xd5XT^\x9e',2021.10.11.08.31.07_veh-50_01750_01948/MergedPointCloud/aeba4d4540ae5330.pcd,1633942933200194
b'\xde\xa47L4\xc9Z5',"b'B""\xda@\xe1\xcbZ\x85'",b'\xae\xbaME@\xaeS0',b'R \xa1r\xbbxS~',b'h\xe3\x13@\x15\x85_h',b']\xf1\xfa\xd5XT^\x9e',2021.10.11.08.31.07_veh-50_01750_01948/MergedPointCloud/dea4374c34c95a35.pcd,1633942933250199
"b'B""\xda@\xe1\xcbZ\x85'",b'\xfa\xc6\x0c\xc5\xbd\x87T\x97',b'\xde\xa47L4\xc9Z5',b'\xf5X\xd3\x13\xf1\xe1U\x11',b'h\xe3\x13@\x15\x85_h',b']\xf1\xfa\xd5XT^\x9e',2021.10.11.08.31.07_veh-50_01750_01948/MergedPointCloud/4222da40e1cb5a85.pcd,1633942933300202
b'\xfa\xc6\x0c\xc5\xbd\x87T\x97',b'\xd2\xa9\x84;R\xa5TD',"b'B""\xda@\xe1\xcbZ\x85'",b'd\xa8A\xa8E\xa0]H',b'h\xe3\x13@\x15\x85_h',b']\xf1\xfa\xd5XT^\x9e',2021.10.11.08.31.07_veh-50_01750_01948/MergedPointCloud/fac60cc5bd875497.pcd,1633942933350202
b'\xd2\xa9\x84;R\xa5TD',b'VFV\x13\xb0jQ`',b'\xfa\xc6\x0c\xc5\xbd\x87T\x97',b'1\x05\xf2\\\x90\xe9S\xad',b'h\xe3\x13@\x15\x85_h',b']\xf1\xfa\xd5XT^\x9e',2021.10.11.08.31.07_veh-50_01750_01948/MergedPointCloud/d2a9843b52a55444.pcd,1633942933400197
b'VFV\x13\xb0jQ`',b'L\xc1\xe7z\x7f(Y\xe6',b'\xd2\xa9\x84;R\xa5TD',b'\xe2\x04N\x8f$\xc7S;',b'h\xe3\x13@\x15\x85_h',b']\xf1\xfa\xd5XT^\x9e',2021.10.11.08.31.07_veh-50_01750_01948/MergedPointCloud/56465613b06a5160.pcd,1633942933450188
b'L\xc1\xe7z\x7f(Y\xe6',b'\xfa\xa4\x95\t\x1ay^i',b'VFV\x13\xb0jQ`',b'L\xef\x1cl\xfe\xc6Vz',b'h\xe3\x13@\x15\x85_h',b']\xf1\xfa\xd5XT^\x9e',2021.10.11.08.31.07_veh-50_01750_01948/MergedPointCloud/4cc1e77a7f2859e6.pcd,1633942933500177
b'\xfa\xa4\x95\t\x1ay^i',b'\x04\xb6|\xfb \xab_\xfe',b'L\xc1\xe7z\x7f(Y\xe6',b'\xe5=@\xf7\x18eX\x10',b'h\xe3\x13@\x15\x85_h',b']\xf1\xfa\xd5XT^\x9e',2021.10.11.08.31.07_veh-50_01750_01948/MergedPointCloud/faa495091a795e69.pcd,1633942933550163
b'\x04\xb6|\xfb \xab_\xfe',b'\x83\xd3Z\xf8\x12\r]\x83',b'\xfa\xa4\x95\t\x1ay^i',b' \x88\xa2m\xb4*^\xbd',b'h\xe3\x13@\x15\x85_h',b']\xf1\xfa\xd5XT^\x9e',2021.10.11.08.31.07_veh-50_01750_01948/MergedPointCloud/04b67cfb20ab5ffe.pcd,1633942933600145
b'\x83\xd3Z\xf8\x12\r]\x83',b'%N}\xd8\x8b\xb8U\xf0',b'\x04\xb6|\xfb \xab_\xfe',b'T\x1f\xf7\xc1\xad\xb6R\xc3',b'h\xe3\x13@\x15\x85_h',b']\xf1\xfa\xd5XT^\x9e',2021.10.11.08.31.07_veh-50_01750_01948/MergedPointCloud/83d35af8120d5d83.pcd,1633942933650123
b'%N}\xd8\x8b\xb8U\xf0',b'\xe6\xbb\xaf\x9ez\xf6]~',b'\x83\xd3Z\xf8\x12\r]\x83',b'h\x97\xc3\xf8\xe0\xa0^\xed',b'h\xe3\x13@\x15\x85_h',b']\xf1\xfa\xd5XT^\x9e',2021.10.11.08.31.07_veh-50_01750_01948/MergedPointCloud/254e7dd88bb855f0.pcd,1633942933700098
b'\xe6\xbb\xaf\x9ez\xf6]~',b'\xbf\xee0\xa3&\xb8U\x19',b'%N}\xd8\x8b\xb8U\xf0',"b'\x03\x1f\xbd\x89\xf7d\\,'",b'h\xe3\x13@\x15\x85_h',b']\xf1\xfa\xd5XT^\x9e',2021.10.11.08.31.07_veh-50_01750_01948/MergedPointCloud/e6bbaf9e7af65d7e.pcd,1633942933750071
b'\xbf\xee0\xa3&\xb8U\x19',b'\x15f\xce\x1a\x10\nS]',b'\xe6\xbb\xaf\x9ez\xf6]~',b'\xa0\xe2{\x03E\xef^q',b'h\xe3\x13@\x15\x85_h',b']\xf1\xfa\xd5XT^\x9e',2021.10.11.08.31.07_veh-50_01750_01948/MergedPointCloud/bfee30a326b85519.pcd,1633942933800041
b'\x15f\xce\x1a\x10\nS]',b'\x88\x07\x1b\x99Wk[/',b'\xbf\xee0\xa3&\xb8U\x19',b'n\xa2\xc8>Bx\\f',b'h\xe3\x13@\x15\x85_h',b']\xf1\xfa\xd5XT^\x9e',2021.10.11.08.31.07_veh-50_01750_01948/MergedPointCloud/1566ce1a100a535d.pcd,1633942933850009
b'\x88\x07\x1b\x99Wk[/',b'\xfc\xc5g\x98\x08\\X\x86',b'\x15f\xce\x1a\x10\nS]',b'.\xfed\xc0\xdc\x06[\xae',b'h\xe3\x13@\x15\x85_h',b']\xf1\xfa\xd5XT^\x9e',2021.10.11.08.31.07_veh-50_01750_01948/MergedPointCloud/88071b99576b5b2f.pcd,1633942933899980
b'\xfc\xc5g\x98\x08\\X\x86',b'\xa2\x06?3\x87(]t',b'\x88\x07\x1b\x99Wk[/',b'\x02>\x14\x1b\x86\x8dY\x9e',b'h\xe3\x13@\x15\x85_h',b']\xf1\xfa\xd5XT^\x9e',2021.10.11.08.31.07_veh-50_01750_01948/MergedPointCloud/fcc56798085c5886.pcd,1633942933949951
b'\xa2\x06?3\x87(]t',b'\xa0=\x98:\xb7ZQL',b'\xfc\xc5g\x98\x08\\X\x86',b'u\xae\x8c\xd8\xb5\xfdW!',b'h\xe3\x13@\x15\x85_h',b']\xf1\xfa\xd5XT^\x9e',2021.10.11.08.31.07_veh-50_01750_01948/MergedPointCloud/a2063f3387285d74.pcd,1633942933999921
b'\xa0=\x98:\xb7ZQL',b'\x86|\x8f\xd1\xb5\x89Y\xe1',b'\xa2\x06?3\x87(]t',b'\xd4\x00\x15|\xc7XW\xa2',b'h\xe3\x13@\x15\x85_h',b']\xf1\xfa\xd5XT^\x9e',2021.10.11.08.31.07_veh-50_01750_01948/MergedPointCloud/a03d983ab75a514c.pcd,1633942934049888
b'\x86|\x8f\xd1\xb5\x89Y\xe1',b'vT\xa4\x1c\x80\x87P\x8a',b'\xa0=\x98:\xb7ZQL',b'D\xd0\xf2n\xbf{\\\xe8',b'h\xe3\x13@\x15\x85_h',b']\xf1\xfa\xd5XT^\x9e',2021.10.11.08.31.07_veh-50_01750_01948/MergedPointCloud/867c8fd1b58959e1.pcd,1633942934099855
b'vT\xa4\x1c\x80\x87P\x8a',b'\x95\xa2\x84I\xe4\xe0W\xe8',b'\x86|\x8f\xd1\xb5\x89Y\xe1',b'\xf8\x00<\x84\xbf\xf9Y:',b'h\xe3\x13@\x15\x85_h',b']\xf1\xfa\xd5XT^\x9e',2021.10.11.08.31.07_veh-50_01750_01948/MergedPointCloud/7654a41c8087508a.pcd,1633942934149826
b'\x95\xa2\x84I\xe4\xe0W\xe8',"b""\xecUwls\xc7U'""",b'vT\xa4\x1c\x80\x87P\x8a',b'\x8b\xbf\xd4fE\xa5_\x0e',b'h\xe3\x13@\x15\x85_h',b']\xf1\xfa\xd5XT^\x9e',2021.10.11.08.31.07_veh-50_01750_01948/MergedPointCloud/95a28449e4e057e8.pcd,1633942934199801
"b""\xecUwls\xc7U'""",b'\x06\xea\xe7\xea\xd4\xeaYo',b'\x95\xa2\x84I\xe4\xe0W\xe8',b'\x01\xd2\xf8\x0f\x05\xf5Q\xab',b'h\xe3\x13@\x15\x85_h',b']\xf1\xfa\xd5XT^\x9e',2021.10.11.08.31.07_veh-50_01750_01948/MergedPointCloud/ec55776c73c75527.pcd,1633942934249783
b'\x06\xea\xe7\xea\xd4\xeaYo',b' \x83\x1c&\xc4\x87Q\x03',"b""\xecUwls\xc7U'""",b'\xfd\xbb\xd1\xe4\xd1\xc9X@',b'h\xe3\x13@\x15\x85_h',b']\xf1\xfa\xd5XT^\x9e',2021.10.11.08.31.07_veh-50_01750_01948/MergedPointCloud/06eae7ead4ea596f.pcd,1633942934299768
b' \x83\x1c&\xc4\x87Q\x03',b'\xeeg\xe2\x95\x9a\xb2W\xb1',b'\x06\xea\xe7\xea\xd4\xeaYo',b'p\x8d\xa9\xe7}\xd9_\xcb',b'h\xe3\x13@\x15\x85_h',b']\xf1\xfa\xd5XT^\x9e',2021.10.11.08.31.07_veh-50_01750_01948/MergedPointCloud/20831c26c4875103.pcd,1633942934349754
b'\xeeg\xe2\x95\x9a\xb2W\xb1',b'w\xe8\xc9\xcf\xa3w_\xac',b' \x83\x1c&\xc4\x87Q\x03',b'\xd2\x88\xb5\x13\x05\xe3^\x18',b'h\xe3\x13@\x15\x85_h',b']\xf1\xfa\xd5XT^\x9e',2021.10.11.08.31.07_veh-50_01750_01948/MergedPointCloud/ee67e2959ab257b1.pcd,1633942934399739
b'w\xe8\xc9\xcf\xa3w_\xac',b'#M%\x81 \x0fV2',b'\xeeg\xe2\x95\x9a\xb2W\xb1',b'J\xff\x1f\xb4\x7f:]\xc9',b'h\xe3\x13@\x15\x85_h',b']\xf1\xfa\xd5XT^\x9e',2021.10.11.08.31.07_veh-50_01750_01948/MergedPointCloud/77e8c9cfa3775fac.pcd,1633942934449722
b'#M%\x81 \x0fV2',b'\x85Qu\xc7\xe9\x86Y2',b'w\xe8\xc9\xcf\xa3w_\xac',b'\x1b\xfe\xe9LR\x8cZ\xa9',b'h\xe3\x13@\x15\x85_h',b']\xf1\xfa\xd5XT^\x9e',2021.10.11.08.31.07_veh-50_01750_01948/MergedPointCloud/234d2581200f5632.pcd,1633942934499701
b'\x85Qu\xc7\xe9\x86Y2',b'\x1e\xa6\xde%\xf3\x02T\x08',b'#M%\x81 \x0fV2',b'k=E\xe7\xd2\x16U\x0b',b'h\xe3\x13@\x15\x85_h',b']\xf1\xfa\xd5XT^\x9e',2021.10.11.08.31.07_veh-50_01750_01948/MergedPointCloud/855175c7e9865932.pcd,1633942934549678
b'\x1e\xa6\xde%\xf3\x02T\x08',b'\xf0tA\xfa\x07\xc0UW',b'\x85Qu\xc7\xe9\x86Y2',b'\xca\xe6$\xba\x06\x98Y\xac',b'h\xe3\x13@\x15\x85_h',b']\xf1\xfa\xd5XT^\x9e',2021.10.11.08.31.07_veh-50_01750_01948/MergedPointCloud/1ea6de25f3025408.pcd,1633942934599654
b'\xf0tA\xfa\x07\xc0UW',b';\x7f<3ttX1',b'\x1e\xa6\xde%\xf3\x02T\x08',b'#t\xda{\xdc\x1e^!',b'h\xe3\x13@\x15\x85_h',b']\xf1\xfa\xd5XT^\x9e',2021.10.11.08.31.07_veh-50_01750_01948/MergedPointCloud/f07441fa07c05557.pcd,1633942934649629
b';\x7f<3ttX1',b'1\xc1\xba\x9f\x145YX',b'\xf0tA\xfa\x07\xc0UW',b'\xaf\tx\x11\rIW-',b'h\xe3\x13@\x15\x85_h',b']\xf1\xfa\xd5XT^\x9e',2021.10.11.08.31.07_veh-50_01750_01948/MergedPointCloud/3b7f3c3374745831.pcd,1633942934699606
b'1\xc1\xba\x9f\x145YX',b'EC\xa1G\xc4^S^',b';\x7f<3ttX1',b'\xb9\xf6\xea\x1d\xa7ZW7',b'h\xe3\x13@\x15\x85_h',b']\xf1\xfa\xd5XT^\x9e',2021.10.11.08.31.07_veh-50_01750_01948/MergedPointCloud/31c1ba9f14355958.pcd,1633942934749584
b'EC\xa1G\xc4^S^',b'\x80d\xdc\xef\xc5\xfcW\xef',b'1\xc1\xba\x9f\x145YX',b'[\x1dn\x93\x08xT\xdc',b'h\xe3\x13@\x15\x85_h',b']\xf1\xfa\xd5XT^\x9e',2021.10.11.08.31.07_veh-50_01750_01948/MergedPointCloud/4543a147c45e535e.pcd,1633942934799564
b'\x80d\xdc\xef\xc5\xfcW\xef',b'\x85\x99\xd9\x13\xcf\x9c[\xb2',b'EC\xa1G\xc4^S^',b'\xc6v=\x06\x1b\rWD',b'h\xe3\x13@\x15\x85_h',b']\xf1\xfa\xd5XT^\x9e',2021.10.11.08.31.07_veh-50_01750_01948/MergedPointCloud/8064dcefc5fc57ef.pcd,1633942934849543
b'\x85\x99\xd9\x13\xcf\x9c[\xb2',b'0\x9fJ\xc8\x8d\x87X!',b'\x80d\xdc\xef\xc5\xfcW\xef',b'\x9a\xf1x\xfa&\xf6_e',b'h\xe3\x13@\x15\x85_h',b']\xf1\xfa\xd5XT^\x9e',2021.10.11.08.31.07_veh-50_01750_01948/MergedPointCloud/8599d913cf9c5bb2.pcd,1633942934899523
b'0\x9fJ\xc8\x8d\x87X!',b'a\x0b\xe9y/9\\R',b'\x85\x99\xd9\x13\xcf\x9c[\xb2',b'\x06\x81\t\xcdX\xa6^R',b'h\xe3\x13@\x15\x85_h',b']\xf1\xfa\xd5XT^\x9e',2021.10.11.08.31.07_veh-50_01750_01948/MergedPointCloud/309f4ac88d875821.pcd,1633942934949501
b'a\x0b\xe9y/9\\R',b'&\xd1\xf1\x10\xc0\xbaP\x06',b'0\x9fJ\xc8\x8d\x87X!',b'_\xc2\xf3\xe4\xec`^\xc4',b'h\xe3\x13@\x15\x85_h',b']\xf1\xfa\xd5XT^\x9e',2021.10.11.08.31.07_veh-50_01750_01948/MergedPointCloud/610be9792f395c52.pcd,1633942934999477
b'&\xd1\xf1\x10\xc0\xbaP\x06',b'\xa2\xf0\xd3cj\xd3UV',b'a\x0b\xe9y/9\\R',b'8\xa0\x0e\n%\x11Y\\',b'h\xe3\x13@\x15\x85_h',b']\xf1\xfa\xd5XT^\x9e',2021.10.11.08.31.07_veh-50_01750_01948/MergedPointCloud/26d1f110c0ba5006.pcd,1633942935049448
b'\xa2\xf0\xd3cj\xd3UV',b'<q#\xd8\xa8\xdd]\xc3',b'&\xd1\xf1\x10\xc0\xbaP\x06',b'\xf6m\x94p\t[R\xd0',b'h\xe3\x13@\x15\x85_h',b']\xf1\xfa\xd5XT^\x9e',2021.10.11.08.31.07_veh-50_01750_01948/MergedPointCloud/a2f0d3636ad35556.pcd,1633942935099417
b'<q#\xd8\xa8\xdd]\xc3',b'`t\xa7^\xd2\xb7^\xee',b'\xa2\xf0\xd3cj\xd3UV',b'2DF\x94\xbb\x1fY\x1b',b'h\xe3\x13@\x15\x85_h',b']\xf1\xfa\xd5XT^\x9e',2021.10.11.08.31.07_veh-50_01750_01948/MergedPointCloud/3c7123d8a8dd5dc3.pcd,1633942935149388
b'`t\xa7^\xd2\xb7^\xee',b'\xda\xb9&;\xcf\x1cY7',b'<q#\xd8\xa8\xdd]\xc3',b'\x857\xe2i\xb3VR\xc9',b'h\xe3\x13@\x15\x85_h',b']\xf1\xfa\xd5XT^\x9e',2021.10.11.08.31.07_veh-50_01750_01948/MergedPointCloud/6074a75ed2b75eee.pcd,1633942935199363
b'\xda\xb9&;\xcf\x1cY7',b'\xb2\x80W\xbeuw_K',b'`t\xa7^\xd2\xb7^\xee',"b'\xaf\xec,\x16\xaa\xee_\x10'",b'h\xe3\x13@\x15\x85_h',b']\xf1\xfa\xd5XT^\x9e',2021.10.11.08.31.07_veh-50_01750_01948/MergedPointCloud/dab9263bcf1c5937.pcd,1633942935249344
b'\xb2\x80W\xbeuw_K',b'\x8a\xb0\x10\xb6\xbf\xfeX@',b'\xda\xb9&;\xcf\x1cY7',b'\x85SK\x15\xf4:X\xaa',b'h\xe3\x13@\x15\x85_h',b']\xf1\xfa\xd5XT^\x9e',2021.10.11.08.31.07_veh-50_01750_01948/MergedPointCloud/b28057be75775f4b.pcd,1633942935299332
b'\x8a\xb0\x10\xb6\xbf\xfeX@',b'\xda\x91 \x98\x07\r_\xb9',b'\xb2\x80W\xbeuw_K',b'\xe6z\x1d\xdd\xbd\xb0]\xa0',b'h\xe3\x13@\x15\x85_h',b']\xf1\xfa\xd5XT^\x9e',2021.10.11.08.31.07_veh-50_01750_01948/MergedPointCloud/8ab010b6bffe5840.pcd,1633942935349329
b'\xda\x91 \x98\x07\r_\xb9',b'\xcb\xd4\xb4\xe2x\x1dR\xc8',b'\x8a\xb0\x10\xb6\xbf\xfeX@',b'\xeeP^\xf0\xf7YRE',b'h\xe3\x13@\x15\x85_h',b']\xf1\xfa\xd5XT^\x9e',2021.10.11.08.31.07_veh-50_01750_01948/MergedPointCloud/da912098070d5fb9.pcd,1633942935399334
b'\xcb\xd4\xb4\xe2x\x1dR\xc8',b')y\xa8&2\xd5YV',b'\xda\x91 \x98\x07\r_\xb9',b'\xc8#\xba\xbf\xf7\xf6_\xff',b'h\xe3\x13@\x15\x85_h',b']\xf1\xfa\xd5XT^\x9e',2021.10.11.08.31.07_veh-50_01750_01948/MergedPointCloud/cbd4b4e2781d52c8.pcd,1633942935449344
b')y\xa8&2\xd5YV',b'\xc6\x86\x95\xe8\xb8\xedV\x1c',b'\xcb\xd4\xb4\xe2x\x1dR\xc8',b'\x17\xe5X\xda\xe1\x9fU\xb8',b'h\xe3\x13@\x15\x85_h',b']\xf1\xfa\xd5XT^\x9e',2021.10.11.08.31.07_veh-50_01750_01948/MergedPointCloud/2979a82632d55956.pcd,1633942935499356
b'\xc6\x86\x95\xe8\xb8\xedV\x1c',b'0\xb5\xebA\x8b\x85V\xf9',b')y\xa8&2\xd5YV',b'\x17\xfdb\x16_AY&',b'h\xe3\x13@\x15\x85_h',b']\xf1\xfa\xd5XT^\x9e',2021.10.11.08.31.07_veh-50_01750_01948/MergedPointCloud/c68695e8b8ed561c.pcd,1633942935549371
b'0\xb5\xebA\x8b\x85V\xf9',b'\xa4\x12\x9c\xc4e9Q7',b'\xc6\x86\x95\xe8\xb8\xedV\x1c',b'U\xaf\xfc2\x97\xfa_\x92',b'h\xe3\x13@\x15\x85_h',b']\xf1\xfa\xd5XT^\x9e',2021.10.11.08.31.07_veh-50_01750_01948/MergedPointCloud/30b5eb418b8556f9.pcd,1633942935599388
b'\xa4\x12\x9c\xc4e9Q7',b'8&%\x92$\xa3]5',b'0\xb5\xebA\x8b\x85V\xf9',b'\xef\xfazP@2[#',b'h\xe3\x13@\x15\x85_h',b']\xf1\xfa\xd5XT^\x9e',2021.10.11.08.31.07_veh-50_01750_01948/MergedPointCloud/a4129cc465395137.pcd,1633942935649402
b'8&%\x92$\xa3]5',b'\x02@P\x8a\x94\xaaP\xf0',b'\xa4\x12\x9c\xc4e9Q7',b'Kl\x8c\xcfs\xb9\\b',b'h\xe3\x13@\x15\x85_h',b']\xf1\xfa\xd5XT^\x9e',2021.10.11.08.31.07_veh-50_01750_01948/MergedPointCloud/3826259224a35d35.pcd,1633942935699413
b'\x02@P\x8a\x94\xaaP\xf0',b'\xd1\x01\xc7\xad\x0cSY\x91',b'8&%\x92$\xa3]5',b'\xcd\x8d\xac\xbbo\xa2_\xab',b'h\xe3\x13@\x15\x85_h',b']\xf1\xfa\xd5XT^\x9e',2021.10.11.08.31.07_veh-50_01750_01948/MergedPointCloud/0240508a94aa50f0.pcd,1633942935749424
b'\xd1\x01\xc7\xad\x0cSY\x91',b'\x17\xbd\x19\xbb\xdd\xceW\x10',b'\x02@P\x8a\x94\xaaP\xf0',b'\xfb\x1bm\xe7\x99\xc2S\xc7',b'h\xe3\x13@\x15\x85_h',b']\xf1\xfa\xd5XT^\x9e',2021.10.11.08.31.07_veh-50_01750_01948/MergedPointCloud/d101c7ad0c535991.pcd,1633942935799433
b'\x17\xbd\x19\xbb\xdd\xceW\x10',b'E\x8f\x90\x01\xb0;Z\xee',b'\xd1\x01\xc7\xad\x0cSY\x91',b'\xe3)\xff\x91\x1d\x97Us',b'h\xe3\x13@\x15\x85_h',b']\xf1\xfa\xd5XT^\x9e',2021.10.11.08.31.07_veh-50_01750_01948/MergedPointCloud/17bd19bbddce5710.pcd,1633942935849442
b'E\x8f\x90\x01\xb0;Z\xee',b'~\xd1\xc6os\xe4Tg',b'\x17\xbd\x19\xbb\xdd\xceW\x10',b'\x9cn\x82\xd3\xe7[^\x05',b'h\xe3\x13@\x15\x85_h',b']\xf1\xfa\xd5XT^\x9e',2021.10.11.08.31.07_veh-50_01750_01948/MergedPointCloud/458f9001b03b5aee.pcd,1633942935899450
b'~\xd1\xc6os\xe4Tg',b'\n\xddC\x0c\x8e\x94[\x00',b'E\x8f\x90\x01\xb0;Z\xee',b'8<\x85D\r\x06Q\xa8',b'h\xe3\x13@\x15\x85_h',b']\xf1\xfa\xd5XT^\x9e',2021.10.11.08.31.07_veh-50_01750_01948/MergedPointCloud/7ed1c66f73e45467.pcd,1633942935949458
b'\n\xddC\x0c\x8e\x94[\x00',"b'\x0b\xbeQn:,]\xa8'",b'~\xd1\xc6os\xe4Tg',b'\xa4\xed\xf9\xc9>\xacQx',b'h\xe3\x13@\x15\x85_h',b']\xf1\xfa\xd5XT^\x9e',2021.10.11.08.31.07_veh-50_01750_01948/MergedPointCloud/0add430c8e945b00.pcd,1633942935999466
"b'\x0b\xbeQn:,]\xa8'",b'\xd7\n\xcf\x13C\xa9R\xc0',b'\n\xddC\x0c\x8e\x94[\x00',b'\x98\x9e\xeb;\xd2w_\x96',b'h\xe3\x13@\x15\x85_h',b']\xf1\xfa\xd5XT^\x9e',2021.10.11.08.31.07_veh-50_01750_01948/MergedPointCloud/0bbe516e3a2c5da8.pcd,1633942936049477
b'\xd7\n\xcf\x13C\xa9R\xc0',b'\xf3\x00\x00m\x9b\xd3^\x00',"b'\x0b\xbeQn:,]\xa8'",b'^{FO\x17\xaeX\x90',b'h\xe3\x13@\x15\x85_h',b']\xf1\xfa\xd5XT^\x9e',2021.10.11.08.31.07_veh-50_01750_01948/MergedPointCloud/d70acf1343a952c0.pcd,1633942936099486
b'\xf3\x00\x00m\x9b\xd3^\x00',b'\x84\xd6\xcc\x16\x94\x94^\xc6',b'\xd7\n\xcf\x13C\xa9R\xc0',b'\xfd\xa3\xa2c\xd3\xe0T#',b'h\xe3\x13@\x15\x85_h',b']\xf1\xfa\xd5XT^\x9e',2021.10.11.08.31.07_veh-50_01750_01948/MergedPointCloud/f300006d9bd35e00.pcd,1633942936149496
b'\x84\xd6\xcc\x16\x94\x94^\xc6',b'D&b\xc5\xb8\xf6U\x15',b'\xf3\x00\x00m\x9b\xd3^\x00',b'\x8b\xf3c7\xb0\xa8VR',b'h\xe3\x13@\x15\x85_h',b']\xf1\xfa\xd5XT^\x9e',2021.10.11.08.31.07_veh-50_01750_01948/MergedPointCloud/84d6cc1694945ec6.pcd,1633942936199508
b'D&b\xc5\xb8\xf6U\x15',b'\xbeV\xb0\x9b\x8c\x04^\xb0',b'\x84\xd6\xcc\x16\x94\x94^\xc6',b'\x96\xa8\x8fN\xaf-Tn',b'h\xe3\x13@\x15\x85_h',b']\xf1\xfa\xd5XT^\x9e',2021.10.11.08.31.07_veh-50_01750_01948/MergedPointCloud/442662c5b8f65515.pcd,1633942936249520
b'\xbeV\xb0\x9b\x8c\x04^\xb0',b'6\x8a`\xc6\xb1oYl',b'D&b\xc5\xb8\xf6U\x15',b'\x18\xd1\xac\xcc69\\\x9b',b'h\xe3\x13@\x15\x85_h',b']\xf1\xfa\xd5XT^\x9e',2021.10.11.08.31.07_veh-50_01750_01948/MergedPointCloud/be56b09b8c045eb0.pcd,1633942936299530
b'6\x8a`\xc6\xb1oYl',b'!\x10\x9a\xf3\xf6\tS8',b'\xbeV\xb0\x9b\x8c\x04^\xb0',b'G\xe4%\xbe\x8a\x96^\xc6',b'h\xe3\x13@\x15\x85_h',b']\xf1\xfa\xd5XT^\x9e',2021.10.11.08.31.07_veh-50_01750_01948/MergedPointCloud/368a60c6b16f596c.pcd,1633942936349541
b'!\x10\x9a\xf3\xf6\tS8',b')-\xbc\x02r\x7f]\x82',b'6\x8a`\xc6\xb1oYl',b'\x90\x0b\xb3vRQYR',b'h\xe3\x13@\x15\x85_h',b']\xf1\xfa\xd5XT^\x9e',2021.10.11.08.31.07_veh-50_01750_01948/MergedPointCloud/21109af3f6095338.pcd,1633942936399553
b')-\xbc\x02r\x7f]\x82',"b'"">7Y\xeeYT\xc5'",b'!\x10\x9a\xf3\xf6\tS8',b'i\x930#\x9b\x98T\xb2',b'h\xe3\x13@\x15\x85_h',b']\xf1\xfa\xd5XT^\x9e',2021.10.11.08.31.07_veh-50_01750_01948/MergedPointCloud/292dbc02727f5d82.pcd,1633942936449563
"b'"">7Y\xeeYT\xc5'",b'\xcd~\x82\xea\x8b\x9dR\xbf',b')-\xbc\x02r\x7f]\x82',b'\xe0\x9bPE\xa2\xd4]\xf2',b'h\xe3\x13@\x15\x85_h',b']\xf1\xfa\xd5XT^\x9e',2021.10.11.08.31.07_veh-50_01750_01948/MergedPointCloud/223e3759ee5954c5.pcd,1633942936499571
b'\xcd~\x82\xea\x8b\x9dR\xbf',b'\x00\xff\xfd$\x05\xae]\x0b',"b'"">7Y\xeeYT\xc5'",b'\xc9\xfc\x91R4\xc8W\x1a',b'h\xe3\x13@\x15\x85_h',b']\xf1\xfa\xd5XT^\x9e',2021.10.11.08.31.07_veh-50_01750_01948/MergedPointCloud/cd7e82ea8b9d52bf.pcd,1633942936549578
b'\x00\xff\xfd$\x05\xae]\x0b',b'\x9e\xb8\x08\x94\xf1QQ\x1e',b'\xcd~\x82\xea\x8b\x9dR\xbf',b'\xe1\x7f\xcb\rD\x81]\x1c',b'h\xe3\x13@\x15\x85_h',b']\xf1\xfa\xd5XT^\x9e',2021.10.11.08.31.07_veh-50_01750_01948/MergedPointCloud/00fffd2405ae5d0b.pcd,1633942936599587
b'\x9e\xb8\x08\x94\xf1QQ\x1e',b'\xa9\x0cn\xd2\x89\xc3[O',b'\x00\xff\xfd$\x05\xae]\x0b',b'\xbfZ\x1a\xb2\x81\xa7U\xc4',b'h\xe3\x13@\x15\x85_h',b']\xf1\xfa\xd5XT^\x9e',2021.10.11.08.31.07_veh-50_01750_01948/MergedPointCloud/9eb80894f151511e.pcd,1633942936649597
b'\xa9\x0cn\xd2\x89\xc3[O',b'\x8d\t\tGz\xb8\\\xe5',b'\x9e\xb8\x08\x94\xf1QQ\x1e',b'\x18\xf3\x02\x1b\xb4_X\xe7',b'h\xe3\x13@\x15\x85_h',b']\xf1\xfa\xd5XT^\x9e',2021.10.11.08.31.07_veh-50_01750_01948/MergedPointCloud/a90c6ed289c35b4f.pcd,1633942936699610
b'\x8d\t\tGz\xb8\\\xe5',b'\xdb\x92@\x8a\xb6\xc1^A',b'\xa9\x0cn\xd2\x89\xc3[O',b'\x83\xa1\xd0\x01K?TD',b'h\xe3\x13@\x15\x85_h',b']\xf1\xfa\xd5XT^\x9e',2021.10.11.08.31.07_veh-50_01750_01948/MergedPointCloud/8d0909477ab85ce5.pcd,1633942936749625
b'\xdb\x92@\x8a\xb6\xc1^A',b'\xac%\x06\xa5p\tQG',b'\x8d\t\tGz\xb8\\\xe5',b'\xbd\x98\x82\x0b\xd17U$',b'h\xe3\x13@\x15\x85_h',b']\xf1\xfa\xd5XT^\x9e',2021.10.11.08.31.07_veh-50_01750_01948/MergedPointCloud/db92408ab6c15e41.pcd,1633942936799641
b'\xac%\x06\xa5p\tQG',b'4\xa3*\x15\x05\x9c_\x8e',b'\xdb\x92@\x8a\xb6\xc1^A',b'\x93\xdd\xc0\x88\x8e\x80X\x1e',b'h\xe3\x13@\x15\x85_h',b']\xf1\xfa\xd5XT^\x9e',2021.10.11.08.31.07_veh-50_01750_01948/MergedPointCloud/ac2506a570095147.pcd,1633942936849659
b'4\xa3*\x15\x05\x9c_\x8e',b'\xce\xfc;\x078\xcbY\xc6',b'\xac%\x06\xa5p\tQG',b'\x00\xe0mi\xbcz[\xfb',b'h\xe3\x13@\x15\x85_h',b']\xf1\xfa\xd5XT^\x9e',2021.10.11.08.31.07_veh-50_01750_01948/MergedPointCloud/34a32a15059c5f8e.pcd,1633942936899678
b'\xce\xfc;\x078\xcbY\xc6',b'\xdb\xe1\x1a\xee\xe6#U\xc6',b'4\xa3*\x15\x05\x9c_\x8e',b'\x16\x7f\x97\xb9`TV\x8f',b'h\xe3\x13@\x15\x85_h',b']\xf1\xfa\xd5XT^\x9e',2021.10.11.08.31.07_veh-50_01750_01948/MergedPointCloud/cefc3b0738cb59c6.pcd,1633942936949699
b'\xdb\xe1\x1a\xee\xe6#U\xc6',b'\x0fpi\x8f\x90[]_',b'\xce\xfc;\x078\xcbY\xc6',b'\xac\x8b\x9f\x7fcIU\x0b',b'h\xe3\x13@\x15\x85_h',b']\xf1\xfa\xd5XT^\x9e',2021.10.11.08.31.07_veh-50_01750_01948/MergedPointCloud/dbe11aeee62355c6.pcd,1633942936999723
b'\x0fpi\x8f\x90[]_',b'q\x91\x06\xed\xa2X]\xee',b'\xdb\xe1\x1a\xee\xe6#U\xc6',b'\xa2\x9cA\x83\x9c?Z_',b'h\xe3\x13@\x15\x85_h',b']\xf1\xfa\xd5XT^\x9e',2021.10.11.08.31.07_veh-50_01750_01948/MergedPointCloud/0f70698f905b5d5f.pcd,1633942937049752
b'q\x91\x06\xed\xa2X]\xee',b'\xe2\x9fA}v\xefR\xb9',b'\x0fpi\x8f\x90[]_',b'\x86TM\x16\x86\xa5ZY',b'h\xe3\x13@\x15\x85_h',b']\xf1\xfa\xd5XT^\x9e',2021.10.11.08.31.07_veh-50_01750_01948/MergedPointCloud/719106eda2585dee.pcd,1633942937099784
b'\xe2\x9fA}v\xefR\xb9',b'Vk\xed\xd4\x98\xbaQ\x15',b'q\x91\x06\xed\xa2X]\xee',b'.\x17\x91\xabp\x03X\x19',b'h\xe3\x13@\x15\x85_h',b']\xf1\xfa\xd5XT^\x9e',2021.10.11.08.31.07_veh-50_01750_01948/MergedPointCloud/e29f417d76ef52b9.pcd,1633942937149815
b'Vk\xed\xd4\x98\xbaQ\x15',b'D`\n#~\x80V\xd9',b'\xe2\x9fA}v\xefR\xb9',b'~\x90A.\xc1P_\xc6',b'h\xe3\x13@\x15\x85_h',b']\xf1\xfa\xd5XT^\x9e',2021.10.11.08.31.07_veh-50_01750_01948/MergedPointCloud/566bedd498ba5115.pcd,1633942937199846
b'D`\n#~\x80V\xd9',"b'Xgv,\xd7\xc7^\xe4'",b'Vk\xed\xd4\x98\xbaQ\x15',b'\xb4\x0c\xe4\x11\x06\x1eQ\x0e',b'h\xe3\x13@\x15\x85_h',b']\xf1\xfa\xd5XT^\x9e',2021.10.11.08.31.07_veh-50_01750_01948/MergedPointCloud/44600a237e8056d9.pcd,1633942937249875
"b'Xgv,\xd7\xc7^\xe4'",b'\xe1\xba&\xb35o^\xdb',b'D`\n#~\x80V\xd9',b'D\xd4\x1d\xf4\xb6\x0c_|',b'h\xe3\x13@\x15\x85_h',b']\xf1\xfa\xd5XT^\x9e',2021.10.11.08.31.07_veh-50_01750_01948/MergedPointCloud/5867762cd7c75ee4.pcd,1633942937299902
b'\xe1\xba&\xb35o^\xdb',b'W\xfe\r\x91k\x13X\xff',"b'Xgv,\xd7\xc7^\xe4'",b'\xdb;q\x90\xc9\x05[e',b'h\xe3\x13@\x15\x85_h',b']\xf1\xfa\xd5XT^\x9e',2021.10.11.08.31.07_veh-50_01750_01948/MergedPointCloud/e1ba26b3356f5edb.pcd,1633942937349925
b'W\xfe\r\x91k\x13X\xff',b'4\x1e\x0b\x96\x9f:W\xcb',b'\xe1\xba&\xb35o^\xdb',b'9\x84$\xf4g\xe3\\\xb6',b'h\xe3\x13@\x15\x85_h',b']\xf1\xfa\xd5XT^\x9e',2021.10.11.08.31.07_veh-50_01750_01948/MergedPointCloud/57fe0d916b1358ff.pcd,1633942937399945
b'4\x1e\x0b\x96\x9f:W\xcb',b'|\xf37R\xac=U`',b'W\xfe\r\x91k\x13X\xff',b't\xac\x1fil1WA',b'h\xe3\x13@\x15\x85_h',b']\xf1\xfa\xd5XT^\x9e',2021.10.11.08.31.07_veh-50_01750_01948/MergedPointCloud/341e0b969f3a57cb.pcd,1633942937449958
b'|\xf37R\xac=U`',b'E\xc9\x18\xbf!\xa3R\xf2',b'4\x1e\x0b\x96\x9f:W\xcb',b'{\xc5\xe1*\x96\x9a]s',b'h\xe3\x13@\x15\x85_h',b']\xf1\xfa\xd5XT^\x9e',2021.10.11.08.31.07_veh-50_01750_01948/MergedPointCloud/7cf33752ac3d5560.pcd,1633942937499967
b'E\xc9\x18\xbf!\xa3R\xf2',b'\x82v*\x10U}ZW',b'|\xf37R\xac=U`',b'\x14F\x13\xadV*^\x9d',b'h\xe3\x13@\x15\x85_h',b']\xf1\xfa\xd5XT^\x9e',2021.10.11.08.31.07_veh-50_01750_01948/MergedPointCloud/45c918bf21a352f2.pcd,1633942937549971
b'\x82v*\x10U}ZW',"b""\xf0dd\x08'VT\x81""",b'E\xc9\x18\xbf!\xa3R\xf2',b'\x83\xf4\x92\x00\xeb\xb3^\xec',b'h\xe3\x13@\x15\x85_h',b']\xf1\xfa\xd5XT^\x9e',2021.10.11.08.31.07_veh-50_01750_01948/MergedPointCloud/82762a10557d5a57.pcd,1633942937599973
"b""\xf0dd\x08'VT\x81""",b'sx\xcd\x11\xe8\x8c\\\x13',b'\x82v*\x10U}ZW',b'.\xb5mO62X2',b'h\xe3\x13@\x15\x85_h',b']\xf1\xfa\xd5XT^\x9e',2021.10.11.08.31.07_veh-50_01750_01948/MergedPointCloud/f064640827565481.pcd,1633942937649973
b'sx\xcd\x11\xe8\x8c\\\x13',b' \x97\x0f\x0e\x8c\xcbYt',"b""\xf0dd\x08'VT\x81""",b'Lo\xe1\x15N\xd2[&',b'h\xe3\x13@\x15\x85_h',b']\xf1\xfa\xd5XT^\x9e',2021.10.11.08.31.07_veh-50_01750_01948/MergedPointCloud/7378cd11e88c5c13.pcd,1633942937699969
b' \x97\x0f\x0e\x8c\xcbYt',b'\xa9\x8d\xffO\xf6\xedYK',b'sx\xcd\x11\xe8\x8c\\\x13',b'w\x10\xcfF\x94\xf6P`',b'h\xe3\x13@\x15\x85_h',b']\xf1\xfa\xd5XT^\x9e',2021.10.11.08.31.07_veh-50_01750_01948/MergedPointCloud/20970f0e8ccb5974.pcd,1633942937749961
b'\xa9\x8d\xffO\xf6\xedYK',b'\xe6\x86F\xf1_W_\x8b',b' \x97\x0f\x0e\x8c\xcbYt',b'\xd8}U\n\x95\x12S\xc1',b'h\xe3\x13@\x15\x85_h',b']\xf1\xfa\xd5XT^\x9e',2021.10.11.08.31.07_veh-50_01750_01948/MergedPointCloud/a98dff4ff6ed594b.pcd,1633942937799950
b'\xe6\x86F\xf1_W_\x8b',b'\xd8\xc3\xf98\xaf\xf2T\x9d',b'\xa9\x8d\xffO\xf6\xedYK',b'\xc3p\xcdV\xb9\x93[\xaa',b'h\xe3\x13@\x15\x85_h',b']\xf1\xfa\xd5XT^\x9e',2021.10.11.08.31.07_veh-50_01750_01948/MergedPointCloud/e68646f15f575f8b.pcd,1633942937849937
b'\xd8\xc3\xf98\xaf\xf2T\x9d',b'\xb72\xa8\xcd\xe2\x07_1',b'\xe6\x86F\xf1_W_\x8b',b'd/\xdd\xdf$\x08W\xa2',b'h\xe3\x13@\x15\x85_h',b']\xf1\xfa\xd5XT^\x9e',2021.10.11.08.31.07_veh-50_01750_01948/MergedPointCloud/d8c3f938aff2549d.pcd,1633942937899922
b'\xb72\xa8\xcd\xe2\x07_1',b'\xaf\xc6\xbc\xdeZ\x1f]\xf8',b'\xd8\xc3\xf98\xaf\xf2T\x9d',"b""=Xn\x80'\xe5R\x89""",b'h\xe3\x13@\x15\x85_h',b']\xf1\xfa\xd5XT^\x9e',2021.10.11.08.31.07_veh-50_01750_01948/MergedPointCloud/b732a8cde2075f31.pcd,1633942937949905
b'\xaf\xc6\xbc\xdeZ\x1f]\xf8',b'\xc7\x81\xf5W\x8abVn',b'\xb72\xa8\xcd\xe2\x07_1',b'\x86Z\xe2\xdc\xc8g]\xa8',b'h\xe3\x13@\x15\x85_h',b']\xf1\xfa\xd5XT^\x9e',2021.10.11.08.31.07_veh-50_01750_01948/MergedPointCloud/afc6bcde5a1f5df8.pcd,1633942937999891
b'\xc7\x81\xf5W\x8abVn',b'\xfa\xd2}%\xbe#X\x9d',b'\xaf\xc6\xbc\xdeZ\x1f]\xf8',b'\x0c\xed1z\x07\x0cT\xac',b'h\xe3\x13@\x15\x85_h',b']\xf1\xfa\xd5XT^\x9e',2021.10.11.08.31.07_veh-50_01750_01948/MergedPointCloud/c781f5578a62566e.pcd,1633942938049878
b'\xfa\xd2}%\xbe#X\x9d',b'\x15\\\xf5\xa0\xb1\xe8[\xd8',b'\xc7\x81\xf5W\x8abVn',b'\x00Z}\x96\x98\xd7^\xc8',b'h\xe3\x13@\x15\x85_h',b']\xf1\xfa\xd5XT^\x9e',2021.10.11.08.31.07_veh-50_01750_01948/MergedPointCloud/fad27d25be23589d.pcd,1633942938099870
b'\x15\\\xf5\xa0\xb1\xe8[\xd8',b's\xe4\x83\x94slX\xc3',b'\xfa\xd2}%\xbe#X\x9d',"b""'*4\x88\x06\xf7U.""",b'h\xe3\x13@\x15\x85_h',b']\xf1\xfa\xd5XT^\x9e',2021.10.11.08.31.07_veh-50_01750_01948/MergedPointCloud/155cf5a0b1e85bd8.pcd,1633942938149862
b's\xe4\x83\x94slX\xc3',b'\x12D\xd0\xef\xcfEZ\xcd',b'\x15\\\xf5\xa0\xb1\xe8[\xd8',b'B\xaf\xfd\x17\xe1GW\xa3',b'h\xe3\x13@\x15\x85_h',b']\xf1\xfa\xd5XT^\x9e',2021.10.11.08.31.07_veh-50_01750_01948/MergedPointCloud/73e48394736c58c3.pcd,1633942938199854
b'\x12D\xd0\xef\xcfEZ\xcd',b'\x12\xfb\xf7\xa8?FR\x9a',b's\xe4\x83\x94slX\xc3',b'\x1bQ\xc0\xc7\xc2\x02[y',b'h\xe3\x13@\x15\x85_h',b']\xf1\xfa\xd5XT^\x9e',2021.10.11.08.31.07_veh-50_01750_01948/MergedPointCloud/1244d0efcf455acd.pcd,1633942938249847
b'\x12\xfb\xf7\xa8?FR\x9a',b'\x1b\xaa\xb6\xf6KHV\xb3',b'\x12D\xd0\xef\xcfEZ\xcd',b'E\x8d\xd5f.\x14S\x8a',b'h\xe3\x13@\x15\x85_h',b']\xf1\xfa\xd5XT^\x9e',2021.10.11.08.31.07_veh-50_01750_01948/MergedPointCloud/12fbf7a83f46529a.pcd,1633942938299841
b'\x1b\xaa\xb6\xf6KHV\xb3',"b'\xb8_\xee\x1f,\x86P\xb6'",b'\x12\xfb\xf7\xa8?FR\x9a',b'\x85[)\x10n\x1fZz',b'h\xe3\x13@\x15\x85_h',b']\xf1\xfa\xd5XT^\x9e',2021.10.11.08.31.07_veh-50_01750_01948/MergedPointCloud/1baab6f64b4856b3.pcd,1633942938349835
"b'\xb8_\xee\x1f,\x86P\xb6'","b""\x9c\xe0|]\x8b'\\\xa9""",b'\x1b\xaa\xb6\xf6KHV\xb3',b'f\xcc9\x90\x18\xe3^\x1b',b'h\xe3\x13@\x15\x85_h',b']\xf1\xfa\xd5XT^\x9e',2021.10.11.08.31.07_veh-50_01750_01948/MergedPointCloud/b85fee1f2c8650b6.pcd,1633942938399830
"b""\x9c\xe0|]\x8b'\\\xa9""",b'\xa3\x98m\xb8}\x11Z\xbd',"b'\xb8_\xee\x1f,\x86P\xb6'",b'\x90\xc8\xef\xab?QUD',b'h\xe3\x13@\x15\x85_h',b']\xf1\xfa\xd5XT^\x9e',2021.10.11.08.31.07_veh-50_01750_01948/MergedPointCloud/9ce07c5d8b275ca9.pcd,1633942938449828
b'\xa3\x98m\xb8}\x11Z\xbd',b'M\x8f\x9ed\xa1c^\xed',"b""\x9c\xe0|]\x8b'\\\xa9""",b'\xf0\x8e\xe4\xa4\xdb\x87[\xcc',b'h\xe3\x13@\x15\x85_h',b']\xf1\xfa\xd5XT^\x9e',2021.10.11.08.31.07_veh-50_01750_01948/MergedPointCloud/a3986db87d115abd.pcd,1633942938499829
b'M\x8f\x9ed\xa1c^\xed',b'\x185\x92\rbOVI',b'\xa3\x98m\xb8}\x11Z\xbd',"b""'\x8fv\xccE\xc1^M""",b'h\xe3\x13@\x15\x85_h',b']\xf1\xfa\xd5XT^\x9e',2021.10.11.08.31.07_veh-50_01750_01948/MergedPointCloud/4d8f9e64a1635eed.pcd,1633942938549828
b'\x185\x92\rbOVI',"b""\x0c\x15\xe5\x94'-Q\x9f""",b'M\x8f\x9ed\xa1c^\xed',b'4\x0b\xfd\x9d\xaca_\xaa',b'h\xe3\x13@\x15\x85_h',b']\xf1\xfa\xd5XT^\x9e',2021.10.11.08.31.07_veh-50_01750_01948/MergedPointCloud/1835920d624f5649.pcd,1633942938599827
"b""\x0c\x15\xe5\x94'-Q\x9f""",b'bY\xe5l}\xa2Up',b'\x185\x92\rbOVI',b'\xd3\xad\xa8\x06\xe69[8',b'h\xe3\x13@\x15\x85_h',b']\xf1\xfa\xd5XT^\x9e',2021.10.11.08.31.07_veh-50_01750_01948/MergedPointCloud/0c15e594272d519f.pcd,1633942938649828
b'bY\xe5l}\xa2Up',b'Yb{]\xb4\xbe^u',"b""\x0c\x15\xe5\x94'-Q\x9f""",b'\xd1\xc0>G\xbc\x0bQ:',b'h\xe3\x13@\x15\x85_h',b']\xf1\xfa\xd5XT^\x9e',2021.10.11.08.31.07_veh-50_01750_01948/MergedPointCloud/6259e56c7da25570.pcd,1633942938699830
b'Yb{]\xb4\xbe^u',b'nI\x12\x8e3\x89Z9',b'bY\xe5l}\xa2Up',b'r\x19j\xb2I#S\x88',b'h\xe3\x13@\x15\x85_h',b']\xf1\xfa\xd5XT^\x9e',2021.10.11.08.31.07_veh-50_01750_01948/MergedPointCloud/59627b5db4be5e75.pcd,1633942938749832
b'nI\x12\x8e3\x89Z9',"b',y\xd7\x85\xcb\x11Q\xe7'",b'Yb{]\xb4\xbe^u',b'\x96\x17\xf3\xbb\xce+T\xfe',b'h\xe3\x13@\x15\x85_h',b']\xf1\xfa\xd5XT^\x9e',2021.10.11.08.31.07_veh-50_01750_01948/MergedPointCloud/6e49128e33895a39.pcd,1633942938799834
"b',y\xd7\x85\xcb\x11Q\xe7'",b'\xbf\xdd#\xf8`\x01Q\xc0',b'nI\x12\x8e3\x89Z9',b'p\xf0\xd4\xed\x15TW\xad',b'h\xe3\x13@\x15\x85_h',b']\xf1\xfa\xd5XT^\x9e',2021.10.11.08.31.07_veh-50_01750_01948/MergedPointCloud/2c79d785cb1151e7.pcd,1633942938849837
b'\xbf\xdd#\xf8`\x01Q\xc0',b'Rl/\x12\xa7E[\xef',"b',y\xd7\x85\xcb\x11Q\xe7'",b'\xe4\x0fQx\x15s_\x0e',b'h\xe3\x13@\x15\x85_h',b']\xf1\xfa\xd5XT^\x9e',2021.10.11.08.31.07_veh-50_01750_01948/MergedPointCloud/bfdd23f8600151c0.pcd,1633942938899840
b'Rl/\x12\xa7E[\xef',b'\xae\x88\x90\xd0DC[ ',b'\xbf\xdd#\xf8`\x01Q\xc0',b'\x18\xc2a\xb5\x95\x07Q6',b'h\xe3\x13@\x15\x85_h',b']\xf1\xfa\xd5XT^\x9e',2021.10.11.08.31.07_veh-50_01750_01948/MergedPointCloud/526c2f12a7455bef.pcd,1633942938949842
b'\xae\x88\x90\xd0DC[ ',b'\xd8^;>J\xf8X\xa8',b'Rl/\x12\xa7E[\xef',b'\xa8J\xaf\xabk\x06U\xff',b'h\xe3\x13@\x15\x85_h',b']\xf1\xfa\xd5XT^\x9e',2021.10.11.08.31.07_veh-50_01750_01948/MergedPointCloud/ae8890d044435b20.pcd,1633942938999844
b'\xd8^;>J\xf8X\xa8',b'\xa8C\xe6OY\x82\\\xe6',b'\xae\x88\x90\xd0DC[ ',b'\x94\x917\x02\xf8\xed]\xa9',b'h\xe3\x13@\x15\x85_h',b']\xf1\xfa\xd5XT^\x9e',2021.10.11.08.31.07_veh-50_01750_01948/MergedPointCloud/d85e3b3e4af858a8.pcd,1633942939049846
b'\xa8C\xe6OY\x82\\\xe6',"b'\x81n\x17j\xc3,X|'",b'\xd8^;>J\xf8X\xa8',b'\xae\xf4\xc6Ot\x84V\xcf',b'h\xe3\x13@\x15\x85_h',b']\xf1\xfa\xd5XT^\x9e',2021.10.11.08.31.07_veh-50_01750_01948/MergedPointCloud/a843e64f59825ce6.pcd,1633942939099848
"b'\x81n\x17j\xc3,X|'",b'G\x06|\x15\xa0\xbbP^',b'\xa8C\xe6OY\x82\\\xe6',b'\x9b\xba;\xf8{)]\x00',b'h\xe3\x13@\x15\x85_h',b']\xf1\xfa\xd5XT^\x9e',2021.10.11.08.31.07_veh-50_01750_01948/MergedPointCloud/816e176ac32c587c.pcd,1633942939149847
b'G\x06|\x15\xa0\xbbP^',b'vH2\x0fw\x8dY\xfa',"b'\x81n\x17j\xc3,X|'",b'\xb1\x81\xb0a\xbe\xa1]\xa0',b'h\xe3\x13@\x15\x85_h',b']\xf1\xfa\xd5XT^\x9e',2021.10.11.08.31.07_veh-50_01750_01948/MergedPointCloud/47067c15a0bb505e.pcd,1633942939199846
b'vH2\x0fw\x8dY\xfa',b'\x04\x03\x8e\x92s\x0fR\xbf',b'G\x06|\x15\xa0\xbbP^',b'\xd4U=\x80\xe8\x0eZ\xc0',b'h\xe3\x13@\x15\x85_h',b']\xf1\xfa\xd5XT^\x9e',2021.10.11.08.31.07_veh-50_01750_01948/MergedPointCloud/7648320f778d59fa.pcd,1633942939249844
b'\x04\x03\x8e\x92s\x0fR\xbf',b'?\x8a]\xf0\xed\tV\xda',b'vH2\x0fw\x8dY\xfa',b'\xf2df\x8c\xb1FW~',b'h\xe3\x13@\x15\x85_h',b']\xf1\xfa\xd5XT^\x9e',2021.10.11.08.31.07_veh-50_01750_01948/MergedPointCloud/04038e92730f52bf.pcd,1633942939299840
b'?\x8a]\xf0\xed\tV\xda',b'_\xfa\r\x1a\xc3\xe4Q\xba',b'\x04\x03\x8e\x92s\x0fR\xbf',b'\xe8\xba}\x18l\xeeV3',b'h\xe3\x13@\x15\x85_h',b']\xf1\xfa\xd5XT^\x9e',2021.10.11.08.31.07_veh-50_01750_01948/MergedPointCloud/3f8a5df0ed0956da.pcd,1633942939349836
b'_\xfa\r\x1a\xc3\xe4Q\xba',b'\x9a\x06\xce\x0f\xddBP\x86',b'?\x8a]\xf0\xed\tV\xda',b'@\xfc\x01\xb6L:P\xed',b'h\xe3\x13@\x15\x85_h',b']\xf1\xfa\xd5XT^\x9e',2021.10.11.08.31.07_veh-50_01750_01948/MergedPointCloud/5ffa0d1ac3e451ba.pcd,1633942939399832
b'\x9a\x06\xce\x0f\xddBP\x86',b'xJ\xcc\x16\xe2\xf6PK',b'_\xfa\r\x1a\xc3\xe4Q\xba',b'\xbfd\x02m\xd2\xd7V\x1a',b'h\xe3\x13@\x15\x85_h',b']\xf1\xfa\xd5XT^\x9e',2021.10.11.08.31.07_veh-50_01750_01948/MergedPointCloud/9a06ce0fdd425086.pcd,1633942939449828
b'xJ\xcc\x16\xe2\xf6PK',b'N\xf6\xfd\x90BUV\x88',b'\x9a\x06\xce\x0f\xddBP\x86',b'\x04%\x1ba1\x0cPr',b'h\xe3\x13@\x15\x85_h',b']\xf1\xfa\xd5XT^\x9e',2021.10.11.08.31.07_veh-50_01750_01948/MergedPointCloud/784acc16e2f6504b.pcd,1633942939499822
b'N\xf6\xfd\x90BUV\x88',b'c\x16a\xd1K ^\xd3',b'xJ\xcc\x16\xe2\xf6PK',b'\x036\x98\xf4\x0e\xfaP+',b'h\xe3\x13@\x15\x85_h',b']\xf1\xfa\xd5XT^\x9e',2021.10.11.08.31.07_veh-50_01750_01948/MergedPointCloud/4ef6fd9042555688.pcd,1633942939549817
b'c\x16a\xd1K ^\xd3',b'\xe0n]\n\x93\n\\\xa2',b'N\xf6\xfd\x90BUV\x88',b'|\x03\x83\x93\x03\x17[\xef',b'h\xe3\x13@\x15\x85_h',b']\xf1\xfa\xd5XT^\x9e',2021.10.11.08.31.07_veh-50_01750_01948/MergedPointCloud/631661d14b205ed3.pcd,1633942939599809
b'\xe0n]\n\x93\n\\\xa2',b'\x07\x03\xd9\x186NP9',b'c\x16a\xd1K ^\xd3',b'r\xb3d{\xd6\x8fZ\xae',b'h\xe3\x13@\x15\x85_h',b']\xf1\xfa\xd5XT^\x9e',2021.10.11.08.31.07_veh-50_01750_01948/MergedPointCloud/e06e5d0a930a5ca2.pcd,1633942939649799
b'\x07\x03\xd9\x186NP9',b'\x8a=R\xdb\x93:Z\x00',b'\xe0n]\n\x93\n\\\xa2',b'\x8b\xadJj\x10\x8aY\x90',b'h\xe3\x13@\x15\x85_h',b']\xf1\xfa\xd5XT^\x9e',2021.10.11.08.31.07_veh-50_01750_01948/MergedPointCloud/0703d918364e5039.pcd,1633942939699789
b'\x8a=R\xdb\x93:Z\x00',b'\xf5!\xed\x96\x16\xdd[;',b'\x07\x03\xd9\x186NP9',b'\x15h\xaa4\x99T]\xe3',b'h\xe3\x13@\x15\x85_h',b']\xf1\xfa\xd5XT^\x9e',2021.10.11.08.31.07_veh-50_01750_01948/MergedPointCloud/8a3d52db933a5a00.pcd,1633942939749778
b'\xf5!\xed\x96\x16\xdd[;',b'0\x92o\xd5\x85\xf3S\xda',b'\x8a=R\xdb\x93:Z\x00',b'j\x17]\x061X_g',b'h\xe3\x13@\x15\x85_h',b']\xf1\xfa\xd5XT^\x9e',2021.10.11.08.31.07_veh-50_01750_01948/MergedPointCloud/f521ed9616dd5b3b.pcd,1633942939799768
b'0\x92o\xd5\x85\xf3S\xda',b'&_\x81x\xbdkU\x1e',b'\xf5!\xed\x96\x16\xdd[;',b'\xcf\x0f\x1ba\xc2\xb3UQ',b'h\xe3\x13@\x15\x85_h',b']\xf1\xfa\xd5XT^\x9e',2021.10.11.08.31.07_veh-50_01750_01948/MergedPointCloud/30926fd585f353da.pcd,1633942939849760
b'&_\x81x\xbdkU\x1e',b'\xfe\xeb\xc7\x98vL_\x1a',b'0\x92o\xd5\x85\xf3S\xda',b'\x118\x0e\xcb\r\x07V\xca',b'h\xe3\x13@\x15\x85_h',b']\xf1\xfa\xd5XT^\x9e',2021.10.11.08.31.07_veh-50_01750_01948/MergedPointCloud/265f8178bd6b551e.pcd,1633942939899753
b'\xfe\xeb\xc7\x98vL_\x1a',b':\x10Qa\xa8>P\x19',b'&_\x81x\xbdkU\x1e',b'\x7f\xe1\xd5/\xc2\xdc]P',b'h\xe3\x13@\x15\x85_h',b']\xf1\xfa\xd5XT^\x9e',2021.10.11.08.31.07_veh-50_01750_01948/MergedPointCloud/feebc798764c5f1a.pcd,1633942939949746
b':\x10Qa\xa8>P\x19',b'+HF\x992\xb1QP',b'\xfe\xeb\xc7\x98vL_\x1a',b'g\\\x83vr(_\x08',b'h\xe3\x13@\x15\x85_h',b']\xf1\xfa\xd5XT^\x9e',2021.10.11.08.31.07_veh-50_01750_01948/MergedPointCloud/3a105161a83e5019.pcd,1633942939999737
b'+HF\x992\xb1QP',b'\x99$\x8cd\xf1\xc8[C',b':\x10Qa\xa8>P\x19',b'\xa1\x08\x84\xcd\xbb\xd2V\x91',b'h\xe3\x13@\x15\x85_h',b']\xf1\xfa\xd5XT^\x9e',2021.10.11.08.31.07_veh-50_01750_01948/MergedPointCloud/2b48469932b15150.pcd,1633942940049729
b'\x99$\x8cd\xf1\xc8[C',b'I\x14\xe2L8\x11P\xd2',b'+HF\x992\xb1QP',b'\x14\x8b\xb0I\x9d\x03R\xcc',b'h\xe3\x13@\x15\x85_h',b']\xf1\xfa\xd5XT^\x9e',2021.10.11.08.31.07_veh-50_01750_01948/MergedPointCloud/99248c64f1c85b43.pcd,1633942940099720
b'I\x14\xe2L8\x11P\xd2',b'\\\xaa\x1d\x0c\xf4\xf0[l',b'\x99$\x8cd\xf1\xc8[C',b'S\xaa\xd9ry>U\x92',b'h\xe3\x13@\x15\x85_h',b']\xf1\xfa\xd5XT^\x9e',2021.10.11.08.31.07_veh-50_01750_01948/MergedPointCloud/4914e24c381150d2.pcd,1633942940149711
b'\\\xaa\x1d\x0c\xf4\xf0[l',b'\xe9i\r\xb0\xcb\xf0Q2',b'I\x14\xe2L8\x11P\xd2',b'\xb1\xd9\x88\xac\x18\xcbP\x1c',b'h\xe3\x13@\x15\x85_h',b']\xf1\xfa\xd5XT^\x9e',2021.10.11.08.31.07_veh-50_01750_01948/MergedPointCloud/5caa1d0cf4f05b6c.pcd,1633942940199703
b'\xe9i\r\xb0\xcb\xf0Q2',b'5D\xe1<\x8a\xd7X!',b'\\\xaa\x1d\x0c\xf4\xf0[l',b'\xd7|\x91\xdf\x9c\x8e^C',b'h\xe3\x13@\x15\x85_h',b']\xf1\xfa\xd5XT^\x9e',2021.10.11.08.31.07_veh-50_01750_01948/MergedPointCloud/e9690db0cbf05132.pcd,1633942940249692
b'5D\xe1<\x8a\xd7X!',b'\x08\r\rl\xdb\xdb\\\x1c',b'\xe9i\r\xb0\xcb\xf0Q2',"b""\x0f'\xc9B\x9ckUE""",b'h\xe3\x13@\x15\x85_h',b'\x8d\x15\x95\xcanj_\x11',2021.10.11.08.31.07_veh-50_01750_01948/MergedPointCloud/3544e13c8ad75821.pcd,1633942940299679
b'\x08\r\rl\xdb\xdb\\\x1c',b'3\xfc\x96\xda#JZ\xe6',b'5D\xe1<\x8a\xd7X!',b'\x19\xf3\xbb\x0e\x9f\xbdX\xd2',b'h\xe3\x13@\x15\x85_h',b'\x8d\x15\x95\xcanj_\x11',2021.10.11.08.31.07_veh-50_01750_01948/MergedPointCloud/080d0d6cdbdb5c1c.pcd,1633942940349666
b'3\xfc\x96\xda#JZ\xe6',b'\xefT\x88\x0b\x01\xcd_%',b'\x08\r\rl\xdb\xdb\\\x1c',b't\xa8p\xdc\xe6X[\x85',b'h\xe3\x13@\x15\x85_h',b'\x8d\x15\x95\xcanj_\x11',2021.10.11.08.31.07_veh-50_01750_01948/MergedPointCloud/33fc96da234a5ae6.pcd,1633942940399653
b'\xefT\x88\x0b\x01\xcd_%',b'\x9c\x17\x1c\x8d\xcf\x98V\x87',b'3\xfc\x96\xda#JZ\xe6',b'H\xb2+$V\xc9X\x84',b'h\xe3\x13@\x15\x85_h',b'\x8d\x15\x95\xcanj_\x11',2021.10.11.08.31.07_veh-50_01750_01948/MergedPointCloud/ef54880b01cd5f25.pcd,1633942940449638
b'\x9c\x17\x1c\x8d\xcf\x98V\x87',"b'\t\xdc0G\xbf""QT'",b'\xefT\x88\x0b\x01\xcd_%',b'\x88\xc91\x05\xfa6Y\x15',b'h\xe3\x13@\x15\x85_h',b'\x8d\x15\x95\xcanj_\x11',2021.10.11.08.31.07_veh-50_01750_01948/MergedPointCloud/9c171c8dcf985687.pcd,1633942940499623
"b'\t\xdc0G\xbf""QT'",b'34IeK\x95W\xdf',b'\x9c\x17\x1c\x8d\xcf\x98V\x87',b'\x1a\xa5{\xa1\xfdKV\xb3',b'h\xe3\x13@\x15\x85_h',b'\x8d\x15\x95\xcanj_\x11',2021.10.11.08.31.07_veh-50_01750_01948/MergedPointCloud/09dc3047bf225154.pcd,1633942940549607
b'34IeK\x95W\xdf',"b""2Vb'\x8bG[G""","b'\t\xdc0G\xbf""QT'",b'\x13r_\xa6P\xf2\\%',b'h\xe3\x13@\x15\x85_h',b'\x8d\x15\x95\xcanj_\x11',2021.10.11.08.31.07_veh-50_01750_01948/MergedPointCloud/333449654b9557df.pcd,1633942940599591
"b""2Vb'\x8bG[G""",b'\x98\xa2A\xa3<\xa6W\x9b',b'34IeK\x95W\xdf',b'G\xa3o\x0ca\xa9[?',b'h\xe3\x13@\x15\x85_h',b'\x8d\x15\x95\xcanj_\x11',2021.10.11.08.31.07_veh-50_01750_01948/MergedPointCloud/325662278b475b47.pcd,1633942940649573
b'\x98\xa2A\xa3<\xa6W\x9b',b'v\x90\xd08{s^X',"b""2Vb'\x8bG[G""","b'\xe6\x8f\xd7\x0c,/[\x0f'",b'h\xe3\x13@\x15\x85_h',b'\x8d\x15\x95\xcanj_\x11',2021.10.11.08.31.07_veh-50_01750_01948/MergedPointCloud/98a241a33ca6579b.pcd,1633942940699555
b'v\x90\xd08{s^X',b'%\xd6\xa6_\xd06\\\xf6',b'\x98\xa2A\xa3<\xa6W\x9b',b'[\xf4\x91*\x8aXY2',b'h\xe3\x13@\x15\x85_h',b'\x8d\x15\x95\xcanj_\x11',2021.10.11.08.31.07_veh-50_01750_01948/MergedPointCloud/7690d0387b735e58.pcd,1633942940749537
b'%\xd6\xa6_\xd06\\\xf6',b'\x92\x96\xcaGc\xcfP\xd4',b'v\x90\xd08{s^X',b'\xa9Bh@u\xb6US',b'h\xe3\x13@\x15\x85_h',b'\x8d\x15\x95\xcanj_\x11',2021.10.11.08.31.07_veh-50_01750_01948/MergedPointCloud/25d6a65fd0365cf6.pcd,1633942940799519
b'\x92\x96\xcaGc\xcfP\xd4',b'y\xb4k\xe2\x04\xf0XZ',b'%\xd6\xa6_\xd06\\\xf6',b'\x07^\x11k_\xecW\x87',b'h\xe3\x13@\x15\x85_h',b'\x8d\x15\x95\xcanj_\x11',2021.10.11.08.31.07_veh-50_01750_01948/MergedPointCloud/9296ca4763cf50d4.pcd,1633942940849502
b'y\xb4k\xe2\x04\xf0XZ',b'\xd7\xb2\xea\xe99vY\x87',b'\x92\x96\xcaGc\xcfP\xd4',b'\xd9\xbe\xf0\xe1\x95\xd1S\xbc',b'h\xe3\x13@\x15\x85_h',b'\x8d\x15\x95\xcanj_\x11',2021.10.11.08.31.07_veh-50_01750_01948/MergedPointCloud/79b46be204f0585a.pcd,1633942940899483
b'\xd7\xb2\xea\xe99vY\x87',b'h\xd7\xdf\xf2\xd6\x10^^',b'y\xb4k\xe2\x04\xf0XZ',"b""'\x16\xdag+\rP\x96""",b'h\xe3\x13@\x15\x85_h',b'\x8d\x15\x95\xcanj_\x11',2021.10.11.08.31.07_veh-50_01750_01948/MergedPointCloud/d7b2eae939765987.pcd,1633942940949467
b'h\xd7\xdf\xf2\xd6\x10^^',b'7\xc5\xd1l\x92\x04X6',b'\xd7\xb2\xea\xe99vY\x87',b'\xc7{XC/OX\xbc',b'h\xe3\x13@\x15\x85_h',b'\x8d\x15\x95\xcanj_\x11',2021.10.11.08.31.07_veh-50_01750_01948/MergedPointCloud/68d7dff2d6105e5e.pcd,1633942940999449
b'7\xc5\xd1l\x92\x04X6',b'A\xb0\xab\xf8\x1a\xa3T\xe8',b'h\xd7\xdf\xf2\xd6\x10^^',b'\x81\x7fd9\xedeW~',b'h\xe3\x13@\x15\x85_h',b'\x8d\x15\x95\xcanj_\x11',2021.10.11.08.31.07_veh-50_01750_01948/MergedPointCloud/37c5d16c92045836.pcd,1633942941049432
b'A\xb0\xab\xf8\x1a\xa3T\xe8',"b""=`\xa3'r\n[X""",b'7\xc5\xd1l\x92\x04X6',b'\t\xda\xb5J\xe6\x13]\xd7',b'h\xe3\x13@\x15\x85_h',b'\x8d\x15\x95\xcanj_\x11',2021.10.11.08.31.07_veh-50_01750_01948/MergedPointCloud/41b0abf81aa354e8.pcd,1633942941099416
"b""=`\xa3'r\n[X""",b'f\x95\xa3\x14R\xfd_:',b'A\xb0\xab\xf8\x1a\xa3T\xe8',b'9p\xed\x83\xbe`[\xc1',b'h\xe3\x13@\x15\x85_h',b'\x8d\x15\x95\xcanj_\x11',2021.10.11.08.31.07_veh-50_01750_01948/MergedPointCloud/3d60a327720a5b58.pcd,1633942941149401
b'f\x95\xa3\x14R\xfd_:',b'u_\x9b&\xb9\xa2[\xa7',"b""=`\xa3'r\n[X""",b'0\xdc\xec\xcb\xa9\x10Sa',b'h\xe3\x13@\x15\x85_h',b'\x8d\x15\x95\xcanj_\x11',2021.10.11.08.31.07_veh-50_01750_01948/MergedPointCloud/6695a31452fd5f3a.pcd,1633942941199390
b'u_\x9b&\xb9\xa2[\xa7',b'\xb2F\x10!\xd7(Yp',b'f\x95\xa3\x14R\xfd_:',"b""lU'\xb6\x13sW\xfc""",b'h\xe3\x13@\x15\x85_h',b'\x8d\x15\x95\xcanj_\x11',2021.10.11.08.31.07_veh-50_01750_01948/MergedPointCloud/755f9b26b9a25ba7.pcd,1633942941249386
b'\xb2F\x10!\xd7(Yp',b'\xda|\xe4>\xc2\xd4]\xf7',b'u_\x9b&\xb9\xa2[\xa7',b'\n\x15\x97O\xbeOU\xb8',b'h\xe3\x13@\x15\x85_h',b'\x8d\x15\x95\xcanj_\x11',2021.10.11.08.31.07_veh-50_01750_01948/MergedPointCloud/b2461021d7285970.pcd,1633942941299387
b'\xda|\xe4>\xc2\xd4]\xf7',b'_\x047p\xf0\xe5Q\x1b',b'\xb2F\x10!\xd7(Yp',b'8\x01q{v\xcdQg',b'h\xe3\x13@\x15\x85_h',b'\x8d\x15\x95\xcanj_\x11',2021.10.11.08.31.07_veh-50_01750_01948/MergedPointCloud/da7ce43ec2d45df7.pcd,1633942941349392
b'_\x047p\xf0\xe5Q\x1b',b'\xbc2A\xf7L\x91Q\x06',b'\xda|\xe4>\xc2\xd4]\xf7',b'\xf5\xbdF6\x9eCU\xe0',b'h\xe3\x13@\x15\x85_h',b'\x8d\x15\x95\xcanj_\x11',2021.10.11.08.31.07_veh-50_01750_01948/MergedPointCloud/5f043770f0e5511b.pcd,1633942941399402
b'\xbc2A\xf7L\x91Q\x06',b'\x19c\xd5b\xa2\xf8Sn',b'_\x047p\xf0\xe5Q\x1b',b'\x9f\xf7\x03rc\xcaR]',b'h\xe3\x13@\x15\x85_h',b'\x8d\x15\x95\xcanj_\x11',2021.10.11.08.31.07_veh-50_01750_01948/MergedPointCloud/bc3241f74c915106.pcd,1633942941449414
b'\x19c\xd5b\xa2\xf8Sn',b'\x98\x0f2K\xe6mY\xee',b'\xbc2A\xf7L\x91Q\x06',b'\xa2\x0e(\xe3\xaa\xafT\xff',b'h\xe3\x13@\x15\x85_h',b'\x8d\x15\x95\xcanj_\x11',2021.10.11.08.31.07_veh-50_01750_01948/MergedPointCloud/1963d562a2f8536e.pcd,1633942941499429
b'\x98\x0f2K\xe6mY\xee',b'\xe3\xde\x99\x93\xbf\xe1X9',b'\x19c\xd5b\xa2\xf8Sn',b'\x8aI\xc61V\xef_\x19',b'h\xe3\x13@\x15\x85_h',b'\x8d\x15\x95\xcanj_\x11',2021.10.11.08.31.07_veh-50_01750_01948/MergedPointCloud/980f324be66d59ee.pcd,1633942941549446
b'\xe3\xde\x99\x93\xbf\xe1X9',b'\x8b(\xb0\x95\xa7>V\x7f',b'\x98\x0f2K\xe6mY\xee',b'\x12%\x8a\n\xb3!P\x82',b'h\xe3\x13@\x15\x85_h',b'\x8d\x15\x95\xcanj_\x11',2021.10.11.08.31.07_veh-50_01750_01948/MergedPointCloud/e3de9993bfe15839.pcd,1633942941599462
b'\x8b(\xb0\x95\xa7>V\x7f',b'\xdb2\xa1\xba\x1d\xea_\xac',b'\xe3\xde\x99\x93\xbf\xe1X9',b'v-\x90q!LZ%',b'h\xe3\x13@\x15\x85_h',b'\x8d\x15\x95\xcanj_\x11',2021.10.11.08.31.07_veh-50_01750_01948/MergedPointCloud/8b28b095a73e567f.pcd,1633942941649478
b'\xdb2\xa1\xba\x1d\xea_\xac',b'\xadK(\x0c\xf5IPx',b'\x8b(\xb0\x95\xa7>V\x7f',b'\x05f\xb6I\x8c\xe7Z\xc4',b'h\xe3\x13@\x15\x85_h',b'\x8d\x15\x95\xcanj_\x11',2021.10.11.08.31.07_veh-50_01750_01948/MergedPointCloud/db32a1ba1dea5fac.pcd,1633942941699495
b'\xadK(\x0c\xf5IPx',b'\xeb\xf3\xd3]\xd5L\\|',b'\xdb2\xa1\xba\x1d\xea_\xac',b'\x13d\x1fN\xc8\xf9^\xde',b'h\xe3\x13@\x15\x85_h',b'\x8d\x15\x95\xcanj_\x11',2021.10.11.08.31.07_veh-50_01750_01948/MergedPointCloud/ad4b280cf5495078.pcd,1633942941749515
b'\xeb\xf3\xd3]\xd5L\\|',b'\xf5\x842\xe4\xc5\x94WJ',b'\xadK(\x0c\xf5IPx',b'\xeaT\x96\xb3:\xce\\\xd3',b'h\xe3\x13@\x15\x85_h',b'\x8d\x15\x95\xcanj_\x11',2021.10.11.08.31.07_veh-50_01750_01948/MergedPointCloud/ebf3d35dd54c5c7c.pcd,1633942941799537
b'\xf5\x842\xe4\xc5\x94WJ',b'<AZ\xe0&bT\x9c',b'\xeb\xf3\xd3]\xd5L\\|',b'9\x93\xb3\xcd\xd4\x83X\xfe',b'h\xe3\x13@\x15\x85_h',b'\x8d\x15\x95\xcanj_\x11',2021.10.11.08.31.07_veh-50_01750_01948/MergedPointCloud/f58432e4c594574a.pcd,1633942941849559
b'<AZ\xe0&bT\x9c',b'\x95\x0cr\xb1\xe4\xf0S\x06',b'\xf5\x842\xe4\xc5\x94WJ',b'\xb0\xa9N2[\xdaT\xea',b'h\xe3\x13@\x15\x85_h',b'\x8d\x15\x95\xcanj_\x11',2021.10.11.08.31.07_veh-50_01750_01948/MergedPointCloud/3c415ae02662549c.pcd,1633942941899580
b'\x95\x0cr\xb1\xe4\xf0S\x06',b'V\x17f\xc3@\xc5WI',b'<AZ\xe0&bT\x9c',b'-9\\tRcQ\t',b'h\xe3\x13@\x15\x85_h',b'\x8d\x15\x95\xcanj_\x11',2021.10.11.08.31.07_veh-50_01750_01948/MergedPointCloud/950c72b1e4f05306.pcd,1633942941949604
b'V\x17f\xc3@\xc5WI',"b""@\xa2\xcb'OoS\xb0""",b'\x95\x0cr\xb1\xe4\xf0S\x06',b'\x00\xac\x8fj\x97\x97YD',b'h\xe3\x13@\x15\x85_h',b'\x8d\x15\x95\xcanj_\x11',2021.10.11.08.31.07_veh-50_01750_01948/MergedPointCloud/561766c340c55749.pcd,1633942941999630
"b""@\xa2\xcb'OoS\xb0""",b'\x08\xa3i\x8eP/\\r',b'V\x17f\xc3@\xc5WI',b'a&Zw\xdf\x86T\xcb',b'h\xe3\x13@\x15\x85_h',b'\x8d\x15\x95\xcanj_\x11',2021.10.11.08.31.07_veh-50_01750_01948/MergedPointCloud/40a2cb274f6f53b0.pcd,1633942942049656
b'\x08\xa3i\x8eP/\\r',b'\x8a\x89\xd0\xda\x99\x92Z#',"b""@\xa2\xcb'OoS\xb0""",b'V\x96H\xf8\xf1\xc3S9',b'h\xe3\x13@\x15\x85_h',b'\x8d\x15\x95\xcanj_\x11',2021.10.11.08.31.07_veh-50_01750_01948/MergedPointCloud/08a3698e502f5c72.pcd,1633942942099681
b'\x8a\x89\xd0\xda\x99\x92Z#',b'\xde\x07\xedZ\xb4$Ym',b'\x08\xa3i\x8eP/\\r',b'\x1f\xb1J\xc8\xe4\xc5V=',b'h\xe3\x13@\x15\x85_h',b'\x8d\x15\x95\xcanj_\x11',2021.10.11.08.31.07_veh-50_01750_01948/MergedPointCloud/8a89d0da99925a23.pcd,1633942942149707
b'\xde\x07\xedZ\xb4$Ym',b'@\\W\x1fS:_\xcc',b'\x8a\x89\xd0\xda\x99\x92Z#',b'\x9d\x17\xd3\xa66UW{',b'h\xe3\x13@\x15\x85_h',b'\x8d\x15\x95\xcanj_\x11',2021.10.11.08.31.07_veh-50_01750_01948/MergedPointCloud/de07ed5ab424596d.pcd,1633942942199732
b'@\\W\x1fS:_\xcc',b'\xee\x1be\xf1\x80GU\x99',b'\xde\x07\xedZ\xb4$Ym',"b'\x8eq,\x19\x1e\xdcW\x13'",b'h\xe3\x13@\x15\x85_h',b'\x8d\x15\x95\xcanj_\x11',2021.10.11.08.31.07_veh-50_01750_01948/MergedPointCloud/405c571f533a5fcc.pcd,1633942942249758
b'\xee\x1be\xf1\x80GU\x99',b'hq\xc4\xeb\xb3\xe0\\J',b'@\\W\x1fS:_\xcc',b'F\xc8\x18\xd5@\xdb_\x16',b'h\xe3\x13@\x15\x85_h',b'\x8d\x15\x95\xcanj_\x11',2021.10.11.08.31.07_veh-50_01750_01948/MergedPointCloud/ee1b65f180475599.pcd,1633942942299784
b'hq\xc4\xeb\xb3\xe0\\J',b'\x99\xfcN\xa1\xf8\xd7T\xf8',b'\xee\x1be\xf1\x80GU\x99',b'\xbe\xa3\xd8?3\x01Y\xef',b'h\xe3\x13@\x15\x85_h',b'\x8d\x15\x95\xcanj_\x11',2021.10.11.08.31.07_veh-50_01750_01948/MergedPointCloud/6871c4ebb3e05c4a.pcd,1633942942349810
b'\x99\xfcN\xa1\xf8\xd7T\xf8',b'8\xe4x/\x1fFQ\x1c',b'hq\xc4\xeb\xb3\xe0\\J',b'=vl\xf2\xac\xc1\\\xd6',b'h\xe3\x13@\x15\x85_h',b'\x8d\x15\x95\xcanj_\x11',2021.10.11.08.31.07_veh-50_01750_01948/MergedPointCloud/99fc4ea1f8d754f8.pcd,1633942942399836
b'8\xe4x/\x1fFQ\x1c',b'\x89t\xa5\xea\xc5aR\x14',b'\x99\xfcN\xa1\xf8\xd7T\xf8',b':\xf0\x98\x00\n\xbf_\xa2',b'h\xe3\x13@\x15\x85_h',b'\x8d\x15\x95\xcanj_\x11',2021.10.11.08.31.07_veh-50_01750_01948/MergedPointCloud/38e4782f1f46511c.pcd,1633942942449862
b'\x89t\xa5\xea\xc5aR\x14',b'l\x9a\x88I\xe0\x92V\xaf',b'8\xe4x/\x1fFQ\x1c',b'r\x06\xfa\xbb\x13\xffS\x01',b'h\xe3\x13@\x15\x85_h',b'\x8d\x15\x95\xcanj_\x11',2021.10.11.08.31.07_veh-50_01750_01948/MergedPointCloud/8974a5eac5615214.pcd,1633942942499889
b'l\x9a\x88I\xe0\x92V\xaf',b'\xad2ohG\xc4Vz',b'\x89t\xa5\xea\xc5aR\x14',"b'\xb2\xb0\xe9]\xe3\x12Q""'",b'h\xe3\x13@\x15\x85_h',b'\x8d\x15\x95\xcanj_\x11',2021.10.11.08.31.07_veh-50_01750_01948/MergedPointCloud/6c9a8849e09256af.pcd,1633942942549917
b'\xad2ohG\xc4Vz',b'\xccf\xac\xbf\xc5\x7fZ%',b'l\x9a\x88I\xe0\x92V\xaf',b'/Q}\x9c\xe7\x8eZ\x15',b'h\xe3\x13@\x15\x85_h',b'\x8d\x15\x95\xcanj_\x11',2021.10.11.08.31.07_veh-50_01750_01948/MergedPointCloud/ad326f6847c4567a.pcd,1633942942599948
b'\xccf\xac\xbf\xc5\x7fZ%',b'm\x87\x13\x96\x9cqPf',b'\xad2ohG\xc4Vz',b'F\xf9A.=\xd7X\x02',b'h\xe3\x13@\x15\x85_h',b'\x8d\x15\x95\xcanj_\x11',2021.10.11.08.31.07_veh-50_01750_01948/MergedPointCloud/cc66acbfc57f5a25.pcd,1633942942649981
b'm\x87\x13\x96\x9cqPf',"b'\xe5""3\x1e\xbd\xf0P\xa8'",b'\xccf\xac\xbf\xc5\x7fZ%',b'\x16wd(\xae\rZ\xf9',b'h\xe3\x13@\x15\x85_h',b'\x8d\x15\x95\xcanj_\x11',2021.10.11.08.31.07_veh-50_01750_01948/MergedPointCloud/6d8713969c715066.pcd,1633942942700013
"b'\xe5""3\x1e\xbd\xf0P\xa8'",b'PE\nb\x1b\xf2W\\',b'm\x87\x13\x96\x9cqPf',"b'\x8e\xbf\xcc2\xc1""V^'",b'h\xe3\x13@\x15\x85_h',b'\x8d\x15\x95\xcanj_\x11',2021.10.11.08.31.07_veh-50_01750_01948/MergedPointCloud/e522331ebdf050a8.pcd,1633942942750047
b'PE\nb\x1b\xf2W\\',b'9\xeb$\x15\xb4\x88]}',"b'\xe5""3\x1e\xbd\xf0P\xa8'",b'\xc5\xea\x0e|\x9f\xcbRZ',b'h\xe3\x13@\x15\x85_h',b'\x8d\x15\x95\xcanj_\x11',2021.10.11.08.31.07_veh-50_01750_01948/MergedPointCloud/50450a621bf2575c.pcd,1633942942800079
b'9\xeb$\x15\xb4\x88]}',b'\x89\xdd\xce~-\xd9]*',b'PE\nb\x1b\xf2W\\',b'}ja6hs[\xb6',b'h\xe3\x13@\x15\x85_h',b'\x8d\x15\x95\xcanj_\x11',2021.10.11.08.31.07_veh-50_01750_01948/MergedPointCloud/39eb2415b4885d7d.pcd,1633942942850110
b'\x89\xdd\xce~-\xd9]*',b'\xb5\x04\xf5\xfe\xb3\x82Z\xc3',b'9\xeb$\x15\xb4\x88]}',b'\x16\xd1H\x92\xfe\xb9V\x96',b'h\xe3\x13@\x15\x85_h',b'\x8d\x15\x95\xcanj_\x11',2021.10.11.08.31.07_veh-50_01750_01948/MergedPointCloud/89ddce7e2dd95d2a.pcd,1633942942900140
b'\xb5\x04\xf5\xfe\xb3\x82Z\xc3',"b""'\x04S\xca\xae(S\x99""",b'\x89\xdd\xce~-\xd9]*',b'Z\x03\xcc\x1b\x1e\x02X\xea',b'h\xe3\x13@\x15\x85_h',b'\x8d\x15\x95\xcanj_\x11',2021.10.11.08.31.07_veh-50_01750_01948/MergedPointCloud/b504f5feb3825ac3.pcd,1633942942950167
"b""'\x04S\xca\xae(S\x99""",b'\x83\x17\xf5>\xcf\xa2]\x99',b'\xb5\x04\xf5\xfe\xb3\x82Z\xc3',b'N\xc8\xe6lM\xaf]\xe8',b'h\xe3\x13@\x15\x85_h',b'\x8d\x15\x95\xcanj_\x11',2021.10.11.08.31.07_veh-50_01750_01948/MergedPointCloud/270453caae285399.pcd,1633942943000195
b'\x83\x17\xf5>\xcf\xa2]\x99',b']2\xfb\xbfKc[\xdc',"b""'\x04S\xca\xae(S\x99""",b'\xf6n[-\xb5\xb1Zf',b'h\xe3\x13@\x15\x85_h',b'\x8d\x15\x95\xcanj_\x11',2021.10.11.08.31.07_veh-50_01750_01948/MergedPointCloud/8317f53ecfa25d99.pcd,1633942943050221
b']2\xfb\xbfKc[\xdc',b'\xe3\x99\x9dT\x92*[\xbf',b'\x83\x17\xf5>\xcf\xa2]\x99',b'\x13\xabR\x03\xe4\x89]\xb7',b'h\xe3\x13@\x15\x85_h',b'\x8d\x15\x95\xcanj_\x11',2021.10.11.08.31.07_veh-50_01750_01948/MergedPointCloud/5d32fbbf4b635bdc.pcd,1633942943100245
b'\xe3\x99\x9dT\x92*[\xbf',b'\xdc(\xfd\x9a\x8a\x97XT',b']2\xfb\xbfKc[\xdc',b'*z\x14X~\xf5P\xe4',b'h\xe3\x13@\x15\x85_h',b'\x8d\x15\x95\xcanj_\x11',2021.10.11.08.31.07_veh-50_01750_01948/MergedPointCloud/e3999d54922a5bbf.pcd,1633942943150266
b'\xdc(\xfd\x9a\x8a\x97XT',b'\xfd\x82\xf2\xa67\x1cQh',b'\xe3\x99\x9dT\x92*[\xbf',b'\x17\xdd\xaf\xa4\x87%\\\x94',b'h\xe3\x13@\x15\x85_h',b'\x8d\x15\x95\xcanj_\x11',2021.10.11.08.31.07_veh-50_01750_01948/MergedPointCloud/dc28fd9a8a975854.pcd,1633942943200283
b'\xfd\x82\xf2\xa67\x1cQh',b'\x04\xb5!\x06\x8c\x9eT\xbf',b'\xdc(\xfd\x9a\x8a\x97XT',b'\xf8\xc5\x03\x0cS\x9b\\n',b'h\xe3\x13@\x15\x85_h',b'\x8d\x15\x95\xcanj_\x11',2021.10.11.08.31.07_veh-50_01750_01948/MergedPointCloud/fd82f2a6371c5168.pcd,1633942943250296
b'\x04\xb5!\x06\x8c\x9eT\xbf',b'+2\x9c\xbd*\xacW\x97',b'\xfd\x82\xf2\xa67\x1cQh',b'\x17\x8d\xb5\xc4\xc3\xa6^\x15',b'h\xe3\x13@\x15\x85_h',b'\x8d\x15\x95\xcanj_\x11',2021.10.11.08.31.07_veh-50_01750_01948/MergedPointCloud/04b521068c9e54bf.pcd,1633942943300306
b'+2\x9c\xbd*\xacW\x97',b'~\xd9]\xa2i\xe3Y\x0b',b'\x04\xb5!\x06\x8c\x9eT\xbf',b'\x0b\xfc\xf4\xd1b<\\\x8c',b'h\xe3\x13@\x15\x85_h',b'\x8d\x15\x95\xcanj_\x11',2021.10.11.08.31.07_veh-50_01750_01948/MergedPointCloud/2b329cbd2aac5797.pcd,1633942943350313
b'~\xd9]\xa2i\xe3Y\x0b',"b""'\xd4\x82\xc4\xf2;Z\xe2""",b'+2\x9c\xbd*\xacW\x97',b'a_\x15\x87\xf2\xafQ\xee',b'h\xe3\x13@\x15\x85_h',b'\x8d\x15\x95\xcanj_\x11',2021.10.11.08.31.07_veh-50_01750_01948/MergedPointCloud/7ed95da269e3590b.pcd,1633942943400317
"b""'\xd4\x82\xc4\xf2;Z\xe2""",b'\x0f\x07\t~\xaf6U\x12',b'~\xd9]\xa2i\xe3Y\x0b',b'U\x88\xc7h\xe1?S\xe2',b'h\xe3\x13@\x15\x85_h',b'\x8d\x15\x95\xcanj_\x11',2021.10.11.08.31.07_veh-50_01750_01948/MergedPointCloud/27d482c4f23b5ae2.pcd,1633942943450319
b'\x0f\x07\t~\xaf6U\x12',"b'\x05yL""\xa4\xf6Z\xd0'","b""'\xd4\x82\xc4\xf2;Z\xe2""",b'\xc4\xa5\xf7i\x04\xceYW',b'h\xe3\x13@\x15\x85_h',b'\x8d\x15\x95\xcanj_\x11',2021.10.11.08.31.07_veh-50_01750_01948/MergedPointCloud/0f07097eaf365512.pcd,1633942943500315
"b'\x05yL""\xa4\xf6Z\xd0'","b'\xe5J,\xe4D\x8a^\xcd'",b'\x0f\x07\t~\xaf6U\x12',"b'\xa3\xd6\xf6,\xec\xf2Q\x94'",b'h\xe3\x13@\x15\x85_h',b'\x8d\x15\x95\xcanj_\x11',2021.10.11.08.31.07_veh-50_01750_01948/MergedPointCloud/05794c22a4f65ad0.pcd,1633942943550304
"b'\xe5J,\xe4D\x8a^\xcd'",b'\xdd\x19bw\x11\x9f\\S',"b'\x05yL""\xa4\xf6Z\xd0'","b'\xa1\x13,\x9e\xe8\x93U\x93'",b'h\xe3\x13@\x15\x85_h',b'\x8d\x15\x95\xcanj_\x11',2021.10.11.08.31.07_veh-50_01750_01948/MergedPointCloud/e54a2ce4448a5ecd.pcd,1633942943600286
b'\xdd\x19bw\x11\x9f\\S',b'\x1f\x92\xa3c\x03*Y>',"b'\xe5J,\xe4D\x8a^\xcd'",b'\xe0\xcc\x03\xb8\xd2\xfc\\\x10',b'h\xe3\x13@\x15\x85_h',b'\x8d\x15\x95\xcanj_\x11',2021.10.11.08.31.07_veh-50_01750_01948/MergedPointCloud/dd196277119f5c53.pcd,1633942943650265
b'\x1f\x92\xa3c\x03*Y>',b'\t\xee\xcb\xf3\x1b0]G',b'\xdd\x19bw\x11\x9f\\S',"b'1\xf1\xb4L,m_O'",b'h\xe3\x13@\x15\x85_h',b'\x8d\x15\x95\xcanj_\x11',2021.10.11.08.31.07_veh-50_01750_01948/MergedPointCloud/1f92a363032a593e.pcd,1633942943700242
b'\t\xee\xcb\xf3\x1b0]G',b'O\xff\x14\x8fdf[\x8c',b'\x1f\x92\xa3c\x03*Y>',b'y\x8cu\x0cT\xc0Z\x0f',b'h\xe3\x13@\x15\x85_h',b'\x8d\x15\x95\xcanj_\x11',2021.10.11.08.31.07_veh-50_01750_01948/MergedPointCloud/09eecbf31b305d47.pcd,1633942943750216
b'O\xff\x14\x8fdf[\x8c',b'\x88\x18\x08\na\xe1Zr',b'\t\xee\xcb\xf3\x1b0]G',b'1\xcd\xac\x83^DS\xe5',b'h\xe3\x13@\x15\x85_h',b'\x8d\x15\x95\xcanj_\x11',2021.10.11.08.31.07_veh-50_01750_01948/MergedPointCloud/4fff148f64665b8c.pcd,1633942943800191
b'\x88\x18\x08\na\xe1Zr',b'\xc7\xb5\x9a\xaeB\x1eZ\xe6',b'O\xff\x14\x8fdf[\x8c',b'!_W\xe3\xfe\xb9Y`',b'h\xe3\x13@\x15\x85_h',b'\x8d\x15\x95\xcanj_\x11',2021.10.11.08.31.07_veh-50_01750_01948/MergedPointCloud/8818080a61e15a72.pcd,1633942943850167
b'\xc7\xb5\x9a\xaeB\x1eZ\xe6',b'\xa1\x10\xd5\xd2AFS\x82',b'\x88\x18\x08\na\xe1Zr',b';\x87\xf1L\xe1\xac_\xef',b'h\xe3\x13@\x15\x85_h',b'\x8d\x15\x95\xcanj_\x11',2021.10.11.08.31.07_veh-50_01750_01948/MergedPointCloud/c7b59aae421e5ae6.pcd,1633942943900145
b'\xa1\x10\xd5\xd2AFS\x82',"b'\x17]\xaa\xd1r""S\xa7'",b'\xc7\xb5\x9a\xaeB\x1eZ\xe6',"b""\xf0\x81\xe1\x9cA\xc6_'""",b'h\xe3\x13@\x15\x85_h',b'\x8d\x15\x95\xcanj_\x11',2021.10.11.08.31.07_veh-50_01750_01948/MergedPointCloud/a110d5d241465382.pcd,1633942943950121
"b'\x17]\xaa\xd1r""S\xa7'",b'\x9f\xa6\xa38\x1aXS\xde',b'\xa1\x10\xd5\xd2AFS\x82',b'\xeas\x170\x89[W\xa8',b'h\xe3\x13@\x15\x85_h',b'\x8d\x15\x95\xcanj_\x11',2021.10.11.08.31.07_veh-50_01750_01948/MergedPointCloud/175daad1722253a7.pcd,1633942944000097
b'\x9f\xa6\xa38\x1aXS\xde',b'\x12\x9e\x8b\x87:DW\xad',"b'\x17]\xaa\xd1r""S\xa7'",b'\xaa\xfcm\x95\xc0TP|',b'h\xe3\x13@\x15\x85_h',b'\x8d\x15\x95\xcanj_\x11',2021.10.11.08.31.07_veh-50_01750_01948/MergedPointCloud/9fa6a3381a5853de.pcd,1633942944050073
b'\x12\x9e\x8b\x87:DW\xad',b'\x0b\xd9\xddEsHR\xff',b'\x9f\xa6\xa38\x1aXS\xde',b'&\xf1j\x8dy\x04S\x98',b'h\xe3\x13@\x15\x85_h',b'\x8d\x15\x95\xcanj_\x11',2021.10.11.08.31.07_veh-50_01750_01948/MergedPointCloud/129e8b873a4457ad.pcd,1633942944100052
b'\x0b\xd9\xddEsHR\xff',b'o\xd2QF\xd4\xef\\\xc8',b'\x12\x9e\x8b\x87:DW\xad',b'h\xa7oZ6$V@',b'h\xe3\x13@\x15\x85_h',b'\x8d\x15\x95\xcanj_\x11',2021.10.11.08.31.07_veh-50_01750_01948/MergedPointCloud/0bd9dd45734852ff.pcd,1633942944150033
b'o\xd2QF\xd4\xef\\\xc8',b'Q@\xdbk\xb2fV\x98',b'\x0b\xd9\xddEsHR\xff',b'\x15[-\xd0m\x85_\xd3',b'h\xe3\x13@\x15\x85_h',b'\x8d\x15\x95\xcanj_\x11',2021.10.11.08.31.07_veh-50_01750_01948/MergedPointCloud/6fd25146d4ef5cc8.pcd,1633942944200014
b'Q@\xdbk\xb2fV\x98',b'\x066\t\xd3\xcb\x1aZ}',b'o\xd2QF\xd4\xef\\\xc8',b'\xcf\xa4\x81\x9b\x86\xa3Z\xc6',b'h\xe3\x13@\x15\x85_h',b'\x8d\x15\x95\xcanj_\x11',2021.10.11.08.31.07_veh-50_01750_01948/MergedPointCloud/5140db6bb2665698.pcd,1633942944249993
b'\x066\t\xd3\xcb\x1aZ}',b'\xf9\x1e\x16Z\x80^SO',b'Q@\xdbk\xb2fV\x98',b'\x1df~KJ\xfb^\x96',b'h\xe3\x13@\x15\x85_h',b'\x8d\x15\x95\xcanj_\x11',2021.10.11.08.31.07_veh-50_01750_01948/MergedPointCloud/063609d3cb1a5a7d.pcd,1633942944299971
b'\xf9\x1e\x16Z\x80^SO',b'\x9f\xf0@\xdc\x89/^\x89',b'\x066\t\xd3\xcb\x1aZ}',b'lN\xabO\xa0\nY\x1e',b'h\xe3\x13@\x15\x85_h',b'\x8d\x15\x95\xcanj_\x11',2021.10.11.08.31.07_veh-50_01750_01948/MergedPointCloud/f91e165a805e534f.pcd,1633942944349952
b'\x9f\xf0@\xdc\x89/^\x89',b'Z\xb4H\x91_c^M',b'\xf9\x1e\x16Z\x80^SO',b'\xb1\x96\xe1\xf0$\xd1Q_',b'h\xe3\x13@\x15\x85_h',b'\x8d\x15\x95\xcanj_\x11',2021.10.11.08.31.07_veh-50_01750_01948/MergedPointCloud/9ff040dc892f5e89.pcd,1633942944399934
b'Z\xb4H\x91_c^M',"b'\x02\xb9""\xdc\x92\xa2\\\\'",b'\x9f\xf0@\xdc\x89/^\x89',b'n\xf0\xa1f\x0b^T\xad',b'h\xe3\x13@\x15\x85_h',b'\x8d\x15\x95\xcanj_\x11',2021.10.11.08.31.07_veh-50_01750_01948/MergedPointCloud/5ab448915f635e4d.pcd,1633942944449918
"b'\x02\xb9""\xdc\x92\xa2\\\\'",b'\xab\\o\x93\xfdT[\xd8',b'Z\xb4H\x91_c^M',b'U\xccFh\x07\xe6R\xce',b'h\xe3\x13@\x15\x85_h',b'\x8d\x15\x95\xcanj_\x11',2021.10.11.08.31.07_veh-50_01750_01948/MergedPointCloud/02b922dc92a25c5c.pcd,1633942944499902
b'\xab\\o\x93\xfdT[\xd8',b'\xd1\xe0\xe8\x0c\x9b\xdaW^',"b'\x02\xb9""\xdc\x92\xa2\\\\'",b'\x1f\x1aT0\xd0\x87Wf',b'h\xe3\x13@\x15\x85_h',b'\x8d\x15\x95\xcanj_\x11',2021.10.11.08.31.07_veh-50_01750_01948/MergedPointCloud/ab5c6f93fd545bd8.pcd,1633942944549888
b'\xd1\xe0\xe8\x0c\x9b\xdaW^',b'\x888\x05YE\x15T\x90',b'\xab\\o\x93\xfdT[\xd8',b'\xab\xe2~\xfd\xb1\xbaS`',b'h\xe3\x13@\x15\x85_h',b'\x8d\x15\x95\xcanj_\x11',2021.10.11.08.31.07_veh-50_01750_01948/MergedPointCloud/d1e0e80c9bda575e.pcd,1633942944599872
b'\x888\x05YE\x15T\x90',b'\xc77u\x12\xb1\xbb_\xa6',b'\xd1\xe0\xe8\x0c\x9b\xdaW^',"b""\x197'\x1b\xc3\xf9R\xae""",b'h\xe3\x13@\x15\x85_h',b'\x8d\x15\x95\xcanj_\x11',2021.10.11.08.31.07_veh-50_01750_01948/MergedPointCloud/8838055945155490.pcd,1633942944649857
b'\xc77u\x12\xb1\xbb_\xa6',b'\xe2\xadN\x0eX\xba^Z',b'\x888\x05YE\x15T\x90',b'\x930-\x7f\xaeM\\\xd6',b'h\xe3\x13@\x15\x85_h',b'\x8d\x15\x95\xcanj_\x11',2021.10.11.08.31.07_veh-50_01750_01948/MergedPointCloud/c7377512b1bb5fa6.pcd,1633942944699844
b'\xe2\xadN\x0eX\xba^Z',b'\xce\x03\x92\xa9(\xf8W\xe2',b'\xc77u\x12\xb1\xbb_\xa6',"b'\xe6i\xec,\xb6\x91R\xcb'",b'h\xe3\x13@\x15\x85_h',b'\x8d\x15\x95\xcanj_\x11',2021.10.11.08.31.07_veh-50_01750_01948/MergedPointCloud/e2ad4e0e58ba5e5a.pcd,1633942944749830
b'\xce\x03\x92\xa9(\xf8W\xe2',b'3\xb5%.\x8c?S\xac',b'\xe2\xadN\x0eX\xba^Z',b'M\xc7\xc1>5\xb2^=',b'h\xe3\x13@\x15\x85_h',b'\x8d\x15\x95\xcanj_\x11',2021.10.11.08.31.07_veh-50_01750_01948/MergedPointCloud/ce0392a928f857e2.pcd,1633942944799816
b'3\xb5%.\x8c?S\xac',b'\xe6f\x9f\xd8n\xe2Zf',b'\xce\x03\x92\xa9(\xf8W\xe2',b'\xceE\xf6$\x83BR(',b'h\xe3\x13@\x15\x85_h',b'\x8d\x15\x95\xcanj_\x11',2021.10.11.08.31.07_veh-50_01750_01948/MergedPointCloud/33b5252e8c3f53ac.pcd,1633942944849797
b'\xe6f\x9f\xd8n\xe2Zf',b'\xb3\x00\xcf`\x8e\xc6Y\x90',b'3\xb5%.\x8c?S\xac',b'\xbeA\x18\xe1\xf45Q\x12',b'h\xe3\x13@\x15\x85_h',b'\x8d\x15\x95\xcanj_\x11',2021.10.11.08.31.07_veh-50_01750_01948/MergedPointCloud/e6669fd86ee25a66.pcd,1633942944899775
b'\xb3\x00\xcf`\x8e\xc6Y\x90',b'>wH \xabsY\xfe',b'\xe6f\x9f\xd8n\xe2Zf',b'\x8cO\x19\xd7\xb3\xf3T\xa4',b'h\xe3\x13@\x15\x85_h',b'\x8d\x15\x95\xcanj_\x11',2021.10.11.08.31.07_veh-50_01750_01948/MergedPointCloud/b300cf608ec65990.pcd,1633942944949751
b'>wH \xabsY\xfe',b'g\xab \xcc\x14q\\\xc7',b'\xb3\x00\xcf`\x8e\xc6Y\x90',"b""\x9f\x90\xaa\xc7;\xbc^'""",b'h\xe3\x13@\x15\x85_h',b'\x8d\x15\x95\xcanj_\x11',2021.10.11.08.31.07_veh-50_01750_01948/MergedPointCloud/3e774820ab7359fe.pcd,1633942944999725
b'g\xab \xcc\x14q\\\xc7',b'\x00\xcf\xb0\x11\x80c^\x1c',b'>wH \xabsY\xfe',b'\xbe\xd7\x16_\xdf\xf0W\xf5',b'h\xe3\x13@\x15\x85_h',b'\x8d\x15\x95\xcanj_\x11',2021.10.11.08.31.07_veh-50_01750_01948/MergedPointCloud/67ab20cc14715cc7.pcd,1633942945049698
b'\x00\xcf\xb0\x11\x80c^\x1c',b'\x06M\xf6\x93`\x01[\xa1',b'g\xab \xcc\x14q\\\xc7',b'\xb5\xe6\xe9\xd4\xd1\xc7T?',b'h\xe3\x13@\x15\x85_h',b'\x8d\x15\x95\xcanj_\x11',2021.10.11.08.31.07_veh-50_01750_01948/MergedPointCloud/00cfb01180635e1c.pcd,1633942945099671
b'\x06M\xf6\x93`\x01[\xa1',b'\x1e\xaed|\xadkX\xbe',b'\x00\xcf\xb0\x11\x80c^\x1c',b'B\x08^\x93a\nZ\x1c',b'h\xe3\x13@\x15\x85_h',b'\x8d\x15\x95\xcanj_\x11',2021.10.11.08.31.07_veh-50_01750_01948/MergedPointCloud/064df69360015ba1.pcd,1633942945149645
b'\x1e\xaed|\xadkX\xbe',b'ont\x84\x93/P1',b'\x06M\xf6\x93`\x01[\xa1',b'o[\xc3H\x1b\xe9Qz',b'h\xe3\x13@\x15\x85_h',b'\x8d\x15\x95\xcanj_\x11',2021.10.11.08.31.07_veh-50_01750_01948/MergedPointCloud/1eae647cad6b58be.pcd,1633942945199620
b'ont\x84\x93/P1',b'.s\xa6\xbfmr]\xb8',b'\x1e\xaed|\xadkX\xbe',b'M\xc0\xd3\xd5n\x06_^',b'h\xe3\x13@\x15\x85_h',b'\x8d\x15\x95\xcanj_\x11',2021.10.11.08.31.07_veh-50_01750_01948/MergedPointCloud/6f6e7484932f5031.pcd,1633942945249597
b'.s\xa6\xbfmr]\xb8',"b'\xa2""zx\x81\xc8_\xb8'",b'ont\x84\x93/P1',b'\xd2\xc5\x1c^\x1f\xd7Q\xe9',b'h\xe3\x13@\x15\x85_h',b'\x8d\x15\x95\xcanj_\x11',2021.10.11.08.31.07_veh-50_01750_01948/MergedPointCloud/2e73a6bf6d725db8.pcd,1633942945299577
"b'\xa2""zx\x81\xc8_\xb8'",b'7\x87\xb2ls\x88Y\xa9',b'.s\xa6\xbfmr]\xb8',b'X\xe5N\xab\xf2`P(',b'h\xe3\x13@\x15\x85_h',b'\x8d\x15\x95\xcanj_\x11',2021.10.11.08.31.07_veh-50_01750_01948/MergedPointCloud/a2227a7881c85fb8.pcd,1633942945349559
b'7\x87\xb2ls\x88Y\xa9',b'\xbc\xa3\x93\xfc\xac\x1dYp',"b'\xa2""zx\x81\xc8_\xb8'","b""H\x9c\x99\xac_'W\x9f""",b'h\xe3\x13@\x15\x85_h',b'\x8d\x15\x95\xcanj_\x11',2021.10.11.08.31.07_veh-50_01750_01948/MergedPointCloud/3787b26c738859a9.pcd,1633942945399542
b'\xbc\xa3\x93\xfc\xac\x1dYp',b'\x86|\xce\xf2$\xfc^\xf0',b'7\x87\xb2ls\x88Y\xa9',"b""w'A\x0e\xa9\xea_\xda""",b'h\xe3\x13@\x15\x85_h',b'\x8d\x15\x95\xcanj_\x11',2021.10.11.08.31.07_veh-50_01750_01948/MergedPointCloud/bca393fcac1d5970.pcd,1633942945449526
b'\x86|\xce\xf2$\xfc^\xf0',b'\xe7tOM\x905RY',b'\xbc\xa3\x93\xfc\xac\x1dYp',b'\xed?)|_4Z\x92',b'h\xe3\x13@\x15\x85_h',b'\x8d\x15\x95\xcanj_\x11',2021.10.11.08.31.07_veh-50_01750_01948/MergedPointCloud/867ccef224fc5ef0.pcd,1633942945499512
b'\xe7tOM\x905RY',b'z]\x97\xd2\x81\xeb]\xc1',b'\x86|\xce\xf2$\xfc^\xf0',b'\x16V\xd9Y\xbf\x07\\3',b'h\xe3\x13@\x15\x85_h',b'\x8d\x15\x95\xcanj_\x11',2021.10.11.08.31.07_veh-50_01750_01948/MergedPointCloud/e7744f4d90355259.pcd,1633942945549499
b'z]\x97\xd2\x81\xeb]\xc1',b'&:\x1cN\xa9=PM',b'\xe7tOM\x905RY',b'\x02v{O\xfd\xe3U\xe1',b'h\xe3\x13@\x15\x85_h',b'\x8d\x15\x95\xcanj_\x11',2021.10.11.08.31.07_veh-50_01750_01948/MergedPointCloud/7a5d97d281eb5dc1.pcd,1633942945599490
b'&:\x1cN\xa9=PM',b'\xf9\xaeukvC]+',b'z]\x97\xd2\x81\xeb]\xc1',b'Foj\x02\xb7\x0b_%',b'h\xe3\x13@\x15\x85_h',b'\x8d\x15\x95\xcanj_\x11',2021.10.11.08.31.07_veh-50_01750_01948/MergedPointCloud/263a1c4ea93d504d.pcd,1633942945649483
b'\xf9\xaeukvC]+',b'\x12w\x02R\xc46Up',b'&:\x1cN\xa9=PM',b'\x05\x93\xd0\x97\n?P*',b'h\xe3\x13@\x15\x85_h',b'\x8d\x15\x95\xcanj_\x11',2021.10.11.08.31.07_veh-50_01750_01948/MergedPointCloud/f9ae756b76435d2b.pcd,1633942945699484
b'\x12w\x02R\xc46Up',b'\xd37xw[\x93VV',b'\xf9\xaeukvC]+',b'\x11+\x95\xf6z\x0c_\x80',b'h\xe3\x13@\x15\x85_h',b'\x8d\x15\x95\xcanj_\x11',2021.10.11.08.31.07_veh-50_01750_01948/MergedPointCloud/12770252c4365570.pcd,1633942945749489
b'\xd37xw[\x93VV',b'\xd6}\xbeoo\xdaQ\xc3',b'\x12w\x02R\xc46Up',b'\xf9I\xbe\xf6\xd6\xe5_\x18',b'h\xe3\x13@\x15\x85_h',b'\x8d\x15\x95\xcanj_\x11',2021.10.11.08.31.07_veh-50_01750_01948/MergedPointCloud/d33778775b935656.pcd,1633942945799497
b'\xd6}\xbeoo\xdaQ\xc3',b'\xcc\x8e^\xe82t[>',b'\xd37xw[\x93VV',b'\xdd\xec\xe6\xb3\xdf}Xi',b'h\xe3\x13@\x15\x85_h',b'\x8d\x15\x95\xcanj_\x11',2021.10.11.08.31.07_veh-50_01750_01948/MergedPointCloud/d67dbe6f6fda51c3.pcd,1633942945849509
b'\xcc\x8e^\xe82t[>',b'\xdc:\x98\xc9\xbc\xdd_\xe3',b'\xd6}\xbeoo\xdaQ\xc3',b'\xc2\x81\xc0\xd0\xf9^T\xd9',b'h\xe3\x13@\x15\x85_h',b'\x8d\x15\x95\xcanj_\x11',2021.10.11.08.31.07_veh-50_01750_01948/MergedPointCloud/cc8e5ee832745b3e.pcd,1633942945899522
b'\xdc:\x98\xc9\xbc\xdd_\xe3',b'\xd0\xb6?\xb81\xf3UA',b'\xcc\x8e^\xe82t[>',b's\x08#\xc5\x98\xd5_\xca',b'h\xe3\x13@\x15\x85_h',b'\x8d\x15\x95\xcanj_\x11',2021.10.11.08.31.07_veh-50_01750_01948/MergedPointCloud/dc3a98c9bcdd5fe3.pcd,1633942945949534
b'\xd0\xb6?\xb81\xf3UA',b'\xef\xf1\x82G\xbf#V_',b'\xdc:\x98\xc9\xbc\xdd_\xe3',"b'\x0e\x83\xdaf\x9dn_,'",b'h\xe3\x13@\x15\x85_h',b'\x8d\x15\x95\xcanj_\x11',2021.10.11.08.31.07_veh-50_01750_01948/MergedPointCloud/d0b63fb831f35541.pcd,1633942945999549
b'\xef\xf1\x82G\xbf#V_',b'\xf1\x9f\x94W\xa83Xl',b'\xd0\xb6?\xb81\xf3UA',b'\xb6m\x8a\x10\x0f\xd8Y\xd2',b'h\xe3\x13@\x15\x85_h',b'\x8d\x15\x95\xcanj_\x11',2021.10.11.08.31.07_veh-50_01750_01948/MergedPointCloud/eff18247bf23565f.pcd,1633942946049567
b'\xf1\x9f\x94W\xa83Xl',b'\xbe\x96\x12\xff\x0c\xd9S\xc4',b'\xef\xf1\x82G\xbf#V_',"b'""\xd5[\x9c\x01oP\xfd'",b'h\xe3\x13@\x15\x85_h',b'\x8d\x15\x95\xcanj_\x11',2021.10.11.08.31.07_veh-50_01750_01948/MergedPointCloud/f19f9457a833586c.pcd,1633942946099588
b'\xbe\x96\x12\xff\x0c\xd9S\xc4',b'\x0c\xc82<\xc64^m',b'\xf1\x9f\x94W\xa83Xl',b'\x94\xe2\xeaN6\xa8ZT',b'h\xe3\x13@\x15\x85_h',b'\x8d\x15\x95\xcanj_\x11',2021.10.11.08.31.07_veh-50_01750_01948/MergedPointCloud/be9612ff0cd953c4.pcd,1633942946149609
b'\x0c\xc82<\xc64^m',"b'}""j%\xbf}Xn'",b'\xbe\x96\x12\xff\x0c\xd9S\xc4',b'\x16\x91\xb8@\x1djQ\xbe',b'h\xe3\x13@\x15\x85_h',b'\x8d\x15\x95\xcanj_\x11',2021.10.11.08.31.07_veh-50_01750_01948/MergedPointCloud/0cc8323cc6345e6d.pcd,1633942946199628
"b'}""j%\xbf}Xn'",b'l\x1b\xf8\x95\x0e\x90Qn',b'\x0c\xc82<\xc64^m',b'\x8c\xdbZ\xa8.\xa1QA',b'h\xe3\x13@\x15\x85_h',b'\x8d\x15\x95\xcanj_\x11',2021.10.11.08.31.07_veh-50_01750_01948/MergedPointCloud/7d226a25bf7d586e.pcd,1633942946249649
b'l\x1b\xf8\x95\x0e\x90Qn',b'.\x08\xc7\xbf\xe7dW:',"b'}""j%\xbf}Xn'",b'y\x1fLJ\xb9nZ\xf4',b'h\xe3\x13@\x15\x85_h',b'\x8d\x15\x95\xcanj_\x11',2021.10.11.08.31.07_veh-50_01750_01948/MergedPointCloud/6c1bf8950e90516e.pcd,1633942946299672
b'.\x08\xc7\xbf\xe7dW:',b'!-(\xb5)VU\x10',b'l\x1b\xf8\x95\x0e\x90Qn',b'plH\x104+Z\x0f',b'h\xe3\x13@\x15\x85_h',b'\x8d\x15\x95\xcanj_\x11',2021.10.11.08.31.07_veh-50_01750_01948/MergedPointCloud/2e08c7bfe764573a.pcd,1633942946349694
b'!-(\xb5)VU\x10',b'\xa8%\xf6#\x8b\xe7Uv',b'.\x08\xc7\xbf\xe7dW:',b'Y~\x19\xf6\xee-T\t',b'h\xe3\x13@\x15\x85_h',b'\x8d\x15\x95\xcanj_\x11',2021.10.11.08.31.07_veh-50_01750_01948/MergedPointCloud/212d28b529565510.pcd,1633942946399717
b'\xa8%\xf6#\x8b\xe7Uv',b'\x0b\xb1\xd5\xb8\xeb\xf0]\xb4',b'!-(\xb5)VU\x10',b'A\xcc\xbf\xf6lOS\xaf',b'h\xe3\x13@\x15\x85_h',b'\x8d\x15\x95\xcanj_\x11',2021.10.11.08.31.07_veh-50_01750_01948/MergedPointCloud/a825f6238be75576.pcd,1633942946449740
b'\x0b\xb1\xd5\xb8\xeb\xf0]\xb4',"b',\x991W)\xe8RQ'",b'\xa8%\xf6#\x8b\xe7Uv',b'j\xf3\xef\x81z\x81Z?',b'h\xe3\x13@\x15\x85_h',b'\x8d\x15\x95\xcanj_\x11',2021.10.11.08.31.07_veh-50_01750_01948/MergedPointCloud/0bb1d5b8ebf05db4.pcd,1633942946499762
"b',\x991W)\xe8RQ'",b'\xaf\x16\xcb\x9f\x90-W\xb0',b'\x0b\xb1\xd5\xb8\xeb\xf0]\xb4',b'V)\xb4bF\xe4Q:',b'h\xe3\x13@\x15\x85_h',b'\x8d\x15\x95\xcanj_\x11',2021.10.11.08.31.07_veh-50_01750_01948/MergedPointCloud/2c99315729e85251.pcd,1633942946549784
b'\xaf\x16\xcb\x9f\x90-W\xb0',"b""\x1c\x96'\x93\xf7mWK""","b',\x991W)\xe8RQ'",b'\x83&\x82\xc2{bQ\xb8',b'h\xe3\x13@\x15\x85_h',b'\x8d\x15\x95\xcanj_\x11',2021.10.11.08.31.07_veh-50_01750_01948/MergedPointCloud/af16cb9f902d57b0.pcd,1633942946599804
"b""\x1c\x96'\x93\xf7mWK""",b'\x9e\xfb\x18e\xe5\x0e[\x0c',b'\xaf\x16\xcb\x9f\x90-W\xb0',b'\xfd\xbaM\x10\xfdLQ3',b'h\xe3\x13@\x15\x85_h',b'\x8d\x15\x95\xcanj_\x11',2021.10.11.08.31.07_veh-50_01750_01948/MergedPointCloud/1c962793f76d574b.pcd,1633942946649823
b'\x9e\xfb\x18e\xe5\x0e[\x0c',b'\xe9\xb9\xb4c*\xbcS\xcf',"b""\x1c\x96'\x93\xf7mWK""",b'\x15\xa6\xe9\xe8\xea\xdcQG',b'h\xe3\x13@\x15\x85_h',b'\x8d\x15\x95\xcanj_\x11',2021.10.11.08.31.07_veh-50_01750_01948/MergedPointCloud/9efb1865e50e5b0c.pcd,1633942946699841
b'\xe9\xb9\xb4c*\xbcS\xcf',b'\x05\xa9\xae\x8b\x9d\xc3\\y',b'\x9e\xfb\x18e\xe5\x0e[\x0c',"b""\x02\xba'\x89\xd7cU\xb6""",b'h\xe3\x13@\x15\x85_h',b'\x8d\x15\x95\xcanj_\x11',2021.10.11.08.31.07_veh-50_01750_01948/MergedPointCloud/e9b9b4632abc53cf.pcd,1633942946749860
b'\x05\xa9\xae\x8b\x9d\xc3\\y',b'\xc8\xd4\x84$`\xf0]\xc2',b'\xe9\xb9\xb4c*\xbcS\xcf',b'\x80\x82X@wQV{',b'h\xe3\x13@\x15\x85_h',b'\x8d\x15\x95\xcanj_\x11',2021.10.11.08.31.07_veh-50_01750_01948/MergedPointCloud/05a9ae8b9dc35c79.pcd,1633942946799880
b'\xc8\xd4\x84$`\xf0]\xc2',b'\x1d\xb3\xa0%|\xbbRm',b'\x05\xa9\xae\x8b\x9d\xc3\\y',b'QUS\x84\xe9\x9dV\xc1',b'h\xe3\x13@\x15\x85_h',b'\x8d\x15\x95\xcanj_\x11',2021.10.11.08.31.07_veh-50_01750_01948/MergedPointCloud/c8d4842460f05dc2.pcd,1633942946849904
b'\x1d\xb3\xa0%|\xbbRm',b'8\xd3\x1a\xf7\x1cE_\x14',b'\xc8\xd4\x84$`\xf0]\xc2',b'\xf0\x0f\x16~\xcaG_\xc0',b'h\xe3\x13@\x15\x85_h',b'\x8d\x15\x95\xcanj_\x11',2021.10.11.08.31.07_veh-50_01750_01948/MergedPointCloud/1db3a0257cbb526d.pcd,1633942946899932
b'8\xd3\x1a\xf7\x1cE_\x14',b'\xa3\xd3\x0c\xff\x1d\x1eU\x8f',b'\x1d\xb3\xa0%|\xbbRm',b'x\xae\xf2kH%S\xd2',b'h\xe3\x13@\x15\x85_h',b'\x8d\x15\x95\xcanj_\x11',2021.10.11.08.31.07_veh-50_01750_01948/MergedPointCloud/38d31af71c455f14.pcd,1633942946949960
b'\xa3\xd3\x0c\xff\x1d\x1eU\x8f',b';\x12\xff\xfd\xc4\x16R\xb3',b'8\xd3\x1a\xf7\x1cE_\x14',"b'`=\x00r_\rT""'",b'h\xe3\x13@\x15\x85_h',b'\x8d\x15\x95\xcanj_\x11',2021.10.11.08.31.07_veh-50_01750_01948/MergedPointCloud/a3d30cff1d1e558f.pcd,1633942946999987
b';\x12\xff\xfd\xc4\x16R\xb3',b'\xe5\xdec\x85&\xf6S8',b'\xa3\xd3\x0c\xff\x1d\x1eU\x8f',b'K\\\xe4\xf2\xb2\xa7V\n',b'h\xe3\x13@\x15\x85_h',b'\x8d\x15\x95\xcanj_\x11',2021.10.11.08.31.07_veh-50_01750_01948/MergedPointCloud/3b12fffdc41652b3.pcd,1633942947050012
b'\xe5\xdec\x85&\xf6S8',b'\x02\xb2\x12Y>\xef]Q',b';\x12\xff\xfd\xc4\x16R\xb3',b'\x1c.\xc3\xd5x\xa8RH',b'h\xe3\x13@\x15\x85_h',b'\x8d\x15\x95\xcanj_\x11',2021.10.11.08.31.07_veh-50_01750_01948/MergedPointCloud/e5de638526f65338.pcd,1633942947100036
b'\x02\xb2\x12Y>\xef]Q',b'#:\x8e\xb0\xb8\x0eR\x9e',b'\xe5\xdec\x85&\xf6S8',b'#n\xc6d\xdb5V\xbe',b'h\xe3\x13@\x15\x85_h',b'\x8d\x15\x95\xcanj_\x11',2021.10.11.08.31.07_veh-50_01750_01948/MergedPointCloud/02b212593eef5d51.pcd,1633942947150058
b'#:\x8e\xb0\xb8\x0eR\x9e',b'\xb8\x08\x1c|\xe9\x18P\xbb',b'\x02\xb2\x12Y>\xef]Q',b'\xb61\x9e~\xd1;Q\\',b'h\xe3\x13@\x15\x85_h',b'\x8d\x15\x95\xcanj_\x11',2021.10.11.08.31.07_veh-50_01750_01948/MergedPointCloud/233a8eb0b80e529e.pcd,1633942947200077
b'\xb8\x08\x1c|\xe9\x18P\xbb',"b'""~\xcc\xa6t5W\x9b'",b'#:\x8e\xb0\xb8\x0eR\x9e',b'\xa6i\xf5x\xea\xefVJ',b'h\xe3\x13@\x15\x85_h',b'\x8d\x15\x95\xcanj_\x11',2021.10.11.08.31.07_veh-50_01750_01948/MergedPointCloud/b8081c7ce91850bb.pcd,1633942947250095
"b'""~\xcc\xa6t5W\x9b'",b'\xedKu\x0fz\xd1T\x0f',b'\xb8\x08\x1c|\xe9\x18P\xbb',b'\xd2v\x118)_TV',b'h\xe3\x13@\x15\x85_h',b'\x8d\x15\x95\xcanj_\x11',2021.10.11.08.31.07_veh-50_01750_01948/MergedPointCloud/227ecca67435579b.pcd,1633942947300107
b'\xedKu\x0fz\xd1T\x0f',b'F\xdb\xc1\xa3\xcd\xb5P\xb6',"b'""~\xcc\xa6t5W\x9b'",b'J\xdbLR\xaa\x8e_\x00',b'h\xe3\x13@\x15\x85_h',b'\x8d\x15\x95\xcanj_\x11',2021.10.11.08.31.07_veh-50_01750_01948/MergedPointCloud/ed4b750f7ad1540f.pcd,1633942947350109
b'F\xdb\xc1\xa3\xcd\xb5P\xb6',b'g<XD0k^\x96',b'\xedKu\x0fz\xd1T\x0f',b'\xaa\xbc`\x97\x7f3Xk',b'h\xe3\x13@\x15\x85_h',b'\x8d\x15\x95\xcanj_\x11',2021.10.11.08.31.07_veh-50_01750_01948/MergedPointCloud/46dbc1a3cdb550b6.pcd,1633942947400106
b'g<XD0k^\x96',b'@\x0e6u\xc9>U_',b'F\xdb\xc1\xa3\xcd\xb5P\xb6',b'=\xb0\xd8\xba\xa0\x98W\x87',b'h\xe3\x13@\x15\x85_h',b'\x8d\x15\x95\xcanj_\x11',2021.10.11.08.31.07_veh-50_01750_01948/MergedPointCloud/673c5844306b5e96.pcd,1633942947450098
b'@\x0e6u\xc9>U_',b'\xf3\x16/\xfb>*P3',b'g<XD0k^\x96',b'\x9f\xaa\xc76\xc9\xd6_\x96',b'h\xe3\x13@\x15\x85_h',b'\x8d\x15\x95\xcanj_\x11',2021.10.11.08.31.07_veh-50_01750_01948/MergedPointCloud/400e3675c93e555f.pcd,1633942947500085
b'\xf3\x16/\xfb>*P3',b'\xb4\xa0\xf46\x86\xbf_\xe3',b'@\x0e6u\xc9>U_',b'\xb4\x0ec\x99\xa7\xc6Wp',b'h\xe3\x13@\x15\x85_h',b'\x8d\x15\x95\xcanj_\x11',2021.10.11.08.31.07_veh-50_01750_01948/MergedPointCloud/f3162ffb3e2a5033.pcd,1633942947550068
b'\xb4\xa0\xf46\x86\xbf_\xe3',b'|\\7\x92\xaeRTg',b'\xf3\x16/\xfb>*P3',b'\xee\xea\x88\x06]\xd5R\xaf',b'h\xe3\x13@\x15\x85_h',b'\x8d\x15\x95\xcanj_\x11',2021.10.11.08.31.07_veh-50_01750_01948/MergedPointCloud/b4a0f43686bf5fe3.pcd,1633942947600047
b'|\\7\x92\xaeRTg',b'\xfc\x97\xe0\xf8>_]\x7f',b'\xb4\xa0\xf46\x86\xbf_\xe3',"b'\xca\xb2dE\rGW""'",b'h\xe3\x13@\x15\x85_h',b'\x8d\x15\x95\xcanj_\x11',2021.10.11.08.31.07_veh-50_01750_01948/MergedPointCloud/7c5c3792ae525467.pcd,1633942947650023
b'\xfc\x97\xe0\xf8>_]\x7f',b'\x0c\xce\x1b\x00_\xb4X\x08',b'|\\7\x92\xaeRTg',"b""\xd8'\x9d9\x98\xbfV\x7f""",b'h\xe3\x13@\x15\x85_h',b'\x8d\x15\x95\xcanj_\x11',2021.10.11.08.31.07_veh-50_01750_01948/MergedPointCloud/fc97e0f83e5f5d7f.pcd,1633942947699995
b'\x0c\xce\x1b\x00_\xb4X\x08',b'r\xc4\xc7\xbf\x06+T\xf5',b'\xfc\x97\xe0\xf8>_]\x7f',b')e\xee\xd7\xbeTW\xd6',b'h\xe3\x13@\x15\x85_h',b'\x8d\x15\x95\xcanj_\x11',2021.10.11.08.31.07_veh-50_01750_01948/MergedPointCloud/0cce1b005fb45808.pcd,1633942947749967
b'r\xc4\xc7\xbf\x06+T\xf5',b'b\x98\xde\xa93tW\x84',b'\x0c\xce\x1b\x00_\xb4X\x08',b'\xf2\xa0\xa6\xabD\xfdW\x10',b'h\xe3\x13@\x15\x85_h',b'\x8d\x15\x95\xcanj_\x11',2021.10.11.08.31.07_veh-50_01750_01948/MergedPointCloud/72c4c7bf062b54f5.pcd,1633942947799937
b'b\x98\xde\xa93tW\x84',b'\xe4J\xa7\xb3\x94!Q\xb6',b'r\xc4\xc7\xbf\x06+T\xf5',b'?z\xa4\xc2\xf4\xe8Z\xb8',b'h\xe3\x13@\x15\x85_h',b'\x8d\x15\x95\xcanj_\x11',2021.10.11.08.31.07_veh-50_01750_01948/MergedPointCloud/6298dea933745784.pcd,1633942947849910
b'\xe4J\xa7\xb3\x94!Q\xb6',b'\xf6\xb5{\x08\xc1\xb6U\xf1',b'b\x98\xde\xa93tW\x84',b'\xd7\xca\xbb\xd90LZ\x11',b'h\xe3\x13@\x15\x85_h',b'\x8d\x15\x95\xcanj_\x11',2021.10.11.08.31.07_veh-50_01750_01948/MergedPointCloud/e44aa7b3942151b6.pcd,1633942947899885
b'\xf6\xb5{\x08\xc1\xb6U\xf1',b'qt*\xc7kZ\\/',b'\xe4J\xa7\xb3\x94!Q\xb6',b'\xc0u<W\xadP^\xc7',b'h\xe3\x13@\x15\x85_h',b'\x8d\x15\x95\xcanj_\x11',2021.10.11.08.31.07_veh-50_01750_01948/MergedPointCloud/f6b57b08c1b655f1.pcd,1633942947949862
b'qt*\xc7kZ\\/',b'Rx\xee\x88\xef\x18U\xcd',b'\xf6\xb5{\x08\xc1\xb6U\xf1',b'^\xb7\xe0\xf8Z\xe5\\e',b'h\xe3\x13@\x15\x85_h',b'\x8d\x15\x95\xcanj_\x11',2021.10.11.08.31.07_veh-50_01750_01948/MergedPointCloud/71742ac76b5a5c2f.pcd,1633942947999838
b'Rx\xee\x88\xef\x18U\xcd',b'q\xde\xfaB\x9fpR\x08',b'qt*\xc7kZ\\/',b'z\x8dl\xd2\xd1&Z\x0c',b'h\xe3\x13@\x15\x85_h',b'\x8d\x15\x95\xcanj_\x11',2021.10.11.08.31.07_veh-50_01750_01948/MergedPointCloud/5278ee88ef1855cd.pcd,1633942948049815
b'q\xde\xfaB\x9fpR\x08',b'\xbaRF\xb1\x9d\xc9Pj',b'Rx\xee\x88\xef\x18U\xcd',b'=L\xc00\x1b\x14]\xce',b'h\xe3\x13@\x15\x85_h',b'\x8d\x15\x95\xcanj_\x11',2021.10.11.08.31.07_veh-50_01750_01948/MergedPointCloud/71defa429f705208.pcd,1633942948099793
b'\xbaRF\xb1\x9d\xc9Pj',b'4\x814\xb0\x13]Q\xee',b'q\xde\xfaB\x9fpR\x08',"b'9""\xefu\xdc#X\x98'",b'h\xe3\x13@\x15\x85_h',b'\x8d\x15\x95\xcanj_\x11',2021.10.11.08.31.07_veh-50_01750_01948/MergedPointCloud/ba5246b19dc9506a.pcd,1633942948149772
b'4\x814\xb0\x13]Q\xee',b'\xf6x/\xa8{\n]\x1e',b'\xbaRF\xb1\x9d\xc9Pj',b'%\xbc\t\xdaD:Py',b'h\xe3\x13@\x15\x85_h',b'\x8d\x15\x95\xcanj_\x11',2021.10.11.08.31.07_veh-50_01750_01948/MergedPointCloud/348134b0135d51ee.pcd,1633942948199752
b'\xf6x/\xa8{\n]\x1e',b'X\xf1\xbd0N\xc0Qs',b'4\x814\xb0\x13]Q\xee',b'W\xbe\xbb\xc0\xfb\xc1U\xac',b'h\xe3\x13@\x15\x85_h',b'\x8d\x15\x95\xcanj_\x11',2021.10.11.08.31.07_veh-50_01750_01948/MergedPointCloud/f6782fa87b0a5d1e.pcd,1633942948249733
b'X\xf1\xbd0N\xc0Qs',b'\r\xf6Y|$\t]>',b'\xf6x/\xa8{\n]\x1e',b'\x80}.\xf8Z0Q\x8c',b'h\xe3\x13@\x15\x85_h',b'\x8d\x15\x95\xcanj_\x11',2021.10.11.08.31.07_veh-50_01750_01948/MergedPointCloud/58f1bd304ec05173.pcd,1633942948299713
b'\r\xf6Y|$\t]>',b'q\xd0?4\x1c\x05Z\xcd',b'X\xf1\xbd0N\xc0Qs',b')\xfcUDf\x91^\xb0',b'h\xe3\x13@\x15\x85_h',b'\x8d\x15\x95\xcanj_\x11',2021.10.11.08.31.07_veh-50_01750_01948/MergedPointCloud/0df6597c24095d3e.pcd,1633942948349691
b'q\xd0?4\x1c\x05Z\xcd',b'\x13\x93\x04|\\\rX\xb8',b'\r\xf6Y|$\t]>',b'\xeak\x8a^\xf2\x16ZV',b'h\xe3\x13@\x15\x85_h',b'\x8d\x15\x95\xcanj_\x11',2021.10.11.08.31.07_veh-50_01750_01948/MergedPointCloud/71d03f341c055acd.pcd,1633942948399668
b'\x13\x93\x04|\\\rX\xb8',b'\xf3\xc8L\xbcr\xd4]\xa5',b'q\xd0?4\x1c\x05Z\xcd',b'\x1a%\x02\x94\x9d<]P',b'h\xe3\x13@\x15\x85_h',b'\x8d\x15\x95\xcanj_\x11',2021.10.11.08.31.07_veh-50_01750_01948/MergedPointCloud/1393047c5c0d58b8.pcd,1633942948449644
b'\xf3\xc8L\xbcr\xd4]\xa5',b'eLC_6uX/',b'\x13\x93\x04|\\\rX\xb8',b'\xb1\x8a4#\x1e\x9fP\x8d',b'h\xe3\x13@\x15\x85_h',b'\x8d\x15\x95\xcanj_\x11',2021.10.11.08.31.07_veh-50_01750_01948/MergedPointCloud/f3c84cbc72d45da5.pcd,1633942948499622
b'eLC_6uX/',b'F\xdcJHOJR\x9c',b'\xf3\xc8L\xbcr\xd4]\xa5',"b'""\x9aS\xaa\x07f^\xa1'",b'h\xe3\x13@\x15\x85_h',b'\x8d\x15\x95\xcanj_\x11',2021.10.11.08.31.07_veh-50_01750_01948/MergedPointCloud/654c435f3675582f.pcd,1633942948549601
b'F\xdcJHOJR\x9c',b'Q%\x0e\xa5#kUX',b'eLC_6uX/',b'fQ\x0e\x95\xdelX\xaf',b'h\xe3\x13@\x15\x85_h',b'\x8d\x15\x95\xcanj_\x11',2021.10.11.08.31.07_veh-50_01750_01948/MergedPointCloud/46dc4a484f4a529c.pcd,1633942948599579
b'Q%\x0e\xa5#kUX',b'pvB\xd6\x9f\xb0Z\x8d',b'F\xdcJHOJR\x9c',b'8\x94\x85\xe5\x16\x0bQ\x96',b'h\xe3\x13@\x15\x85_h',b'\x8d\x15\x95\xcanj_\x11',2021.10.11.08.31.07_veh-50_01750_01948/MergedPointCloud/51250ea5236b5558.pcd,1633942948649559
b'pvB\xd6\x9f\xb0Z\x8d',b'x\x1d+\x04\xb0lQi',b'Q%\x0e\xa5#kUX',b'\x190\xa0kJ\x1fUT',b'h\xe3\x13@\x15\x85_h',b'\x8d\x15\x95\xcanj_\x11',2021.10.11.08.31.07_veh-50_01750_01948/MergedPointCloud/707642d69fb05a8d.pcd,1633942948699538
b'x\x1d+\x04\xb0lQi',b'\x1d\x99(#\xafIS\x96',b'pvB\xd6\x9f\xb0Z\x8d',b']\x87.\x88d\xd9Tz',b'h\xe3\x13@\x15\x85_h',b'\x8d\x15\x95\xcanj_\x11',2021.10.11.08.31.07_veh-50_01750_01948/MergedPointCloud/781d2b04b06c5169.pcd,1633942948749516
b'\x1d\x99(#\xafIS\x96',b'\xe4\xae\x87\\3\xb0R\x0e',b'x\x1d+\x04\xb0lQi',b'\xd0E\x88c\xad\xa7X\xd0',b'h\xe3\x13@\x15\x85_h',b'\x8d\x15\x95\xcanj_\x11',2021.10.11.08.31.07_veh-50_01750_01948/MergedPointCloud/1d992823af495396.pcd,1633942948799490
b'\xe4\xae\x87\\3\xb0R\x0e',"b""\xa2`m\xabi\x8dR'""",b'\x1d\x99(#\xafIS\x96',b'\xf8\x05/v\xa1\x85\\\n',b'h\xe3\x13@\x15\x85_h',b'\x8d\x15\x95\xcanj_\x11',2021.10.11.08.31.07_veh-50_01750_01948/MergedPointCloud/e4ae875c33b0520e.pcd,1633942948849463
"b""\xa2`m\xabi\x8dR'""",b'z\x94\xcf\xf97/Z\x04',b'\xe4\xae\x87\\3\xb0R\x0e',b'\xb4\xd9\xaa\x95YZ_\xb0',b'h\xe3\x13@\x15\x85_h',b'\x8d\x15\x95\xcanj_\x11',2021.10.11.08.31.07_veh-50_01750_01948/MergedPointCloud/a2606dab698d5227.pcd,1633942948899437
b'z\x94\xcf\xf97/Z\x04',b'X\xc8\x94qq\xafS\x13',"b""\xa2`m\xabi\x8dR'""",b'y\x9e\xe3h;\xa6W.',b'h\xe3\x13@\x15\x85_h',b'\x8d\x15\x95\xcanj_\x11',2021.10.11.08.31.07_veh-50_01750_01948/MergedPointCloud/7a94cff9372f5a04.pcd,1633942948949412
b'X\xc8\x94qq\xafS\x13',b'\xa8\x0cR\xa1z\x8b^\r',b'z\x94\xcf\xf97/Z\x04',b'\x08\xeb\x90\x98xV_\xd4',b'h\xe3\x13@\x15\x85_h',b'\x8d\x15\x95\xcanj_\x11',2021.10.11.08.31.07_veh-50_01750_01948/MergedPointCloud/58c8947171af5313.pcd,1633942948999384
b'\xa8\x0cR\xa1z\x8b^\r',b'H?y\x1f\xb8>P\\',b'X\xc8\x94qq\xafS\x13',b'\xef\xdd\x8c\x00\x94\rR\xe8',b'h\xe3\x13@\x15\x85_h',b'\x8d\x15\x95\xcanj_\x11',2021.10.11.08.31.07_veh-50_01750_01948/MergedPointCloud/a80c52a17a8b5e0d.pcd,1633942949049356
b'H?y\x1f\xb8>P\\',b'\x86\xf0\x85\xf9\x96\x89[\xd2',b'\xa8\x0cR\xa1z\x8b^\r',b'XI9U\xbf\xd3S\xf2',b'h\xe3\x13@\x15\x85_h',b'\x8d\x15\x95\xcanj_\x11',2021.10.11.08.31.07_veh-50_01750_01948/MergedPointCloud/483f791fb83e505c.pcd,1633942949099328
b'\x86\xf0\x85\xf9\x96\x89[\xd2',b'GU\rW\xc1#T\r',b'H?y\x1f\xb8>P\\',b'\xdd\xacs\xbez\x99U\xe0',b'h\xe3\x13@\x15\x85_h',b'\x8d\x15\x95\xcanj_\x11',2021.10.11.08.31.07_veh-50_01750_01948/MergedPointCloud/86f085f996895bd2.pcd,1633942949149301
b'GU\rW\xc1#T\r',b'\x1b\x9f\xfeE1cZ\xbb',b'\x86\xf0\x85\xf9\x96\x89[\xd2',b'\ncb\xc5\xebdW\x9f',b'h\xe3\x13@\x15\x85_h',b'\x8d\x15\x95\xcanj_\x11',2021.10.11.08.31.07_veh-50_01750_01948/MergedPointCloud/47550d57c123540d.pcd,1633942949199276
b'\x1b\x9f\xfeE1cZ\xbb',b'<q\x10#\xb8\x0f]k',b'GU\rW\xc1#T\r',b'\xb5\x99\xef&\x1c\xa5S1',b'h\xe3\x13@\x15\x85_h',b'\x8d\x15\x95\xcanj_\x11',2021.10.11.08.31.07_veh-50_01750_01948/MergedPointCloud/1b9ffe4531635abb.pcd,1633942949249255
b'<q\x10#\xb8\x0f]k',"b'""{\x01\xac\xa6\xb1V\xae'",b'\x1b\x9f\xfeE1cZ\xbb',b'\xc9N5\xb1l\xacXl',b'h\xe3\x13@\x15\x85_h',b'\x8d\x15\x95\xcanj_\x11',2021.10.11.08.31.07_veh-50_01750_01948/MergedPointCloud/3c711023b80f5d6b.pcd,1633942949299235
"b'""{\x01\xac\xa6\xb1V\xae'",b'\xf2Mk<\xb2#[k',b'<q\x10#\xb8\x0f]k',b'{]\x94*\x81\xcdW\n',b'h\xe3\x13@\x15\x85_h',b'\x8d\x15\x95\xcanj_\x11',2021.10.11.08.31.07_veh-50_01750_01948/MergedPointCloud/227b01aca6b156ae.pcd,1633942949349221
b'\xf2Mk<\xb2#[k',b'\xeb\xef\xf5\x07dMV\xf3',"b'""{\x01\xac\xa6\xb1V\xae'","b'l""b\xf4\xad\xa7[['",b'h\xe3\x13@\x15\x85_h',b'\x8d\x15\x95\xcanj_\x11',2021.10.11.08.31.07_veh-50_01750_01948/MergedPointCloud/f24d6b3cb2235b6b.pcd,1633942949399213
b'\xeb\xef\xf5\x07dMV\xf3',b'\xfe\x0f(\xbe\xfb\x1a\\4',b'\xf2Mk<\xb2#[k',b'\xa5\x0b\x17d\x9aL\\\x12',b'h\xe3\x13@\x15\x85_h',b'\x8d\x15\x95\xcanj_\x11',2021.10.11.08.31.07_veh-50_01750_01948/MergedPointCloud/ebeff507644d56f3.pcd,1633942949449210
b'\xfe\x0f(\xbe\xfb\x1a\\4',b'\x8ez\xe2}/\xebY\xdd',b'\xeb\xef\xf5\x07dMV\xf3',b'\xeb\xfd\xf6\xd7O\xddS8',b'h\xe3\x13@\x15\x85_h',b'\x8d\x15\x95\xcanj_\x11',2021.10.11.08.31.07_veh-50_01750_01948/MergedPointCloud/fe0f28befb1a5c34.pcd,1633942949499212
b'\x8ez\xe2}/\xebY\xdd',"b'""\xa2\x99 \x8c\xfa]\xc9'",b'\xfe\x0f(\xbe\xfb\x1a\\4',b'\xe6\x80;\xb3q#[\x14',b'h\xe3\x13@\x15\x85_h',b'\x8d\x15\x95\xcanj_\x11',2021.10.11.08.31.07_veh-50_01750_01948/MergedPointCloud/8e7ae27d2feb59dd.pcd,1633942949549219
"b'""\xa2\x99 \x8c\xfa]\xc9'",b'\xdf\x04q\xf0\x13\x01S\xf4',b'\x8ez\xe2}/\xebY\xdd',b'\xe5\xf7E\x83\x17\xc5S\xef',b'h\xe3\x13@\x15\x85_h',b'\x8d\x15\x95\xcanj_\x11',2021.10.11.08.31.07_veh-50_01750_01948/MergedPointCloud/22a299208cfa5dc9.pcd,1633942949599229
b'\xdf\x04q\xf0\x13\x01S\xf4',b'\xab\xa2\xce\x98rmS\xd5',"b'""\xa2\x99 \x8c\xfa]\xc9'","b'3\x9eq\xe0\xf2\x14]""'",b'h\xe3\x13@\x15\x85_h',b'\x8d\x15\x95\xcanj_\x11',2021.10.11.08.31.07_veh-50_01750_01948/MergedPointCloud/df0471f0130153f4.pcd,1633942949649245
b'\xab\xa2\xce\x98rmS\xd5',b'0\x02\x91D\xec\x82P2',b'\xdf\x04q\xf0\x13\x01S\xf4',"b'7eo\x9f\x18""UH'",b'h\xe3\x13@\x15\x85_h',b'\x8d\x15\x95\xcanj_\x11',2021.10.11.08.31.07_veh-50_01750_01948/MergedPointCloud/aba2ce98726d53d5.pcd,1633942949699269
b'0\x02\x91D\xec\x82P2',b'\xbb\xb5\xac\xba\xdcnS\xdc',b'\xab\xa2\xce\x98rmS\xd5',b'\xcd\x81\xf2\\R\xc3Um',b'h\xe3\x13@\x15\x85_h',b'\x8d\x15\x95\xcanj_\x11',2021.10.11.08.31.07_veh-50_01750_01948/MergedPointCloud/30029144ec825032.pcd,1633942949749297
b'\xbb\xb5\xac\xba\xdcnS\xdc',b'\x96\xa7\x81\xd4\xbf\x16^\x1d',b'0\x02\x91D\xec\x82P2',b'\xd9\x99\xf2\xab\xe6\xa0V}',b'h\xe3\x13@\x15\x85_h',b'\x8d\x15\x95\xcanj_\x11',2021.10.11.08.31.07_veh-50_01750_01948/MergedPointCloud/bbb5acbadc6e53dc.pcd,1633942949799326
b'\x96\xa7\x81\xd4\xbf\x16^\x1d',b'\x02\xa3\x9eJ\xf3\x9fQ+',b'\xbb\xb5\xac\xba\xdcnS\xdc',b't^\xb3\xe4\x8f\xc1Y\xb3',b'h\xe3\x13@\x15\x85_h',b'\x8d\x15\x95\xcanj_\x11',2021.10.11.08.31.07_veh-50_01750_01948/MergedPointCloud/96a781d4bf165e1d.pcd,1633942949849357
b'\x02\xa3\x9eJ\xf3\x9fQ+',b'\xd8I\x91\xcb\xe7\x0eWi',b'\x96\xa7\x81\xd4\xbf\x16^\x1d',b'u=A\x1d\xac[T\x85',b'h\xe3\x13@\x15\x85_h',b'\x8d\x15\x95\xcanj_\x11',2021.10.11.08.31.07_veh-50_01750_01948/MergedPointCloud/02a39e4af39f512b.pcd,1633942949899390
b'\xd8I\x91\xcb\xe7\x0eWi',b'\x86\xc8\x8a\xfa\xa0\xb8V\xf9',b'\x02\xa3\x9eJ\xf3\x9fQ+',b'f\xe0\xe3\xa3\xeak\\\xed',b'h\xe3\x13@\x15\x85_h',b'\x8d\x15\x95\xcanj_\x11',2021.10.11.08.31.07_veh-50_01750_01948/MergedPointCloud/d84991cbe70e5769.pcd,1633942949949428
b'\x86\xc8\x8a\xfa\xa0\xb8V\xf9',b'\xe5\x96\x9a\xbc\xba\xcfX/',b'\xd8I\x91\xcb\xe7\x0eWi',b'c\xc9<b\xce>S\x10',b'h\xe3\x13@\x15\x85_h',b'\x8d\x15\x95\xcanj_\x11',2021.10.11.08.31.07_veh-50_01750_01948/MergedPointCloud/86c88afaa0b856f9.pcd,1633942949999471
b'\xe5\x96\x9a\xbc\xba\xcfX/',b'\x12$/a\xe8\x82S0',b'\x86\xc8\x8a\xfa\xa0\xb8V\xf9',b'P\xcb\xc59\xda\xc1]\xa0',b'h\xe3\x13@\x15\x85_h',b'\x8d\x15\x95\xcanj_\x11',2021.10.11.08.31.07_veh-50_01750_01948/MergedPointCloud/e5969abcbacf582f.pcd,1633942950049519
b'\x12$/a\xe8\x82S0',b'PIr\xb5\x038]0',b'\xe5\x96\x9a\xbc\xba\xcfX/',b'FUQ\x0f\xb0OZ\x08',b'h\xe3\x13@\x15\x85_h',b'\x8d\x15\x95\xcanj_\x11',2021.10.11.08.31.07_veh-50_01750_01948/MergedPointCloud/12242f61e8825330.pcd,1633942950099569
b'PIr\xb5\x038]0',b'\x9d\xbcv\x0ed\nW\xd6',b'\x12$/a\xe8\x82S0',b'\xc6\xafI\xfc\xb8JR\xf5',b'h\xe3\x13@\x15\x85_h',b'\x8d\x15\x95\xcanj_\x11',2021.10.11.08.31.07_veh-50_01750_01948/MergedPointCloud/504972b503385d30.pcd,1633942950149621
b'\x9d\xbcv\x0ed\nW\xd6',"b'\x84_\xea,^\xae[C'",b'PIr\xb5\x038]0',b'3\xcb\x1a\xe2\xd3\xccS\xb5',b'h\xe3\x13@\x15\x85_h',b'\x8d\x15\x95\xcanj_\x11',2021.10.11.08.31.07_veh-50_01750_01948/MergedPointCloud/9dbc760e640a57d6.pcd,1633942950199673
"b'\x84_\xea,^\xae[C'",b'\xefA\xf1B\x1c\x8fY=',b'\x9d\xbcv\x0ed\nW\xd6',b' \xc9\x83\xc6\x8ayT+',b'h\xe3\x13@\x15\x85_h',b'\x8d\x15\x95\xcanj_\x11',2021.10.11.08.31.07_veh-50_01750_01948/MergedPointCloud/845fea2c5eae5b43.pcd,1633942950249725
b'\xefA\xf1B\x1c\x8fY=',"b'p""lvdb[\xb2'","b'\x84_\xea,^\xae[C'",b'\x97\xb1\xb6\xa0\xf1?U\x1f',b'h\xe3\x13@\x15\x85_h',b'\x8d\x15\x95\xcanj_\x11',2021.10.11.08.31.07_veh-50_01750_01948/MergedPointCloud/ef41f1421c8f593d.pcd,1633942950299776
"b'p""lvdb[\xb2'",b'KG\x07\xe8\x04\x11Q\xfe',b'\xefA\xf1B\x1c\x8fY=',"b'z\xebG\xd2\xa0""Q\xbb'",b'h\xe3\x13@\x15\x85_h',b'\x8d\x15\x95\xcanj_\x11',2021.10.11.08.31.07_veh-50_01750_01948/MergedPointCloud/70226c7664625bb2.pcd,1633942950349825
b'KG\x07\xe8\x04\x11Q\xfe',b'\xc7P\xe2\x19\xde\xef]`',"b'p""lvdb[\xb2'",b'ARlF\xa1IQ\xd7',b'h\xe3\x13@\x15\x85_h',b'\x8d\x15\x95\xcanj_\x11',2021.10.11.08.31.07_veh-50_01750_01948/MergedPointCloud/4b4707e8041151fe.pcd,1633942950399871
b'\xc7P\xe2\x19\xde\xef]`',b'\x19\x04B\x81im]K',b'KG\x07\xe8\x04\x11Q\xfe',b'7\x18\xad\xeb\xaa\xdaX3',b'h\xe3\x13@\x15\x85_h',b'\x8d\x15\x95\xcanj_\x11',2021.10.11.08.31.07_veh-50_01750_01948/MergedPointCloud/c750e219deef5d60.pcd,1633942950449917
b'\x19\x04B\x81im]K',b'\x9ee\xa6\x8a\xff\x87^Q',b'\xc7P\xe2\x19\xde\xef]`',"b'\x99^\xf6\\,HSr'",b'h\xe3\x13@\x15\x85_h',b'\x8d\x15\x95\xcanj_\x11',2021.10.11.08.31.07_veh-50_01750_01948/MergedPointCloud/19044281696d5d4b.pcd,1633942950499961
b'\x9ee\xa6\x8a\xff\x87^Q',"b""\xd0\x9e*\xae\x14'R\xb1""",b'\x19\x04B\x81im]K',b'\xdf\xa7\xe0\x82\x1b\xbbW\xe6',b'h\xe3\x13@\x15\x85_h',b'\x8d\x15\x95\xcanj_\x11',2021.10.11.08.31.07_veh-50_01750_01948/MergedPointCloud/9e65a68aff875e51.pcd,1633942950550002
"b""\xd0\x9e*\xae\x14'R\xb1""",b'\x80:\xd9!\x9fJ[\x8b',b'\x9ee\xa6\x8a\xff\x87^Q',b'1\x94\xef}\x1f\xc7\\(',b'h\xe3\x13@\x15\x85_h',b'\x8d\x15\x95\xcanj_\x11',2021.10.11.08.31.07_veh-50_01750_01948/MergedPointCloud/d09e2aae142752b1.pcd,1633942950600044
b'\x80:\xd9!\x9fJ[\x8b',b'\tqq-DmY\xf5',"b""\xd0\x9e*\xae\x14'R\xb1""",b'\xcbgN<l\xcfXq',b'h\xe3\x13@\x15\x85_h',b'\x8d\x15\x95\xcanj_\x11',2021.10.11.08.31.07_veh-50_01750_01948/MergedPointCloud/803ad9219f4a5b8b.pcd,1633942950650087
b'\tqq-DmY\xf5',b'XY\xf7\xa6\x1b=]e',b'\x80:\xd9!\x9fJ[\x8b',b'B\x18\x06}n\x9d[\xe2',b'h\xe3\x13@\x15\x85_h',b'\x8d\x15\x95\xcanj_\x11',2021.10.11.08.31.07_veh-50_01750_01948/MergedPointCloud/0971712d446d59f5.pcd,1633942950700130
b'XY\xf7\xa6\x1b=]e',b'Y\xa8=\xa7\xd4\xb6Y\x1d',b'\tqq-DmY\xf5',b'\ro\x10\xc7\xf7\xf4Q\xf0',b'h\xe3\x13@\x15\x85_h',b'\x8d\x15\x95\xcanj_\x11',2021.10.11.08.31.07_veh-50_01750_01948/MergedPointCloud/5859f7a61b3d5d65.pcd,1633942950750174
b'Y\xa8=\xa7\xd4\xb6Y\x1d',b'\xe3z\xc9t\xfd\x8fT\x90',b'XY\xf7\xa6\x1b=]e',b'5_\xfcD\xd4\xbcX\xeb',b'h\xe3\x13@\x15\x85_h',b'\x8d\x15\x95\xcanj_\x11',2021.10.11.08.31.07_veh-50_01750_01948/MergedPointCloud/59a83da7d4b6591d.pcd,1633942950800217
b'\xe3z\xc9t\xfd\x8fT\x90',b'\xf9{<\xa0\xb4\xcdV\xb5',b'Y\xa8=\xa7\xd4\xb6Y\x1d',b'\t\xa9\xe2\x98\x0c\xdb_\x97',b'h\xe3\x13@\x15\x85_h',b'\x8d\x15\x95\xcanj_\x11',2021.10.11.08.31.07_veh-50_01750_01948/MergedPointCloud/e37ac974fd8f5490.pcd,1633942950850262
b'\xf9{<\xa0\xb4\xcdV\xb5',b'B?~\xc0\xc2\x11UJ',b'\xe3z\xc9t\xfd\x8fT\x90',b'\xd7=\tx\xa7\xd5Uv',b'h\xe3\x13@\x15\x85_h',b'\x8d\x15\x95\xcanj_\x11',2021.10.11.08.31.07_veh-50_01750_01948/MergedPointCloud/f97b3ca0b4cd56b5.pcd,1633942950900309
b'B?~\xc0\xc2\x11UJ',b'L\x12~&\x8d\x80Y=',b'\xf9{<\xa0\xb4\xcdV\xb5',b'\x1f\xc9\xbc\x8a\xbem]|',b'h\xe3\x13@\x15\x85_h',b'\x8d\x15\x95\xcanj_\x11',2021.10.11.08.31.07_veh-50_01750_01948/MergedPointCloud/423f7ec0c211554a.pcd,1633942950950361
b'L\x12~&\x8d\x80Y=',b'yz-je{Ta',b'B?~\xc0\xc2\x11UJ',b'7[\xed\x93\x81\x8cR\xbb',b'h\xe3\x13@\x15\x85_h',b'\x8d\x15\x95\xcanj_\x11',2021.10.11.08.31.07_veh-50_01750_01948/MergedPointCloud/4c127e268d80593d.pcd,1633942951000414
b'yz-je{Ta',b'#\x0el\xc3\xc86W\x88',b'L\x12~&\x8d\x80Y=',b'\\\xbc\xdf\xe3\xd1\x87S\xbb',b'h\xe3\x13@\x15\x85_h',b'\x8d\x15\x95\xcanj_\x11',2021.10.11.08.31.07_veh-50_01750_01948/MergedPointCloud/797a2d6a657b5461.pcd,1633942951050467
b'#\x0el\xc3\xc86W\x88',b'\xde\xcdQ@!\xeeW\xbe',b'yz-je{Ta',b'\xbe\xbe\x96}i\xbePe',b'h\xe3\x13@\x15\x85_h',b'\x8d\x15\x95\xcanj_\x11',2021.10.11.08.31.07_veh-50_01750_01948/MergedPointCloud/230e6cc3c8365788.pcd,1633942951100517
b'\xde\xcdQ@!\xeeW\xbe',b'\xd7\xce\xf2#\xef\x03W\xf6',b'#\x0el\xc3\xc86W\x88',b'\x0c\x94o\rP\x06[y',b'h\xe3\x13@\x15\x85_h',b'\x8d\x15\x95\xcanj_\x11',2021.10.11.08.31.07_veh-50_01750_01948/MergedPointCloud/decd514021ee57be.pcd,1633942951150563
b'\xd7\xce\xf2#\xef\x03W\xf6',b'e\xfc$>\xcbY^\xdf',b'\xde\xcdQ@!\xeeW\xbe',b'+c\xfdl\xa8\xd9R\x04',b'h\xe3\x13@\x15\x85_h',b'\x8d\x15\x95\xcanj_\x11',2021.10.11.08.31.07_veh-50_01750_01948/MergedPointCloud/d7cef223ef0357f6.pcd,1633942951200601
b'e\xfc$>\xcbY^\xdf',b'Q%+=:\xe9WG',b'\xd7\xce\xf2#\xef\x03W\xf6',b'\xf3`\xa0\x91[\xefSX',b'h\xe3\x13@\x15\x85_h',b'\x8d\x15\x95\xcanj_\x11',2021.10.11.08.31.07_veh-50_01750_01948/MergedPointCloud/65fc243ecb595edf.pcd,1633942951250633
b'Q%+=:\xe9WG',b'\xc4-\xf9P\xf2\x91Z:',b'e\xfc$>\xcbY^\xdf',b'\xaa\x1fHu\x9e\xd9^i',b'h\xe3\x13@\x15\x85_h',b'\x8d\x15\x95\xcanj_\x11',2021.10.11.08.31.07_veh-50_01750_01948/MergedPointCloud/51252b3d3ae95747.pcd,1633942951300658
b'\xc4-\xf9P\xf2\x91Z:',b'N?\x84N&ISJ',b'Q%+=:\xe9WG',b'\rX5\xca:AQ\x1e',b'h\xe3\x13@\x15\x85_h',b'\x8d\x15\x95\xcanj_\x11',2021.10.11.08.31.07_veh-50_01750_01948/MergedPointCloud/c42df950f2915a3a.pcd,1633942951350675
b'N?\x84N&ISJ',b'\xe6T\x8a\xb6\x10\xa4Ti',b'\xc4-\xf9P\xf2\x91Z:',b'\xb1|\xe8\x1a\xbd\xee]\n',b'h\xe3\x13@\x15\x85_h',b'\x8d\x15\x95\xcanj_\x11',2021.10.11.08.31.07_veh-50_01750_01948/MergedPointCloud/4e3f844e2649534a.pcd,1633942951400684
b'\xe6T\x8a\xb6\x10\xa4Ti',b'\x024b\xb4w\x1d]P',b'N?\x84N&ISJ',b'\xdb\xe5\x8e\x83q\xb9P\xcd',b'h\xe3\x13@\x15\x85_h',b'\x8d\x15\x95\xcanj_\x11',2021.10.11.08.31.07_veh-50_01750_01948/MergedPointCloud/e6548ab610a45469.pcd,1633942951450689
b'\x024b\xb4w\x1d]P',b'\xdf\xa0\xe4SS\x1dX)',b'\xe6T\x8a\xb6\x10\xa4Ti',b'?\x8a\xd7IC9]}',b'h\xe3\x13@\x15\x85_h',b'\x8d\x15\x95\xcanj_\x11',2021.10.11.08.31.07_veh-50_01750_01948/MergedPointCloud/023462b4771d5d50.pcd,1633942951500691
b'\xdf\xa0\xe4SS\x1dX)',b'\x99\xb7\x9b\x96\x9d\x9eT\x19',b'\x024b\xb4w\x1d]P',b'\xd0.t\xe5N\x03S\xb7',b'h\xe3\x13@\x15\x85_h',b'\x8d\x15\x95\xcanj_\x11',2021.10.11.08.31.07_veh-50_01750_01948/MergedPointCloud/dfa0e453531d5829.pcd,1633942951550689
b'\x99\xb7\x9b\x96\x9d\x9eT\x19',b'\x0c\x07\x8d\xc0\x9d\xe8[/',b'\xdf\xa0\xe4SS\x1dX)',b'\x9c\xc8\xde\xb1!\xcb\\\xdf',b'h\xe3\x13@\x15\x85_h',b'\x8d\x15\x95\xcanj_\x11',2021.10.11.08.31.07_veh-50_01750_01948/MergedPointCloud/99b79b969d9e5419.pcd,1633942951600680
b'\x0c\x07\x8d\xc0\x9d\xe8[/',"b'\x9d\xf0\x8aF&""W\xb2'",b'\x99\xb7\x9b\x96\x9d\x9eT\x19',b'\xd6\xe5\xde\x81K\xebZ\x80',b'h\xe3\x13@\x15\x85_h',b'\x8d\x15\x95\xcanj_\x11',2021.10.11.08.31.07_veh-50_01750_01948/MergedPointCloud/0c078dc09de85b2f.pcd,1633942951650668
"b'\x9d\xf0\x8aF&""W\xb2'",b'[\xefZ\x8f\x0b<\\\xda',b'\x0c\x07\x8d\xc0\x9d\xe8[/',"b'G""\xb8\xd9\x99jQ\xb1'",b'h\xe3\x13@\x15\x85_h',b'\x8d\x15\x95\xcanj_\x11',2021.10.11.08.31.07_veh-50_01750_01948/MergedPointCloud/9df08a46262257b2.pcd,1633942951700651
b'[\xefZ\x8f\x0b<\\\xda',b'B\xe4q\xaf\xa7\x87ZV',"b'\x9d\xf0\x8aF&""W\xb2'",b'P\xc0[\xe8\xb1\x9dY%',b'h\xe3\x13@\x15\x85_h',b'\x8d\x15\x95\xcanj_\x11',2021.10.11.08.31.07_veh-50_01750_01948/MergedPointCloud/5bef5a8f0b3c5cda.pcd,1633942951750631
b'B\xe4q\xaf\xa7\x87ZV',"b'\xb0\x92Kn\xab+Z""'",b'[\xefZ\x8f\x0b<\\\xda',b'\xc5;7a\xe6\xf4R\x8d',b'h\xe3\x13@\x15\x85_h',b'\x8d\x15\x95\xcanj_\x11',2021.10.11.08.31.07_veh-50_01750_01948/MergedPointCloud/42e471afa7875a56.pcd,1633942951800607
"b'\xb0\x92Kn\xab+Z""'",b'\xb8 o\xca8\xb7R\x85',b'B\xe4q\xaf\xa7\x87ZV',b'\xdd\x969\xa8\x84\xc5YH',b'h\xe3\x13@\x15\x85_h',b'\x8d\x15\x95\xcanj_\x11',2021.10.11.08.31.07_veh-50_01750_01948/MergedPointCloud/b0924b6eab2b5a22.pcd,1633942951850583
b'\xb8 o\xca8\xb7R\x85',b's\xa7\xdf\x91S\xd3\\\x9c',"b'\xb0\x92Kn\xab+Z""'",b'\xb1B7\x82\xafgY\xda',b'h\xe3\x13@\x15\x85_h',b'\x8d\x15\x95\xcanj_\x11',2021.10.11.08.31.07_veh-50_01750_01948/MergedPointCloud/b8206fca38b75285.pcd,1633942951900557
b's\xa7\xdf\x91S\xd3\\\x9c',b'\xaa\xf1i\xe1#\x91S^',b'\xb8 o\xca8\xb7R\x85',b'\x13\x10;\x1d=aV\xa7',b'h\xe3\x13@\x15\x85_h',b'\x8d\x15\x95\xcanj_\x11',2021.10.11.08.31.07_veh-50_01750_01948/MergedPointCloud/73a7df9153d35c9c.pcd,1633942951950531
b'\xaa\xf1i\xe1#\x91S^',b'Q\x94\xdd3f\xcd^\x08',b's\xa7\xdf\x91S\xd3\\\x9c',b'\xd9\xbbS&\xb1:P\xab',b'h\xe3\x13@\x15\x85_h',b'\x8d\x15\x95\xcanj_\x11',2021.10.11.08.31.07_veh-50_01750_01948/MergedPointCloud/aaf169e12391535e.pcd,1633942952000509
b'Q\x94\xdd3f\xcd^\x08',b'\xbad\xd7\x89\x1b\xbfWC',b'\xaa\xf1i\xe1#\x91S^',b'\x1e8\xe2\xc3c\xfeW\x10',b'h\xe3\x13@\x15\x85_h',b'\x8d\x15\x95\xcanj_\x11',2021.10.11.08.31.07_veh-50_01750_01948/MergedPointCloud/5194dd3366cd5e08.pcd,1633942952050491
b'\xbad\xd7\x89\x1b\xbfWC',b'\x08\x99\x19\xb3\xad\x00\\\x9a',b'Q\x94\xdd3f\xcd^\x08',"b""'\xd0\xa9\x7f\xc2\x00_\x05""",b'h\xe3\x13@\x15\x85_h',b'\x8d\x15\x95\xcanj_\x11',2021.10.11.08.31.07_veh-50_01750_01948/MergedPointCloud/ba64d7891bbf5743.pcd,1633942952100475
b'\x08\x99\x19\xb3\xad\x00\\\x9a',b'@\x12n\xac\x19wU\xf0',b'\xbad\xd7\x89\x1b\xbfWC',b'\xc6<\x92\x95\x96-_\xa9',b'h\xe3\x13@\x15\x85_h',b'\x8d\x15\x95\xcanj_\x11',2021.10.11.08.31.07_veh-50_01750_01948/MergedPointCloud/089919b3ad005c9a.pcd,1633942952150465
b'@\x12n\xac\x19wU\xf0',b' \xc4\xe9\x948\x7fX\x03',b'\x08\x99\x19\xb3\xad\x00\\\x9a',b'\xc1\x84M\x07\xa4\xd8W\xf8',b'h\xe3\x13@\x15\x85_h',b'\x8d\x15\x95\xcanj_\x11',2021.10.11.08.31.07_veh-50_01750_01948/MergedPointCloud/40126eac197755f0.pcd,1633942952200459
b' \xc4\xe9\x948\x7fX\x03',b'xQ/\xb3\x9d\xc9X\xe1',b'@\x12n\xac\x19wU\xf0',b'\xf5\x7fJ?\xe3$Z\xf1',b'h\xe3\x13@\x15\x85_h',b'\x8d\x15\x95\xcanj_\x11',2021.10.11.08.31.07_veh-50_01750_01948/MergedPointCloud/20c4e994387f5803.pcd,1633942952250459
b'xQ/\xb3\x9d\xc9X\xe1',b'\xf1\xba\x0f\xdf}^X)',b' \xc4\xe9\x948\x7fX\x03',b'\xa4P=\xda\x826]\xa7',b'h\xe3\x13@\x15\x85_h',b'\x8d\x15\x95\xcanj_\x11',2021.10.11.08.31.07_veh-50_01750_01948/MergedPointCloud/78512fb39dc958e1.pcd,1633942952300461
b'\xf1\xba\x0f\xdf}^X)',b'\xc8\x83\xd7\x11\x9e?T\xae',b'xQ/\xb3\x9d\xc9X\xe1',b'\x8f\x0cn\xf1;\xb1T\xda',b'h\xe3\x13@\x15\x85_h',b'\x8d\x15\x95\xcanj_\x11',2021.10.11.08.31.07_veh-50_01750_01948/MergedPointCloud/f1ba0fdf7d5e5829.pcd,1633942952350466
b'\xc8\x83\xd7\x11\x9e?T\xae',b'h\xca~\xf6\xaba\\>',b'\xf1\xba\x0f\xdf}^X)',b'e\x9b\x12\x1d\x98DZ\x19',b'h\xe3\x13@\x15\x85_h',b'\x8d\x15\x95\xcanj_\x11',2021.10.11.08.31.07_veh-50_01750_01948/MergedPointCloud/c883d7119e3f54ae.pcd,1633942952400470
b'h\xca~\xf6\xaba\\>',b'\x1e\x01\xe2g\xc6\xcfS\xbb',b'\xc8\x83\xd7\x11\x9e?T\xae',b';\xfbd6l\n\\\xfa',b'h\xe3\x13@\x15\x85_h',b'\x8d\x15\x95\xcanj_\x11',2021.10.11.08.31.07_veh-50_01750_01948/MergedPointCloud/68ca7ef6ab615c3e.pcd,1633942952450475
b'\x1e\x01\xe2g\xc6\xcfS\xbb',b'\xfb\xf6\x89\xd9\x95T^\xa6',b'h\xca~\xf6\xaba\\>',b'~\xb0\xe5(R\xb3Ph',b'h\xe3\x13@\x15\x85_h',b'\x8d\x15\x95\xcanj_\x11',2021.10.11.08.31.07_veh-50_01750_01948/MergedPointCloud/1e01e267c6cf53bb.pcd,1633942952500478
b'\xfb\xf6\x89\xd9\x95T^\xa6',b'A3X\xce\x95f_\xba',b'\x1e\x01\xe2g\xc6\xcfS\xbb',"b'o""\x1d\n4\xfc[\xba'",b'h\xe3\x13@\x15\x85_h',b'\x8d\x15\x95\xcanj_\x11',2021.10.11.08.31.07_veh-50_01750_01948/MergedPointCloud/fbf689d995545ea6.pcd,1633942952550478
b'A3X\xce\x95f_\xba',b'C\xac9\x03\x8b0P\xea',b'\xfb\xf6\x89\xd9\x95T^\xa6',b'\xfe\x85\x81\x1e\x17\rP\xc7',b'h\xe3\x13@\x15\x85_h',b'\x8d\x15\x95\xcanj_\x11',2021.10.11.08.31.07_veh-50_01750_01948/MergedPointCloud/413358ce95665fba.pcd,1633942952600480
b'C\xac9\x03\x8b0P\xea',"b'\xaa\xd3R\\\r\xb1V,'",b'A3X\xce\x95f_\xba',b'\xf8X}[\xb1\x98T\xb9',b'h\xe3\x13@\x15\x85_h',b'\x8d\x15\x95\xcanj_\x11',2021.10.11.08.31.07_veh-50_01750_01948/MergedPointCloud/43ac39038b3050ea.pcd,1633942952650484
"b'\xaa\xd3R\\\r\xb1V,'",b'\xd3Qp\xc6\x1b\xa7W\xa0',b'C\xac9\x03\x8b0P\xea',b'\x1cMR\x12J\x8eZ\xc5',b'h\xe3\x13@\x15\x85_h',b'\x8d\x15\x95\xcanj_\x11',2021.10.11.08.31.07_veh-50_01750_01948/MergedPointCloud/aad3525c0db1562c.pcd,1633942952700487
b'\xd3Qp\xc6\x1b\xa7W\xa0',b'kR#\x11\r\xfcV\x90',"b'\xaa\xd3R\\\r\xb1V,'","b"";\xe7\x88'3\xb2Y\n""",b'h\xe3\x13@\x15\x85_h',b'\x8d\x15\x95\xcanj_\x11',2021.10.11.08.31.07_veh-50_01750_01948/MergedPointCloud/d35170c61ba757a0.pcd,1633942952750490
b'kR#\x11\r\xfcV\x90',b'RZ`\xfb\x8a\xc4_\t',b'\xd3Qp\xc6\x1b\xa7W\xa0',b'L\xf6\xfd\xc3\xf3\xc7W\xfd',b'h\xe3\x13@\x15\x85_h',b'\x8d\x15\x95\xcanj_\x11',2021.10.11.08.31.07_veh-50_01750_01948/MergedPointCloud/6b5223110dfc5690.pcd,1633942952800492
b'RZ`\xfb\x8a\xc4_\t',b'\xde\xd4H\t\x15\xb8WK',b'kR#\x11\r\xfcV\x90',b'\x95\xf0L\xd1\x99\xf6V\x86',b'h\xe3\x13@\x15\x85_h',b'\x8d\x15\x95\xcanj_\x11',2021.10.11.08.31.07_veh-50_01750_01948/MergedPointCloud/525a60fb8ac45f09.pcd,1633942952850493
b'\xde\xd4H\t\x15\xb8WK',b'\x89\x9f\xbc\xb60\xfcW\x13',b'RZ`\xfb\x8a\xc4_\t',b'\xbf\x1b\xa8\x9b\x9f\xd4S\xae',b'h\xe3\x13@\x15\x85_h',b'\x8d\x15\x95\xcanj_\x11',2021.10.11.08.31.07_veh-50_01750_01948/MergedPointCloud/ded4480915b8574b.pcd,1633942952900492
b'\x89\x9f\xbc\xb60\xfcW\x13',b'\x95\x87\xcc\xa9\x0f\xd5]1',b'\xde\xd4H\t\x15\xb8WK',b'-&\xf3!W\x1b^*',b'h\xe3\x13@\x15\x85_h',b'\x8d\x15\x95\xcanj_\x11',2021.10.11.08.31.07_veh-50_01750_01948/MergedPointCloud/899fbcb630fc5713.pcd,1633942952950493
b'\x95\x87\xcc\xa9\x0f\xd5]1',b'\xd0\x9d\x7f\x97GOT\xfe',b'\x89\x9f\xbc\xb60\xfcW\x13',b'\x8e(@R;\xacQ\x05',b'h\xe3\x13@\x15\x85_h',b'\x8d\x15\x95\xcanj_\x11',2021.10.11.08.31.07_veh-50_01750_01948/MergedPointCloud/9587cca90fd55d31.pcd,1633942953000492
b'\xd0\x9d\x7f\x97GOT\xfe',b'\xd2$7\xa9\x90\xa0Y\xf8',b'\x95\x87\xcc\xa9\x0f\xd5]1',b'eB\x1b4\x8e\xd9P\xa2',b'h\xe3\x13@\x15\x85_h',b'\x8d\x15\x95\xcanj_\x11',2021.10.11.08.31.07_veh-50_01750_01948/MergedPointCloud/d09d7f97474f54fe.pcd,1633942953050492
b'\xd2$7\xa9\x90\xa0Y\xf8',b'\x14\x0e\xc1\xbf\xd2n_Q',b'\xd0\x9d\x7f\x97GOT\xfe',b'\xe15\xbbG\x1b2\\\x08',b'h\xe3\x13@\x15\x85_h',b'\x8d\x15\x95\xcanj_\x11',2021.10.11.08.31.07_veh-50_01750_01948/MergedPointCloud/d22437a990a059f8.pcd,1633942953100493
b'\x14\x0e\xc1\xbf\xd2n_Q',b'\x9ek\xaf\xa9\x80ZU\xa8',b'\xd2$7\xa9\x90\xa0Y\xf8',b'\x9c\x9b\xf0\x91\xdetT\x02',b'h\xe3\x13@\x15\x85_h',b'\x8d\x15\x95\xcanj_\x11',2021.10.11.08.31.07_veh-50_01750_01948/MergedPointCloud/140ec1bfd26e5f51.pcd,1633942953150495
b'\x9ek\xaf\xa9\x80ZU\xa8',"b'\t\x97@\xc9,9[\x81'",b'\x14\x0e\xc1\xbf\xd2n_Q',b'\xd4\n\xeaN#\x82X~',b'h\xe3\x13@\x15\x85_h',b'\x8d\x15\x95\xcanj_\x11',2021.10.11.08.31.07_veh-50_01750_01948/MergedPointCloud/9e6bafa9805a55a8.pcd,1633942953200500
"b'\t\x97@\xc9,9[\x81'",b'5\xaf:\x04\r\x05X\xd3',b'\x9ek\xaf\xa9\x80ZU\xa8',b'\xa8\xb1\xbe\x91\xb9\xef_\x02',b'h\xe3\x13@\x15\x85_h',b'\x8d\x15\x95\xcanj_\x11',2021.10.11.08.31.07_veh-50_01750_01948/MergedPointCloud/099740c92c395b81.pcd,1633942953250502
b'5\xaf:\x04\r\x05X\xd3',b'g7Rq\xa7\xfdX.',"b'\t\x97@\xc9,9[\x81'",b'\xfb\xe4x\xfb9d[\xfc',b'h\xe3\x13@\x15\x85_h',b'\x8d\x15\x95\xcanj_\x11',2021.10.11.08.31.07_veh-50_01750_01948/MergedPointCloud/35af3a040d0558d3.pcd,1633942953300502
b'g7Rq\xa7\xfdX.',b'\xfd; \xaa\xf2w_\xc2',b'5\xaf:\x04\r\x05X\xd3',b'\xb8\x03aga\xf9T\xc9',b'h\xe3\x13@\x15\x85_h',b'\x8d\x15\x95\xcanj_\x11',2021.10.11.08.31.07_veh-50_01750_01948/MergedPointCloud/67375271a7fd582e.pcd,1633942953350496
b'\xfd; \xaa\xf2w_\xc2',b'\xdec\xed_\xcb\xaeS&',b'g7Rq\xa7\xfdX.',b'\xe5y\x14k\xb2\xcd[\x93',b'h\xe3\x13@\x15\x85_h',b'\x8d\x15\x95\xcanj_\x11',2021.10.11.08.31.07_veh-50_01750_01948/MergedPointCloud/fd3b20aaf2775fc2.pcd,1633942953400490
b'\xdec\xed_\xcb\xaeS&',b'\xa2\xe4\xb0U\xe5\xe4W-',b'\xfd; \xaa\xf2w_\xc2',b'\x82f\xb7\x8dF\xb5T\x10',b'h\xe3\x13@\x15\x85_h',b'\x8d\x15\x95\xcanj_\x11',2021.10.11.08.31.07_veh-50_01750_01948/MergedPointCloud/de63ed5fcbae5326.pcd,1633942953450482
b'\xa2\xe4\xb0U\xe5\xe4W-',b'\xb0p\x89.\x05\xd7R\xf3',b'\xdec\xed_\xcb\xaeS&',"b""\xa4\xc1rS!'U,""",b'h\xe3\x13@\x15\x85_h',b'\x8d\x15\x95\xcanj_\x11',2021.10.11.08.31.07_veh-50_01750_01948/MergedPointCloud/a2e4b055e5e4572d.pcd,1633942953500470
b'\xb0p\x89.\x05\xd7R\xf3',b'\x8a\xef\xf8Q\xd9\x1aWC',b'\xa2\xe4\xb0U\xe5\xe4W-',b'\x9eQ\xa9UI\x0b[\xfd',b'h\xe3\x13@\x15\x85_h',b'\x8d\x15\x95\xcanj_\x11',2021.10.11.08.31.07_veh-50_01750_01948/MergedPointCloud/b070892e05d752f3.pcd,1633942953550454
b'\x8a\xef\xf8Q\xd9\x1aWC',b'\xc0\x9f\xe9\x05\xfe\x1aQJ',b'\xb0p\x89.\x05\xd7R\xf3',b'\x07[t\xca\x0b\x02Z\x19',b'h\xe3\x13@\x15\x85_h',b'\x8d\x15\x95\xcanj_\x11',2021.10.11.08.31.07_veh-50_01750_01948/MergedPointCloud/8aeff851d91a5743.pcd,1633942953600434
b'\xc0\x9f\xe9\x05\xfe\x1aQJ',b'<+\x83)\xac`T\x1c',b'\x8a\xef\xf8Q\xd9\x1aWC',b'\xba\xfa\xbe\\\xdd\xdfY\x96',b'h\xe3\x13@\x15\x85_h',b'\x8d\x15\x95\xcanj_\x11',2021.10.11.08.31.07_veh-50_01750_01948/MergedPointCloud/c09fe905fe1a514a.pcd,1633942953650409
b'<+\x83)\xac`T\x1c',b'5\xd8;\xa0\x02\xabZ\xd7',b'\xc0\x9f\xe9\x05\xfe\x1aQJ',b'\x94(\xb5\x9bQZ]|',b'h\xe3\x13@\x15\x85_h',b'\x8d\x15\x95\xcanj_\x11',2021.10.11.08.31.07_veh-50_01750_01948/MergedPointCloud/3c2b8329ac60541c.pcd,1633942953700381
b'5\xd8;\xa0\x02\xabZ\xd7',b'\x8a|\xc0\xe4\xd3\xe4Y]',b'<+\x83)\xac`T\x1c',b'\x9d\xc0\xc6\xb4\x036Y\xaa',b'h\xe3\x13@\x15\x85_h',b'\x8d\x15\x95\xcanj_\x11',2021.10.11.08.31.07_veh-50_01750_01948/MergedPointCloud/35d83ba002ab5ad7.pcd,1633942953750348
b'\x8a|\xc0\xe4\xd3\xe4Y]',b'\x7fQ\xe8*\xd2\x0eP8',b'5\xd8;\xa0\x02\xabZ\xd7',b'M\x10\x8e\xe4\xdf\xf0Y\x1c',b'h\xe3\x13@\x15\x85_h',b'\x8d\x15\x95\xcanj_\x11',2021.10.11.08.31.07_veh-50_01750_01948/MergedPointCloud/8a7cc0e4d3e4595d.pcd,1633942953800312
b'\x7fQ\xe8*\xd2\x0eP8',b'\xad\xbd\xd1\xc0\xa7MY\x1f',b'\x8a|\xc0\xe4\xd3\xe4Y]',b'\x92\xfe\x9f\x96RqT[',b'h\xe3\x13@\x15\x85_h',b'\x8d\x15\x95\xcanj_\x11',2021.10.11.08.31.07_veh-50_01750_01948/MergedPointCloud/7f51e82ad20e5038.pcd,1633942953850275
b'\xad\xbd\xd1\xc0\xa7MY\x1f',b'\x9d0\x9a\xab\x96\x93W\xfe',b'\x7fQ\xe8*\xd2\x0eP8',b'D3J\xf8\xe2\x05Z\x13',b'h\xe3\x13@\x15\x85_h',b'\x8d\x15\x95\xcanj_\x11',2021.10.11.08.31.07_veh-50_01750_01948/MergedPointCloud/adbdd1c0a74d591f.pcd,1633942953900240
b'\x9d0\x9a\xab\x96\x93W\xfe',"b""\xdf'\xfc\xd4XgY\xcc""",b'\xad\xbd\xd1\xc0\xa7MY\x1f',b'\x0e\x1e\x19\xcd3TS\xeb',b'h\xe3\x13@\x15\x85_h',b'\x8d\x15\x95\xcanj_\x11',2021.10.11.08.31.07_veh-50_01750_01948/MergedPointCloud/9d309aab969357fe.pcd,1633942953950205
"b""\xdf'\xfc\xd4XgY\xcc""",b'\x08\xf8\xa09\x06\xe9XI',b'\x9d0\x9a\xab\x96\x93W\xfe',b'+\xa9\xa5\xb2\x8dg^\xa8',b'h\xe3\x13@\x15\x85_h',b'\x8d\x15\x95\xcanj_\x11',2021.10.11.08.31.07_veh-50_01750_01948/MergedPointCloud/df27fcd4586759cc.pcd,1633942954000169
b'\x08\xf8\xa09\x06\xe9XI',b'Z\xd9\xb6\x02%\xc8R\x01',"b""\xdf'\xfc\xd4XgY\xcc""",b'\xae\xcaP\x91\xb0S^\x0e',b'h\xe3\x13@\x15\x85_h',b'\x8d\x15\x95\xcanj_\x11',2021.10.11.08.31.07_veh-50_01750_01948/MergedPointCloud/08f8a03906e95849.pcd,1633942954050132
b'Z\xd9\xb6\x02%\xc8R\x01',b't;\xa9\xe2\xefHZ\xbb',b'\x08\xf8\xa09\x06\xe9XI',b'\x1f\x84\x99R\xbcG[\x01',b'h\xe3\x13@\x15\x85_h',b'\x8d\x15\x95\xcanj_\x11',2021.10.11.08.31.07_veh-50_01750_01948/MergedPointCloud/5ad9b60225c85201.pcd,1633942954100092
b't;\xa9\xe2\xefHZ\xbb',b'C\x8f\x82\xafA\x0cV\x1e',b'Z\xd9\xb6\x02%\xc8R\x01',b'\xc4\xfc+\xe9N\xa1[\x0b',b'h\xe3\x13@\x15\x85_h',b'\x8d\x15\x95\xcanj_\x11',2021.10.11.08.31.07_veh-50_01750_01948/MergedPointCloud/743ba9e2ef485abb.pcd,1633942954150050
b'C\x8f\x82\xafA\x0cV\x1e',b'\xd4\x85\x9a\xb4\x999_@',b't;\xa9\xe2\xefHZ\xbb',b'\xe3\xf5\xf6\xec\x96\x8e\\\xcc',b'h\xe3\x13@\x15\x85_h',b'\x8d\x15\x95\xcanj_\x11',2021.10.11.08.31.07_veh-50_01750_01948/MergedPointCloud/438f82af410c561e.pcd,1633942954200008
b'\xd4\x85\x9a\xb4\x999_@',b'N\xf0\xa2\xdeg.Z;',b'C\x8f\x82\xafA\x0cV\x1e',b'4\n\xa5\xc9ct\\\xe7',b'h\xe3\x13@\x15\x85_h',b'\x8d\x15\x95\xcanj_\x11',2021.10.11.08.31.07_veh-50_01750_01948/MergedPointCloud/d4859ab499395f40.pcd,1633942954249967
b'N\xf0\xa2\xdeg.Z;',"b'w\x8a/""k\xbbS\x1a'",b'\xd4\x85\x9a\xb4\x999_@',b'\xdb\xda\xcbe\x0c\xa1W\xe3',b'h\xe3\x13@\x15\x85_h',b'\x8d\x15\x95\xcanj_\x11',2021.10.11.08.31.07_veh-50_01750_01948/MergedPointCloud/4ef0a2de672e5a3b.pcd,1633942954299928
"b'w\x8a/""k\xbbS\x1a'",b'\xeb\x12\xd87\x8ai]\xcb',b'N\xf0\xa2\xdeg.Z;',b'Tk\xc0\xf4#\x95Q\xde',b'h\xe3\x13@\x15\x85_h',b'\x8d\x15\x95\xcanj_\x11',2021.10.11.08.31.07_veh-50_01750_01948/MergedPointCloud/778a2f226bbb531a.pcd,1633942954349890
b'\xeb\x12\xd87\x8ai]\xcb',b'\x113\xf9E\x08\x11_n',"b'w\x8a/""k\xbbS\x1a'",b'zm\xb12\xcc\xf1_\n',b'h\xe3\x13@\x15\x85_h',b'\x8d\x15\x95\xcanj_\x11',2021.10.11.08.31.07_veh-50_01750_01948/MergedPointCloud/eb12d8378a695dcb.pcd,1633942954399851
b'\x113\xf9E\x08\x11_n',b'\x8ag?\xe8\xb5\xac_\xe5',b'\xeb\x12\xd87\x8ai]\xcb',b'$$\x8d!\x08\x0e\\\x0b',b'h\xe3\x13@\x15\x85_h',b'\x8d\x15\x95\xcanj_\x11',2021.10.11.08.31.07_veh-50_01750_01948/MergedPointCloud/1133f94508115f6e.pcd,1633942954449812
b'\x8ag?\xe8\xb5\xac_\xe5',b'3#r\xc3D\x06]\xee',b'\x113\xf9E\x08\x11_n',b'\x11\x11\xd9\xb8\xf0\xd4Z\x85',b'h\xe3\x13@\x15\x85_h',b'\x8d\x15\x95\xcanj_\x11',2021.10.11.08.31.07_veh-50_01750_01948/MergedPointCloud/8a673fe8b5ac5fe5.pcd,1633942954499773
b'3#r\xc3D\x06]\xee',b'\x9a\xd3\x08\xf7\x07\x80\\\xe8',b'\x8ag?\xe8\xb5\xac_\xe5',b'\x9d\xad\xad50\xeeR7',b'h\xe3\x13@\x15\x85_h',b'\x8d\x15\x95\xcanj_\x11',2021.10.11.08.31.07_veh-50_01750_01948/MergedPointCloud/332372c344065dee.pcd,1633942954549733
b'\x9a\xd3\x08\xf7\x07\x80\\\xe8',b';\x91?~\xab\x81^6',b'3#r\xc3D\x06]\xee',b'\xe3g\xc7E\xdeO\\\xad',b'h\xe3\x13@\x15\x85_h',b'\x8d\x15\x95\xcanj_\x11',2021.10.11.08.31.07_veh-50_01750_01948/MergedPointCloud/9ad308f707805ce8.pcd,1633942954599695
b';\x91?~\xab\x81^6',b'\xa89\xa1Q\xdd\x0f[V',b'\x9a\xd3\x08\xf7\x07\x80\\\xe8',b'3n\xe8 \x0eb]4',b'h\xe3\x13@\x15\x85_h',b'\x8d\x15\x95\xcanj_\x11',2021.10.11.08.31.07_veh-50_01750_01948/MergedPointCloud/3b913f7eab815e36.pcd,1633942954649655
b'\xa89\xa1Q\xdd\x0f[V',b'\xa2O\x87\xfbI\x97R:',b';\x91?~\xab\x81^6',b'(\xf3\\\xdfp\xc6T\xe2',b'h\xe3\x13@\x15\x85_h',b'\x8d\x15\x95\xcanj_\x11',2021.10.11.08.31.07_veh-50_01750_01948/MergedPointCloud/a839a151dd0f5b56.pcd,1633942954699613
b'\xa2O\x87\xfbI\x97R:',b'\xa0\xb7\x01\xe6\xc3\xd2TO',b'\xa89\xa1Q\xdd\x0f[V',b'\xeb`IB\xe0\xc7W\xba',b'h\xe3\x13@\x15\x85_h',b'\x8d\x15\x95\xcanj_\x11',2021.10.11.08.31.07_veh-50_01750_01948/MergedPointCloud/a24f87fb4997523a.pcd,1633942954749571
b'\xa0\xb7\x01\xe6\xc3\xd2TO',b'\x83\xfb\x03G#;Q\x1c',b'\xa2O\x87\xfbI\x97R:',b'\x8b\xa1{\xc7\r\xafQ\xd0',b'h\xe3\x13@\x15\x85_h',b'\x8d\x15\x95\xcanj_\x11',2021.10.11.08.31.07_veh-50_01750_01948/MergedPointCloud/a0b701e6c3d2544f.pcd,1633942954799535
b'\x83\xfb\x03G#;Q\x1c',b'd\xf6\xcaN~|S\xd2',b'\xa0\xb7\x01\xe6\xc3\xd2TO',b'H6\xec\xff\x17\xff]\x15',b'h\xe3\x13@\x15\x85_h',b'\x8d\x15\x95\xcanj_\x11',2021.10.11.08.31.07_veh-50_01750_01948/MergedPointCloud/83fb0347233b511c.pcd,1633942954849503
b'd\xf6\xcaN~|S\xd2',b'\x93v\x1ao\xa1\xf9]\x95',b'\x83\xfb\x03G#;Q\x1c',b'\x15\x96\xb0\xca\x8f\xa4W\xe0',b'h\xe3\x13@\x15\x85_h',b'\x8d\x15\x95\xcanj_\x11',2021.10.11.08.31.07_veh-50_01750_01948/MergedPointCloud/64f6ca4e7e7c53d2.pcd,1633942954899473
b'\x93v\x1ao\xa1\xf9]\x95',b'\xd6\x83vB-\x7f[\xb2',b'd\xf6\xcaN~|S\xd2',b'\xbas~[\xe8\xe1[\xcb',b'h\xe3\x13@\x15\x85_h',b'\x8d\x15\x95\xcanj_\x11',2021.10.11.08.31.07_veh-50_01750_01948/MergedPointCloud/93761a6fa1f95d95.pcd,1633942954949444
b'\xd6\x83vB-\x7f[\xb2',b'\xd7\x16]\x9f\x8d\x93V_',b'\x93v\x1ao\xa1\xf9]\x95',b'\x1a9\xf9\x03T\xbf^~',b'h\xe3\x13@\x15\x85_h',b'\x8d\x15\x95\xcanj_\x11',2021.10.11.08.31.07_veh-50_01750_01948/MergedPointCloud/d68376422d7f5bb2.pcd,1633942954999412
b'\xd7\x16]\x9f\x8d\x93V_',b'\xb2\x99{\x9d\xb3\x85V0',b'\xd6\x83vB-\x7f[\xb2',b'T\x04\xb7\x018n\\\xa3',b'h\xe3\x13@\x15\x85_h',b'\x8d\x15\x95\xcanj_\x11',2021.10.11.08.31.07_veh-50_01750_01948/MergedPointCloud/d7165d9f8d93565f.pcd,1633942955049375
b'\xb2\x99{\x9d\xb3\x85V0',"b""\x1b'oY|\xe6^J""",b'\xd7\x16]\x9f\x8d\x93V_',b'>G\x83\x9b\xb5\xefT=',b'h\xe3\x13@\x15\x85_h',b'\x8d\x15\x95\xcanj_\x11',2021.10.11.08.31.07_veh-50_01750_01948/MergedPointCloud/b2997b9db3855630.pcd,1633942955099338
"b""\x1b'oY|\xe6^J""",b'R\xfaI\xff\xb4OY}',b'\xb2\x99{\x9d\xb3\x85V0',b'$\xb9&\xd7t\nR\xd4',b'h\xe3\x13@\x15\x85_h',b'\x8d\x15\x95\xcanj_\x11',2021.10.11.08.31.07_veh-50_01750_01948/MergedPointCloud/1b276f597ce65e4a.pcd,1633942955149303
b'R\xfaI\xff\xb4OY}',b'\x84\x8f \xa8W]V\x9e',"b""\x1b'oY|\xe6^J""",b'\xfc\xde#T\x04\xa7T[',b'h\xe3\x13@\x15\x85_h',b'\x8d\x15\x95\xcanj_\x11',2021.10.11.08.31.07_veh-50_01750_01948/MergedPointCloud/52fa49ffb44f597d.pcd,1633942955199273
b'\x84\x8f \xa8W]V\x9e',b'\xb6\xa9\xc1\x8a\xa8\x95U\n',b'R\xfaI\xff\xb4OY}',b'y\x87\xc1\x9d\x99s[\xad',b'h\xe3\x13@\x15\x85_h',b'\x8d\x15\x95\xcanj_\x11',2021.10.11.08.31.07_veh-50_01750_01948/MergedPointCloud/848f20a8575d569e.pcd,1633942955249252
b'\xb6\xa9\xc1\x8a\xa8\x95U\n',b'>?\xfev\xb3\xe9P\x8a',b'\x84\x8f \xa8W]V\x9e',b'HBP\xf1w\x02Z)',b'h\xe3\x13@\x15\x85_h',b'\x8d\x15\x95\xcanj_\x11',2021.10.11.08.31.07_veh-50_01750_01948/MergedPointCloud/b6a9c18aa895550a.pcd,1633942955299237
b'>?\xfev\xb3\xe9P\x8a',b'\xc3\x96\xb5\xe0`]Z\xf0',b'\xb6\xa9\xc1\x8a\xa8\x95U\n',"b'\x0f\xf0,?LSQT'",b'h\xe3\x13@\x15\x85_h',b'\x8d\x15\x95\xcanj_\x11',2021.10.11.08.31.07_veh-50_01750_01948/MergedPointCloud/3e3ffe76b3e9508a.pcd,1633942955349227
b'\xc3\x96\xb5\xe0`]Z\xf0',b'Ek\x93\\n\xe6Q\xb7',b'>?\xfev\xb3\xe9P\x8a',b'.`\x05\xd4\x03eX\xb9',b'h\xe3\x13@\x15\x85_h',b'\x8d\x15\x95\xcanj_\x11',2021.10.11.08.31.07_veh-50_01750_01948/MergedPointCloud/c396b5e0605d5af0.pcd,1633942955399219
b'Ek\x93\\n\xe6Q\xb7',b'\xcb^6\x08\x90VQ<',b'\xc3\x96\xb5\xe0`]Z\xf0',b'VuS/\xe2\x99U\x1f',b'h\xe3\x13@\x15\x85_h',b'\x8d\x15\x95\xcanj_\x11',2021.10.11.08.31.07_veh-50_01750_01948/MergedPointCloud/456b935c6ee651b7.pcd,1633942955449214
b'\xcb^6\x08\x90VQ<',"b""u1'-k\xaeWg""",b'Ek\x93\\n\xe6Q\xb7',b'\xda\x0c\x81Oq\x11P\x83',b'h\xe3\x13@\x15\x85_h',b'\x8d\x15\x95\xcanj_\x11',2021.10.11.08.31.07_veh-50_01750_01948/MergedPointCloud/cb5e36089056513c.pcd,1633942955499212
"b""u1'-k\xaeWg""","b'\xcbT#\x7f,\xbe_\xd9'",b'\xcb^6\x08\x90VQ<',b'\t\xf6\xaf\x13M;U\x1a',b'h\xe3\x13@\x15\x85_h',b'\x8d\x15\x95\xcanj_\x11',2021.10.11.08.31.07_veh-50_01750_01948/MergedPointCloud/7531272d6bae5767.pcd,1633942955549210
"b'\xcbT#\x7f,\xbe_\xd9'",b'K\xd8\xd7\xb2\x89`P(',"b""u1'-k\xaeWg""",b'\x9e\x06\x92\xf1\x8d\xbcW\xe9',b'h\xe3\x13@\x15\x85_h',b'\x8d\x15\x95\xcanj_\x11',2021.10.11.08.31.07_veh-50_01750_01948/MergedPointCloud/cb54237f2cbe5fd9.pcd,1633942955599212
b'K\xd8\xd7\xb2\x89`P(',b'\xd4\xbe^\x03q\x9c_\x9f',"b'\xcbT#\x7f,\xbe_\xd9'",b'=\x97\xce\xda\x9c>T\x86',b'h\xe3\x13@\x15\x85_h',b'\x8d\x15\x95\xcanj_\x11',2021.10.11.08.31.07_veh-50_01750_01948/MergedPointCloud/4bd8d7b289605028.pcd,1633942955649216
b'\xd4\xbe^\x03q\x9c_\x9f',b'Q\x12I\xbe\x9a\xe0]Y',b'K\xd8\xd7\xb2\x89`P(',b'f\x85\x7fJ\x7f\xba^J',b'h\xe3\x13@\x15\x85_h',b'\x8d\x15\x95\xcanj_\x11',2021.10.11.08.31.07_veh-50_01750_01948/MergedPointCloud/d4be5e03719c5f9f.pcd,1633942955699220
b'Q\x12I\xbe\x9a\xe0]Y',b'@\xebR\xfb\xed6W\x8f',b'\xd4\xbe^\x03q\x9c_\x9f',b'\xa2\x1f\xd4\xe9yNTr',b'h\xe3\x13@\x15\x85_h',b'\x8d\x15\x95\xcanj_\x11',2021.10.11.08.31.07_veh-50_01750_01948/MergedPointCloud/511249be9ae05d59.pcd,1633942955749224
b'@\xebR\xfb\xed6W\x8f',b'p\x0e\xeeT5\x8d[\x89',b'Q\x12I\xbe\x9a\xe0]Y',b'\xd1\xcd\xfe8@\x0c\\\xe1',b'h\xe3\x13@\x15\x85_h',b'\x8d\x15\x95\xcanj_\x11',2021.10.11.08.31.07_veh-50_01750_01948/MergedPointCloud/40eb52fbed36578f.pcd,1633942955799229
b'p\x0e\xeeT5\x8d[\x89',b'\xed\x16\x9f\x1fU\xc6_\xa7',b'@\xebR\xfb\xed6W\x8f',b'G\x01\xf6\xbf\xdd\xf2U\x07',b'h\xe3\x13@\x15\x85_h',b'\x8d\x15\x95\xcanj_\x11',2021.10.11.08.31.07_veh-50_01750_01948/MergedPointCloud/700eee54358d5b89.pcd,1633942955849237
b'\xed\x16\x9f\x1fU\xc6_\xa7',b'\x1dV\x0e\xd5x\x1aY!',b'p\x0e\xeeT5\x8d[\x89',b'\xa4\x02\x8c\x8cKe]W',b'h\xe3\x13@\x15\x85_h',b'\x8d\x15\x95\xcanj_\x11',2021.10.11.08.31.07_veh-50_01750_01948/MergedPointCloud/ed169f1f55c65fa7.pcd,1633942955899246
b'\x1dV\x0e\xd5x\x1aY!',b'~\x01\xfa\xf4\xd2\xbc[Q',b'\xed\x16\x9f\x1fU\xc6_\xa7',b'P`\xcby\xa6\x0f]\x97',b'h\xe3\x13@\x15\x85_h',b'\x8d\x15\x95\xcanj_\x11',2021.10.11.08.31.07_veh-50_01750_01948/MergedPointCloud/1d560ed5781a5921.pcd,1633942955949256
b'~\x01\xfa\xf4\xd2\xbc[Q',b'\xac\xb1\t\xa5\xce\x8eU\xb9',b'\x1dV\x0e\xd5x\x1aY!',b'mEN\x04\x93\xf3X\xe4',b'h\xe3\x13@\x15\x85_h',b'\x8d\x15\x95\xcanj_\x11',2021.10.11.08.31.07_veh-50_01750_01948/MergedPointCloud/7e01faf4d2bc5b51.pcd,1633942955999267
b'\xac\xb1\t\xa5\xce\x8eU\xb9',b'9\x12\x11%\xeb_\\\xcb',b'~\x01\xfa\xf4\xd2\xbc[Q',b'k^\xed\xd7(\x17T\x8b',b'h\xe3\x13@\x15\x85_h',b'\x8d\x15\x95\xcanj_\x11',2021.10.11.08.31.07_veh-50_01750_01948/MergedPointCloud/acb109a5ce8e55b9.pcd,1633942956049284
b'9\x12\x11%\xeb_\\\xcb',b'\xf1\xd7w0d\x0f]D',b'\xac\xb1\t\xa5\xce\x8eU\xb9',b'\xdf\x1f\xf2\tx\x1bX\xe0',b'h\xe3\x13@\x15\x85_h',b'\x8d\x15\x95\xcanj_\x11',2021.10.11.08.31.07_veh-50_01750_01948/MergedPointCloud/39121125eb5f5ccb.pcd,1633942956099302
b'\xf1\xd7w0d\x0f]D',b'\xb2\x1f7\x8fu\xebP\xbc',b'9\x12\x11%\xeb_\\\xcb',b'SU\xfa`!y[7',b'h\xe3\x13@\x15\x85_h',b'\x8d\x15\x95\xcanj_\x11',2021.10.11.08.31.07_veh-50_01750_01948/MergedPointCloud/f1d77730640f5d44.pcd,1633942956149325
b'\xb2\x1f7\x8fu\xebP\xbc',b'v\xdc} \xa6\xdaR}',b'\xf1\xd7w0d\x0f]D',b'eL\xfa\xd2\x07\xb6Y\xac',b'h\xe3\x13@\x15\x85_h',b'\x8d\x15\x95\xcanj_\x11',2021.10.11.08.31.07_veh-50_01750_01948/MergedPointCloud/b21f378f75eb50bc.pcd,1633942956199350
b'v\xdc} \xa6\xdaR}',b'\xec\x13\xde\xbd\x9a\x0fT\xfb',b'\xb2\x1f7\x8fu\xebP\xbc',b'\xac\xe5\x08\xc6\xdb\xbaZ\xc0',b'h\xe3\x13@\x15\x85_h',b'\x8d\x15\x95\xcanj_\x11',2021.10.11.08.31.07_veh-50_01750_01948/MergedPointCloud/76dc7d20a6da527d.pcd,1633942956249377
b'\xec\x13\xde\xbd\x9a\x0fT\xfb',b'\xad\xb1\xfd\x15\x82i]\xb6',b'v\xdc} \xa6\xdaR}',b'\x8bg9d\x14$R]',b'h\xe3\x13@\x15\x85_h',b'\x8d\x15\x95\xcanj_\x11',2021.10.11.08.31.07_veh-50_01750_01948/MergedPointCloud/ec13debd9a0f54fb.pcd,1633942956299404
b'\xad\xb1\xfd\x15\x82i]\xb6',b'\xfc\x86\xccU\x94hP\xf1',b'\xec\x13\xde\xbd\x9a\x0fT\xfb',b'\xf8%J\xaf\x04\xa5W\x94',b'h\xe3\x13@\x15\x85_h',b'\x8d\x15\x95\xcanj_\x11',2021.10.11.08.31.07_veh-50_01750_01948/MergedPointCloud/adb1fd1582695db6.pcd,1633942956349435
b'\xfc\x86\xccU\x94hP\xf1',b'\x14\xb5XR4\x06V\xb4',b'\xad\xb1\xfd\x15\x82i]\xb6',b'QT\xfbO\xe6c^M',b'h\xe3\x13@\x15\x85_h',b'\x8d\x15\x95\xcanj_\x11',2021.10.11.08.31.07_veh-50_01750_01948/MergedPointCloud/fc86cc55946850f1.pcd,1633942956399468
b'\x14\xb5XR4\x06V\xb4',b'\xec\xab\x96\x8d\x1a\xc5YT',b'\xfc\x86\xccU\x94hP\xf1',b'k\xaa\x9dk\xa3/V\x80',b'h\xe3\x13@\x15\x85_h',b'\x8d\x15\x95\xcanj_\x11',2021.10.11.08.31.07_veh-50_01750_01948/MergedPointCloud/14b55852340656b4.pcd,1633942956449504
b'\xec\xab\x96\x8d\x1a\xc5YT',b'\xcf\x17N\xb1S\n_\xb0',b'\x14\xb5XR4\x06V\xb4',b'\x92~\xbe&\xe8_S\xdc',b'h\xe3\x13@\x15\x85_h',b'\x8d\x15\x95\xcanj_\x11',2021.10.11.08.31.07_veh-50_01750_01948/MergedPointCloud/ecab968d1ac55954.pcd,1633942956499541
b'\xcf\x17N\xb1S\n_\xb0',b'\xa3\xea\x92\x91\xcamZ\\',b'\xec\xab\x96\x8d\x1a\xc5YT',b'\xae\x89\x89\x91\x94\x9fX\x01',b'h\xe3\x13@\x15\x85_h',b'\x8d\x15\x95\xcanj_\x11',2021.10.11.08.31.07_veh-50_01750_01948/MergedPointCloud/cf174eb1530a5fb0.pcd,1633942956549581
b'\xa3\xea\x92\x91\xcamZ\\',b'\x99:\xa3\xc4\x0f\xa6P\x8f',b'\xcf\x17N\xb1S\n_\xb0',b'm\xaa\xd6\xbd\x1f\xaeV\xc2',b'h\xe3\x13@\x15\x85_h',b'\x8d\x15\x95\xcanj_\x11',2021.10.11.08.31.07_veh-50_01750_01948/MergedPointCloud/a3ea9291ca6d5a5c.pcd,1633942956599622
b'\x99:\xa3\xc4\x0f\xa6P\x8f',b'H\xf7VF\xbb\xa3TV',b'\xa3\xea\x92\x91\xcamZ\\',b'qD\x12\xcb!STc',b'h\xe3\x13@\x15\x85_h',b'\x8d\x15\x95\xcanj_\x11',2021.10.11.08.31.07_veh-50_01750_01948/MergedPointCloud/993aa3c40fa6508f.pcd,1633942956649664
b'H\xf7VF\xbb\xa3TV',b'\x8d\x117)\x8b\x12R\xd9',b'\x99:\xa3\xc4\x0f\xa6P\x8f',b'\xee\x97\x86\xc6\xd4SP\xb9',b'h\xe3\x13@\x15\x85_h',b'\x8d\x15\x95\xcanj_\x11',2021.10.11.08.31.07_veh-50_01750_01948/MergedPointCloud/48f75646bba35456.pcd,1633942956699703
b'\x8d\x117)\x8b\x12R\xd9',b'\xce\xb0\x19=\xa5~Z\xe8',b'H\xf7VF\xbb\xa3TV',b'\\\xbf&\xbc\xb2\xcaW\xba',b'h\xe3\x13@\x15\x85_h',b'\x8d\x15\x95\xcanj_\x11',2021.10.11.08.31.07_veh-50_01750_01948/MergedPointCloud/8d1137298b1252d9.pcd,1633942956749743
b'\xce\xb0\x19=\xa5~Z\xe8',b'\xa5x\x1c\x87p\x8aR\x86',b'\x8d\x117)\x8b\x12R\xd9',b'R\x8cd\xfa\x90DU:',b'h\xe3\x13@\x15\x85_h',b'\x8d\x15\x95\xcanj_\x11',2021.10.11.08.31.07_veh-50_01750_01948/MergedPointCloud/ceb0193da57e5ae8.pcd,1633942956799782
b'\xa5x\x1c\x87p\x8aR\x86',b'\xaf_7F\xa6\xff\\&',b'\xce\xb0\x19=\xa5~Z\xe8',b'\xf2\x0fU!\xffLP\xe3',b'h\xe3\x13@\x15\x85_h',b'\x8d\x15\x95\xcanj_\x11',2021.10.11.08.31.07_veh-50_01750_01948/MergedPointCloud/a5781c87708a5286.pcd,1633942956849822
b'\xaf_7F\xa6\xff\\&',b'X\x1dU\x91\x0e{R\x97',b'\xa5x\x1c\x87p\x8aR\x86',b'/\xfa\xf5\xe6\xdbw^V',b'h\xe3\x13@\x15\x85_h',b'\x8d\x15\x95\xcanj_\x11',2021.10.11.08.31.07_veh-50_01750_01948/MergedPointCloud/af5f3746a6ff5c26.pcd,1633942956899861
b'X\x1dU\x91\x0e{R\x97',b'\xb3\xad\xb6E`\xd0Q\r',b'\xaf_7F\xa6\xff\\&',b':R\xa7-\xb7\tX\\',b'h\xe3\x13@\x15\x85_h',b'\x8d\x15\x95\xcanj_\x11',2021.10.11.08.31.07_veh-50_01750_01948/MergedPointCloud/581d55910e7b5297.pcd,1633942956949899
b'\xb3\xad\xb6E`\xd0Q\r',b'\xa9\xb9\xa0\xed.\xdf[\xa3',b'X\x1dU\x91\x0e{R\x97',b'w\xc2b\x9e\xc9\x81T%',b'h\xe3\x13@\x15\x85_h',b'\x8d\x15\x95\xcanj_\x11',2021.10.11.08.31.07_veh-50_01750_01948/MergedPointCloud/b3adb64560d0510d.pcd,1633942956999935
b'\xa9\xb9\xa0\xed.\xdf[\xa3',b'\x8b\xa5\xce\x8f\xae\x0eRC',b'\xb3\xad\xb6E`\xd0Q\r',b'\xa8\x1f\xa9\xcc\xcevYK',b'h\xe3\x13@\x15\x85_h',b'\x8d\x15\x95\xcanj_\x11',2021.10.11.08.31.07_veh-50_01750_01948/MergedPointCloud/a9b9a0ed2edf5ba3.pcd,1633942957049971
b'\x8b\xa5\xce\x8f\xae\x0eRC',b'\t\xe4E\xe8\x0b\x82X3',b'\xa9\xb9\xa0\xed.\xdf[\xa3',b'ms\xaf\xbcb\x86^V',b'h\xe3\x13@\x15\x85_h',b'\x8d\x15\x95\xcanj_\x11',2021.10.11.08.31.07_veh-50_01750_01948/MergedPointCloud/8ba5ce8fae0e5243.pcd,1633942957100004
b'\t\xe4E\xe8\x0b\x82X3',b'\xe9`/\xbc\x1c\x0c^K',b'\x8b\xa5\xce\x8f\xae\x0eRC',b'\xb9\xf1\x02X\xfc\x92[i',b'h\xe3\x13@\x15\x85_h',b'\x8d\x15\x95\xcanj_\x11',2021.10.11.08.31.07_veh-50_01750_01948/MergedPointCloud/09e445e80b825833.pcd,1633942957150033
b'\xe9`/\xbc\x1c\x0c^K',"b'\xb6Pn""\xf8hW^'",b'\t\xe4E\xe8\x0b\x82X3',b'\xadVQb&nXb',b'h\xe3\x13@\x15\x85_h',b'\x8d\x15\x95\xcanj_\x11',2021.10.11.08.31.07_veh-50_01750_01948/MergedPointCloud/e9602fbc1c0c5e4b.pcd,1633942957200056
"b'\xb6Pn""\xf8hW^'",b'\x7f\xc3/F]\x17Y\xa4',b'\xe9`/\xbc\x1c\x0c^K',"b""\xed'\x0bw\x9a\x11P\x93""",b'h\xe3\x13@\x15\x85_h',b'\x8d\x15\x95\xcanj_\x11',2021.10.11.08.31.07_veh-50_01750_01948/MergedPointCloud/b6506e22f868575e.pcd,1633942957250076
b'\x7f\xc3/F]\x17Y\xa4',b'\x1b\xfd\xdb\x190\xc7]\xf0',"b'\xb6Pn""\xf8hW^'",b'(\xf8\xee\x13JuRI',b'h\xe3\x13@\x15\x85_h',b'\x8d\x15\x95\xcanj_\x11',2021.10.11.08.31.07_veh-50_01750_01948/MergedPointCloud/7fc32f465d1759a4.pcd,1633942957300090
b'\x1b\xfd\xdb\x190\xc7]\xf0',b'~\xa3\xa7\xc0\xb6\x13Z=',b'\x7f\xc3/F]\x17Y\xa4',b'\xd5\x10\x80>\xb1\xdcP\x8a',b'h\xe3\x13@\x15\x85_h',b'\x8d\x15\x95\xcanj_\x11',2021.10.11.08.31.07_veh-50_01750_01948/MergedPointCloud/1bfddb1930c75df0.pcd,1633942957350100
b'~\xa3\xa7\xc0\xb6\x13Z=',b'\x88\xc6d\xb7\x91qV\xda',b'\x1b\xfd\xdb\x190\xc7]\xf0',b'\x82\xac\x84\xec\x06uP\xa6',b'h\xe3\x13@\x15\x85_h',b'\x8d\x15\x95\xcanj_\x11',2021.10.11.08.31.07_veh-50_01750_01948/MergedPointCloud/7ea3a7c0b6135a3d.pcd,1633942957400105
b'\x88\xc6d\xb7\x91qV\xda',b'\x08\xc7\xceV\xca\x1dT\x00',b'~\xa3\xa7\xc0\xb6\x13Z=',b'(D\x05\xd1\x1f\x80[\x93',b'h\xe3\x13@\x15\x85_h',b'\x8d\x15\x95\xcanj_\x11',2021.10.11.08.31.07_veh-50_01750_01948/MergedPointCloud/88c664b7917156da.pcd,1633942957450107
b'\x08\xc7\xceV\xca\x1dT\x00',b'\xab\xafN\x1ai\xc2[~',b'\x88\xc6d\xb7\x91qV\xda',b'\x08\xcb[\xfb\xf6\xc3Tm',b'h\xe3\x13@\x15\x85_h',b'\x8d\x15\x95\xcanj_\x11',2021.10.11.08.31.07_veh-50_01750_01948/MergedPointCloud/08c7ce56ca1d5400.pcd,1633942957500106
b'\xab\xafN\x1ai\xc2[~',b'\x9d\xcf\xf3o>6V0',b'\x08\xc7\xceV\xca\x1dT\x00',b'\x89\xc5\x80\x82S\xd4]\xca',b'h\xe3\x13@\x15\x85_h',b'\x8d\x15\x95\xcanj_\x11',2021.10.11.08.31.07_veh-50_01750_01948/MergedPointCloud/abaf4e1a69c25b7e.pcd,1633942957550102
b'\x9d\xcf\xf3o>6V0',b'b(\xc2\x10\xc2YTQ',b'\xab\xafN\x1ai\xc2[~',b'\xc1H\xddN\x02(Zb',b'h\xe3\x13@\x15\x85_h',b'\x8d\x15\x95\xcanj_\x11',2021.10.11.08.31.07_veh-50_01750_01948/MergedPointCloud/9dcff36f3e365630.pcd,1633942957600092
b'b(\xc2\x10\xc2YTQ',b'\x17\xd2*@\xcfvZ\xc9',b'\x9d\xcf\xf3o>6V0',b'\x92\x1b\x87\xc46\xd7R\x8d',b'h\xe3\x13@\x15\x85_h',b'\x8d\x15\x95\xcanj_\x11',2021.10.11.08.31.07_veh-50_01750_01948/MergedPointCloud/6228c210c2595451.pcd,1633942957650075
b'\x17\xd2*@\xcfvZ\xc9',b'\x08\xb2_\x13\xd1gQA',b'b(\xc2\x10\xc2YTQ',b'\xdd\x961E}nP\xd7',b'h\xe3\x13@\x15\x85_h',b'\x8d\x15\x95\xcanj_\x11',2021.10.11.08.31.07_veh-50_01750_01948/MergedPointCloud/17d22a40cf765ac9.pcd,1633942957700053
b'\x08\xb2_\x13\xd1gQA',b'\xa0\xafyX\x89wP\x0b',b'\x17\xd2*@\xcfvZ\xc9',b'\xffO\x93\xc9\xae\xe0R^',b'h\xe3\x13@\x15\x85_h',b'\x8d\x15\x95\xcanj_\x11',2021.10.11.08.31.07_veh-50_01750_01948/MergedPointCloud/08b25f13d1675141.pcd,1633942957750030
b'\xa0\xafyX\x89wP\x0b',b'fY\xb9\xca$\x8d[y',b'\x08\xb2_\x13\xd1gQA',b'Y\xf1\xd4bs\xcbVu',b'h\xe3\x13@\x15\x85_h',b'\x8d\x15\x95\xcanj_\x11',2021.10.11.08.31.07_veh-50_01750_01948/MergedPointCloud/a0af79588977500b.pcd,1633942957800008
b'fY\xb9\xca$\x8d[y',b'\xbb\x9c\x07N\x16\xfaZ{',b'\xa0\xafyX\x89wP\x0b',b'\xb2\x8f1\x18W\x08W\x81',b'h\xe3\x13@\x15\x85_h',b'\x8d\x15\x95\xcanj_\x11',2021.10.11.08.31.07_veh-50_01750_01948/MergedPointCloud/6659b9ca248d5b79.pcd,1633942957849986
b'\xbb\x9c\x07N\x16\xfaZ{',b'\xfa\x9c\xfaT\xb5\xf9[\xc7',b'fY\xb9\xca$\x8d[y',b'na\x1c\xf0\x9a\x02Q\xe3',b'h\xe3\x13@\x15\x85_h',b'\x8d\x15\x95\xcanj_\x11',2021.10.11.08.31.07_veh-50_01750_01948/MergedPointCloud/bb9c074e16fa5a7b.pcd,1633942957899966
b'\xfa\x9c\xfaT\xb5\xf9[\xc7',b'#\xfbIm\x99\xedX?',b'\xbb\x9c\x07N\x16\xfaZ{',b'\x13\xbb\xcc\xfc\xcf\x84Zg',b'h\xe3\x13@\x15\x85_h',b'\x8d\x15\x95\xcanj_\x11',2021.10.11.08.31.07_veh-50_01750_01948/MergedPointCloud/fa9cfa54b5f95bc7.pcd,1633942957949945
b'#\xfbIm\x99\xedX?',b'_\xe5\xb3G}e[\x8c',b'\xfa\x9c\xfaT\xb5\xf9[\xc7',b'U\x93(S\x08\x8aZ\xc5',b'h\xe3\x13@\x15\x85_h',b'\x8d\x15\x95\xcanj_\x11',2021.10.11.08.31.07_veh-50_01750_01948/MergedPointCloud/23fb496d99ed583f.pcd,1633942957999922
b'_\xe5\xb3G}e[\x8c',b'r}n\x84$\xe7P ',b'#\xfbIm\x99\xedX?',b'\x86\xe8\xe7\x06\xfdw^\x06',b'h\xe3\x13@\x15\x85_h',b'\x8d\x15\x95\xcanj_\x11',2021.10.11.08.31.07_veh-50_01750_01948/MergedPointCloud/5fe5b3477d655b8c.pcd,1633942958049898
b'r}n\x84$\xe7P ',b'\x93\xd4[;\xcd\xa1[\x02',b'_\xe5\xb3G}e[\x8c',b'N\xa2\x18i\xc45\\\xd9',b'h\xe3\x13@\x15\x85_h',b'\x8d\x15\x95\xcanj_\x11',2021.10.11.08.31.07_veh-50_01750_01948/MergedPointCloud/727d6e8424e75020.pcd,1633942958099872
b'\x93\xd4[;\xcd\xa1[\x02',b'\xc5\xc9RaXgW\x1e',b'r}n\x84$\xe7P ',b'a\x93\x1a#\xe9bT\xd0',b'h\xe3\x13@\x15\x85_h',b'\x8d\x15\x95\xcanj_\x11',2021.10.11.08.31.07_veh-50_01750_01948/MergedPointCloud/93d45b3bcda15b02.pcd,1633942958149847
b'\xc5\xc9RaXgW\x1e',b'\x8d\x8fU\x81\xecE]K',b'\x93\xd4[;\xcd\xa1[\x02',b'\xf8\xf6\xf8\x91\x07\xa8\\{',b'h\xe3\x13@\x15\x85_h',b'\x8d\x15\x95\xcanj_\x11',2021.10.11.08.31.07_veh-50_01750_01948/MergedPointCloud/c5c952615867571e.pcd,1633942958199824
b'\x8d\x8fU\x81\xecE]K',b's\x995\xbd\xa5\xb6[9',b'\xc5\xc9RaXgW\x1e',b'\x81\xd9\xfd\x03\xc7\x00X\x81',b'h\xe3\x13@\x15\x85_h',b'\x8d\x15\x95\xcanj_\x11',2021.10.11.08.31.07_veh-50_01750_01948/MergedPointCloud/8d8f5581ec455d4b.pcd,1633942958249801
b's\x995\xbd\xa5\xb6[9',b'%\xf1.\xc2\x8av]\xa9',b'\x8d\x8fU\x81\xecE]K',b'\xee\xf8wS\xf9\xfd_\xa7',b'h\xe3\x13@\x15\x85_h',b'\x8d\x15\x95\xcanj_\x11',2021.10.11.08.31.07_veh-50_01750_01948/MergedPointCloud/739935bda5b65b39.pcd,1633942958299778
b'%\xf1.\xc2\x8av]\xa9',b'\xdf1|j\x11\xecX\xbc',b's\x995\xbd\xa5\xb6[9',b'\xe8\rj\xbf\xd0\xb1[?',b'h\xe3\x13@\x15\x85_h',b'\x8d\x15\x95\xcanj_\x11',2021.10.11.08.31.07_veh-50_01750_01948/MergedPointCloud/25f12ec28a765da9.pcd,1633942958349754
b'\xdf1|j\x11\xecX\xbc',b'\xd2h]\x1c0\xb1U\x03',b'%\xf1.\xc2\x8av]\xa9',b'$\xb7w\xab\x12\xa2W\xc6',b'h\xe3\x13@\x15\x85_h',b'\x8d\x15\x95\xcanj_\x11',2021.10.11.08.31.07_veh-50_01750_01948/MergedPointCloud/df317c6a11ec58bc.pcd,1633942958399730
b'\xd2h]\x1c0\xb1U\x03',b'm@\xc9znhV\xab',b'\xdf1|j\x11\xecX\xbc',b'O\xf3\xa1\xf3Q\x89[\x9e',b'h\xe3\x13@\x15\x85_h',b'\x8d\x15\x95\xcanj_\x11',2021.10.11.08.31.07_veh-50_01750_01948/MergedPointCloud/d2685d1c30b15503.pcd,1633942958449703
b'm@\xc9znhV\xab',b'\x01~\x80$\xd6<P\xb8',b'\xd2h]\x1c0\xb1U\x03',b'\xceI-\x9f\xb5nZ\xa9',b'h\xe3\x13@\x15\x85_h',b'\x8d\x15\x95\xcanj_\x11',2021.10.11.08.31.07_veh-50_01750_01948/MergedPointCloud/6d40c97a6e6856ab.pcd,1633942958499676
b'\x01~\x80$\xd6<P\xb8',b'\xa59\xc6\x9e\x13\xcf[\x7f',b'm@\xc9znhV\xab',"b'\x00K\x8d""4\x99U\x8f'",b'h\xe3\x13@\x15\x85_h',b'\x8d\x15\x95\xcanj_\x11',2021.10.11.08.31.07_veh-50_01750_01948/MergedPointCloud/017e8024d63c50b8.pcd,1633942958549644
b'\xa59\xc6\x9e\x13\xcf[\x7f',b'Q\xedy\xba<\x18\\\xa8',b'\x01~\x80$\xd6<P\xb8',"b""\xbb'-\x89\xb9\xa2Xk""",b'h\xe3\x13@\x15\x85_h',b'\x8d\x15\x95\xcanj_\x11',2021.10.11.08.31.07_veh-50_01750_01948/MergedPointCloud/a539c69e13cf5b7f.pcd,1633942958599613
b'Q\xedy\xba<\x18\\\xa8',b'\xe3\r&{\x93\x07Z\x8c',b'\xa59\xc6\x9e\x13\xcf[\x7f',b'h\x9d\xd6nxqW8',b'h\xe3\x13@\x15\x85_h',b'\x8d\x15\x95\xcanj_\x11',2021.10.11.08.31.07_veh-50_01750_01948/MergedPointCloud/51ed79ba3c185ca8.pcd,1633942958649581
b'\xe3\r&{\x93\x07Z\x8c',b'\n\xd2\x85\xfa|\x9aY0',b'Q\xedy\xba<\x18\\\xa8',b'\xec$\x85\xdb\x1de]\xfe',b'h\xe3\x13@\x15\x85_h',b'\x8d\x15\x95\xcanj_\x11',2021.10.11.08.31.07_veh-50_01750_01948/MergedPointCloud/e30d267b93075a8c.pcd,1633942958699552
b'\n\xd2\x85\xfa|\x9aY0',b'\xf8\xf1vV\xaf\xb5Q\xfb',b'\xe3\r&{\x93\x07Z\x8c',"b'\xaf\x05\x8d\xd6""q^R'",b'h\xe3\x13@\x15\x85_h',b'\x8d\x15\x95\xcanj_\x11',2021.10.11.08.31.07_veh-50_01750_01948/MergedPointCloud/0ad285fa7c9a5930.pcd,1633942958749527
b'\xf8\xf1vV\xaf\xb5Q\xfb',b'\x18\x89\x07\x07\xfcL]\xca',b'\n\xd2\x85\xfa|\x9aY0',b'\x0f\xa6\x9d\xc9\r-\\W',b'h\xe3\x13@\x15\x85_h',b'\x8d\x15\x95\xcanj_\x11',2021.10.11.08.31.07_veh-50_01750_01948/MergedPointCloud/f8f17656afb551fb.pcd,1633942958799503
b'\x18\x89\x07\x07\xfcL]\xca',"b""\xe0>\xb6`\xcb\xcdT'""",b'\xf8\xf1vV\xaf\xb5Q\xfb',b'\x91\x85\xec#+\xaaZ\xd8',b'h\xe3\x13@\x15\x85_h',b'\x8d\x15\x95\xcanj_\x11',2021.10.11.08.31.07_veh-50_01750_01948/MergedPointCloud/18890707fc4c5dca.pcd,1633942958849484
"b""\xe0>\xb6`\xcb\xcdT'""",b'\x08H]\x9b$[T\x95',b'\x18\x89\x07\x07\xfcL]\xca',b'\xc1x\xe9\t\xd2\xaeV\x8f',b'h\xe3\x13@\x15\x85_h',b'\x8d\x15\x95\xcanj_\x11',2021.10.11.08.31.07_veh-50_01750_01948/MergedPointCloud/e03eb660cbcd5427.pcd,1633942958899466
b'\x08H]\x9b$[T\x95',b' 0\x13\x85\xf4*Z\xa0',"b""\xe0>\xb6`\xcb\xcdT'""",b'\xe7\xfe\xea`\xf7;^\xb2',b'h\xe3\x13@\x15\x85_h',b'\x8d\x15\x95\xcanj_\x11',2021.10.11.08.31.07_veh-50_01750_01948/MergedPointCloud/08485d9b245b5495.pcd,1633942958949450
b' 0\x13\x85\xf4*Z\xa0',"b""\xf8f'\xad\xc3\xe7U\xff""",b'\x08H]\x9b$[T\x95',b'\xeeb\xc7\xd6\x8f\xc5]+',b'h\xe3\x13@\x15\x85_h',b'\x8d\x15\x95\xcanj_\x11',2021.10.11.08.31.07_veh-50_01750_01948/MergedPointCloud/20301385f42a5aa0.pcd,1633942958999435
"b""\xf8f'\xad\xc3\xe7U\xff""",b'|>mu\x01\x1eV2',b' 0\x13\x85\xf4*Z\xa0',b'3\xb8%\xb1\xbc\xeb^>',b'h\xe3\x13@\x15\x85_h',b'\x8d\x15\x95\xcanj_\x11',2021.10.11.08.31.07_veh-50_01750_01948/MergedPointCloud/f86627adc3e755ff.pcd,1633942959049419
b'|>mu\x01\x1eV2',b'\x05\x86\xf5\x82\x93\x02SL',"b""\xf8f'\xad\xc3\xe7U\xff""",b'\xd7\xfd>\xc1t\xbeR\xf4',b'h\xe3\x13@\x15\x85_h',b'\x8d\x15\x95\xcanj_\x11',2021.10.11.08.31.07_veh-50_01750_01948/MergedPointCloud/7c3e6d75011e5632.pcd,1633942959099401
b'\x05\x86\xf5\x82\x93\x02SL',"b'U\x88\xa4\xb9-""[\x85'",b'|>mu\x01\x1eV2',b'&\xd2rF\xa5\x1dR\xe7',b'h\xe3\x13@\x15\x85_h',b'\x8d\x15\x95\xcanj_\x11',2021.10.11.08.31.07_veh-50_01750_01948/MergedPointCloud/0586f5829302534c.pcd,1633942959149382
"b'U\x88\xa4\xb9-""[\x85'",b'\x01\xaf\x12\xdd\xb0\xc3P\x9b',b'\x05\x86\xf5\x82\x93\x02SL',b'\x89\x0c^E\\VS\x0c',b'h\xe3\x13@\x15\x85_h',b'\x8d\x15\x95\xcanj_\x11',2021.10.11.08.31.07_veh-50_01750_01948/MergedPointCloud/5588a4b92d225b85.pcd,1633942959199360
b'\x01\xaf\x12\xdd\xb0\xc3P\x9b',b'\x8eOx%\xd4>U\x80',"b'U\x88\xa4\xb9-""[\x85'",b'\x90\xda\xe6\xf7\x8d\x12[\x86',b'h\xe3\x13@\x15\x85_h',b'\x8d\x15\x95\xcanj_\x11',2021.10.11.08.31.07_veh-50_01750_01948/MergedPointCloud/01af12ddb0c3509b.pcd,1633942959249341
b'\x8eOx%\xd4>U\x80',b'\xd1\x1b\xd2\xd5\xa0\xcaU ',b'\x01\xaf\x12\xdd\xb0\xc3P\x9b',b'\x83\x02\xf5\x97X\xf9P\xd2',b'h\xe3\x13@\x15\x85_h',b'\x8d\x15\x95\xcanj_\x11',2021.10.11.08.31.07_veh-50_01750_01948/MergedPointCloud/8e4f7825d43e5580.pcd,1633942959299327
b'\xd1\x1b\xd2\xd5\xa0\xcaU ',b'C\x99y\xeeg]TN',b'\x8eOx%\xd4>U\x80',b'\x0c\x9a\xa9\xf7\xadRY\x94',b'h\xe3\x13@\x15\x85_h',b'\x8d\x15\x95\xcanj_\x11',2021.10.11.08.31.07_veh-50_01750_01948/MergedPointCloud/d11bd2d5a0ca5520.pcd,1633942959349316
b'C\x99y\xeeg]TN',b'\xbe\xdf\x11l]\xf3W\x87',b'\xd1\x1b\xd2\xd5\xa0\xcaU ',b'\xff\xd71\x89\\\rT\x0f',b'h\xe3\x13@\x15\x85_h',b'\x8d\x15\x95\xcanj_\x11',2021.10.11.08.31.07_veh-50_01750_01948/MergedPointCloud/439979ee675d544e.pcd,1633942959399312
b'\xbe\xdf\x11l]\xf3W\x87',"b'\xef\x02E""\x9d\x14\\\xea'",b'C\x99y\xeeg]TN',"b'\x9b""J\xe7\xe7\xc9R['",b'h\xe3\x13@\x15\x85_h',b'\x8d\x15\x95\xcanj_\x11',2021.10.11.08.31.07_veh-50_01750_01948/MergedPointCloud/bedf116c5df35787.pcd,1633942959449311
"b'\xef\x02E""\x9d\x14\\\xea'",b'\x0e\xe6\x89\xc35\xdaS*',b'\xbe\xdf\x11l]\xf3W\x87',b'l\xfc|\xae\x87\xcbY\xad',b'h\xe3\x13@\x15\x85_h',b'\x8d\x15\x95\xcanj_\x11',2021.10.11.08.31.07_veh-50_01750_01948/MergedPointCloud/ef0245229d145cea.pcd,1633942959499314
b'\x0e\xe6\x89\xc35\xdaS*',b'\xbf\x86C\xd2\xbd\xd6X\x97',"b'\xef\x02E""\x9d\x14\\\xea'",b'\xbd9h\xd0\xe1\xb9Q\xe8',b'h\xe3\x13@\x15\x85_h',b'\x8d\x15\x95\xcanj_\x11',2021.10.11.08.31.07_veh-50_01750_01948/MergedPointCloud/0ee689c335da532a.pcd,1633942959549320
b'\xbf\x86C\xd2\xbd\xd6X\x97',b'\xb14\xb7\xc5p\x8dQj',b'\x0e\xe6\x89\xc35\xdaS*',b'\x92\x87\xa2\x1e\xe2\x92\\\xe6',b'h\xe3\x13@\x15\x85_h',b'\x8d\x15\x95\xcanj_\x11',2021.10.11.08.31.07_veh-50_01750_01948/MergedPointCloud/bf8643d2bdd65897.pcd,1633942959599330
b'\xb14\xb7\xc5p\x8dQj',b'\xdb\x8f\xc8\x89\xab\xfd^\xb0',b'\xbf\x86C\xd2\xbd\xd6X\x97',b'\x01@O\xae\xfaLQ\x18',b'h\xe3\x13@\x15\x85_h',b'\x8d\x15\x95\xcanj_\x11',2021.10.11.08.31.07_veh-50_01750_01948/MergedPointCloud/b134b7c5708d516a.pcd,1633942959649343
b'\xdb\x8f\xc8\x89\xab\xfd^\xb0',b'\xf1\x97\xeb\xc5\x13\x03U\xde',b'\xb14\xb7\xc5p\x8dQj',b'\xdf\xff\x08\xbb\x98\x02Y\xa6',b'h\xe3\x13@\x15\x85_h',b'\x8d\x15\x95\xcanj_\x11',2021.10.11.08.31.07_veh-50_01750_01948/MergedPointCloud/db8fc889abfd5eb0.pcd,1633942959699360
b'\xf1\x97\xeb\xc5\x13\x03U\xde',b'z\x13\x17\xe6\x95\x8fP\xa6',b'\xdb\x8f\xc8\x89\xab\xfd^\xb0',b'\x0c\xe8\xcc\xaeesU\xcc',b'h\xe3\x13@\x15\x85_h',b'\x8d\x15\x95\xcanj_\x11',2021.10.11.08.31.07_veh-50_01750_01948/MergedPointCloud/f197ebc5130355de.pcd,1633942959749382
b'z\x13\x17\xe6\x95\x8fP\xa6',b'L\xa1\x9b\xf0\xbe\xd8[\xcf',b'\xf1\x97\xeb\xc5\x13\x03U\xde',b'\xa6&x|\xd2zPf',b'h\xe3\x13@\x15\x85_h',b'\x8d\x15\x95\xcanj_\x11',2021.10.11.08.31.07_veh-50_01750_01948/MergedPointCloud/7a1317e6958f50a6.pcd,1633942959799408
b'L\xa1\x9b\xf0\xbe\xd8[\xcf',b'I\xeeHy\\\x13[\xf3',b'z\x13\x17\xe6\x95\x8fP\xa6',b'\x9b\xf6\xe3\xdb\xb0AV\xad',b'h\xe3\x13@\x15\x85_h',b'\x8d\x15\x95\xcanj_\x11',2021.10.11.08.31.07_veh-50_01750_01948/MergedPointCloud/4ca19bf0bed85bcf.pcd,1633942959849436
b'I\xeeHy\\\x13[\xf3',b'\xd2\xf4&\xa1\xdc\xe6Z\x14',b'L\xa1\x9b\xf0\xbe\xd8[\xcf',b'>\x96oW&\x1dZX',b'h\xe3\x13@\x15\x85_h',b'\x8d\x15\x95\xcanj_\x11',2021.10.11.08.31.07_veh-50_01750_01948/MergedPointCloud/49ee48795c135bf3.pcd,1633942959899461
b'\xd2\xf4&\xa1\xdc\xe6Z\x14',b'\x94\x006oO\xe8Z\xaf',b'I\xeeHy\\\x13[\xf3',"b'f?:,o*U\x8e'",b'h\xe3\x13@\x15\x85_h',b'\x8d\x15\x95\xcanj_\x11',2021.10.11.08.31.07_veh-50_01750_01948/MergedPointCloud/d2f426a1dce65a14.pcd,1633942959949483
b'\x94\x006oO\xe8Z\xaf',b'\x99\x1f\x19\x9f9\xccX\x82',b'\xd2\xf4&\xa1\xdc\xe6Z\x14',b'\x9416\xfc\xde\x1c\\\xf4',b'h\xe3\x13@\x15\x85_h',b'\x8d\x15\x95\xcanj_\x11',2021.10.11.08.31.07_veh-50_01750_01948/MergedPointCloud/9400366f4fe85aaf.pcd,1633942959999504
b'\x99\x1f\x19\x9f9\xccX\x82',b'^\x0c\xa0\xee\xc5|Zy',b'\x94\x006oO\xe8Z\xaf',b'Z\x88\xe8\\x\x16R}',b'h\xe3\x13@\x15\x85_h',b'\x8d\x15\x95\xcanj_\x11',2021.10.11.08.31.07_veh-50_01750_01948/MergedPointCloud/991f199f39cc5882.pcd,1633942960049523
b'^\x0c\xa0\xee\xc5|Zy',b'\xa5[l\xf5y\xf5V\x91',b'\x99\x1f\x19\x9f9\xccX\x82',b'\x1c>\xa8\xb5TE[c',b'h\xe3\x13@\x15\x85_h',b'\x8d\x15\x95\xcanj_\x11',2021.10.11.08.31.07_veh-50_01750_01948/MergedPointCloud/5e0ca0eec57c5a79.pcd,1633942960099542
b'\xa5[l\xf5y\xf5V\x91',b'X\xf0M$\xd9\x89U\x94',b'^\x0c\xa0\xee\xc5|Zy',b'\xa2\xc7W\xab0\x87VR',b'h\xe3\x13@\x15\x85_h',b'\x8d\x15\x95\xcanj_\x11',2021.10.11.08.31.07_veh-50_01750_01948/MergedPointCloud/a55b6cf579f55691.pcd,1633942960149566
b'X\xf0M$\xd9\x89U\x94',b'K=\x8a\xe4\xa8\x07U(',b'\xa5[l\xf5y\xf5V\x91',b'\x93\xa5\x0c\x83D\xc4W;',b'h\xe3\x13@\x15\x85_h',b'\x8d\x15\x95\xcanj_\x11',2021.10.11.08.31.07_veh-50_01750_01948/MergedPointCloud/58f04d24d9895594.pcd,1633942960199595
b'K=\x8a\xe4\xa8\x07U(',b'\xe3\xa7\xbc\x87\x04\x95Z\xfb',b'X\xf0M$\xd9\x89U\x94',b'\x14\x9c\x8b\xe6X\xa1\\(',b'h\xe3\x13@\x15\x85_h',b'\x8d\x15\x95\xcanj_\x11',2021.10.11.08.31.07_veh-50_01750_01948/MergedPointCloud/4b3d8ae4a8075528.pcd,1633942960249631
b'\xe3\xa7\xbc\x87\x04\x95Z\xfb',b'o\xb1\x9f\x8fh\xf2T\xb0',b'K=\x8a\xe4\xa8\x07U(',b'D\x11\xcdj(-_\xe6',b'h\xe3\x13@\x15\x85_h',b'\rd\x16\xc2Pj[<',2021.10.11.08.31.07_veh-50_01750_01948/MergedPointCloud/e3a7bc8704955afb.pcd,1633942960299673
b'o\xb1\x9f\x8fh\xf2T\xb0',b'4\x8b4J\xd0\xdaS\x90',b'\xe3\xa7\xbc\x87\x04\x95Z\xfb',b'\xb4<\x81}\\\x0f_i',b'h\xe3\x13@\x15\x85_h',b'\rd\x16\xc2Pj[<',2021.10.11.08.31.07_veh-50_01750_01948/MergedPointCloud/6fb19f8f68f254b0.pcd,1633942960349716
b'4\x8b4J\xd0\xdaS\x90',b'\xbdD/\xe6\xbb\x8a\\G',b'o\xb1\x9f\x8fh\xf2T\xb0',b'\xb6\xc1\x10\x8e\x1a\xdd[\xf6',b'h\xe3\x13@\x15\x85_h',b'\rd\x16\xc2Pj[<',2021.10.11.08.31.07_veh-50_01750_01948/MergedPointCloud/348b344ad0da5390.pcd,1633942960399759
b'\xbdD/\xe6\xbb\x8a\\G',b'U\xac2.\x04\x85V\x1f',b'4\x8b4J\xd0\xdaS\x90',b'1\x1e7\x8c\xfe}Vl',b'h\xe3\x13@\x15\x85_h',b'\rd\x16\xc2Pj[<',2021.10.11.08.31.07_veh-50_01750_01948/MergedPointCloud/bd442fe6bb8a5c47.pcd,1633942960449802
b'U\xac2.\x04\x85V\x1f',b'm\xf6\xf4N\xa0\xaaX\x8d',b'\xbdD/\xe6\xbb\x8a\\G',b'\xd0\xc1U\xcf\x87\xd8P\xbb',b'h\xe3\x13@\x15\x85_h',b'\rd\x16\xc2Pj[<',2021.10.11.08.31.07_veh-50_01750_01948/MergedPointCloud/55ac322e0485561f.pcd,1633942960499842
b'm\xf6\xf4N\xa0\xaaX\x8d',"b'\xbf\x88O\x1b\x10""_`'",b'U\xac2.\x04\x85V\x1f',b'i\xc2\xf4\xcc)p]\x1b',b'h\xe3\x13@\x15\x85_h',b'\rd\x16\xc2Pj[<',2021.10.11.08.31.07_veh-50_01750_01948/MergedPointCloud/6df6f44ea0aa588d.pcd,1633942960549880
"b'\xbf\x88O\x1b\x10""_`'",b'm\x8dJ\xa4\xcb?R\xd6',b'm\xf6\xf4N\xa0\xaaX\x8d',b'\x1b\xa8S\x04\x19\x07W\xb9',b'h\xe3\x13@\x15\x85_h',b'\rd\x16\xc2Pj[<',2021.10.11.08.31.07_veh-50_01750_01948/MergedPointCloud/bf884f1b10225f60.pcd,1633942960599916
b'm\x8dJ\xa4\xcb?R\xd6',b'+l\xdf\r%>[\xbb',"b'\xbf\x88O\x1b\x10""_`'",b'\x07t\x86\x1aO\x0cW\xa7',b'h\xe3\x13@\x15\x85_h',b'\rd\x16\xc2Pj[<',2021.10.11.08.31.07_veh-50_01750_01948/MergedPointCloud/6d8d4aa4cb3f52d6.pcd,1633942960649951
b'+l\xdf\r%>[\xbb',"b""'\xdd\xddw\xa6\xdc[\xa1""",b'm\x8dJ\xa4\xcb?R\xd6',b'p\xc9\x8eAf\xeaV\xec',b'h\xe3\x13@\x15\x85_h',b'\rd\x16\xc2Pj[<',2021.10.11.08.31.07_veh-50_01750_01948/MergedPointCloud/2b6cdf0d253e5bbb.pcd,1633942960699985
"b""'\xdd\xddw\xa6\xdc[\xa1""",b'k\xdcUao;R\xb2',b'+l\xdf\r%>[\xbb',b'n\x1d\xed\xa4O0S\xbd',b'h\xe3\x13@\x15\x85_h',b'\rd\x16\xc2Pj[<',2021.10.11.08.31.07_veh-50_01750_01948/MergedPointCloud/27dddd77a6dc5ba1.pcd,1633942960750018
b'k\xdcUao;R\xb2',b'`V\x96<\x92\x0e^&',"b""'\xdd\xddw\xa6\xdc[\xa1""",b'7\x19n\xd6\xb2\xe1]G',b'h\xe3\x13@\x15\x85_h',b'\rd\x16\xc2Pj[<',2021.10.11.08.31.07_veh-50_01750_01948/MergedPointCloud/6bdc55616f3b52b2.pcd,1633942960800053
b'`V\x96<\x92\x0e^&',b'\xa3\xc9|2Y\xd9W\x7f',b'k\xdcUao;R\xb2',b'!\x04\tx\xabg]\xac',b'h\xe3\x13@\x15\x85_h',b'\rd\x16\xc2Pj[<',2021.10.11.08.31.07_veh-50_01750_01948/MergedPointCloud/6056963c920e5e26.pcd,1633942960850093
b'\xa3\xc9|2Y\xd9W\x7f',b'\x08J~\xaa\xb8\xee[Q',b'`V\x96<\x92\x0e^&',"b'\xd9\xb8/\xbef\x16X""'",b'h\xe3\x13@\x15\x85_h',b'\rd\x16\xc2Pj[<',2021.10.11.08.31.07_veh-50_01750_01948/MergedPointCloud/a3c97c3259d9577f.pcd,1633942960900134
b'\x08J~\xaa\xb8\xee[Q',b'#\x97\x19\x92U\xdeW\xf3',b'\xa3\xc9|2Y\xd9W\x7f',b'WV\xef\xc0\x8c\xb8Z\xdf',b'h\xe3\x13@\x15\x85_h',b'\rd\x16\xc2Pj[<',2021.10.11.08.31.07_veh-50_01750_01948/MergedPointCloud/084a7eaab8ee5b51.pcd,1633942960950176
b'#\x97\x19\x92U\xdeW\xf3',b'\xf4\xb6\x14El\x01P\xe9',b'\x08J~\xaa\xb8\xee[Q',b'\xdd\x03\x1f\xc9\x9b\xdaU@',b'h\xe3\x13@\x15\x85_h',b'\rd\x16\xc2Pj[<',2021.10.11.08.31.07_veh-50_01750_01948/MergedPointCloud/2397199255de57f3.pcd,1633942961000216
b'\xf4\xb6\x14El\x01P\xe9',b'\xa0J\x93\x7f\x05\x89V\xdd',b'#\x97\x19\x92U\xdeW\xf3',b'\xd1{1\xe5\xa7\xaaP\x15',b'h\xe3\x13@\x15\x85_h',b'\rd\x16\xc2Pj[<',2021.10.11.08.31.07_veh-50_01750_01948/MergedPointCloud/f4b614456c0150e9.pcd,1633942961050252
b'\xa0J\x93\x7f\x05\x89V\xdd',b'\xdc\xef\xfa\xc9\x1e\xfcR\xa6',b'\xf4\xb6\x14El\x01P\xe9',b'O^\x06|\\\xfeW\xf0',b'h\xe3\x13@\x15\x85_h',b'\rd\x16\xc2Pj[<',2021.10.11.08.31.07_veh-50_01750_01948/MergedPointCloud/a04a937f058956dd.pcd,1633942961100282
b'\xdc\xef\xfa\xc9\x1e\xfcR\xa6',b'q%\x00\x93\x1f\x0b]\x84',b'\xa0J\x93\x7f\x05\x89V\xdd',b'\xb9\x96\x16\x062AS\x06',b'h\xe3\x13@\x15\x85_h',b'\rd\x16\xc2Pj[<',2021.10.11.08.31.07_veh-50_01750_01948/MergedPointCloud/dceffac91efc52a6.pcd,1633942961150308
b'q%\x00\x93\x1f\x0b]\x84',b'\xc8\xf7>\xbb\x8d\xcaUI',b'\xdc\xef\xfa\xc9\x1e\xfcR\xa6',b'\x8c\x07\x8c\xcepOX\xf5',b'h\xe3\x13@\x15\x85_h',b'\rd\x16\xc2Pj[<',2021.10.11.08.31.07_veh-50_01750_01948/MergedPointCloud/712500931f0b5d84.pcd,1633942961200329
b'\xc8\xf7>\xbb\x8d\xcaUI',b'\xe5\xcf\x95.{\x13Uk',b'q%\x00\x93\x1f\x0b]\x84',b'\xbeL\x9a\x02`\x0fX\xc0',b'h\xe3\x13@\x15\x85_h',b'\rd\x16\xc2Pj[<',2021.10.11.08.31.07_veh-50_01750_01948/MergedPointCloud/c8f73ebb8dca5549.pcd,1633942961250345
b'\xe5\xcf\x95.{\x13Uk',b'\x07KK\x17(sV\x03',b'\xc8\xf7>\xbb\x8d\xcaUI',b'\xfa<\xa9\xadC\xf6Z!',b'h\xe3\x13@\x15\x85_h',b'\rd\x16\xc2Pj[<',2021.10.11.08.31.07_veh-50_01750_01948/MergedPointCloud/e5cf952e7b13556b.pcd,1633942961300355
b'\x07KK\x17(sV\x03',b'!\xd7\xac\xcd\x8a\x18Y\x94',b'\xe5\xcf\x95.{\x13Uk',b'\xb2\xcfD\xb9\xd8\xa5Q]',b'h\xe3\x13@\x15\x85_h',b'\rd\x16\xc2Pj[<',2021.10.11.08.31.07_veh-50_01750_01948/MergedPointCloud/074b4b1728735603.pcd,1633942961350360
b'!\xd7\xac\xcd\x8a\x18Y\x94',b'V\x0c\x1f\x9e\x82\xc0\\)',b'\x07KK\x17(sV\x03',b'\xf9\x1e\xf9.D\xa5P\xa7',b'h\xe3\x13@\x15\x85_h',b'\rd\x16\xc2Pj[<',2021.10.11.08.31.07_veh-50_01750_01948/MergedPointCloud/21d7accd8a185994.pcd,1633942961400359
b'V\x0c\x1f\x9e\x82\xc0\\)',b'\xee\xc3\x97\xd3&;X\xfa',b'!\xd7\xac\xcd\x8a\x18Y\x94',b'F\xf7\x80*]\x9dP\x86',b'h\xe3\x13@\x15\x85_h',b'\rd\x16\xc2Pj[<',2021.10.11.08.31.07_veh-50_01750_01948/MergedPointCloud/560c1f9e82c05c29.pcd,1633942961450354
b'\xee\xc3\x97\xd3&;X\xfa',b'\xfd\x83\xd5)\x80aW\xd3',b'V\x0c\x1f\x9e\x82\xc0\\)',b'\x86\\o\x9b2\xe1\\\xd5',b'h\xe3\x13@\x15\x85_h',b'\rd\x16\xc2Pj[<',2021.10.11.08.31.07_veh-50_01750_01948/MergedPointCloud/eec397d3263b58fa.pcd,1633942961500346
b'\xfd\x83\xd5)\x80aW\xd3',b'\xa1\xb1\xa1\x00\xb5\xf6[\x1b',b'\xee\xc3\x97\xd3&;X\xfa',b')\xed\x8dbh\x0b^\xab',b'h\xe3\x13@\x15\x85_h',b'\rd\x16\xc2Pj[<',2021.10.11.08.31.07_veh-50_01750_01948/MergedPointCloud/fd83d529806157d3.pcd,1633942961550336
b'\xa1\xb1\xa1\x00\xb5\xf6[\x1b',b'\xf1\x87\xbcj\xdf\xfbZ\x0c',b'\xfd\x83\xd5)\x80aW\xd3',b'\x85i\xd3\xf4\xe6aU\xa9',b'h\xe3\x13@\x15\x85_h',b'\rd\x16\xc2Pj[<',2021.10.11.08.31.07_veh-50_01750_01948/MergedPointCloud/a1b1a100b5f65b1b.pcd,1633942961600323
b'\xf1\x87\xbcj\xdf\xfbZ\x0c',b'\x80Q\x99\xa5p\x1cX\xb6',b'\xa1\xb1\xa1\x00\xb5\xf6[\x1b',b'>\r\xe1\xc9JGYp',b'h\xe3\x13@\x15\x85_h',b'\rd\x16\xc2Pj[<',2021.10.11.08.31.07_veh-50_01750_01948/MergedPointCloud/f187bc6adffb5a0c.pcd,1633942961650306
b'\x80Q\x99\xa5p\x1cX\xb6',b';\xd5\\\x1c;\xe6V?',b'\xf1\x87\xbcj\xdf\xfbZ\x0c',b'\x01\x8f\xdf\xf4\xb8\n^>',b'h\xe3\x13@\x15\x85_h',b'\rd\x16\xc2Pj[<',2021.10.11.08.31.07_veh-50_01750_01948/MergedPointCloud/805199a5701c58b6.pcd,1633942961700286
b';\xd5\\\x1c;\xe6V?',b'\xced&\x1f\x85C^\xa9',b'\x80Q\x99\xa5p\x1cX\xb6',b'\xf9\xa8l\x0f\xed\xd7Q\x80',b'h\xe3\x13@\x15\x85_h',b'\rd\x16\xc2Pj[<',2021.10.11.08.31.07_veh-50_01750_01948/MergedPointCloud/3bd55c1c3be6563f.pcd,1633942961750263
b'\xced&\x1f\x85C^\xa9',b'w\t_\xec4\xf4Z\xce',b';\xd5\\\x1c;\xe6V?',b'\xc8^$\xb7\x988P\xde',b'h\xe3\x13@\x15\x85_h',b'\rd\x16\xc2Pj[<',2021.10.11.08.31.07_veh-50_01750_01948/MergedPointCloud/ce64261f85435ea9.pcd,1633942961800236
b'w\t_\xec4\xf4Z\xce',b'\x83L\x8co\xd9PQ\xce',b'\xced&\x1f\x85C^\xa9',b'^!\x8a2]\xd4\\\xe2',b'h\xe3\x13@\x15\x85_h',b'\rd\x16\xc2Pj[<',2021.10.11.08.31.07_veh-50_01750_01948/MergedPointCloud/77095fec34f45ace.pcd,1633942961850205
b'\x83L\x8co\xd9PQ\xce',b'\x11\x85\xdc\xe3\x80\x1cS\x87',b'w\t_\xec4\xf4Z\xce',b'\xcd\xaa^}kYV\x19',b'h\xe3\x13@\x15\x85_h',b'\rd\x16\xc2Pj[<',2021.10.11.08.31.07_veh-50_01750_01948/MergedPointCloud/834c8c6fd95051ce.pcd,1633942961900171
b'\x11\x85\xdc\xe3\x80\x1cS\x87',b'D\x15\xafg\xbd\x1cYd',b'\x83L\x8co\xd9PQ\xce',b'\x8eB\xee}\xc5 X{',b'h\xe3\x13@\x15\x85_h',b'\rd\x16\xc2Pj[<',2021.10.11.08.31.07_veh-50_01750_01948/MergedPointCloud/1185dce3801c5387.pcd,1633942961950138
b'D\x15\xafg\xbd\x1cYd',b'\x0e\xd0q\x1e\xdd\xa5_\xbb',b'\x11\x85\xdc\xe3\x80\x1cS\x87',b'\xb0\x9c:-\xe0\xd5W%',b'h\xe3\x13@\x15\x85_h',b'\rd\x16\xc2Pj[<',2021.10.11.08.31.07_veh-50_01750_01948/MergedPointCloud/4415af67bd1c5964.pcd,1633942962000106
b'\x0e\xd0q\x1e\xdd\xa5_\xbb',b'\x07c\xc3\x837\xc2P\xaa',b'D\x15\xafg\xbd\x1cYd',b'\xdf \x05d\x10\xacPV',b'h\xe3\x13@\x15\x85_h',b'\rd\x16\xc2Pj[<',2021.10.11.08.31.07_veh-50_01750_01948/MergedPointCloud/0ed0711edda55fbb.pcd,1633942962050077
b'\x07c\xc3\x837\xc2P\xaa',b'\xcc:\x87\xf64\x80Q\x13',b'\x0e\xd0q\x1e\xdd\xa5_\xbb',b'\xf5SH\xf0\rY[\xa7',b'h\xe3\x13@\x15\x85_h',b'\rd\x16\xc2Pj[<',2021.10.11.08.31.07_veh-50_01750_01948/MergedPointCloud/0763c38337c250aa.pcd,1633942962100050
b'\xcc:\x87\xf64\x80Q\x13',b'\xaa\xa5\xa2\xf56\xfcZ\xee',b'\x07c\xc3\x837\xc2P\xaa',b'3\xce\xcd\x08Iz]\x1f',b'h\xe3\x13@\x15\x85_h',b'\rd\x16\xc2Pj[<',2021.10.11.08.31.07_veh-50_01750_01948/MergedPointCloud/cc3a87f634805113.pcd,1633942962150024
b'\xaa\xa5\xa2\xf56\xfcZ\xee',b'\x9f\x05\r:\x98\xa8Y\xd8',b'\xcc:\x87\xf64\x80Q\x13',b'\x0f\xb4\xd9A2\x05RS',b'h\xe3\x13@\x15\x85_h',b'\rd\x16\xc2Pj[<',2021.10.11.08.31.07_veh-50_01750_01948/MergedPointCloud/aaa5a2f536fc5aee.pcd,1633942962199998
b'\x9f\x05\r:\x98\xa8Y\xd8',b'\x01X\x060c\xdd_\xc1',b'\xaa\xa5\xa2\xf56\xfcZ\xee',"b'\x8e\xee\xca\x9d""tQ+'",b'h\xe3\x13@\x15\x85_h',b'\rd\x16\xc2Pj[<',2021.10.11.08.31.07_veh-50_01750_01948/MergedPointCloud/9f050d3a98a859d8.pcd,1633942962249972
b'\x01X\x060c\xdd_\xc1',b'\x90\xf9*zodP\xba',b'\x9f\x05\r:\x98\xa8Y\xd8',"b'\xd9_""\x96\xb09UM'",b'h\xe3\x13@\x15\x85_h',b'\rd\x16\xc2Pj[<',2021.10.11.08.31.07_veh-50_01750_01948/MergedPointCloud/0158063063dd5fc1.pcd,1633942962299943
b'\x90\xf9*zodP\xba',b'\xf3H\xce\xd8M\xd1W\xc0',b'\x01X\x060c\xdd_\xc1',"b'\xd1\x8d\xa0""\xc9\xb7U\xdf'",b'h\xe3\x13@\x15\x85_h',b'\rd\x16\xc2Pj[<',2021.10.11.08.31.07_veh-50_01750_01948/MergedPointCloud/90f92a7a6f6450ba.pcd,1633942962349916
b'\xf3H\xce\xd8M\xd1W\xc0',b'p5s>\xc4\x92W\xe4',b'\x90\xf9*zodP\xba',b'\xaf\xe4\xd7$k%S\x01',b'h\xe3\x13@\x15\x85_h',b'\rd\x16\xc2Pj[<',2021.10.11.08.31.07_veh-50_01750_01948/MergedPointCloud/f348ced84dd157c0.pcd,1633942962399889
b'p5s>\xc4\x92W\xe4',b'D\xc2`\xab\x95\xb9T\x15',b'\xf3H\xce\xd8M\xd1W\xc0',b'_\xbf\x80JT\x1dYe',b'h\xe3\x13@\x15\x85_h',b'\rd\x16\xc2Pj[<',2021.10.11.08.31.07_veh-50_01750_01948/MergedPointCloud/7035733ec49257e4.pcd,1633942962449862
b'D\xc2`\xab\x95\xb9T\x15',b'0\xd2\x90t^k\\d',b'p5s>\xc4\x92W\xe4',b'\xb2Ma#\x06\x18S\xc4',b'h\xe3\x13@\x15\x85_h',b'\rd\x16\xc2Pj[<',2021.10.11.08.31.07_veh-50_01750_01948/MergedPointCloud/44c260ab95b95415.pcd,1633942962499840
b'0\xd2\x90t^k\\d',b'\x9d\xfc~g\xb9\xbf[_',b'D\xc2`\xab\x95\xb9T\x15',"b'\x18""\xc3w\xbcOWz'",b'h\xe3\x13@\x15\x85_h',b'\rd\x16\xc2Pj[<',2021.10.11.08.31.07_veh-50_01750_01948/MergedPointCloud/30d290745e6b5c64.pcd,1633942962549819
b'\x9d\xfc~g\xb9\xbf[_',b'\xe8h\xc5\x9d\xd7\xd3X~',b'0\xd2\x90t^k\\d',b'\xec[C\xb4\xa8\x18\\\x99',b'h\xe3\x13@\x15\x85_h',b'\rd\x16\xc2Pj[<',2021.10.11.08.31.07_veh-50_01750_01948/MergedPointCloud/9dfc7e67b9bf5b5f.pcd,1633942962599796
b'\xe8h\xc5\x9d\xd7\xd3X~',b'm]\x8c\x8d\x9a\x8cT\xf7',b'\x9d\xfc~g\xb9\xbf[_',"b'\xab\xdc\x14d\xb3""\\I'",b'h\xe3\x13@\x15\x85_h',b'\rd\x16\xc2Pj[<',2021.10.11.08.31.07_veh-50_01750_01948/MergedPointCloud/e868c59dd7d3587e.pcd,1633942962649770
b'm]\x8c\x8d\x9a\x8cT\xf7',b'\x84[\xf3z\xe6\x83UQ',b'\xe8h\xc5\x9d\xd7\xd3X~',b'@\xc3S\xa5\x04=]\xca',b'h\xe3\x13@\x15\x85_h',b'\rd\x16\xc2Pj[<',2021.10.11.08.31.07_veh-50_01750_01948/MergedPointCloud/6d5d8c8d9a8c54f7.pcd,1633942962699740
b'\x84[\xf3z\xe6\x83UQ',b'+\xbb\x02\xb7\x1a\x94Y\xd6',b'm]\x8c\x8d\x9a\x8cT\xf7',b'\xb9?\xf3\xe7=\xa8Y\x8b',b'h\xe3\x13@\x15\x85_h',b'\rd\x16\xc2Pj[<',2021.10.11.08.31.07_veh-50_01750_01948/MergedPointCloud/845bf37ae6835551.pcd,1633942962749710
b'+\xbb\x02\xb7\x1a\x94Y\xd6',b'\xed\x0c?\xdd\x07\xbeV\x07',b'\x84[\xf3z\xe6\x83UQ',b'\xfa9;J6\x98]]',b'h\xe3\x13@\x15\x85_h',b'\rd\x16\xc2Pj[<',2021.10.11.08.31.07_veh-50_01750_01948/MergedPointCloud/2bbb02b71a9459d6.pcd,1633942962799682
b'\xed\x0c?\xdd\x07\xbeV\x07',b'\xf7%\x90\x0c\x07zQ\x1e',b'+\xbb\x02\xb7\x1a\x94Y\xd6',b'\x1c\x9e\x05\x0bJ-U\x15',b'h\xe3\x13@\x15\x85_h',b'\rd\x16\xc2Pj[<',2021.10.11.08.31.07_veh-50_01750_01948/MergedPointCloud/ed0c3fdd07be5607.pcd,1633942962849653
b'\xf7%\x90\x0c\x07zQ\x1e',b'\xae\xab[fD\xadU<',b'\xed\x0c?\xdd\x07\xbeV\x07',b'\xff\x0et\x95\\\x00V\xfd',b'h\xe3\x13@\x15\x85_h',b'\rd\x16\xc2Pj[<',2021.10.11.08.31.07_veh-50_01750_01948/MergedPointCloud/f725900c077a511e.pcd,1633942962899628
b'\xae\xab[fD\xadU<',b'\x88\xdb\x9bWT5[\x9f',b'\xf7%\x90\x0c\x07zQ\x1e',b'\xd9\xafn\x0et\x9aS2',b'h\xe3\x13@\x15\x85_h',b'\rd\x16\xc2Pj[<',2021.10.11.08.31.07_veh-50_01750_01948/MergedPointCloud/aeab5b6644ad553c.pcd,1633942962949604
b'\x88\xdb\x9bWT5[\x9f',b'f!\xactH\xf9T\x99',b'\xae\xab[fD\xadU<',b'\x04\xd8\xae\xaf\xd9>S\xca',b'h\xe3\x13@\x15\x85_h',b'\rd\x16\xc2Pj[<',2021.10.11.08.31.07_veh-50_01750_01948/MergedPointCloud/88db9b5754355b9f.pcd,1633942962999581
b'f!\xactH\xf9T\x99',b'\xf4\xdb\xc8&\xe1\rZ\xa8',b'\x88\xdb\x9bWT5[\x9f',b'\x837\x9b6\x95/U=',b'h\xe3\x13@\x15\x85_h',b'\rd\x16\xc2Pj[<',2021.10.11.08.31.07_veh-50_01750_01948/MergedPointCloud/6621ac7448f95499.pcd,1633942963049561
b'\xf4\xdb\xc8&\xe1\rZ\xa8',b'\x1ccc-\x1f\xf7T$',b'f!\xactH\xf9T\x99',b'\xab\x89v.\xb5\x92T\xa5',b'h\xe3\x13@\x15\x85_h',b'\rd\x16\xc2Pj[<',2021.10.11.08.31.07_veh-50_01750_01948/MergedPointCloud/f4dbc826e10d5aa8.pcd,1633942963099545
b'\x1ccc-\x1f\xf7T$',b'\x7f\xd8\x80\xc9\x94&^\xad',b'\xf4\xdb\xc8&\xe1\rZ\xa8',b';\xb4\xd8\xd8\xc9TR.',b'h\xe3\x13@\x15\x85_h',b'\rd\x16\xc2Pj[<',2021.10.11.08.31.07_veh-50_01750_01948/MergedPointCloud/1c63632d1ff75424.pcd,1633942963149534
b'\x7f\xd8\x80\xc9\x94&^\xad',b'\x04+\xdd\xed\xb6\x88[\x87',b'\x1ccc-\x1f\xf7T$',b'Q\xaa\x0fFxsY\xc7',b'h\xe3\x13@\x15\x85_h',b'\rd\x16\xc2Pj[<',2021.10.11.08.31.07_veh-50_01750_01948/MergedPointCloud/7fd880c994265ead.pcd,1633942963199524
b'\x04+\xdd\xed\xb6\x88[\x87',b'{\x1f\xcdk\xaa\xe4^\xea',b'\x7f\xd8\x80\xc9\x94&^\xad',"b'\x98\xa6\xfe\x81\xff""X\xaf'",b'h\xe3\x13@\x15\x85_h',b'\rd\x16\xc2Pj[<',2021.10.11.08.31.07_veh-50_01750_01948/MergedPointCloud/042bddedb6885b87.pcd,1633942963249513
b'{\x1f\xcdk\xaa\xe4^\xea',b'\x9b[\xda\xe6\xff9X|',b'\x04+\xdd\xed\xb6\x88[\x87',b'\xbb\xd7>\xc4^3\\1',b'h\xe3\x13@\x15\x85_h',b'\rd\x16\xc2Pj[<',2021.10.11.08.31.07_veh-50_01750_01948/MergedPointCloud/7b1fcd6baae45eea.pcd,1633942963299502
b'\x9b[\xda\xe6\xff9X|',b'\xa6\x08\xb3\xf7y\x14\\\xba',b'{\x1f\xcdk\xaa\xe4^\xea',b'\xe3\xd0\xe8\xdb$\xa5RA',b'h\xe3\x13@\x15\x85_h',b'\rd\x16\xc2Pj[<',2021.10.11.08.31.07_veh-50_01750_01948/MergedPointCloud/9b5bdae6ff39587c.pcd,1633942963349492
b'\xa6\x08\xb3\xf7y\x14\\\xba',b'\x1a\x9b)\x14\xd3\xe3[\xfb',b'\x9b[\xda\xe6\xff9X|',b'J\xa2\xbc\x08llRz',b'h\xe3\x13@\x15\x85_h',b'\rd\x16\xc2Pj[<',2021.10.11.08.31.07_veh-50_01750_01948/MergedPointCloud/a608b3f779145cba.pcd,1633942963399483
b'\x1a\x9b)\x14\xd3\xe3[\xfb',b'\x0e\xd3\xf7p\xb3\xecQ\x9b',b'\xa6\x08\xb3\xf7y\x14\\\xba',b'\r\xd5L(E\xd8V/',b'h\xe3\x13@\x15\x85_h',b'\rd\x16\xc2Pj[<',2021.10.11.08.31.07_veh-50_01750_01948/MergedPointCloud/1a9b2914d3e35bfb.pcd,1633942963449476
b'\x0e\xd3\xf7p\xb3\xecQ\x9b',b'\xbc+-\xe9\xe9\xd3Y>',b'\x1a\x9b)\x14\xd3\xe3[\xfb',b'\xaadmj\xb34Q\\',b'h\xe3\x13@\x15\x85_h',b'\rd\x16\xc2Pj[<',2021.10.11.08.31.07_veh-50_01750_01948/MergedPointCloud/0ed3f770b3ec519b.pcd,1633942963499469
b'\xbc+-\xe9\xe9\xd3Y>',b's\x87\n\x0bj-T\x1f',b'\x0e\xd3\xf7p\xb3\xecQ\x9b',b'\xa6\xff\xd4\xb6\xbc\x00Y\x01',b'h\xe3\x13@\x15\x85_h',b'\rd\x16\xc2Pj[<',2021.10.11.08.31.07_veh-50_01750_01948/MergedPointCloud/bc2b2de9e9d3593e.pcd,1633942963549462
b's\x87\n\x0bj-T\x1f',b';\xdb\xca[\xc7B\\\x8a',b'\xbc+-\xe9\xe9\xd3Y>',b'UQ\xd6\x8aV\xb1SS',b'h\xe3\x13@\x15\x85_h',b'\rd\x16\xc2Pj[<',2021.10.11.08.31.07_veh-50_01750_01948/MergedPointCloud/73870a0b6a2d541f.pcd,1633942963599455
b';\xdb\xca[\xc7B\\\x8a',b'\x03\xae\xa4v3\xca_w',b's\x87\n\x0bj-T\x1f',b'!\xfc\xad\xd3I\xc5[\xc7',b'h\xe3\x13@\x15\x85_h',b'\rd\x16\xc2Pj[<',2021.10.11.08.31.07_veh-50_01750_01948/MergedPointCloud/3bdbca5bc7425c8a.pcd,1633942963649454
b'\x03\xae\xa4v3\xca_w',b'$\x875\xed\x0b\x95T\xe2',b';\xdb\xca[\xc7B\\\x8a',b'\x9f\xcc|\xa6&\x02X\n',b'h\xe3\x13@\x15\x85_h',b'\rd\x16\xc2Pj[<',2021.10.11.08.31.07_veh-50_01750_01948/MergedPointCloud/03aea47633ca5f77.pcd,1633942963699457
b'$\x875\xed\x0b\x95T\xe2',b'4\x94\xec\x90\x12\xb3Pj',b'\x03\xae\xa4v3\xca_w',b'=\xed\x0b\x95}\xe2S\xde',b'h\xe3\x13@\x15\x85_h',b'\rd\x16\xc2Pj[<',2021.10.11.08.31.07_veh-50_01750_01948/MergedPointCloud/248735ed0b9554e2.pcd,1633942963749464
b'4\x94\xec\x90\x12\xb3Pj',b'$\xe8ZG\xf2\xf0]\x9c',b'$\x875\xed\x0b\x95T\xe2',b'C\xe7LZ\x99\xe0Y0',b'h\xe3\x13@\x15\x85_h',b'\rd\x16\xc2Pj[<',2021.10.11.08.31.07_veh-50_01750_01948/MergedPointCloud/3494ec9012b3506a.pcd,1633942963799474
b'$\xe8ZG\xf2\xf0]\x9c',b'\xfc\x15\\\xf2\x14 _\xc1',b'4\x94\xec\x90\x12\xb3Pj',b'\x8e\xe8\x1br?\x80]\xd1',b'h\xe3\x13@\x15\x85_h',b'\rd\x16\xc2Pj[<',2021.10.11.08.31.07_veh-50_01750_01948/MergedPointCloud/24e85a47f2f05d9c.pcd,1633942963849485
b'\xfc\x15\\\xf2\x14 _\xc1',b'\xa3m\xaa\x1a!\xcf[\xcf',b'$\xe8ZG\xf2\xf0]\x9c',b'\n\xf0\\#\xf7\xe5Y\x13',b'h\xe3\x13@\x15\x85_h',b'\rd\x16\xc2Pj[<',2021.10.11.08.31.07_veh-50_01750_01948/MergedPointCloud/fc155cf214205fc1.pcd,1633942963899497
b'\xa3m\xaa\x1a!\xcf[\xcf',b'2\x1d\xc6\xb4\xac\xafS\x93',b'\xfc\x15\\\xf2\x14 _\xc1',b'\x8e\x0b#\x19V\xfdQC',b'h\xe3\x13@\x15\x85_h',b'\rd\x16\xc2Pj[<',2021.10.11.08.31.07_veh-50_01750_01948/MergedPointCloud/a36daa1a21cf5bcf.pcd,1633942963949509
b'2\x1d\xc6\xb4\xac\xafS\x93',b'\xc4\xb5\x1f\x94\xd7\xfa]\xc4',b'\xa3m\xaa\x1a!\xcf[\xcf',b'W\x1e\x1e\x165\xa3_\x9e',b'h\xe3\x13@\x15\x85_h',b'\rd\x16\xc2Pj[<',2021.10.11.08.31.07_veh-50_01750_01948/MergedPointCloud/321dc6b4acaf5393.pcd,1633942963999521
b'\xc4\xb5\x1f\x94\xd7\xfa]\xc4',b'\xd21\xb7\xc2{T_{',b'2\x1d\xc6\xb4\xac\xafS\x93',b'o\xbd\x878\xc6<T\xdb',b'h\xe3\x13@\x15\x85_h',b'\rd\x16\xc2Pj[<',2021.10.11.08.31.07_veh-50_01750_01948/MergedPointCloud/c4b51f94d7fa5dc4.pcd,1633942964049533
b'\xd21\xb7\xc2{T_{',b'\x02}\xcd\xf2+D[p',b'\xc4\xb5\x1f\x94\xd7\xfa]\xc4',b'\x06\xfbqqL\xe6Pk',b'h\xe3\x13@\x15\x85_h',b'\rd\x16\xc2Pj[<',2021.10.11.08.31.07_veh-50_01750_01948/MergedPointCloud/d231b7c27b545f7b.pcd,1633942964099545
b'\x02}\xcd\xf2+D[p',b'\x02\x99|\xc5W\x82Wv',b'\xd21\xb7\xc2{T_{',b'\x13q\xa6\x93\xee\x1f^p',b'h\xe3\x13@\x15\x85_h',b'\rd\x16\xc2Pj[<',2021.10.11.08.31.07_veh-50_01750_01948/MergedPointCloud/027dcdf22b445b70.pcd,1633942964149558
b'\x02\x99|\xc5W\x82Wv',b'\x18\xfb\x84\x8e\xdbi_\xd1',b'\x02}\xcd\xf2+D[p',b'\x90y\x909HyUH',b'h\xe3\x13@\x15\x85_h',b'\rd\x16\xc2Pj[<',2021.10.11.08.31.07_veh-50_01750_01948/MergedPointCloud/02997cc557825776.pcd,1633942964199574
b'\x18\xfb\x84\x8e\xdbi_\xd1',b'\xaf\x87\x12\x98`)V\xbe',b'\x02\x99|\xc5W\x82Wv',b'\xbf\x1b\x80\xd6\xe0\xd8U\xc7',b'h\xe3\x13@\x15\x85_h',b'\rd\x16\xc2Pj[<',2021.10.11.08.31.07_veh-50_01750_01948/MergedPointCloud/18fb848edb695fd1.pcd,1633942964249591
b'\xaf\x87\x12\x98`)V\xbe',b'\x96\x9e\x86\x90u\x03Y\xed',b'\x18\xfb\x84\x8e\xdbi_\xd1',b'\xfd6\xcc\xa7\xea\x9cY^',b'h\xe3\x13@\x15\x85_h',b'\rd\x16\xc2Pj[<',2021.10.11.08.31.07_veh-50_01750_01948/MergedPointCloud/af871298602956be.pcd,1633942964299610
b'\x96\x9e\x86\x90u\x03Y\xed',b'\xa9\x8f\n\x02\xe6fYZ',b'\xaf\x87\x12\x98`)V\xbe',b'\x91`\x9d\x0f%\x96P\xe4',b'h\xe3\x13@\x15\x85_h',b'\rd\x16\xc2Pj[<',2021.10.11.08.31.07_veh-50_01750_01948/MergedPointCloud/969e8690750359ed.pcd,1633942964349631
b'\xa9\x8f\n\x02\xe6fYZ',b'\r:\x14ol\x1eQ\x16',b'\x96\x9e\x86\x90u\x03Y\xed',b'Y\x08\x11\xe6QfP\xc1',b'h\xe3\x13@\x15\x85_h',b'\rd\x16\xc2Pj[<',2021.10.11.08.31.07_veh-50_01750_01948/MergedPointCloud/a98f0a02e666595a.pcd,1633942964399653
b'\r:\x14ol\x1eQ\x16',b'5v\x94\x98\x8d!Q\x96',b'\xa9\x8f\n\x02\xe6fYZ',b';\x15\xde\xca@VZS',b'h\xe3\x13@\x15\x85_h',b'\rd\x16\xc2Pj[<',2021.10.11.08.31.07_veh-50_01750_01948/MergedPointCloud/0d3a146f6c1e5116.pcd,1633942964449680
b'5v\x94\x98\x8d!Q\x96',b'\x02\xea\xf6\x1f\x16O]\xa4',b'\r:\x14ol\x1eQ\x16',b'\x06/R\xbdaF[~',b'h\xe3\x13@\x15\x85_h',b'\rd\x16\xc2Pj[<',2021.10.11.08.31.07_veh-50_01750_01948/MergedPointCloud/357694988d215196.pcd,1633942964499710
b'\x02\xea\xf6\x1f\x16O]\xa4',b'\xb1`s\xc8 \xf4QY',b'5v\x94\x98\x8d!Q\x96',"b'\x91\xf7#""\x0c\x01Z\x88'",b'h\xe3\x13@\x15\x85_h',b'\rd\x16\xc2Pj[<',2021.10.11.08.31.07_veh-50_01750_01948/MergedPointCloud/02eaf61f164f5da4.pcd,1633942964549740
b'\xb1`s\xc8 \xf4QY',b'\xfc6\xf9\x81\x8e\xeaS\xf2',b'\x02\xea\xf6\x1f\x16O]\xa4',b'\x0b\xce\\\xe8\x8e\x99V{',b'h\xe3\x13@\x15\x85_h',b'\rd\x16\xc2Pj[<',2021.10.11.08.31.07_veh-50_01750_01948/MergedPointCloud/b16073c820f45159.pcd,1633942964599768
b'\xfc6\xf9\x81\x8e\xeaS\xf2',b'\x96\xf8\x0e\x8bX\xf3_5',b'\xb1`s\xc8 \xf4QY',b'\xaf\xaa[n\r\x7f_d',b'h\xe3\x13@\x15\x85_h',b'\rd\x16\xc2Pj[<',2021.10.11.08.31.07_veh-50_01750_01948/MergedPointCloud/fc36f9818eea53f2.pcd,1633942964649794
b'\x96\xf8\x0e\x8bX\xf3_5',b'2\xff\xd3\x9f;\xb7Ze',b'\xfc6\xf9\x81\x8e\xeaS\xf2',b'\xba\xa5\xc0\x96\xf6+V\x91',b'h\xe3\x13@\x15\x85_h',b'\rd\x16\xc2Pj[<',2021.10.11.08.31.07_veh-50_01750_01948/MergedPointCloud/96f80e8b58f35f35.pcd,1633942964699817
b'2\xff\xd3\x9f;\xb7Ze',b'\x91&\xcb\xc4#SV\xe6',b'\x96\xf8\x0e\x8bX\xf3_5',b'\x0b\xbe\xe7}s\x83^\xa6',b'h\xe3\x13@\x15\x85_h',b'\rd\x16\xc2Pj[<',2021.10.11.08.31.07_veh-50_01750_01948/MergedPointCloud/32ffd39f3bb75a65.pcd,1633942964749842
b'\x91&\xcb\xc4#SV\xe6',b';\x8d\xff\xa4\xed\xdfR\x13',b'2\xff\xd3\x9f;\xb7Ze',b'X\xd4%p\x82\xb6Z\x9a',b'h\xe3\x13@\x15\x85_h',b'\rd\x16\xc2Pj[<',2021.10.11.08.31.07_veh-50_01750_01948/MergedPointCloud/9126cbc4235356e6.pcd,1633942964799868
b';\x8d\xff\xa4\xed\xdfR\x13',b'\xb3\xb0G?*nU\x19',b'\x91&\xcb\xc4#SV\xe6',b'\x1d\xd1F\xb9\x8d\x94X\xdd',b'h\xe3\x13@\x15\x85_h',b'\rd\x16\xc2Pj[<',2021.10.11.08.31.07_veh-50_01750_01948/MergedPointCloud/3b8dffa4eddf5213.pcd,1633942964849895
b'\xb3\xb0G?*nU\x19',b'\x8bb@ -;[\x98',b';\x8d\xff\xa4\xed\xdfR\x13',b'\x9b\xca\xad\xdb\xab\x1fQE',b'h\xe3\x13@\x15\x85_h',b'\rd\x16\xc2Pj[<',2021.10.11.08.31.07_veh-50_01750_01948/MergedPointCloud/b3b0473f2a6e5519.pcd,1633942964899924
b'\x8bb@ -;[\x98',b'jFD\x1d\xe3\xb5P!',b'\xb3\xb0G?*nU\x19',"b""\xc8\xdd\xfa'eh]\x06""",b'h\xe3\x13@\x15\x85_h',b'\rd\x16\xc2Pj[<',2021.10.11.08.31.07_veh-50_01750_01948/MergedPointCloud/8b6240202d3b5b98.pcd,1633942964949953
b'jFD\x1d\xe3\xb5P!',"b'\xc06\x8b""\xb1;WH'",b'\x8bb@ -;[\x98',b'\n*\x05\xb6\x8cYX\xc0',b'h\xe3\x13@\x15\x85_h',b'\rd\x16\xc2Pj[<',2021.10.11.08.31.07_veh-50_01750_01948/MergedPointCloud/6a46441de3b55021.pcd,1633942964999984
"b'\xc06\x8b""\xb1;WH'",b')\xfa\xc7\x03n\xd3Wv',b'jFD\x1d\xe3\xb5P!',b'\x8f@1\xa6\xc0\xe9Y\xae',b'h\xe3\x13@\x15\x85_h',b'\rd\x16\xc2Pj[<',2021.10.11.08.31.07_veh-50_01750_01948/MergedPointCloud/c0368b22b13b5748.pcd,1633942965050013
b')\xfa\xc7\x03n\xd3Wv',b'\x91\x80^\xb4l1^d',"b'\xc06\x8b""\xb1;WH'",b'\xe0\x98$\xf0b\xe7^\xbc',b'h\xe3\x13@\x15\x85_h',b'\rd\x16\xc2Pj[<',2021.10.11.08.31.07_veh-50_01750_01948/MergedPointCloud/29fac7036ed35776.pcd,1633942965100041
b'\x91\x80^\xb4l1^d',b'\xc6\xa9xy\xa7R\\K',b')\xfa\xc7\x03n\xd3Wv',b'\xfe\xea0\xc6Q\x17Q ',b'h\xe3\x13@\x15\x85_h',b'\rd\x16\xc2Pj[<',2021.10.11.08.31.07_veh-50_01750_01948/MergedPointCloud/91805eb46c315e64.pcd,1633942965150064
b'\xc6\xa9xy\xa7R\\K',b'\xc7\xad\xc7\xcd8\xc8P\x8c',b'\x91\x80^\xb4l1^d',b'\xe1\xb5\xc8\xd6\xc4\xd3_\x19',b'h\xe3\x13@\x15\x85_h',b'\rd\x16\xc2Pj[<',2021.10.11.08.31.07_veh-50_01750_01948/MergedPointCloud/c6a97879a7525c4b.pcd,1633942965200082
b'\xc7\xad\xc7\xcd8\xc8P\x8c',b'\xac\x8e\xf4\xae\x9b \\9',b'\xc6\xa9xy\xa7R\\K',b'\xcd>S\xa4ga]\x95',b'h\xe3\x13@\x15\x85_h',b'\rd\x16\xc2Pj[<',2021.10.11.08.31.07_veh-50_01750_01948/MergedPointCloud/c7adc7cd38c8508c.pcd,1633942965250097
b'\xac\x8e\xf4\xae\x9b \\9',b'\xd7\xb5\xfd\x94#hS\xc6',b'\xc7\xad\xc7\xcd8\xc8P\x8c',b'\xb3v\x7fP\xcf\x8f_\x87',b'h\xe3\x13@\x15\x85_h',b'\rd\x16\xc2Pj[<',2021.10.11.08.31.07_veh-50_01750_01948/MergedPointCloud/ac8ef4ae9b205c39.pcd,1633942965300108
b'\xd7\xb5\xfd\x94#hS\xc6',b'2\x8b\xa6&t\xc8_\x9e',b'\xac\x8e\xf4\xae\x9b \\9',b'`\x08\xa1\x08\xbf\xf7Z\xad',b'h\xe3\x13@\x15\x85_h',b'\rd\x16\xc2Pj[<',2021.10.11.08.31.07_veh-50_01750_01948/MergedPointCloud/d7b5fd94236853c6.pcd,1633942965350115
b'2\x8b\xa6&t\xc8_\x9e',b'\xaa:\xd4\\r\xdc]y',b'\xd7\xb5\xfd\x94#hS\xc6',b'\x94\xca\xd4\xb4\xfb U.',b'h\xe3\x13@\x15\x85_h',b'\rd\x16\xc2Pj[<',2021.10.11.08.31.07_veh-50_01750_01948/MergedPointCloud/328ba62674c85f9e.pcd,1633942965400118
b'\xaa:\xd4\\r\xdc]y',b'\xe3e\xaf\x8c\x84\xe9R\xb3',b'2\x8b\xa6&t\xc8_\x9e',b'\xff {\xd3\xc3|P}',b'h\xe3\x13@\x15\x85_h',b'\rd\x16\xc2Pj[<',2021.10.11.08.31.07_veh-50_01750_01948/MergedPointCloud/aa3ad45c72dc5d79.pcd,1633942965450118
b'\xe3e\xaf\x8c\x84\xe9R\xb3',b'\xe4fY\xe2\x9c\x9d\\\x10',b'\xaa:\xd4\\r\xdc]y',b'\x04\x88\xdd\x04\xedJ]\xa5',b'h\xe3\x13@\x15\x85_h',b'\rd\x16\xc2Pj[<',2021.10.11.08.31.07_veh-50_01750_01948/MergedPointCloud/e365af8c84e952b3.pcd,1633942965500114
b'\xe4fY\xe2\x9c\x9d\\\x10',b'\x11\x0fh65\xdbY:',b'\xe3e\xaf\x8c\x84\xe9R\xb3',b'\x9b4\xccm\x92\x7fZO',b'h\xe3\x13@\x15\x85_h',b'\rd\x16\xc2Pj[<',2021.10.11.08.31.07_veh-50_01750_01948/MergedPointCloud/e46659e29c9d5c10.pcd,1633942965550107
b'\x11\x0fh65\xdbY:',b'\x12 T\xcbF\xab_q',b'\xe4fY\xe2\x9c\x9d\\\x10',b'\x97\xab\xb1|\x96\x00[\xc2',b'h\xe3\x13@\x15\x85_h',b'\rd\x16\xc2Pj[<',2021.10.11.08.31.07_veh-50_01750_01948/MergedPointCloud/110f683635db593a.pcd,1633942965600096
b'\x12 T\xcbF\xab_q',b'\x18\xe5;A\r\x1cR\xee',b'\x11\x0fh65\xdbY:',b'T\xb3\x16no\xb0X)',b'h\xe3\x13@\x15\x85_h',b'\rd\x16\xc2Pj[<',2021.10.11.08.31.07_veh-50_01750_01948/MergedPointCloud/122054cb46ab5f71.pcd,1633942965650085
b'\x18\xe5;A\r\x1cR\xee',b'DqN\x86K\x01[\xd0',b'\x12 T\xcbF\xab_q',b'\x1e\xcd\xd0\xae\x1b\x1fT\xd6',b'h\xe3\x13@\x15\x85_h',b'\rd\x16\xc2Pj[<',2021.10.11.08.31.07_veh-50_01750_01948/MergedPointCloud/18e53b410d1c52ee.pcd,1633942965700075
b'DqN\x86K\x01[\xd0',b'*\xa3BX\xbe\xbfR\xe6',b'\x18\xe5;A\r\x1cR\xee',b'\x9dI\x14\x16}\x8cZ4',b'h\xe3\x13@\x15\x85_h',b'\rd\x16\xc2Pj[<',2021.10.11.08.31.07_veh-50_01750_01948/MergedPointCloud/44714e864b015bd0.pcd,1633942965750067
b'*\xa3BX\xbe\xbfR\xe6',b'\xf6\x8f\x8b\xb34\x03SM',b'DqN\x86K\x01[\xd0',b'o\x1e!\xd4\xc7\x86\\\xfc',b'h\xe3\x13@\x15\x85_h',b'\rd\x16\xc2Pj[<',2021.10.11.08.31.07_veh-50_01750_01948/MergedPointCloud/2aa34258bebf52e6.pcd,1633942965800059
b'\xf6\x8f\x8b\xb34\x03SM',b'\xea\x1c=\x12\xca\xc8UC',b'*\xa3BX\xbe\xbfR\xe6',b'\xa54VR\xe7\nX\x84',b'h\xe3\x13@\x15\x85_h',b'\rd\x16\xc2Pj[<',2021.10.11.08.31.07_veh-50_01750_01948/MergedPointCloud/f68f8bb33403534d.pcd,1633942965850048
b'\xea\x1c=\x12\xca\xc8UC',b'S\xfb\xc3\x06\xb60RV',b'\xf6\x8f\x8b\xb34\x03SM',b'~\xe1K\x1d\xcc\xb6]\xed',b'h\xe3\x13@\x15\x85_h',b'\rd\x16\xc2Pj[<',2021.10.11.08.31.07_veh-50_01750_01948/MergedPointCloud/ea1c3d12cac85543.pcd,1633942965900032
b'S\xfb\xc3\x06\xb60RV',b'\xf6\xf2\x96\xa1\xad\xdaZ\x01',b'\xea\x1c=\x12\xca\xc8UC',b'\xf5?\xed\xd5/i\\\xbc',b'h\xe3\x13@\x15\x85_h',b'\rd\x16\xc2Pj[<',2021.10.11.08.31.07_veh-50_01750_01948/MergedPointCloud/53fbc306b6305256.pcd,1633942965950011
b'\xf6\xf2\x96\xa1\xad\xdaZ\x01',"b""\xc9\x92'\xf6U\xd7W\x81""",b'S\xfb\xc3\x06\xb60RV',b'\xdd\xb3\xf0\x83\x01\x8fTu',b'h\xe3\x13@\x15\x85_h',b'\rd\x16\xc2Pj[<',2021.10.11.08.31.07_veh-50_01750_01948/MergedPointCloud/f6f296a1adda5a01.pcd,1633942965999988
"b""\xc9\x92'\xf6U\xd7W\x81""",b'\x98/\x00\x19t9X\xda',b'\xf6\xf2\x96\xa1\xad\xdaZ\x01',b'\xf0\xfb\xf4Zp\xc4Y@',b'h\xe3\x13@\x15\x85_h',b'\rd\x16\xc2Pj[<',2021.10.11.08.31.07_veh-50_01750_01948/MergedPointCloud/c99227f655d75781.pcd,1633942966049961
b'\x98/\x00\x19t9X\xda',b'\x10\xd4\x89\xc3!j_\xad',"b""\xc9\x92'\xf6U\xd7W\x81""",b'\x9c\x0e\xe3} \xde]\xbe',b'h\xe3\x13@\x15\x85_h',b'\rd\x16\xc2Pj[<',2021.10.11.08.31.07_veh-50_01750_01948/MergedPointCloud/982f0019743958da.pcd,1633942966099933
b'\x10\xd4\x89\xc3!j_\xad',b'\x9e\xf9k\xba\xe8\xf9T\x16',b'\x98/\x00\x19t9X\xda',b'\xcf\x80\x96\xceO\xec_\x04',b'h\xe3\x13@\x15\x85_h',b'\rd\x16\xc2Pj[<',2021.10.11.08.31.07_veh-50_01750_01948/MergedPointCloud/10d489c3216a5fad.pcd,1633942966149904
b'\x9e\xf9k\xba\xe8\xf9T\x16',b' \xd0CC\x0b\x15^\xc1',b'\x10\xd4\x89\xc3!j_\xad',b'\xdc\x9f (u\xdfW\xfa',b'h\xe3\x13@\x15\x85_h',b'\rd\x16\xc2Pj[<',2021.10.11.08.31.07_veh-50_01750_01948/MergedPointCloud/9ef96bbae8f95416.pcd,1633942966199876
b' \xd0CC\x0b\x15^\xc1',b'P\xb9\xf6\xca\x97\xcb_K',b'\x9e\xf9k\xba\xe8\xf9T\x16',b'\x95\x19\x82\xd3\xeb\xb3W\xe2',b'h\xe3\x13@\x15\x85_h',b'\rd\x16\xc2Pj[<',2021.10.11.08.31.07_veh-50_01750_01948/MergedPointCloud/20d043430b155ec1.pcd,1633942966249845
b'P\xb9\xf6\xca\x97\xcb_K',b'kc\x9c\xfc\x03\x9f]\xfe',b' \xd0CC\x0b\x15^\xc1',b'\xf7(\xae\x03\x8b\xf4T\x0b',b'h\xe3\x13@\x15\x85_h',b'\rd\x16\xc2Pj[<',2021.10.11.08.31.07_veh-50_01750_01948/MergedPointCloud/50b9f6ca97cb5f4b.pcd,1633942966299814
b'kc\x9c\xfc\x03\x9f]\xfe',b'\xaed\xd6\x92\x88\xfcT\xcd',b'P\xb9\xf6\xca\x97\xcb_K',b'\x04X\x01\xde\n\xe4_\x88',b'h\xe3\x13@\x15\x85_h',b'\rd\x16\xc2Pj[<',2021.10.11.08.31.07_veh-50_01750_01948/MergedPointCloud/6b639cfc039f5dfe.pcd,1633942966349779
b'\xaed\xd6\x92\x88\xfcT\xcd',b'A\xc8=D\xe0\xa1P\x1a',b'kc\x9c\xfc\x03\x9f]\xfe',b'-\xb9E\xa4?\xf7[G',b'h\xe3\x13@\x15\x85_h',b'\rd\x16\xc2Pj[<',2021.10.11.08.31.07_veh-50_01750_01948/MergedPointCloud/ae64d69288fc54cd.pcd,1633942966399746
b'A\xc8=D\xe0\xa1P\x1a',b'\xa6\x9be\xc6~\x99_\x03',b'\xaed\xd6\x92\x88\xfcT\xcd',b'\x1e\xbe8\xa6\x93\r\\+',b'h\xe3\x13@\x15\x85_h',b'\rd\x16\xc2Pj[<',2021.10.11.08.31.07_veh-50_01750_01948/MergedPointCloud/41c83d44e0a1501a.pcd,1633942966449717
b'\xa6\x9be\xc6~\x99_\x03',b'5\x1ca\x91\n\x0c[\x7f',b'A\xc8=D\xe0\xa1P\x1a',b'#N\xa4\xf1\xb9dTU',b'h\xe3\x13@\x15\x85_h',b'\rd\x16\xc2Pj[<',2021.10.11.08.31.07_veh-50_01750_01948/MergedPointCloud/a69b65c67e995f03.pcd,1633942966499691
b'5\x1ca\x91\n\x0c[\x7f',b'\xd9\x81\x11\xd0S.^\xae',b'\xa6\x9be\xc6~\x99_\x03',b'k\x16\x1d\x8c&a]\xf3',b'h\xe3\x13@\x15\x85_h',b'\rd\x16\xc2Pj[<',2021.10.11.08.31.07_veh-50_01750_01948/MergedPointCloud/351c61910a0c5b7f.pcd,1633942966549666
b'\xd9\x81\x11\xd0S.^\xae',b'Bd\xa6\xb86zY\xa0',b'5\x1ca\x91\n\x0c[\x7f',b'nL\xf2\xb0\xf6\xd7Wn',b'h\xe3\x13@\x15\x85_h',b'\rd\x16\xc2Pj[<',2021.10.11.08.31.07_veh-50_01750_01948/MergedPointCloud/d98111d0532e5eae.pcd,1633942966599647
b'Bd\xa6\xb86zY\xa0',b'\xdb\xaaP\x12\x15\xb5Y\xb1',b'\xd9\x81\x11\xd0S.^\xae',b'\xd5\x80 \xbc\xc6\x11W\xac',b'h\xe3\x13@\x15\x85_h',b'\rd\x16\xc2Pj[<',2021.10.11.08.31.07_veh-50_01750_01948/MergedPointCloud/4264a6b8367a59a0.pcd,1633942966649632
b'\xdb\xaaP\x12\x15\xb5Y\xb1',b'k&\x16EH\xcbR1',b'Bd\xa6\xb86zY\xa0',b'\xe8\xa6z`\r\xf5Tm',b'h\xe3\x13@\x15\x85_h',b'\rd\x16\xc2Pj[<',2021.10.11.08.31.07_veh-50_01750_01948/MergedPointCloud/dbaa501215b559b1.pcd,1633942966699618
b'k&\x16EH\xcbR1',b'\xb6W\xb5\x16#DUE',b'\xdb\xaaP\x12\x15\xb5Y\xb1',b'.#\xd5\xa9?d[\xf7',b'h\xe3\x13@\x15\x85_h',b'\rd\x16\xc2Pj[<',2021.10.11.08.31.07_veh-50_01750_01948/MergedPointCloud/6b26164548cb5231.pcd,1633942966749602
b'\xb6W\xb5\x16#DUE',b'\xac\xbf|\xbd\x04\x10T\x9c',b'k&\x16EH\xcbR1',b'\x9fw~d0\xd4^\xc5',b'h\xe3\x13@\x15\x85_h',b'\rd\x16\xc2Pj[<',2021.10.11.08.31.07_veh-50_01750_01948/MergedPointCloud/b657b51623445545.pcd,1633942966799583
b'\xac\xbf|\xbd\x04\x10T\x9c',"b""\x05<\x03'z\x9aR\xfb""",b'\xb6W\xb5\x16#DUE',b'\xc9\xf7\xbb\x0c\xa5\x11Q\xb3',b'h\xe3\x13@\x15\x85_h',b'\rd\x16\xc2Pj[<',2021.10.11.08.31.07_veh-50_01750_01948/MergedPointCloud/acbf7cbd0410549c.pcd,1633942966849561
"b""\x05<\x03'z\x9aR\xfb""",b'\xa6T_n\xd0\xa0U|',b'\xac\xbf|\xbd\x04\x10T\x9c',b'*\x00p\x83\x86 Y\xc7',b'h\xe3\x13@\x15\x85_h',b'\rd\x16\xc2Pj[<',2021.10.11.08.31.07_veh-50_01750_01948/MergedPointCloud/053c03277a9a52fb.pcd,1633942966899538
b'\xa6T_n\xd0\xa0U|',b'\x0fR\xfc!\xf4\x9cQ;',"b""\x05<\x03'z\x9aR\xfb""",b'\xe70K\xfc\xac\xc4V\x96',b'h\xe3\x13@\x15\x85_h',b'\rd\x16\xc2Pj[<',2021.10.11.08.31.07_veh-50_01750_01948/MergedPointCloud/a6545f6ed0a0557c.pcd,1633942966949514
b'\x0fR\xfc!\xf4\x9cQ;',b'.\xbb\xe5\x8fR\x92^M',b'\xa6T_n\xd0\xa0U|',b'\xf0k\xcb\xc5\xfb\xcf[\xa2',b'h\xe3\x13@\x15\x85_h',b'\rd\x16\xc2Pj[<',2021.10.11.08.31.07_veh-50_01750_01948/MergedPointCloud/0f52fc21f49c513b.pcd,1633942966999491
b'.\xbb\xe5\x8fR\x92^M',b'\xb1\xbaO\x81K\x83Z\xbb',b'\x0fR\xfc!\xf4\x9cQ;',b'\xc89\xab\xa6\xd0\xbeVA',b'h\xe3\x13@\x15\x85_h',b'\rd\x16\xc2Pj[<',2021.10.11.08.31.07_veh-50_01750_01948/MergedPointCloud/2ebbe58f52925e4d.pcd,1633942967049466
b'\xb1\xbaO\x81K\x83Z\xbb',b't\x88\x01\x80\x86\x19W\x94',b'.\xbb\xe5\x8fR\x92^M',"b""\xad'\x13V,\x96YZ""",b'h\xe3\x13@\x15\x85_h',b'\rd\x16\xc2Pj[<',2021.10.11.08.31.07_veh-50_01750_01948/MergedPointCloud/b1ba4f814b835abb.pcd,1633942967099445
b't\x88\x01\x80\x86\x19W\x94',b'\xba6\x8e\x98\xfd\x19Y\xdb',b'\xb1\xbaO\x81K\x83Z\xbb',b';a\xa1\xc6\x85P[\x83',b'h\xe3\x13@\x15\x85_h',b'\rd\x16\xc2Pj[<',2021.10.11.08.31.07_veh-50_01750_01948/MergedPointCloud/7488018086195794.pcd,1633942967149425
b'\xba6\x8e\x98\xfd\x19Y\xdb',b'\xe6\xfa\x7f`m\xc0UV',b't\x88\x01\x80\x86\x19W\x94',b'\xec\xa5T\x15\x0b\x8eQ ',b'h\xe3\x13@\x15\x85_h',b'\rd\x16\xc2Pj[<',2021.10.11.08.31.07_veh-50_01750_01948/MergedPointCloud/ba368e98fd1959db.pcd,1633942967199406
b'\xe6\xfa\x7f`m\xc0UV',b'\x02K\xbb\xf4\x91\x12^_',b'\xba6\x8e\x98\xfd\x19Y\xdb',b'\xa5\xb0\x1d\xff9\\P\xb6',b'h\xe3\x13@\x15\x85_h',b'\rd\x16\xc2Pj[<',2021.10.11.08.31.07_veh-50_01750_01948/MergedPointCloud/e6fa7f606dc05556.pcd,1633942967249389
b'\x02K\xbb\xf4\x91\x12^_',b'\x18\xf4e.nBV\x15',b'\xe6\xfa\x7f`m\xc0UV',b'f\xe3y8\xbb\xd3S\xa9',b'h\xe3\x13@\x15\x85_h',b'\rd\x16\xc2Pj[<',2021.10.11.08.31.07_veh-50_01750_01948/MergedPointCloud/024bbbf491125e5f.pcd,1633942967299375
b'\x18\xf4e.nBV\x15',b't\xb5\xd4O\x08\n[\x81',b'\x02K\xbb\xf4\x91\x12^_',b'\xe1`PB#C_\xd0',b'h\xe3\x13@\x15\x85_h',b'\rd\x16\xc2Pj[<',2021.10.11.08.31.07_veh-50_01750_01948/MergedPointCloud/18f4652e6e425615.pcd,1633942967349365
b't\xb5\xd4O\x08\n[\x81',b';\xbe\xe3\xb3\x19\xf3Wb',b'\x18\xf4e.nBV\x15',b'\xc6\xd4\x1e\xdc\xf4\xb3R\x91',b'h\xe3\x13@\x15\x85_h',b'\rd\x16\xc2Pj[<',2021.10.11.08.31.07_veh-50_01750_01948/MergedPointCloud/74b5d44f080a5b81.pcd,1633942967399360
b';\xbe\xe3\xb3\x19\xf3Wb',b'\nQ\xc0\x96w\xa8Wv',b't\xb5\xd4O\x08\n[\x81',b'\xcd\x05\xb0\xd9\xb5\xd8]\xbe',b'h\xe3\x13@\x15\x85_h',b'\rd\x16\xc2Pj[<',2021.10.11.08.31.07_veh-50_01750_01948/MergedPointCloud/3bbee3b319f35762.pcd,1633942967449360
b'\nQ\xc0\x96w\xa8Wv',b'+\x17\xab\xdd\xf51V\xba',b';\xbe\xe3\xb3\x19\xf3Wb',b'\x97$U\xe3\xdba_|',b'h\xe3\x13@\x15\x85_h',b'\rd\x16\xc2Pj[<',2021.10.11.08.31.07_veh-50_01750_01948/MergedPointCloud/0a51c09677a85776.pcd,1633942967499366
b'+\x17\xab\xdd\xf51V\xba',"b'w@,\x91q\xdeTa'",b'\nQ\xc0\x96w\xa8Wv',b'n9\x171\xaa\xd8V\x0b',b'h\xe3\x13@\x15\x85_h',b'\rd\x16\xc2Pj[<',2021.10.11.08.31.07_veh-50_01750_01948/MergedPointCloud/2b17abddf53156ba.pcd,1633942967549376
"b'w@,\x91q\xdeTa'",b'\x97\xe6\xaf\x1f\xb3\xc5W\x10',b'+\x17\xab\xdd\xf51V\xba',"b'\xfaF\xc4\xb5\x92\xec\\""'",b'h\xe3\x13@\x15\x85_h',b'\rd\x16\xc2Pj[<',2021.10.11.08.31.07_veh-50_01750_01948/MergedPointCloud/77402c9171de5461.pcd,1633942967599390
b'\x97\xe6\xaf\x1f\xb3\xc5W\x10',b'\xfc\xf6h\xfa\r\x7f[\xcd',"b'w@,\x91q\xdeTa'",b'/\xa6\xfd*&\xe8Se',b'h\xe3\x13@\x15\x85_h',b'\rd\x16\xc2Pj[<',2021.10.11.08.31.07_veh-50_01750_01948/MergedPointCloud/97e6af1fb3c55710.pcd,1633942967649405
b'\xfc\xf6h\xfa\r\x7f[\xcd',b'\x9f-\xe8\xc9(\xa8R\x9c',b'\x97\xe6\xaf\x1f\xb3\xc5W\x10',"b'g\x0b\x82,\xcf\xbbS\x0b'",b'h\xe3\x13@\x15\x85_h',b'\rd\x16\xc2Pj[<',2021.10.11.08.31.07_veh-50_01750_01948/MergedPointCloud/fcf668fa0d7f5bcd.pcd,1633942967699422
b'\x9f-\xe8\xc9(\xa8R\x9c',b'\xa4\x98\x1c\x9aF]Y\xdc',b'\xfc\xf6h\xfa\r\x7f[\xcd',"b""\x8d'\xdbiS\xc9VQ""",b'h\xe3\x13@\x15\x85_h',b'\rd\x16\xc2Pj[<',2021.10.11.08.31.07_veh-50_01750_01948/MergedPointCloud/9f2de8c928a8529c.pcd,1633942967749439
b'\xa4\x98\x1c\x9aF]Y\xdc',b'#f\xa8\x8f\x9d\xc7X\xde',b'\x9f-\xe8\xc9(\xa8R\x9c',b'\x85p\xfcz\xf0oZj',b'h\xe3\x13@\x15\x85_h',b'\rd\x16\xc2Pj[<',2021.10.11.08.31.07_veh-50_01750_01948/MergedPointCloud/a4981c9a465d59dc.pcd,1633942967799459
b'#f\xa8\x8f\x9d\xc7X\xde',b'\xdf\xcb\xf3BOw^N',b'\xa4\x98\x1c\x9aF]Y\xdc',b'\x8a)\x8a\xa3\x06\x91_\xea',b'h\xe3\x13@\x15\x85_h',b'\rd\x16\xc2Pj[<',2021.10.11.08.31.07_veh-50_01750_01948/MergedPointCloud/2366a88f9dc758de.pcd,1633942967849483
b'\xdf\xcb\xf3BOw^N',"b""q\xecE\xfb\xcf\xa8Z'""",b'#f\xa8\x8f\x9d\xc7X\xde',"b""^'V?7L_W""",b'h\xe3\x13@\x15\x85_h',b'\rd\x16\xc2Pj[<',2021.10.11.08.31.07_veh-50_01750_01948/MergedPointCloud/dfcbf3424f775e4e.pcd,1633942967899509
"b""q\xecE\xfb\xcf\xa8Z'""",b'[\x88\xdb>\xc4\xacWe',b'\xdf\xcb\xf3BOw^N',b'\x97\xec\xf2g\x8edP\xda',b'h\xe3\x13@\x15\x85_h',b'\rd\x16\xc2Pj[<',2021.10.11.08.31.07_veh-50_01750_01948/MergedPointCloud/71ec45fbcfa85a27.pcd,1633942967949539
b'[\x88\xdb>\xc4\xacWe',b'\xa0AO\xaat5R\\',"b""q\xecE\xfb\xcf\xa8Z'""",b'\xb4s\x8f\xe6Q\x0cT\x03',b'h\xe3\x13@\x15\x85_h',b'\rd\x16\xc2Pj[<',2021.10.11.08.31.07_veh-50_01750_01948/MergedPointCloud/5b88db3ec4ac5765.pcd,1633942967999569
b'\xa0AO\xaat5R\\',b'$\xad\xd7E\x9c`\\\xb1',b'[\x88\xdb>\xc4\xacWe',b'\n\xf4m\xa1u\xe8Y\xa0',b'h\xe3\x13@\x15\x85_h',b'\rd\x16\xc2Pj[<',2021.10.11.08.31.07_veh-50_01750_01948/MergedPointCloud/a0414faa7435525c.pcd,1633942968049600
b'$\xad\xd7E\x9c`\\\xb1',b'\xac+z\x82\xbc\x19S\x8a',b'\xa0AO\xaat5R\\',b'Z\x1f\xb0\xf64BZ]',b'h\xe3\x13@\x15\x85_h',b'\rd\x16\xc2Pj[<',2021.10.11.08.31.07_veh-50_01750_01948/MergedPointCloud/24add7459c605cb1.pcd,1633942968099633
b'\xac+z\x82\xbc\x19S\x8a',b'w\x19\xe7\x16\x82SW\x83',b'$\xad\xd7E\x9c`\\\xb1',b'\xd1\x92[?\x7fKU\xa2',b'h\xe3\x13@\x15\x85_h',b'\rd\x16\xc2Pj[<',2021.10.11.08.31.07_veh-50_01750_01948/MergedPointCloud/ac2b7a82bc19538a.pcd,1633942968149671
b'w\x19\xe7\x16\x82SW\x83',b'g%@eT\x8eZU',b'\xac+z\x82\xbc\x19S\x8a',"b""\xd2g\x9a'p\xb0U\xec""",b'h\xe3\x13@\x15\x85_h',b'\rd\x16\xc2Pj[<',2021.10.11.08.31.07_veh-50_01750_01948/MergedPointCloud/7719e71682535783.pcd,1633942968199715
b'g%@eT\x8eZU',b'o\x7f@z\x0f\xd6T\x91',b'w\x19\xe7\x16\x82SW\x83',b'\x04\xefh\x97\x0fEX ',b'h\xe3\x13@\x15\x85_h',b'\rd\x16\xc2Pj[<',2021.10.11.08.31.07_veh-50_01750_01948/MergedPointCloud/67254065548e5a55.pcd,1633942968249763
b'o\x7f@z\x0f\xd6T\x91',b'y\xd0~\xda\x10\xa7S:',b'g%@eT\x8eZU',"b""y\xb8'\x02\xfc\x0fW\x04""",b'h\xe3\x13@\x15\x85_h',b'\rd\x16\xc2Pj[<',2021.10.11.08.31.07_veh-50_01750_01948/MergedPointCloud/6f7f407a0fd65491.pcd,1633942968299811
b'y\xd0~\xda\x10\xa7S:',b'\x15a\xe2\xf6F\x0bT\x1b',b'o\x7f@z\x0f\xd6T\x91',b'\xbc\xb0\x8a(\x8e\x90Ux',b'h\xe3\x13@\x15\x85_h',b'\rd\x16\xc2Pj[<',2021.10.11.08.31.07_veh-50_01750_01948/MergedPointCloud/79d07eda10a7533a.pcd,1633942968349856
b'\x15a\xe2\xf6F\x0bT\x1b',b'@\xb1\xc0`m\x05T\xe7',b'y\xd0~\xda\x10\xa7S:',b'Hwm\xf93\xa7TF',b'h\xe3\x13@\x15\x85_h',b'\rd\x16\xc2Pj[<',2021.10.11.08.31.07_veh-50_01750_01948/MergedPointCloud/1561e2f6460b541b.pcd,1633942968399901
b'@\xb1\xc0`m\x05T\xe7',b'\x9b\xbd9M\xa5KSB',b'\x15a\xe2\xf6F\x0bT\x1b',b'fsC\xe4f\x80_\xa8',b'h\xe3\x13@\x15\x85_h',b'\rd\x16\xc2Pj[<',2021.10.11.08.31.07_veh-50_01750_01948/MergedPointCloud/40b1c0606d0554e7.pcd,1633942968449944
b'\x9b\xbd9M\xa5KSB',b'\xbd\xeb\xd9wcRZ\xfe',b'@\xb1\xc0`m\x05T\xe7',b'\x99j\xaf`q\x05V4',b'h\xe3\x13@\x15\x85_h',b'\rd\x16\xc2Pj[<',2021.10.11.08.31.07_veh-50_01750_01948/MergedPointCloud/9bbd394da54b5342.pcd,1633942968499988
b'\xbd\xeb\xd9wcRZ\xfe',"b'""\x15""T YPw'",b'\x9b\xbd9M\xa5KSB',b'\xdb5\x1e\xe7L\xdd^4',b'h\xe3\x13@\x15\x85_h',b'\rd\x16\xc2Pj[<',2021.10.11.08.31.07_veh-50_01750_01948/MergedPointCloud/bdebd97763525afe.pcd,1633942968550030
"b'""\x15""T YPw'",b'\x82\x9fb0QCV\xb4',b'\xbd\xeb\xd9wcRZ\xfe',b'\xd4(\xac4\x0e5R\x0c',b'h\xe3\x13@\x15\x85_h',b'\rd\x16\xc2Pj[<',2021.10.11.08.31.07_veh-50_01750_01948/MergedPointCloud/2215225420595077.pcd,1633942968600069
b'\x82\x9fb0QCV\xb4',b'Q\x1bx\xefV%_3',"b'""\x15""T YPw'","b""2\xc8\x0b'\x81\xc1P\x98""",b'h\xe3\x13@\x15\x85_h',b'\rd\x16\xc2Pj[<',2021.10.11.08.31.07_veh-50_01750_01948/MergedPointCloud/829f6230514356b4.pcd,1633942968650109
b'Q\x1bx\xefV%_3',b'*\xe4\xab\xc2\xebc[\xd0',b'\x82\x9fb0QCV\xb4',b'X\x10\x0e\xeb\x83:T\xd9',b'h\xe3\x13@\x15\x85_h',b'\rd\x16\xc2Pj[<',2021.10.11.08.31.07_veh-50_01750_01948/MergedPointCloud/511b78ef56255f33.pcd,1633942968700149
b'*\xe4\xab\xc2\xebc[\xd0',b'\x9aB\xac\x0b\xa6\x9aP\xb6',b'Q\x1bx\xefV%_3',b'\xa3\x1c#\x8f\x05\xcb_\xa7',b'h\xe3\x13@\x15\x85_h',b'\rd\x16\xc2Pj[<',2021.10.11.08.31.07_veh-50_01750_01948/MergedPointCloud/2ae4abc2eb635bd0.pcd,1633942968750190
b'\x9aB\xac\x0b\xa6\x9aP\xb6',b'\xde\xcd\xac\xbd\x83\xd5_\x94',b'*\xe4\xab\xc2\xebc[\xd0',b'\xcb\xf0\xf6\x90}\xacV\x9d',b'h\xe3\x13@\x15\x85_h',b'\rd\x16\xc2Pj[<',2021.10.11.08.31.07_veh-50_01750_01948/MergedPointCloud/9a42ac0ba69a50b6.pcd,1633942968800232
b'\xde\xcd\xac\xbd\x83\xd5_\x94',b'9\x97\xd0\xaa\xd7S[\xce',b'\x9aB\xac\x0b\xa6\x9aP\xb6',b'\x83\x1a7\xf3\x99XP&',b'h\xe3\x13@\x15\x85_h',b'\rd\x16\xc2Pj[<',2021.10.11.08.31.07_veh-50_01750_01948/MergedPointCloud/decdacbd83d55f94.pcd,1633942968850274
b'9\x97\xd0\xaa\xd7S[\xce',b'O\x13\x8ang\xc2PP',b'\xde\xcd\xac\xbd\x83\xd5_\x94',b'\xf5\x0f\x1a\xe4\x04\x92Y\xbf',b'h\xe3\x13@\x15\x85_h',b'\rd\x16\xc2Pj[<',2021.10.11.08.31.07_veh-50_01750_01948/MergedPointCloud/3997d0aad7535bce.pcd,1633942968900317
b'O\x13\x8ang\xc2PP',b'\xe9=\xca\xa23\x01U<',b'9\x97\xd0\xaa\xd7S[\xce',"b's""\xafp\xbcTR\x8b'",b'h\xe3\x13@\x15\x85_h',b'\rd\x16\xc2Pj[<',2021.10.11.08.31.07_veh-50_01750_01948/MergedPointCloud/4f138a6e67c25050.pcd,1633942968950360
b'\xe9=\xca\xa23\x01U<',b'\x10\xc1\xd6K\xef\x8bUD',b'O\x13\x8ang\xc2PP',"b'\xa9*""\xa0\x1c[[y'",b'h\xe3\x13@\x15\x85_h',b'\rd\x16\xc2Pj[<',2021.10.11.08.31.07_veh-50_01750_01948/MergedPointCloud/e93dcaa23301553c.pcd,1633942969000403
b'\x10\xc1\xd6K\xef\x8bUD',b'\xbfS\xf2\x91\x15lS7',b'\xe9=\xca\xa23\x01U<',b'd\xd7\x7f/\xffA\\^',b'h\xe3\x13@\x15\x85_h',b'\rd\x16\xc2Pj[<',2021.10.11.08.31.07_veh-50_01750_01948/MergedPointCloud/10c1d64bef8b5544.pcd,1633942969050443
b'\xbfS\xf2\x91\x15lS7',b'\x8d\xa4\x89B\x91\xc9[o',b'\x10\xc1\xd6K\xef\x8bUD',b'p\xde\xca\x04S\xf1P\xee',b'h\xe3\x13@\x15\x85_h',b'\rd\x16\xc2Pj[<',2021.10.11.08.31.07_veh-50_01750_01948/MergedPointCloud/bf53f291156c5337.pcd,1633942969100478
b'\x8d\xa4\x89B\x91\xc9[o',b'Nj\x9e\xfe\xba\x1dRf',b'\xbfS\xf2\x91\x15lS7',b'\x9b3bBC\xc6QC',b'h\xe3\x13@\x15\x85_h',b'\rd\x16\xc2Pj[<',2021.10.11.08.31.07_veh-50_01750_01948/MergedPointCloud/8da4894291c95b6f.pcd,1633942969150508
b'Nj\x9e\xfe\xba\x1dRf',b'Y\x1a\xe1\x0c#\xd1]\xaf',b'\x8d\xa4\x89B\x91\xc9[o',b'\xd3}\x9f\xda\x11J]\x86',b'h\xe3\x13@\x15\x85_h',b'\rd\x16\xc2Pj[<',2021.10.11.08.31.07_veh-50_01750_01948/MergedPointCloud/4e6a9efeba1d5266.pcd,1633942969200531
b'Y\x1a\xe1\x0c#\xd1]\xaf',b'Q8\x9f\xb2\xd7\xcaYE',b'Nj\x9e\xfe\xba\x1dRf',b't\x91\x80(\x16n])',b'h\xe3\x13@\x15\x85_h',b'\rd\x16\xc2Pj[<',2021.10.11.08.31.07_veh-50_01750_01948/MergedPointCloud/591ae10c23d15daf.pcd,1633942969250548
b'Q8\x9f\xb2\xd7\xcaYE',b'\x13\x1a\xa9%\x9es^\xd1',b'Y\x1a\xe1\x0c#\xd1]\xaf',b'Al\xa2}d\xbeV\x17',b'h\xe3\x13@\x15\x85_h',b'\rd\x16\xc2Pj[<',2021.10.11.08.31.07_veh-50_01750_01948/MergedPointCloud/51389fb2d7ca5945.pcd,1633942969300561
b'\x13\x1a\xa9%\x9es^\xd1',b'\xf8+W\xbb\xb9P[\xcc',b'Q8\x9f\xb2\xd7\xcaYE',b'>ysl\xba\xd8Z\xd7',b'h\xe3\x13@\x15\x85_h',b'\rd\x16\xc2Pj[<',2021.10.11.08.31.07_veh-50_01750_01948/MergedPointCloud/131aa9259e735ed1.pcd,1633942969350568
b'\xf8+W\xbb\xb9P[\xcc',b'\x18\xcc\xce+\x98g\\\x0b',b'\x13\x1a\xa9%\x9es^\xd1',b'\x0eX\x18\x89?+X^',b'h\xe3\x13@\x15\x85_h',b'\rd\x16\xc2Pj[<',2021.10.11.08.31.07_veh-50_01750_01948/MergedPointCloud/f82b57bbb9505bcc.pcd,1633942969400573
b'\x18\xcc\xce+\x98g\\\x0b',b'\xef\xc1\x1c\x03qlQ7',b'\xf8+W\xbb\xb9P[\xcc',b'\xcd\xa6f#l1\\D',b'h\xe3\x13@\x15\x85_h',b'\rd\x16\xc2Pj[<',2021.10.11.08.31.07_veh-50_01750_01948/MergedPointCloud/18ccce2b98675c0b.pcd,1633942969450576
b'\xef\xc1\x1c\x03qlQ7',b'l\xdd\x16\xc2L\x0eX\xdb',b'\x18\xcc\xce+\x98g\\\x0b',b't\x86t\xd7\xcc\x91Q/',b'h\xe3\x13@\x15\x85_h',b'\rd\x16\xc2Pj[<',2021.10.11.08.31.07_veh-50_01750_01948/MergedPointCloud/efc11c03716c5137.pcd,1633942969500575
b'l\xdd\x16\xc2L\x0eX\xdb',b'u\\\xc3\xf0\x86\xcaW\x92',b'\xef\xc1\x1c\x03qlQ7',b'\xb6\xfb\x99\xb0\x93\x03R\xec',b'h\xe3\x13@\x15\x85_h',b'\rd\x16\xc2Pj[<',2021.10.11.08.31.07_veh-50_01750_01948/MergedPointCloud/6cdd16c24c0e58db.pcd,1633942969550570
b'u\\\xc3\xf0\x86\xcaW\x92',b'\xaf\xa0SoD\xb9Uf',b'l\xdd\x16\xc2L\x0eX\xdb',b'\xff\x81\xf5u\x1fqY\xa3',b'h\xe3\x13@\x15\x85_h',b'\rd\x16\xc2Pj[<',2021.10.11.08.31.07_veh-50_01750_01948/MergedPointCloud/755cc3f086ca5792.pcd,1633942969600557
b'\xaf\xa0SoD\xb9Uf',"b'\x84\xb4""\xb3\xd6\x86ZE'",b'u\\\xc3\xf0\x86\xcaW\x92',b'\xb9\x976EZ\xf7\\n',b'h\xe3\x13@\x15\x85_h',b'\rd\x16\xc2Pj[<',2021.10.11.08.31.07_veh-50_01750_01948/MergedPointCloud/afa0536f44b95566.pcd,1633942969650542
"b'\x84\xb4""\xb3\xd6\x86ZE'",b'\x0eT\xe8\xb8\x11FP\x8f',b'\xaf\xa0SoD\xb9Uf',b'\x8bC\xfe\xd1\x82\xbeT\xb4',b'h\xe3\x13@\x15\x85_h',b'\rd\x16\xc2Pj[<',2021.10.11.08.31.07_veh-50_01750_01948/MergedPointCloud/84b422b3d6865a45.pcd,1633942969700524
b'\x0eT\xe8\xb8\x11FP\x8f',b'B\x7f\xf0\xc9\xc7\xe8W\xa0',"b'\x84\xb4""\xb3\xd6\x86ZE'",b'\xb1\x8d\x9b\x0f\x9eH]\xf4',b'h\xe3\x13@\x15\x85_h',b'\rd\x16\xc2Pj[<',2021.10.11.08.31.07_veh-50_01750_01948/MergedPointCloud/0e54e8b81146508f.pcd,1633942969750504
b'B\x7f\xf0\xc9\xc7\xe8W\xa0',b'\xf0\xf7\xcfZ\xd0\xfbQ$',b'\x0eT\xe8\xb8\x11FP\x8f',b'\xd3\x89\x9cx_\x8bS\t',b'h\xe3\x13@\x15\x85_h',b'\rd\x16\xc2Pj[<',2021.10.11.08.31.07_veh-50_01750_01948/MergedPointCloud/427ff0c9c7e857a0.pcd,1633942969800482
b'\xf0\xf7\xcfZ\xd0\xfbQ$',b'\xff\xcd\xc2\xbf\xb5$Uo',b'B\x7f\xf0\xc9\xc7\xe8W\xa0',b'\xa8\xf1\xfd\x1e\xfc\x9eW\xe5',b'h\xe3\x13@\x15\x85_h',b'\rd\x16\xc2Pj[<',2021.10.11.08.31.07_veh-50_01750_01948/MergedPointCloud/f0f7cf5ad0fb5124.pcd,1633942969850458
b'\xff\xcd\xc2\xbf\xb5$Uo',b'\x9ei\x98\xa8\xb6\xd0W%',b'\xf0\xf7\xcfZ\xd0\xfbQ$',b'\xf8J\x98\xb0AOX\x8b',b'h\xe3\x13@\x15\x85_h',b'\rd\x16\xc2Pj[<',2021.10.11.08.31.07_veh-50_01750_01948/MergedPointCloud/ffcdc2bfb524556f.pcd,1633942969900434
b'\x9ei\x98\xa8\xb6\xd0W%',b'\xc2\x1f(\xb5\x88\xebPc',b'\xff\xcd\xc2\xbf\xb5$Uo',b'-\xf7l\xb2W\xf8^\xef',b'h\xe3\x13@\x15\x85_h',b'\rd\x16\xc2Pj[<',2021.10.11.08.31.07_veh-50_01750_01948/MergedPointCloud/9e6998a8b6d05725.pcd,1633942969950410
b'\xc2\x1f(\xb5\x88\xebPc',b'p~vg\x13M^^',b'\x9ei\x98\xa8\xb6\xd0W%',b'C[\x97\x8e#\xc1T\xcc',b'h\xe3\x13@\x15\x85_h',b'\rd\x16\xc2Pj[<',2021.10.11.08.31.07_veh-50_01750_01948/MergedPointCloud/c21f28b588eb5063.pcd,1633942970000387
b'p~vg\x13M^^',b'B7\x96\xf2\x15\x7fVb',b'\xc2\x1f(\xb5\x88\xebPc',b'\x9cc\x8b\xbd\xbf\xb4[4',b'h\xe3\x13@\x15\x85_h',b'\rd\x16\xc2Pj[<',2021.10.11.08.31.07_veh-50_01750_01948/MergedPointCloud/707e7667134d5e5e.pcd,1633942970050365
b'B7\x96\xf2\x15\x7fVb',b'\x8bm\xf0\xe8\x1a\x89Z\t',b'p~vg\x13M^^',"b""dI'\xec\x06vZn""",b'h\xe3\x13@\x15\x85_h',b'\rd\x16\xc2Pj[<',2021.10.11.08.31.07_veh-50_01750_01948/MergedPointCloud/423796f2157f5662.pcd,1633942970100343
b'\x8bm\xf0\xe8\x1a\x89Z\t',b'\xd7\xaeFYJ%_\x07',b'B7\x96\xf2\x15\x7fVb',b'1\xabs\x11xlT\xb2',b'h\xe3\x13@\x15\x85_h',b'\rd\x16\xc2Pj[<',2021.10.11.08.31.07_veh-50_01750_01948/MergedPointCloud/8b6df0e81a895a09.pcd,1633942970150321
b'\xd7\xaeFYJ%_\x07',b'\xdep\xa7\xd6\xf8+[\x9e',b'\x8bm\xf0\xe8\x1a\x89Z\t',b'\xd3\x9c3\x06(\x04Q\x87',b'h\xe3\x13@\x15\x85_h',b'\rd\x16\xc2Pj[<',2021.10.11.08.31.07_veh-50_01750_01948/MergedPointCloud/d7ae46594a255f07.pcd,1633942970200297
b'\xdep\xa7\xd6\xf8+[\x9e',b'H\x02\xa2\xa4j\xb7R\xf8',b'\xd7\xaeFYJ%_\x07',b'.\x01Dr\xa6P\\\x9a',b'h\xe3\x13@\x15\x85_h',b'\rd\x16\xc2Pj[<',2021.10.11.08.31.07_veh-50_01750_01948/MergedPointCloud/de70a7d6f82b5b9e.pcd,1633942970250271
b'H\x02\xa2\xa4j\xb7R\xf8',b'9\x9c\xaa\xa0\x85\xa6R\x01',b'\xdep\xa7\xd6\xf8+[\x9e',"b""s#\x8a<#\xc7^'""",b'h\xe3\x13@\x15\x85_h',b'\rd\x16\xc2Pj[<',2021.10.11.08.31.07_veh-50_01750_01948/MergedPointCloud/4802a2a46ab752f8.pcd,1633942970300244
b'9\x9c\xaa\xa0\x85\xa6R\x01',b'\xf9&\x8c\xb23\x88U\x13',b'H\x02\xa2\xa4j\xb7R\xf8',b'\xd8\x16wp:\x16P\x04',b'h\xe3\x13@\x15\x85_h',b'\rd\x16\xc2Pj[<',2021.10.11.08.31.07_veh-50_01750_01948/MergedPointCloud/399caaa085a65201.pcd,1633942970350217
b'\xf9&\x8c\xb23\x88U\x13',b'A<2a\t\x8eX0',b'9\x9c\xaa\xa0\x85\xa6R\x01',b'\x1c\xdc\xfe<\x062S%',b'h\xe3\x13@\x15\x85_h',b'\rd\x16\xc2Pj[<',2021.10.11.08.31.07_veh-50_01750_01948/MergedPointCloud/f9268cb233885513.pcd,1633942970400190
b'A<2a\t\x8eX0',b'\xa8\xae\x16\t\xe9\xeeY8',b'\xf9&\x8c\xb23\x88U\x13',b'L\x96\xd2\xa7.5R\x7f',b'h\xe3\x13@\x15\x85_h',b'\rd\x16\xc2Pj[<',2021.10.11.08.31.07_veh-50_01750_01948/MergedPointCloud/413c3261098e5830.pcd,1633942970450166
b'\xa8\xae\x16\t\xe9\xeeY8',b'St\xa5\x84f\x92Ri',b'A<2a\t\x8eX0',b'&\xdfn\x13\x99#\\C',b'h\xe3\x13@\x15\x85_h',b'\rd\x16\xc2Pj[<',2021.10.11.08.31.07_veh-50_01750_01948/MergedPointCloud/a8ae1609e9ee5938.pcd,1633942970500142
b'St\xa5\x84f\x92Ri',"b""\x12H\xc5o'$Rs""",b'\xa8\xae\x16\t\xe9\xeeY8',b'\x1bz\x10\xdd\nGT+',b'h\xe3\x13@\x15\x85_h',b'\rd\x16\xc2Pj[<',2021.10.11.08.31.07_veh-50_01750_01948/MergedPointCloud/5374a58466925269.pcd,1633942970550120
"b""\x12H\xc5o'$Rs""",b'\xdd\x83}\xcf\xd2_U\xd0',b'St\xa5\x84f\x92Ri',b'\x97\xd4c\xd1\xd5\xe3U\x88',b'h\xe3\x13@\x15\x85_h',b'\rd\x16\xc2Pj[<',2021.10.11.08.31.07_veh-50_01750_01948/MergedPointCloud/1248c56f27245273.pcd,1633942970600097
b'\xdd\x83}\xcf\xd2_U\xd0',b'\xe2\x97\xd4\xee\x95yXz',"b""\x12H\xc5o'$Rs""",b'\xfam\xdcE|\xad[.',b'h\xe3\x13@\x15\x85_h',b'\rd\x16\xc2Pj[<',2021.10.11.08.31.07_veh-50_01750_01948/MergedPointCloud/dd837dcfd25f55d0.pcd,1633942970650073
b'\xe2\x97\xd4\xee\x95yXz',b'\x07\xb3\xf0A\x93\x10V%',b'\xdd\x83}\xcf\xd2_U\xd0',b'#\x8d\x8a\x8ep\xbcX0',b'h\xe3\x13@\x15\x85_h',b'\rd\x16\xc2Pj[<',2021.10.11.08.31.07_veh-50_01750_01948/MergedPointCloud/e297d4ee9579587a.pcd,1633942970700048
b'\x07\xb3\xf0A\x93\x10V%',b'\x8c\x9bO\x8b\xe8\\V\xa8',b'\xe2\x97\xd4\xee\x95yXz',"b""*\xbb\x1e\xd2\x19\xebT'""",b'h\xe3\x13@\x15\x85_h',b'\rd\x16\xc2Pj[<',2021.10.11.08.31.07_veh-50_01750_01948/MergedPointCloud/07b3f04193105625.pcd,1633942970750021
b'\x8c\x9bO\x8b\xe8\\V\xa8',b'\xa3\x06p\x15\xdfg[\xd2',b'\x07\xb3\xf0A\x93\x10V%',b'\xd7y\xda\xf5\xc3\xdfP\x0f',b'h\xe3\x13@\x15\x85_h',b'\rd\x16\xc2Pj[<',2021.10.11.08.31.07_veh-50_01750_01948/MergedPointCloud/8c9b4f8be85c56a8.pcd,1633942970799992
b'\xa3\x06p\x15\xdfg[\xd2',b'\xde\x9f9\x99-\xaa_\x92',b'\x8c\x9bO\x8b\xe8\\V\xa8',b'\xbe\x06\xa8VU3^\xcf',b'h\xe3\x13@\x15\x85_h',b'\rd\x16\xc2Pj[<',2021.10.11.08.31.07_veh-50_01750_01948/MergedPointCloud/a3067015df675bd2.pcd,1633942970849961
b'\xde\x9f9\x99-\xaa_\x92',b'\xf1\xc0\x01\xdd\xd9{Vm',b'\xa3\x06p\x15\xdfg[\xd2',b'sQ\xdb-\x0f~S\xb1',b'h\xe3\x13@\x15\x85_h',b'\rd\x16\xc2Pj[<',2021.10.11.08.31.07_veh-50_01750_01948/MergedPointCloud/de9f39992daa5f92.pcd,1633942970899927
b'\xf1\xc0\x01\xdd\xd9{Vm',b'\x0fQ \x12?\xceQ\x03',b'\xde\x9f9\x99-\xaa_\x92',b'\x82\x8cF\x9b\xc6\xc6^ ',b'h\xe3\x13@\x15\x85_h',b'\rd\x16\xc2Pj[<',2021.10.11.08.31.07_veh-50_01750_01948/MergedPointCloud/f1c001ddd97b566d.pcd,1633942970949895
b'\x0fQ \x12?\xceQ\x03',b'|\xb7\xf5\x1b\xd9\xa1^\xd2',b'\xf1\xc0\x01\xdd\xd9{Vm',b'Y\x16\xc0\x9c|\xb5[}',b'h\xe3\x13@\x15\x85_h',b'\rd\x16\xc2Pj[<',2021.10.11.08.31.07_veh-50_01750_01948/MergedPointCloud/0f5120123fce5103.pcd,1633942970999860
b'|\xb7\xf5\x1b\xd9\xa1^\xd2',b'\xaf\xd53!\xaa1Q\xdf',b'\x0fQ \x12?\xceQ\x03',b'#\xcc\xf9\xe0N\x1fT\xb8',b'h\xe3\x13@\x15\x85_h',b'\rd\x16\xc2Pj[<',2021.10.11.08.31.07_veh-50_01750_01948/MergedPointCloud/7cb7f51bd9a15ed2.pcd,1633942971049826
b'\xaf\xd53!\xaa1Q\xdf',b'*5\x0bD\x0c\x98Z\x95',b'|\xb7\xf5\x1b\xd9\xa1^\xd2',b'\x02\t\xbcy\x85VX?',b'h\xe3\x13@\x15\x85_h',b'\rd\x16\xc2Pj[<',2021.10.11.08.31.07_veh-50_01750_01948/MergedPointCloud/afd53321aa3151df.pcd,1633942971099794
b'*5\x0bD\x0c\x98Z\x95',b'r\x83\x01\x97\xae\x16ZP',b'\xaf\xd53!\xaa1Q\xdf',b'\x90\xa2\xd1\x1f\xfd\xb6TM',b'h\xe3\x13@\x15\x85_h',b'\rd\x16\xc2Pj[<',2021.10.11.08.31.07_veh-50_01750_01948/MergedPointCloud/2a350b440c985a95.pcd,1633942971149765
b'r\x83\x01\x97\xae\x16ZP',b'\x80\xc9G\xb7\xf1\xd0Q\x88',b'*5\x0bD\x0c\x98Z\x95',b'W\xdf\xb7\xefQ\xd7[:',b'h\xe3\x13@\x15\x85_h',b'\rd\x16\xc2Pj[<',2021.10.11.08.31.07_veh-50_01750_01948/MergedPointCloud/72830197ae165a50.pcd,1633942971199740
b'\x80\xc9G\xb7\xf1\xd0Q\x88',b'\xa2\x17\x8b\xdb\xac{V*',b'r\x83\x01\x97\xae\x16ZP',b'l\x93\x82\x83\xad\xb9Z\xc3',b'h\xe3\x13@\x15\x85_h',b'\rd\x16\xc2Pj[<',2021.10.11.08.31.07_veh-50_01750_01948/MergedPointCloud/80c947b7f1d05188.pcd,1633942971249718
b'\xa2\x17\x8b\xdb\xac{V*',"b""\xa0\x97'\x85m\x05\\\xa5""",b'\x80\xc9G\xb7\xf1\xd0Q\x88',b')\xd9y\x1d#X\\3',b'h\xe3\x13@\x15\x85_h',b'\rd\x16\xc2Pj[<',2021.10.11.08.31.07_veh-50_01750_01948/MergedPointCloud/a2178bdbac7b562a.pcd,1633942971299697
"b""\xa0\x97'\x85m\x05\\\xa5""",b'\x9b\x9e\xbe5\xfe\xcc^\x06',b'\xa2\x17\x8b\xdb\xac{V*',b'\xba6\xdc\xac\x98\xb0X>',b'h\xe3\x13@\x15\x85_h',b'\rd\x16\xc2Pj[<',2021.10.11.08.31.07_veh-50_01750_01948/MergedPointCloud/a09727856d055ca5.pcd,1633942971349681
b'\x9b\x9e\xbe5\xfe\xcc^\x06',b'\x87]\xca!\xc0\xeaTg',"b""\xa0\x97'\x85m\x05\\\xa5""",b'\xdb\x97\xe9\x8f\xbf\x06ZT',b'h\xe3\x13@\x15\x85_h',b'\rd\x16\xc2Pj[<',2021.10.11.08.31.07_veh-50_01750_01948/MergedPointCloud/9b9ebe35fecc5e06.pcd,1633942971399671
b'\x87]\xca!\xc0\xeaTg',b'\xc2\x80\xc8\x05\xac\xc8P\xd3',b'\x9b\x9e\xbe5\xfe\xcc^\x06',b'\x07\xc3a\xbc\x9f\xdb_\x92',b'h\xe3\x13@\x15\x85_h',b'\rd\x16\xc2Pj[<',2021.10.11.08.31.07_veh-50_01750_01948/MergedPointCloud/875dca21c0ea5467.pcd,1633942971449667
b'\xc2\x80\xc8\x05\xac\xc8P\xd3',"b'N""\x11\x01\x06\xb1R\x16'",b'\x87]\xca!\xc0\xeaTg',b'\xda\x0eC=\xe9\xa9_\x16',b'h\xe3\x13@\x15\x85_h',b'\rd\x16\xc2Pj[<',2021.10.11.08.31.07_veh-50_01750_01948/MergedPointCloud/c280c805acc850d3.pcd,1633942971499666
"b'N""\x11\x01\x06\xb1R\x16'",b'_\x82\x1du\xbd\xdaZ\xcc',b'\xc2\x80\xc8\x05\xac\xc8P\xd3',b'\xb3\xb2\r\xed\x8b\x98W\x8a',b'h\xe3\x13@\x15\x85_h',b'\rd\x16\xc2Pj[<',2021.10.11.08.31.07_veh-50_01750_01948/MergedPointCloud/4e22110106b15216.pcd,1633942971549668
b'_\x82\x1du\xbd\xdaZ\xcc',b'\xc9\xf4\x1d\x98\x0b\x12W\x86',"b'N""\x11\x01\x06\xb1R\x16'",b'\x80\xecG) \x9b\\\x8d',b'h\xe3\x13@\x15\x85_h',b'\rd\x16\xc2Pj[<',2021.10.11.08.31.07_veh-50_01750_01948/MergedPointCloud/5f821d75bdda5acc.pcd,1633942971599672
b'\xc9\xf4\x1d\x98\x0b\x12W\x86',b'\x0eq\x046\x90\xd2Y)',b'_\x82\x1du\xbd\xdaZ\xcc',b'c\t\xb1\x82\xf5Z^*',b'h\xe3\x13@\x15\x85_h',b'\rd\x16\xc2Pj[<',2021.10.11.08.31.07_veh-50_01750_01948/MergedPointCloud/c9f41d980b125786.pcd,1633942971649680
b'\x0eq\x046\x90\xd2Y)',b'\xc8\xb3\xe3\xee.\xe9^B',b'\xc9\xf4\x1d\x98\x0b\x12W\x86',b'\x8f\xb2+\xfa\x99\x93Z\xf9',b'h\xe3\x13@\x15\x85_h',b'\rd\x16\xc2Pj[<',2021.10.11.08.31.07_veh-50_01750_01948/MergedPointCloud/0e71043690d25929.pcd,1633942971699690
b'\xc8\xb3\xe3\xee.\xe9^B',b'\xfd\xea\xd2\x11\xadcR\xe7',b'\x0eq\x046\x90\xd2Y)',b'\xd5\x84\x92A\xa1\xb0P@',b'h\xe3\x13@\x15\x85_h',b'\rd\x16\xc2Pj[<',2021.10.11.08.31.07_veh-50_01750_01948/MergedPointCloud/c8b3e3ee2ee95e42.pcd,1633942971749704
b'\xfd\xea\xd2\x11\xadcR\xe7',b'\xefM#\x00\x9d\xdeSg',b'\xc8\xb3\xe3\xee.\xe9^B',b'\xafH\xbdC?\xc9_!',b'h\xe3\x13@\x15\x85_h',b'\rd\x16\xc2Pj[<',2021.10.11.08.31.07_veh-50_01750_01948/MergedPointCloud/fdead211ad6352e7.pcd,1633942971799719
b'\xefM#\x00\x9d\xdeSg',b'\x96\x08\xb4\xf5\xd5\xf8_\xe6',b'\xfd\xea\xd2\x11\xadcR\xe7',b'#\xdb\x08\xcdkWW\xd4',b'h\xe3\x13@\x15\x85_h',b'\rd\x16\xc2Pj[<',2021.10.11.08.31.07_veh-50_01750_01948/MergedPointCloud/ef4d23009dde5367.pcd,1633942971849736
b'\x96\x08\xb4\xf5\xd5\xf8_\xe6',b'I\xb8\xcb\x10\x0cK\\\xf3',b'\xefM#\x00\x9d\xdeSg',b'\xa2{\xb7\xb3\x94\xaeW\xd9',b'h\xe3\x13@\x15\x85_h',b'\rd\x16\xc2Pj[<',2021.10.11.08.31.07_veh-50_01750_01948/MergedPointCloud/9608b4f5d5f85fe6.pcd,1633942971899752
b'I\xb8\xcb\x10\x0cK\\\xf3',b'\xdd\xc4\x81G!\xd2XA',b'\x96\x08\xb4\xf5\xd5\xf8_\xe6',b'\xb3\xe0\x88\x95\xd1VTB',b'h\xe3\x13@\x15\x85_h',b'\rd\x16\xc2Pj[<',2021.10.11.08.31.07_veh-50_01750_01948/MergedPointCloud/49b8cb100c4b5cf3.pcd,1633942971949769
b'\xdd\xc4\x81G!\xd2XA',b'\xc3\xfb\xca\xb6\x9f%V\xf5',b'I\xb8\xcb\x10\x0cK\\\xf3',b'\x84\\\xb4\xae\xae\xb2U\x80',b'h\xe3\x13@\x15\x85_h',b'\rd\x16\xc2Pj[<',2021.10.11.08.31.07_veh-50_01750_01948/MergedPointCloud/ddc4814721d25841.pcd,1633942971999784
b'\xc3\xfb\xca\xb6\x9f%V\xf5',"b'\x13\xb0\xf8\x93\x85\xe1_""'",b'\xdd\xc4\x81G!\xd2XA',b'\xcc\xfd\x8d\x99\x18:\\\x80',b'h\xe3\x13@\x15\x85_h',b'\rd\x16\xc2Pj[<',2021.10.11.08.31.07_veh-50_01750_01948/MergedPointCloud/c3fbcab69f2556f5.pcd,1633942972049796
"b'\x13\xb0\xf8\x93\x85\xe1_""'",b'\xe8\xabl\xcfE\xf3[A',b'\xc3\xfb\xca\xb6\x9f%V\xf5',b'\xbe\x9e\x99\xa7\xabwV\xdd',b'h\xe3\x13@\x15\x85_h',b'\rd\x16\xc2Pj[<',2021.10.11.08.31.07_veh-50_01750_01948/MergedPointCloud/13b0f89385e15f22.pcd,1633942972099808
b'\xe8\xabl\xcfE\xf3[A',b'\xdc\xbd\xefB\tm[6',"b'\x13\xb0\xf8\x93\x85\xe1_""'",b'}\x86\xc9\x84\xac2V\xb0',b'h\xe3\x13@\x15\x85_h',b'\rd\x16\xc2Pj[<',2021.10.11.08.31.07_veh-50_01750_01948/MergedPointCloud/e8ab6ccf45f35b41.pcd,1633942972149821
b'\xdc\xbd\xefB\tm[6',b'\xa6C\xcf\x97\x99Q_C',b'\xe8\xabl\xcfE\xf3[A',b'\xc9\xbe9B2\xfcR\x81',b'h\xe3\x13@\x15\x85_h',b'\rd\x16\xc2Pj[<',2021.10.11.08.31.07_veh-50_01750_01948/MergedPointCloud/dcbdef42096d5b36.pcd,1633942972199836
b'\xa6C\xcf\x97\x99Q_C',b'\xe0#R\xcf\xf5\x00Z(',b'\xdc\xbd\xefB\tm[6',b'_\xaf\x9bB\x1a\x99]\xff',b'h\xe3\x13@\x15\x85_h',b'\rd\x16\xc2Pj[<',2021.10.11.08.31.07_veh-50_01750_01948/MergedPointCloud/a643cf9799515f43.pcd,1633942972249851
b'\xe0#R\xcf\xf5\x00Z(',b'\n\xbc\x9erI\x0f\\\xe6',b'\xa6C\xcf\x97\x99Q_C',b'\xa2Z\xb8\nW\x9d[F',b'h\xe3\x13@\x15\x85_h',b'\rd\x16\xc2Pj[<',2021.10.11.08.31.07_veh-50_01750_01948/MergedPointCloud/e02352cff5005a28.pcd,1633942972299865
b'\n\xbc\x9erI\x0f\\\xe6',b'\x87\x9e\x10\x13\x8d\xdd[\xe3',b'\xe0#R\xcf\xf5\x00Z(',b'\xc8\x88\xb4\x9emIZ\x84',b'h\xe3\x13@\x15\x85_h',b'\rd\x16\xc2Pj[<',2021.10.11.08.31.07_veh-50_01750_01948/MergedPointCloud/0abc9e72490f5ce6.pcd,1633942972349879
b'\x87\x9e\x10\x13\x8d\xdd[\xe3',b'%/\xb2\x11M\xf1\\\xc5',b'\n\xbc\x9erI\x0f\\\xe6',b'\x83\x7f\xd4\xf5\xdc\xf1Y\xdf',b'h\xe3\x13@\x15\x85_h',b'\rd\x16\xc2Pj[<',2021.10.11.08.31.07_veh-50_01750_01948/MergedPointCloud/879e10138ddd5be3.pcd,1633942972399889
b'%/\xb2\x11M\xf1\\\xc5',b'\xacB\xaeQY\xa0Q\xfe',b'\x87\x9e\x10\x13\x8d\xdd[\xe3',"b""\x88\x15\xad\x82\xa3\xa0T'""",b'h\xe3\x13@\x15\x85_h',b'\rd\x16\xc2Pj[<',2021.10.11.08.31.07_veh-50_01750_01948/MergedPointCloud/252fb2114df15cc5.pcd,1633942972449900
b'\xacB\xaeQY\xa0Q\xfe',b'w\xa1\x88\x17G\x93\\\n',b'%/\xb2\x11M\xf1\\\xc5',b'\x9aJN\xf2\xcf\xb3]\x97',b'h\xe3\x13@\x15\x85_h',b'\rd\x16\xc2Pj[<',2021.10.11.08.31.07_veh-50_01750_01948/MergedPointCloud/ac42ae5159a051fe.pcd,1633942972499910
b'w\xa1\x88\x17G\x93\\\n',"b""l\x8b\x83\xfa'\xba]\xa8""",b'\xacB\xaeQY\xa0Q\xfe',b'g \xf4k\xb8\xdc^\x89',b'h\xe3\x13@\x15\x85_h',b'\rd\x16\xc2Pj[<',2021.10.11.08.31.07_veh-50_01750_01948/MergedPointCloud/77a1881747935c0a.pcd,1633942972549920
"b""l\x8b\x83\xfa'\xba]\xa8""",b'%\xf9o\xdbONT\xff',b'w\xa1\x88\x17G\x93\\\n',b'\xf2\xd0<t\xc2\xfdRD',b'h\xe3\x13@\x15\x85_h',b'\rd\x16\xc2Pj[<',2021.10.11.08.31.07_veh-50_01750_01948/MergedPointCloud/6c8b83fa27ba5da8.pcd,1633942972599932
b'%\xf9o\xdbONT\xff',b'\xf0\x0f\x07\n>KU\xac',"b""l\x8b\x83\xfa'\xba]\xa8""",b'\x02\xfa\x08\x00qt[\x80',b'h\xe3\x13@\x15\x85_h',b'\rd\x16\xc2Pj[<',2021.10.11.08.31.07_veh-50_01750_01948/MergedPointCloud/25f96fdb4f4e54ff.pcd,1633942972649945
b'\xf0\x0f\x07\n>KU\xac',b'F\xac\xbe\x97\x80-P\xae',b'%\xf9o\xdbONT\xff',b'\xd8\xcbq\x11[\xa1V\xc7',b'h\xe3\x13@\x15\x85_h',b'\rd\x16\xc2Pj[<',2021.10.11.08.31.07_veh-50_01750_01948/MergedPointCloud/f00f070a3e4b55ac.pcd,1633942972699958
b'F\xac\xbe\x97\x80-P\xae',b'\xc7^\xe2\xdf;\xdcRb',b'\xf0\x0f\x07\n>KU\xac',b'Z\x9c\x0c\x8c{:P\xdd',b'h\xe3\x13@\x15\x85_h',b'\rd\x16\xc2Pj[<',2021.10.11.08.31.07_veh-50_01750_01948/MergedPointCloud/46acbe97802d50ae.pcd,1633942972749970
b'\xc7^\xe2\xdf;\xdcRb',b'!r|\x18\xae\xf2V\xa7',b'F\xac\xbe\x97\x80-P\xae',b'\xa3\xc0\xd1kT\xd5P\x8c',b'h\xe3\x13@\x15\x85_h',b'\rd\x16\xc2Pj[<',2021.10.11.08.31.07_veh-50_01750_01948/MergedPointCloud/c75ee2df3bdc5262.pcd,1633942972799980
b'!r|\x18\xae\xf2V\xa7',b'\xd0[\xd8\xf6\xcd.Z\x91',b'\xc7^\xe2\xdf;\xdcRb',b'\xc5\xa0\x8d5q\xcaUl',b'h\xe3\x13@\x15\x85_h',b'\rd\x16\xc2Pj[<',2021.10.11.08.31.07_veh-50_01750_01948/MergedPointCloud/21727c18aef256a7.pcd,1633942972849989
b'\xd0[\xd8\xf6\xcd.Z\x91',b'\x8b\x83\xdd\x9a\xc8\xe6P\xd9',b'!r|\x18\xae\xf2V\xa7',b'\xa7\xb0\xda\xe8\xe4\xffQq',b'h\xe3\x13@\x15\x85_h',b'\rd\x16\xc2Pj[<',2021.10.11.08.31.07_veh-50_01750_01948/MergedPointCloud/d05bd8f6cd2e5a91.pcd,1633942972899998
b'\x8b\x83\xdd\x9a\xc8\xe6P\xd9',b'\xd6\xa5N\x9eUFVx',b'\xd0[\xd8\xf6\xcd.Z\x91',b'b\xb2n8\xd3\xcb]\x9d',b'h\xe3\x13@\x15\x85_h',b'\rd\x16\xc2Pj[<',2021.10.11.08.31.07_veh-50_01750_01948/MergedPointCloud/8b83dd9ac8e650d9.pcd,1633942972950008
b'\xd6\xa5N\x9eUFVx',b'\xdc\xc9bg\xe9\xbbT\xe2',b'\x8b\x83\xdd\x9a\xc8\xe6P\xd9',b'\x9d\xb5\xef\xa9\xaa\xd8]S',b'h\xe3\x13@\x15\x85_h',b'\rd\x16\xc2Pj[<',2021.10.11.08.31.07_veh-50_01750_01948/MergedPointCloud/d6a54e9e55465678.pcd,1633942973000021
b'\xdc\xc9bg\xe9\xbbT\xe2',b'iUn\xea\xf7\x83_\xb8',b'\xd6\xa5N\x9eUFVx',b'H\xc5#9sWY^',b'h\xe3\x13@\x15\x85_h',b'\rd\x16\xc2Pj[<',2021.10.11.08.31.07_veh-50_01750_01948/MergedPointCloud/dcc96267e9bb54e2.pcd,1633942973050035
b'iUn\xea\xf7\x83_\xb8',b'\x85\x03\xb2k2\xa4^I',b'\xdc\xc9bg\xe9\xbbT\xe2',b'?H\xecT`\x16\\\x03',b'h\xe3\x13@\x15\x85_h',b'\rd\x16\xc2Pj[<',2021.10.11.08.31.07_veh-50_01750_01948/MergedPointCloud/69556eeaf7835fb8.pcd,1633942973100046
b'\x85\x03\xb2k2\xa4^I',b'9\xbf)\x00/\xeeW\x81',b'iUn\xea\xf7\x83_\xb8',b'\xf3%4\x1f\x87\xe8\\\xbb',b'h\xe3\x13@\x15\x85_h',b'\rd\x16\xc2Pj[<',2021.10.11.08.31.07_veh-50_01750_01948/MergedPointCloud/8503b26b32a45e49.pcd,1633942973150053
b'9\xbf)\x00/\xeeW\x81',b'b\x8e\xb7\\r\t[Y',b'\x85\x03\xb2k2\xa4^I',b'\x1fmT\x97\xeb\xc0R=',b'h\xe3\x13@\x15\x85_h',b'\rd\x16\xc2Pj[<',2021.10.11.08.31.07_veh-50_01750_01948/MergedPointCloud/39bf29002fee5781.pcd,1633942973200053
b'b\x8e\xb7\\r\t[Y',b'o\xe9\xa3Y\xdfmQ\x16',b'9\xbf)\x00/\xeeW\x81',b'\xc3\x98\xb7\x06\xd6\x0fS\x02',b'h\xe3\x13@\x15\x85_h',b'\rd\x16\xc2Pj[<',2021.10.11.08.31.07_veh-50_01750_01948/MergedPointCloud/628eb75c72095b59.pcd,1633942973250050
b'o\xe9\xa3Y\xdfmQ\x16',b'\xc3fq*\xb4\xd0Q\x8c',b'b\x8e\xb7\\r\t[Y',b'K@T\rxSW1',b'h\xe3\x13@\x15\x85_h',b'\rd\x16\xc2Pj[<',2021.10.11.08.31.07_veh-50_01750_01948/MergedPointCloud/6fe9a359df6d5116.pcd,1633942973300045
b'\xc3fq*\xb4\xd0Q\x8c',b'\x0f\x8e\x1b\x86\x00\xc1V\xed',b'o\xe9\xa3Y\xdfmQ\x16',b'\xb7\xd41E\x9c\x9eT\x90',b'h\xe3\x13@\x15\x85_h',b'\rd\x16\xc2Pj[<',2021.10.11.08.31.07_veh-50_01750_01948/MergedPointCloud/c366712ab4d0518c.pcd,1633942973350041
b'\x0f\x8e\x1b\x86\x00\xc1V\xed',b'\xdb\xe5\x1e\xa3\xd0\xc3Zx',b'\xc3fq*\xb4\xd0Q\x8c',b'\xf2*\x88Pq\x84Z[',b'h\xe3\x13@\x15\x85_h',b'\rd\x16\xc2Pj[<',2021.10.11.08.31.07_veh-50_01750_01948/MergedPointCloud/0f8e1b8600c156ed.pcd,1633942973400036
b'\xdb\xe5\x1e\xa3\xd0\xc3Zx',b'\xfb\x972\x13#\x9fP\x8a',b'\x0f\x8e\x1b\x86\x00\xc1V\xed',b'\xc0u\x1fr\x1b\xf9YW',b'h\xe3\x13@\x15\x85_h',b'\rd\x16\xc2Pj[<',2021.10.11.08.31.07_veh-50_01750_01948/MergedPointCloud/dbe51ea3d0c35a78.pcd,1633942973450032
b'\xfb\x972\x13#\x9fP\x8a',b'J\x0c\xd6\xaa\xbe\xc4TD',b'\xdb\xe5\x1e\xa3\xd0\xc3Zx',b'\x98T\xef{\x8d\xd4\\\xfe',b'h\xe3\x13@\x15\x85_h',b'\rd\x16\xc2Pj[<',2021.10.11.08.31.07_veh-50_01750_01948/MergedPointCloud/fb973213239f508a.pcd,1633942973500025
b'J\x0c\xd6\xaa\xbe\xc4TD',b'\x01\xe7\x8f\xc1\xc2\xe3Z\x95',b'\xfb\x972\x13#\x9fP\x8a',b'\xda\x9c\xe96\x95\x10TS',b'h\xe3\x13@\x15\x85_h',b'\rd\x16\xc2Pj[<',2021.10.11.08.31.07_veh-50_01750_01948/MergedPointCloud/4a0cd6aabec45444.pcd,1633942973550015
b'\x01\xe7\x8f\xc1\xc2\xe3Z\x95',b'/\x03\x84\xab\xed\xae]R',b'J\x0c\xd6\xaa\xbe\xc4TD',b'\xd0\xd0\xff\xffuATq',b'h\xe3\x13@\x15\x85_h',b'\rd\x16\xc2Pj[<',2021.10.11.08.31.07_veh-50_01750_01948/MergedPointCloud/01e78fc1c2e35a95.pcd,1633942973600004
b'/\x03\x84\xab\xed\xae]R',b'}\xb7t\x86\x0e\xfb]\xeb',b'\x01\xe7\x8f\xc1\xc2\xe3Z\x95',b'\xab\x91\xf1\x1eo\x96W\x0f',b'h\xe3\x13@\x15\x85_h',b'\rd\x16\xc2Pj[<',2021.10.11.08.31.07_veh-50_01750_01948/MergedPointCloud/2f0384abedae5d52.pcd,1633942973649990
b'}\xb7t\x86\x0e\xfb]\xeb',b'\x15\x12PH)\xb7W\xaa',b'/\x03\x84\xab\xed\xae]R',b'\x18\xee=\xa4\x19\xf3[\xbd',b'h\xe3\x13@\x15\x85_h',b'\rd\x16\xc2Pj[<',2021.10.11.08.31.07_veh-50_01750_01948/MergedPointCloud/7db774860efb5deb.pcd,1633942973699975
b'\x15\x12PH)\xb7W\xaa',b'<\xab3\x03\x08\xe8U\r',b'}\xb7t\x86\x0e\xfb]\xeb',b'\xade\xc2\xb8\xc8\x0b[\xf2',b'h\xe3\x13@\x15\x85_h',b'\rd\x16\xc2Pj[<',2021.10.11.08.31.07_veh-50_01750_01948/MergedPointCloud/1512504829b757aa.pcd,1633942973749958
b'<\xab3\x03\x08\xe8U\r',"b'\x0c.\xd2\x85\x93\xddU""'",b'\x15\x12PH)\xb7W\xaa',b'\xc1|e\xfc\x18\xe9R\xfc',b'h\xe3\x13@\x15\x85_h',b'\rd\x16\xc2Pj[<',2021.10.11.08.31.07_veh-50_01750_01948/MergedPointCloud/3cab330308e8550d.pcd,1633942973799937
"b'\x0c.\xd2\x85\x93\xddU""'",b'\xcc\xde\xf3\\]#Y\xf4',b'<\xab3\x03\x08\xe8U\r',b'\x0eC\xb3\xf2k\xa7T\xdc',b'h\xe3\x13@\x15\x85_h',b'\rd\x16\xc2Pj[<',2021.10.11.08.31.07_veh-50_01750_01948/MergedPointCloud/0c2ed28593dd5522.pcd,1633942973849915
b'\xcc\xde\xf3\\]#Y\xf4',b'\x8b\xc6i\x9a\xeb\xf4]\xa2',"b'\x0c.\xd2\x85\x93\xddU""'",b'[#\xfbE\xa9\xebZ\x9f',b'h\xe3\x13@\x15\x85_h',b'\rd\x16\xc2Pj[<',2021.10.11.08.31.07_veh-50_01750_01948/MergedPointCloud/ccdef35c5d2359f4.pcd,1633942973899892
b'\x8b\xc6i\x9a\xeb\xf4]\xa2',b'8N]\xee+\x02^k',b'\xcc\xde\xf3\\]#Y\xf4',b'U\x8a\x155\x95 Q%',b'h\xe3\x13@\x15\x85_h',b'\rd\x16\xc2Pj[<',2021.10.11.08.31.07_veh-50_01750_01948/MergedPointCloud/8bc6699aebf45da2.pcd,1633942973949868
b'8N]\xee+\x02^k',"b""'\x92\xa2\x01\xf3\x9bZW""",b'\x8b\xc6i\x9a\xeb\xf4]\xa2',b'\xc3\x9a\x99\xbf\x0f\xea]\xa0',b'h\xe3\x13@\x15\x85_h',b'\rd\x16\xc2Pj[<',2021.10.11.08.31.07_veh-50_01750_01948/MergedPointCloud/384e5dee2b025e6b.pcd,1633942973999841
"b""'\x92\xa2\x01\xf3\x9bZW""",b'x!\xbaj\xcdZWP',b'8N]\xee+\x02^k',b'Iiu\x1c*\xd1U\xbe',b'h\xe3\x13@\x15\x85_h',b'\rd\x16\xc2Pj[<',2021.10.11.08.31.07_veh-50_01750_01948/MergedPointCloud/2792a201f39b5a57.pcd,1633942974049814
b'x!\xbaj\xcdZWP',b'-\xc8\xb2\\\xfa\x80_\xfc',"b""'\x92\xa2\x01\xf3\x9bZW""",b'\xc6U\x0be\xc9\xd7_|',b'h\xe3\x13@\x15\x85_h',b'\rd\x16\xc2Pj[<',2021.10.11.08.31.07_veh-50_01750_01948/MergedPointCloud/7821ba6acd5a5750.pcd,1633942974099790
b'-\xc8\xb2\\\xfa\x80_\xfc',b'4?)\x8as\x83^<',b'x!\xbaj\xcdZWP',b'\x12\xc9\xd1\xfb\xb8\xabR\x90',b'h\xe3\x13@\x15\x85_h',b'\rd\x16\xc2Pj[<',2021.10.11.08.31.07_veh-50_01750_01948/MergedPointCloud/2dc8b25cfa805ffc.pcd,1633942974149764
b'4?)\x8as\x83^<',b'\xc4\xf2\xf1\xf73\x01Y]',b'-\xc8\xb2\\\xfa\x80_\xfc',b'\xcc\x83+U~\xbdU\x9d',b'h\xe3\x13@\x15\x85_h',b'\rd\x16\xc2Pj[<',2021.10.11.08.31.07_veh-50_01750_01948/MergedPointCloud/343f298a73835e3c.pcd,1633942974199740
b'\xc4\xf2\xf1\xf73\x01Y]',b'\x12\xd6m\xa1t\x9bR\x05',b'4?)\x8as\x83^<',b'\x0bT~\xb0<fU\xe3',b'h\xe3\x13@\x15\x85_h',b'\rd\x16\xc2Pj[<',2021.10.11.08.31.07_veh-50_01750_01948/MergedPointCloud/c4f2f1f73301595d.pcd,1633942974249720
b'\x12\xd6m\xa1t\x9bR\x05',b'\xb99\xe3\x08n\x96P7',b'\xc4\xf2\xf1\xf73\x01Y]',b'{\xc9|\x90q\x89^\x9f',b'h\xe3\x13@\x15\x85_h',b'\rd\x16\xc2Pj[<',2021.10.11.08.31.07_veh-50_01750_01948/MergedPointCloud/12d66da1749b5205.pcd,1633942974299704
b'\xb99\xe3\x08n\x96P7',b'\x19\xb3\xdfH\x16-_\xf3',b'\x12\xd6m\xa1t\x9bR\x05',b'\xfd\xae0\xaa\xd0\xd1[\xa2',b'h\xe3\x13@\x15\x85_h',b'\rd\x16\xc2Pj[<',2021.10.11.08.31.07_veh-50_01750_01948/MergedPointCloud/b939e3086e965037.pcd,1633942974349690
b'\x19\xb3\xdfH\x16-_\xf3',b'e\xf5\xf5^\x18\x86Tp',b'\xb99\xe3\x08n\x96P7',b'\x91\xea\x93\x14^LZ\xe1',b'h\xe3\x13@\x15\x85_h',b'\rd\x16\xc2Pj[<',2021.10.11.08.31.07_veh-50_01750_01948/MergedPointCloud/19b3df48162d5ff3.pcd,1633942974399680
b'e\xf5\xf5^\x18\x86Tp',b'\xd0\xad\xf4\x1d~JZa',b'\x19\xb3\xdfH\x16-_\xf3',b'\x08\x12d\x82\x8ezZ\xde',b'h\xe3\x13@\x15\x85_h',b'\rd\x16\xc2Pj[<',2021.10.11.08.31.07_veh-50_01750_01948/MergedPointCloud/65f5f55e18865470.pcd,1633942974449674
b'\xd0\xad\xf4\x1d~JZa',b'I4\xde\x15\x1d1]\x94',b'e\xf5\xf5^\x18\x86Tp',b'\x93\x7fG&^$\\\xbd',b'h\xe3\x13@\x15\x85_h',b'\rd\x16\xc2Pj[<',2021.10.11.08.31.07_veh-50_01750_01948/MergedPointCloud/d0adf41d7e4a5a61.pcd,1633942974499667
b'I4\xde\x15\x1d1]\x94',b'\xf5B\xe5\xeb\x88\xa8Xk',b'\xd0\xad\xf4\x1d~JZa',b'\xf7\x03\xe5\x85fUQ?',b'h\xe3\x13@\x15\x85_h',b'\rd\x16\xc2Pj[<',2021.10.11.08.31.07_veh-50_01750_01948/MergedPointCloud/4934de151d315d94.pcd,1633942974549660
b'\xf5B\xe5\xeb\x88\xa8Xk',b'\xfb\xbf9\x12\xc0\xccT\xac',b'I4\xde\x15\x1d1]\x94',b'\xd5~h\x11\x01\xeaSt',b'h\xe3\x13@\x15\x85_h',b'\rd\x16\xc2Pj[<',2021.10.11.08.31.07_veh-50_01750_01948/MergedPointCloud/f542e5eb88a8586b.pcd,1633942974599656
b'\xfb\xbf9\x12\xc0\xccT\xac',b'g`j\xbbs~_j',b'\xf5B\xe5\xeb\x88\xa8Xk',b'\xb0\x92\xac\x8fc5W\x1a',b'h\xe3\x13@\x15\x85_h',b'\rd\x16\xc2Pj[<',2021.10.11.08.31.07_veh-50_01750_01948/MergedPointCloud/fbbf3912c0cc54ac.pcd,1633942974649653
b'g`j\xbbs~_j',b'c\x16\xab\xc1\x94\xc0[\xed',b'\xfb\xbf9\x12\xc0\xccT\xac',b'\x99\x02\x99\x9f\xed\xafP\x16',b'h\xe3\x13@\x15\x85_h',b'\rd\x16\xc2Pj[<',2021.10.11.08.31.07_veh-50_01750_01948/MergedPointCloud/67606abb737e5f6a.pcd,1633942974699649
b'c\x16\xab\xc1\x94\xc0[\xed',b'\xaaH\xdf y\x19WD',b'g`j\xbbs~_j',b'\xa5\xe9\xd9S\xb6vW!',b'h\xe3\x13@\x15\x85_h',b'\rd\x16\xc2Pj[<',2021.10.11.08.31.07_veh-50_01750_01948/MergedPointCloud/6316abc194c05bed.pcd,1633942974749641
b'\xaaH\xdf y\x19WD',b'\x94\x91\x144\xa5\xd7^\xea',b'c\x16\xab\xc1\x94\xc0[\xed',b'\x9e\xc1q#l`P\xc7',b'h\xe3\x13@\x15\x85_h',b'\rd\x16\xc2Pj[<',2021.10.11.08.31.07_veh-50_01750_01948/MergedPointCloud/aa48df2079195744.pcd,1633942974799631
b'\x94\x91\x144\xa5\xd7^\xea',b'T\x88\xb4$\x849^\xd6',b'\xaaH\xdf y\x19WD',b'ExD\t\x81;Ya',b'h\xe3\x13@\x15\x85_h',b'\rd\x16\xc2Pj[<',2021.10.11.08.31.07_veh-50_01750_01948/MergedPointCloud/94911434a5d75eea.pcd,1633942974849617
b'T\x88\xb4$\x849^\xd6',b'\x85\xc3\x97\x19\x83\xe6\\\xb1',b'\x94\x91\x144\xa5\xd7^\xea',b'\xf7\xe5A\xeaF\x14W\xf9',b'h\xe3\x13@\x15\x85_h',b'\rd\x16\xc2Pj[<',2021.10.11.08.31.07_veh-50_01750_01948/MergedPointCloud/5488b42484395ed6.pcd,1633942974899601
b'\x85\xc3\x97\x19\x83\xe6\\\xb1',b'\xee\xd8\xaf\x11\xb5\x02U\t',b'T\x88\xb4$\x849^\xd6',b'\x13\xdc\xf4\xefI\xe3Y\xf0',b'h\xe3\x13@\x15\x85_h',b'\rd\x16\xc2Pj[<',2021.10.11.08.31.07_veh-50_01750_01948/MergedPointCloud/85c3971983e65cb1.pcd,1633942974949584
b'\xee\xd8\xaf\x11\xb5\x02U\t',b'\xe9\xeckk\x1b\xdd_<',b'\x85\xc3\x97\x19\x83\xe6\\\xb1',b'{J\x1f\x93\xfb\xed^\xbe',b'h\xe3\x13@\x15\x85_h',b'\rd\x16\xc2Pj[<',2021.10.11.08.31.07_veh-50_01750_01948/MergedPointCloud/eed8af11b5025509.pcd,1633942974999569
b'\xe9\xeckk\x1b\xdd_<',b'\x86\x9f4\xeb\xfcVV\xf3',b'\xee\xd8\xaf\x11\xb5\x02U\t',b'\xe0M\x9a\xc0\x87\x8bQy',b'h\xe3\x13@\x15\x85_h',b'\rd\x16\xc2Pj[<',2021.10.11.08.31.07_veh-50_01750_01948/MergedPointCloud/e9ec6b6b1bdd5f3c.pcd,1633942975049550
b'\x86\x9f4\xeb\xfcVV\xf3',b'\x9d\x08\x94\x8fh^\\\xd6',b'\xe9\xeckk\x1b\xdd_<',b'\xbd%Rwz\xb5V~',b'h\xe3\x13@\x15\x85_h',b'\rd\x16\xc2Pj[<',2021.10.11.08.31.07_veh-50_01750_01948/MergedPointCloud/869f34ebfc5656f3.pcd,1633942975099531
b'\x9d\x08\x94\x8fh^\\\xd6',b'\\\x14D\xe2\xa0\x85]\xa1',b'\x86\x9f4\xeb\xfcVV\xf3',b'\x98\xdc-\x87c#X\xdf',b'h\xe3\x13@\x15\x85_h',b'\rd\x16\xc2Pj[<',2021.10.11.08.31.07_veh-50_01750_01948/MergedPointCloud/9d08948f685e5cd6.pcd,1633942975149512
b'\\\x14D\xe2\xa0\x85]\xa1',b'\x9b\x89\xe2\xf3:\x99VG',b'\x9d\x08\x94\x8fh^\\\xd6',b'\xe7\xea\x8c\xe4I\xa9Q\xd0',b'h\xe3\x13@\x15\x85_h',b'\rd\x16\xc2Pj[<',2021.10.11.08.31.07_veh-50_01750_01948/MergedPointCloud/5c1444e2a0855da1.pcd,1633942975199493
b'\x9b\x89\xe2\xf3:\x99VG',b'}\xed\x06\xb6_\xee]\x86',b'\\\x14D\xe2\xa0\x85]\xa1',b'\x9a1\x02\xda\xbf\xfaZA',b'h\xe3\x13@\x15\x85_h',b'\rd\x16\xc2Pj[<',2021.10.11.08.31.07_veh-50_01750_01948/MergedPointCloud/9b89e2f33a995647.pcd,1633942975249476
b'}\xed\x06\xb6_\xee]\x86',b' \xcc_7K\xf0T\xdb',b'\x9b\x89\xe2\xf3:\x99VG',b'\xf6\xd3\x1f\x14$e\\\x18',b'h\xe3\x13@\x15\x85_h',b'\rd\x16\xc2Pj[<',2021.10.11.08.31.07_veh-50_01750_01948/MergedPointCloud/7ded06b65fee5d86.pcd,1633942975299459
b' \xcc_7K\xf0T\xdb',b'\xf7Q\x05\xbd\xb9\x14Q\x9c',b'}\xed\x06\xb6_\xee]\x86',b'\x1d\xf4i\xe3\xad\xecW\xae',b'h\xe3\x13@\x15\x85_h',b'\rd\x16\xc2Pj[<',2021.10.11.08.31.07_veh-50_01750_01948/MergedPointCloud/20cc5f374bf054db.pcd,1633942975349446
b'\xf7Q\x05\xbd\xb9\x14Q\x9c',b'icY>Z)U\xc2',b' \xcc_7K\xf0T\xdb',b'\x9a\x16\xb6R\xe0aX-',b'h\xe3\x13@\x15\x85_h',b'\rd\x16\xc2Pj[<',2021.10.11.08.31.07_veh-50_01750_01948/MergedPointCloud/f75105bdb914519c.pcd,1633942975399436
b'icY>Z)U\xc2',b'\xe8\xa4\xc5\x01\x81#_Y',b'\xf7Q\x05\xbd\xb9\x14Q\x9c',b'9\x93\xaa}v\x08_\xd7',b'h\xe3\x13@\x15\x85_h',b'\rd\x16\xc2Pj[<',2021.10.11.08.31.07_veh-50_01750_01948/MergedPointCloud/6963593e5a2955c2.pcd,1633942975449430
b'\xe8\xa4\xc5\x01\x81#_Y',b'\xfa\x06\xaf\xe1:\xfa\\N',b'icY>Z)U\xc2',b'\x03\xf9\xdc\xfb2\xcaV_',b'h\xe3\x13@\x15\x85_h',b'\rd\x16\xc2Pj[<',2021.10.11.08.31.07_veh-50_01750_01948/MergedPointCloud/e8a4c50181235f59.pcd,1633942975499428
b'\xfa\x06\xaf\xe1:\xfa\\N',b'\x17s\xbd]\xde!V\xca',b'\xe8\xa4\xc5\x01\x81#_Y',b'9\x18\x99\xceGZW\xbe',b'h\xe3\x13@\x15\x85_h',b'\rd\x16\xc2Pj[<',2021.10.11.08.31.07_veh-50_01750_01948/MergedPointCloud/fa06afe13afa5c4e.pcd,1633942975549431
b'\x17s\xbd]\xde!V\xca',b'\x04\x06S\n\xd4\xf7\\l',b'\xfa\x06\xaf\xe1:\xfa\\N',b'o\x17\x1f\x99\xc4\x94Z\xa5',b'h\xe3\x13@\x15\x85_h',b'\rd\x16\xc2Pj[<',2021.10.11.08.31.07_veh-50_01750_01948/MergedPointCloud/1773bd5dde2156ca.pcd,1633942975599436
b'\x04\x06S\n\xd4\xf7\\l',b'\xf3@\xa3\xb5\x95_V_',b'\x17s\xbd]\xde!V\xca',"b',\xec\xcac>\xb9Xi'",b'h\xe3\x13@\x15\x85_h',b'\rd\x16\xc2Pj[<',2021.10.11.08.31.07_veh-50_01750_01948/MergedPointCloud/0406530ad4f75c6c.pcd,1633942975649444
b'\xf3@\xa3\xb5\x95_V_',b'\xb0\xe5\xbcKj\x83X\xc0',b'\x04\x06S\n\xd4\xf7\\l',b'\xdd\x1b\xfe\x80C\x8e\\~',b'h\xe3\x13@\x15\x85_h',b'\rd\x16\xc2Pj[<',2021.10.11.08.31.07_veh-50_01750_01948/MergedPointCloud/f340a3b5955f565f.pcd,1633942975699454
b'\xb0\xe5\xbcKj\x83X\xc0',b'\x10\x94\x9c\xb4\xc4\x82S\xc5',b'\xf3@\xa3\xb5\x95_V_',b'l\xdf$\x9e\rVP\xbd',b'h\xe3\x13@\x15\x85_h',b'\rd\x16\xc2Pj[<',2021.10.11.08.31.07_veh-50_01750_01948/MergedPointCloud/b0e5bc4b6a8358c0.pcd,1633942975749468
b'\x10\x94\x9c\xb4\xc4\x82S\xc5',b'D(R;\xe3#Ra',b'\xb0\xe5\xbcKj\x83X\xc0',b'\x9a\xb1T\x16\xa8KZf',b'h\xe3\x13@\x15\x85_h',b'\rd\x16\xc2Pj[<',2021.10.11.08.31.07_veh-50_01750_01948/MergedPointCloud/10949cb4c48253c5.pcd,1633942975799486
b'D(R;\xe3#Ra',b'\x1e\xbf\xd9\xa2V\x1dQ\xcd',b'\x10\x94\x9c\xb4\xc4\x82S\xc5',b'\x88Nz~\t\x96P\x1c',b'h\xe3\x13@\x15\x85_h',b'\rd\x16\xc2Pj[<',2021.10.11.08.31.07_veh-50_01750_01948/MergedPointCloud/4428523be3235261.pcd,1633942975849509
b'\x1e\xbf\xd9\xa2V\x1dQ\xcd',b'\xe0\x9eG9.\x0b[i',b'D(R;\xe3#Ra',b'<F\xad\x95\xa78Sr',b'h\xe3\x13@\x15\x85_h',b'\rd\x16\xc2Pj[<',2021.10.11.08.31.07_veh-50_01750_01948/MergedPointCloud/1ebfd9a2561d51cd.pcd,1633942975899532
b'\xe0\x9eG9.\x0b[i',b'\xf1\xca\xd3s\xeb\x1fXr',b'\x1e\xbf\xd9\xa2V\x1dQ\xcd',b'8\x84\xa6\r\x1c\x1aPJ',b'h\xe3\x13@\x15\x85_h',b'\rd\x16\xc2Pj[<',2021.10.11.08.31.07_veh-50_01750_01948/MergedPointCloud/e09e47392e0b5b69.pcd,1633942975949558
b'\xf1\xca\xd3s\xeb\x1fXr',b'3~\xc6\xe6\xa0cV\x98',b'\xe0\x9eG9.\x0b[i',b'\x19\xea\xa2\xfb\x190W\xaf',b'h\xe3\x13@\x15\x85_h',b'\rd\x16\xc2Pj[<',2021.10.11.08.31.07_veh-50_01750_01948/MergedPointCloud/f1cad373eb1f5872.pcd,1633942975999585
b'3~\xc6\xe6\xa0cV\x98',b'3M\x885l\x16T/',b'\xf1\xca\xd3s\xeb\x1fXr',b'\xaa\x86a\xc1D7U\xb2',b'h\xe3\x13@\x15\x85_h',b'\rd\x16\xc2Pj[<',2021.10.11.08.31.07_veh-50_01750_01948/MergedPointCloud/337ec6e6a0635698.pcd,1633942976049614
b'3M\x885l\x16T/',b'\x19\xaet\xf4\xb9`[\xf3',b'3~\xc6\xe6\xa0cV\x98',b'\x92jQ\x94\xd3\xbfP\x1d',b'h\xe3\x13@\x15\x85_h',b'\rd\x16\xc2Pj[<',2021.10.11.08.31.07_veh-50_01750_01948/MergedPointCloud/334d88356c16542f.pcd,1633942976099643
b'\x19\xaet\xf4\xb9`[\xf3',b'\xee\xb2%:\xf3QX\xe6',b'3M\x885l\x16T/',b'u\x9bY\xf0\xe7@S\x1f',b'h\xe3\x13@\x15\x85_h',b'\rd\x16\xc2Pj[<',2021.10.11.08.31.07_veh-50_01750_01948/MergedPointCloud/19ae74f4b9605bf3.pcd,1633942976149674
b'\xee\xb2%:\xf3QX\xe6',b'\xd9\x94\xc1e#\xa5[&',b'\x19\xaet\xf4\xb9`[\xf3',b'Y\t`\x02j.Si',b'h\xe3\x13@\x15\x85_h',b'\rd\x16\xc2Pj[<',2021.10.11.08.31.07_veh-50_01750_01948/MergedPointCloud/eeb2253af35158e6.pcd,1633942976199708
b'\xd9\x94\xc1e#\xa5[&',b'k=\ng&\xacR\xb2',b'\xee\xb2%:\xf3QX\xe6',b'\xde\xa5\xd1\xbb\x84\xaeX\x1f',b'h\xe3\x13@\x15\x85_h',b'\rd\x16\xc2Pj[<',2021.10.11.08.31.07_veh-50_01750_01948/MergedPointCloud/d994c16523a55b26.pcd,1633942976249748
b'k=\ng&\xacR\xb2',b'\x8a\xd36\xd31\xa9Y\xf0',b'\xd9\x94\xc1e#\xa5[&',b'L\x85\xa6\xdd\xec\x12ZK',b'h\xe3\x13@\x15\x85_h',b'\rd\x16\xc2Pj[<',2021.10.11.08.31.07_veh-50_01750_01948/MergedPointCloud/6b3d0a6726ac52b2.pcd,1633942976299791
b'\x8a\xd36\xd31\xa9Y\xf0',b'\xc9\x8b\xf9\x89-\xf8PF',b'k=\ng&\xacR\xb2',b'\xe3\xd3.\x063\x8f^F',b'h\xe3\x13@\x15\x85_h',b'\rd\x16\xc2Pj[<',2021.10.11.08.31.07_veh-50_01750_01948/MergedPointCloud/8ad336d331a959f0.pcd,1633942976349838
b'\xc9\x8b\xf9\x89-\xf8PF',b'\xe0`\xf2\xe0\xf2\x8cT\x80',b'\x8a\xd36\xd31\xa9Y\xf0',b'X\x96\x91\x02\x9c\xbaZ=',b'h\xe3\x13@\x15\x85_h',b'\rd\x16\xc2Pj[<',2021.10.11.08.31.07_veh-50_01750_01948/MergedPointCloud/c98bf9892df85046.pcd,1633942976399884
b'\xe0`\xf2\xe0\xf2\x8cT\x80',b'\x84\xa0\xea|\x89{]\xef',b'\xc9\x8b\xf9\x89-\xf8PF',b'j\x8dP\x82\xc4\xf8U\x04',b'h\xe3\x13@\x15\x85_h',b'\rd\x16\xc2Pj[<',2021.10.11.08.31.07_veh-50_01750_01948/MergedPointCloud/e060f2e0f28c5480.pcd,1633942976449927
b'\x84\xa0\xea|\x89{]\xef',b'\xbf\xe6\xda\x19\xa7\xa9Vc',b'\xe0`\xf2\xe0\xf2\x8cT\x80',b'\x961@1[\x08X\xcd',b'h\xe3\x13@\x15\x85_h',b'\rd\x16\xc2Pj[<',2021.10.11.08.31.07_veh-50_01750_01948/MergedPointCloud/84a0ea7c897b5def.pcd,1633942976499966
b'\xbf\xe6\xda\x19\xa7\xa9Vc',b'\xc9\x05\xb4S\x08jZg',b'\x84\xa0\xea|\x89{]\xef',b'\xbe\xc4\xb7\x85y\xccQ\x01',b'h\xe3\x13@\x15\x85_h',b'\rd\x16\xc2Pj[<',2021.10.11.08.31.07_veh-50_01750_01948/MergedPointCloud/bfe6da19a7a95663.pcd,1633942976550002
b'\xc9\x05\xb4S\x08jZg',b'T$3N\x0f\xb5\\2',b'\xbf\xe6\xda\x19\xa7\xa9Vc',b'\x92\xd5\xab\xd6n\x0cV+',b'h\xe3\x13@\x15\x85_h',b'\rd\x16\xc2Pj[<',2021.10.11.08.31.07_veh-50_01750_01948/MergedPointCloud/c905b453086a5a67.pcd,1633942976600038
b'T$3N\x0f\xb5\\2',b'\xd7\xaa\x9bI;\xc6Q\xa7',b'\xc9\x05\xb4S\x08jZg',"b""\x93'H[\xfd\xf5P\xf2""",b'h\xe3\x13@\x15\x85_h',b'\rd\x16\xc2Pj[<',2021.10.11.08.31.07_veh-50_01750_01948/MergedPointCloud/5424334e0fb55c32.pcd,1633942976650075
b'\xd7\xaa\x9bI;\xc6Q\xa7',b'\x9d\x08\x07\tD\x9e]\x9a',b'T$3N\x0f\xb5\\2',b'\xc5\xcf\x97\x95m\xaaV\x8c',b'h\xe3\x13@\x15\x85_h',b'\rd\x16\xc2Pj[<',2021.10.11.08.31.07_veh-50_01750_01948/MergedPointCloud/d7aa9b493bc651a7.pcd,1633942976700110
b'\x9d\x08\x07\tD\x9e]\x9a',b'M\xe4B\xf3M\xf3V\x13',b'\xd7\xaa\x9bI;\xc6Q\xa7',b'\xc0\xba\x83\x92\xa0_Vb',b'h\xe3\x13@\x15\x85_h',b'\rd\x16\xc2Pj[<',2021.10.11.08.31.07_veh-50_01750_01948/MergedPointCloud/9d080709449e5d9a.pcd,1633942976750144
b'M\xe4B\xf3M\xf3V\x13',b'\xfc8\x1d\x11GtTQ',b'\x9d\x08\x07\tD\x9e]\x9a',"b""'\x18\xb3\x04\xa1\xf5V/""",b'h\xe3\x13@\x15\x85_h',b'\rd\x16\xc2Pj[<',2021.10.11.08.31.07_veh-50_01750_01948/MergedPointCloud/4de442f34df35613.pcd,1633942976800174
b'\xfc8\x1d\x11GtTQ',b'\xdf\xb5\xa2\xb9\xcdn[B',b'M\xe4B\xf3M\xf3V\x13',b'\t\x9f\xdb\x89=yXD',b'h\xe3\x13@\x15\x85_h',b'\rd\x16\xc2Pj[<',2021.10.11.08.31.07_veh-50_01750_01948/MergedPointCloud/fc381d1147745451.pcd,1633942976850203
b'\xdf\xb5\xa2\xb9\xcdn[B',b'd\xfe\xfe\xe5a0Z[',b'\xfc8\x1d\x11GtTQ',b'\x83$U\xe3\xc4o[\xbc',b'h\xe3\x13@\x15\x85_h',b'\rd\x16\xc2Pj[<',2021.10.11.08.31.07_veh-50_01750_01948/MergedPointCloud/dfb5a2b9cd6e5b42.pcd,1633942976900236
b'd\xfe\xfe\xe5a0Z[',b'h\xf1F\xf3\xa7FWY',b'\xdf\xb5\xa2\xb9\xcdn[B',b'\xe6\x1a\x89\x9b\x18iR\xaa',b'h\xe3\x13@\x15\x85_h',b'\rd\x16\xc2Pj[<',2021.10.11.08.31.07_veh-50_01750_01948/MergedPointCloud/64fefee561305a5b.pcd,1633942976950270
b'h\xf1F\xf3\xa7FWY',"b""b\x9d\xd3'^\x15YO""",b'd\xfe\xfe\xe5a0Z[',b'\xad\xca(\x1d\nsQL',b'h\xe3\x13@\x15\x85_h',b'\rd\x16\xc2Pj[<',2021.10.11.08.31.07_veh-50_01750_01948/MergedPointCloud/68f146f3a7465759.pcd,1633942977000306
"b""b\x9d\xd3'^\x15YO""",b'\xbb\xe6 \xfdN\xb9_9',b'h\xf1F\xf3\xa7FWY',b'$\x92jPi<S\\',b'h\xe3\x13@\x15\x85_h',b'\rd\x16\xc2Pj[<',2021.10.11.08.31.07_veh-50_01750_01948/MergedPointCloud/629dd3275e15594f.pcd,1633942977050342
b'\xbb\xe6 \xfdN\xb9_9',"b'\x17\xe4E\xf8""\xf3_\xeb'","b""b\x9d\xd3'^\x15YO""",b'\x87I\x12\xdd\x0e8T2',b'h\xe3\x13@\x15\x85_h',b'\rd\x16\xc2Pj[<',2021.10.11.08.31.07_veh-50_01750_01948/MergedPointCloud/bbe620fd4eb95f39.pcd,1633942977100375
"b'\x17\xe4E\xf8""\xf3_\xeb'",b'\xbf\t\xa7p\x18\x7fP\x0c',b'\xbb\xe6 \xfdN\xb9_9',b'|\x04 \x02L\x12P\xeb',b'h\xe3\x13@\x15\x85_h',b'\rd\x16\xc2Pj[<',2021.10.11.08.31.07_veh-50_01750_01948/MergedPointCloud/17e445f822f35feb.pcd,1633942977150402
b'\xbf\t\xa7p\x18\x7fP\x0c',b'\x1e\x19\x910\x13j^\xfd',"b'\x17\xe4E\xf8""\xf3_\xeb'",b'w\x89\xc0K\xc9^]\xf0',b'h\xe3\x13@\x15\x85_h',b'\rd\x16\xc2Pj[<',2021.10.11.08.31.07_veh-50_01750_01948/MergedPointCloud/bf09a770187f500c.pcd,1633942977200423
b'\x1e\x19\x910\x13j^\xfd',b'\xe7<#}r\xcc^u',b'\xbf\t\xa7p\x18\x7fP\x0c',b'\xb0\xbb\x10\x06\xd7v[\xa2',b'h\xe3\x13@\x15\x85_h',b'\rd\x16\xc2Pj[<',2021.10.11.08.31.07_veh-50_01750_01948/MergedPointCloud/1e199130136a5efd.pcd,1633942977250438
b'\xe7<#}r\xcc^u',b'pC\xc7\xbfB\x9eP\x9b',b'\x1e\x19\x910\x13j^\xfd',b'\xc2?9tf\xf2WR',b'h\xe3\x13@\x15\x85_h',b'\rd\x16\xc2Pj[<',2021.10.11.08.31.07_veh-50_01750_01948/MergedPointCloud/e73c237d72cc5e75.pcd,1633942977300445
b'pC\xc7\xbfB\x9eP\x9b',b'\x9a\xc3\xdf\xd5\x17-_E',b'\xe7<#}r\xcc^u',b'@\x89\xec\xc5q\x9e\\\xef',b'h\xe3\x13@\x15\x85_h',b'\rd\x16\xc2Pj[<',2021.10.11.08.31.07_veh-50_01750_01948/MergedPointCloud/7043c7bf429e509b.pcd,1633942977350443
b'\x9a\xc3\xdf\xd5\x17-_E',b'\xc7\xd4W\x1fJ\xb2_\xdb',b'pC\xc7\xbfB\x9eP\x9b',b'\x0f\xba)t9NQ\xce',b'h\xe3\x13@\x15\x85_h',b'\rd\x16\xc2Pj[<',2021.10.11.08.31.07_veh-50_01750_01948/MergedPointCloud/9ac3dfd5172d5f45.pcd,1633942977400434
b'\xc7\xd4W\x1fJ\xb2_\xdb',b'P\xd9\x8f\xed\x0f\xfe^\x94',b'\x9a\xc3\xdf\xd5\x17-_E',"b'""5\xed\x18j\xfeV\x03'",b'h\xe3\x13@\x15\x85_h',b'\rd\x16\xc2Pj[<',2021.10.11.08.31.07_veh-50_01750_01948/MergedPointCloud/c7d4571f4ab25fdb.pcd,1633942977450421
b'P\xd9\x8f\xed\x0f\xfe^\x94',b'\x86\xd9i\xffa\xb3W\xce',b'\xc7\xd4W\x1fJ\xb2_\xdb',b'b\xfeln\xf1\tR2',b'h\xe3\x13@\x15\x85_h',b'\rd\x16\xc2Pj[<',2021.10.11.08.31.07_veh-50_01750_01948/MergedPointCloud/50d98fed0ffe5e94.pcd,1633942977500405
b'\x86\xd9i\xffa\xb3W\xce',b'C\xb4\xde\x8f\xd0/V\xc9',b'P\xd9\x8f\xed\x0f\xfe^\x94',b'\xf6G\xf5\x1aI_Z\xbb',b'h\xe3\x13@\x15\x85_h',b'\rd\x16\xc2Pj[<',2021.10.11.08.31.07_veh-50_01750_01948/MergedPointCloud/86d969ff61b357ce.pcd,1633942977550386
b'C\xb4\xde\x8f\xd0/V\xc9',b'\x181\x06\x05\xdd\xb9Y\x84',b'\x86\xd9i\xffa\xb3W\xce',b'] \xd1\x98\x90\xdc]\xb6',b'h\xe3\x13@\x15\x85_h',b'\rd\x16\xc2Pj[<',2021.10.11.08.31.07_veh-50_01750_01948/MergedPointCloud/43b4de8fd02f56c9.pcd,1633942977600366
b'\x181\x06\x05\xdd\xb9Y\x84',b'+A\x9d\xa4\x11\x9f\\\xe9',b'C\xb4\xde\x8f\xd0/V\xc9',b'\xc8\xc0\xebv;+Pe',b'h\xe3\x13@\x15\x85_h',b'\rd\x16\xc2Pj[<',2021.10.11.08.31.07_veh-50_01750_01948/MergedPointCloud/18310605ddb95984.pcd,1633942977650344
b'+A\x9d\xa4\x11\x9f\\\xe9',b'O\x8cO\xde\x9f\xccUk',b'\x181\x06\x05\xdd\xb9Y\x84',b'\xa1T\xe50r\x91V\xd4',b'h\xe3\x13@\x15\x85_h',b'\rd\x16\xc2Pj[<',2021.10.11.08.31.07_veh-50_01750_01948/MergedPointCloud/2b419da4119f5ce9.pcd,1633942977700321
b'O\x8cO\xde\x9f\xccUk',b'\xcb\xe3\x9fB\x15\xf1V\xbb',b'+A\x9d\xa4\x11\x9f\\\xe9',b'\xc5\xed\x8c\xc2\xbe\x9f^i',b'h\xe3\x13@\x15\x85_h',b'\rd\x16\xc2Pj[<',2021.10.11.08.31.07_veh-50_01750_01948/MergedPointCloud/4f8c4fde9fcc556b.pcd,1633942977750298
b'\xcb\xe3\x9fB\x15\xf1V\xbb',b'e\x1d\xff\xcc\xdaG^\xe2',b'O\x8cO\xde\x9f\xccUk',b'Ao\x91\\$uZW',b'h\xe3\x13@\x15\x85_h',b'\rd\x16\xc2Pj[<',2021.10.11.08.31.07_veh-50_01750_01948/MergedPointCloud/cbe39f4215f156bb.pcd,1633942977800274
b'e\x1d\xff\xcc\xdaG^\xe2',b'/\x0e\xd6\xec7nPa',b'\xcb\xe3\x9fB\x15\xf1V\xbb',b'\xce\xa2l^\x95\xf2T?',b'h\xe3\x13@\x15\x85_h',b'\rd\x16\xc2Pj[<',2021.10.11.08.31.07_veh-50_01750_01948/MergedPointCloud/651dffccda475ee2.pcd,1633942977850253
b'/\x0e\xd6\xec7nPa',"b'\xd7\xc2\x08,\x89\x83\\t'",b'e\x1d\xff\xcc\xdaG^\xe2',b'T5^\xa7\xb2wX\xcd',b'h\xe3\x13@\x15\x85_h',b'\rd\x16\xc2Pj[<',2021.10.11.08.31.07_veh-50_01750_01948/MergedPointCloud/2f0ed6ec376e5061.pcd,1633942977900231
"b'\xd7\xc2\x08,\x89\x83\\t'",b'\xf2\xd0NTv\xdeY\xd0',b'/\x0e\xd6\xec7nPa',b'\xc4=\xdab\x97\xc1[H',b'h\xe3\x13@\x15\x85_h',b'\rd\x16\xc2Pj[<',2021.10.11.08.31.07_veh-50_01750_01948/MergedPointCloud/d7c2082c89835c74.pcd,1633942977950208
b'\xf2\xd0NTv\xdeY\xd0',b'\x05{\xd7\x85\x93ZZ\xa5',"b'\xd7\xc2\x08,\x89\x83\\t'",b'6Zt\xd7\x1e\x88U!',b'h\xe3\x13@\x15\x85_h',b'\rd\x16\xc2Pj[<',2021.10.11.08.31.07_veh-50_01750_01948/MergedPointCloud/f2d04e5476de59d0.pcd,1633942978000186
b'\x05{\xd7\x85\x93ZZ\xa5',b'd\xcf\xb2\xcb\x82\xa5S\xd3',b'\xf2\xd0NTv\xdeY\xd0',b'`\x1e;1\x03\xc6Ug',b'h\xe3\x13@\x15\x85_h',b'\rd\x16\xc2Pj[<',2021.10.11.08.31.07_veh-50_01750_01948/MergedPointCloud/057bd785935a5aa5.pcd,1633942978050165
b'd\xcf\xb2\xcb\x82\xa5S\xd3',b'H\t\xaaf\xa6j^1',b'\x05{\xd7\x85\x93ZZ\xa5',b'qnO\x19\x1f-[\xc5',b'h\xe3\x13@\x15\x85_h',b'\rd\x16\xc2Pj[<',2021.10.11.08.31.07_veh-50_01750_01948/MergedPointCloud/64cfb2cb82a553d3.pcd,1633942978100142
b'H\t\xaaf\xa6j^1',b'\x9d\x97\x13w\x90\xabV\xc9',b'd\xcf\xb2\xcb\x82\xa5S\xd3',b'\xf5\xbdu\x9d\xa4\xbfPw',b'h\xe3\x13@\x15\x85_h',b'\rd\x16\xc2Pj[<',2021.10.11.08.31.07_veh-50_01750_01948/MergedPointCloud/4809aa66a66a5e31.pcd,1633942978150118
b'\x9d\x97\x13w\x90\xabV\xc9',b'\x08\x7fc\xafc9X\xdb',b'H\t\xaaf\xa6j^1',b'\xeaa[\xb4\x00\x1aZ\xf9',b'h\xe3\x13@\x15\x85_h',b'\rd\x16\xc2Pj[<',2021.10.11.08.31.07_veh-50_01750_01948/MergedPointCloud/9d97137790ab56c9.pcd,1633942978200095
b'\x08\x7fc\xafc9X\xdb',b'\xbaE\xb2\xbcE\xd5P\xf9',b'\x9d\x97\x13w\x90\xabV\xc9',b'\xb4\xcb\x19\x16\xd0l^Y',b'h\xe3\x13@\x15\x85_h',b'\rd\x16\xc2Pj[<',2021.10.11.08.31.07_veh-50_01750_01948/MergedPointCloud/087f63af633958db.pcd,1633942978250070
b'\xbaE\xb2\xbcE\xd5P\xf9',b'\xf4\x1a\xf3\xaddA[\xe0',b'\x08\x7fc\xafc9X\xdb',b'\xedx9Oe4X\xef',b'h\xe3\x13@\x15\x85_h',b'\rd\x16\xc2Pj[<',2021.10.11.08.31.07_veh-50_01750_01948/MergedPointCloud/ba45b2bc45d550f9.pcd,1633942978300045
b'\xf4\x1a\xf3\xaddA[\xe0',b'+D\xd5\xf9\x9c)RN',b'\xbaE\xb2\xbcE\xd5P\xf9',b'\xe1\xe4\xfa\x05\x8c\xe9T\xf1',b'h\xe3\x13@\x15\x85_h',b'\rd\x16\xc2Pj[<',2021.10.11.08.31.07_veh-50_01750_01948/MergedPointCloud/f41af3ad64415be0.pcd,1633942978350020
b'+D\xd5\xf9\x9c)RN',b'\x1f\xe7s\x9f\x9a\xc3^\xea',b'\xf4\x1a\xf3\xaddA[\xe0',b'\x18n\xaf\xa6\x13\xe8T\xc8',b'h\xe3\x13@\x15\x85_h',b'\rd\x16\xc2Pj[<',2021.10.11.08.31.07_veh-50_01750_01948/MergedPointCloud/2b44d5f99c29524e.pcd,1633942978399995
b'\x1f\xe7s\x9f\x9a\xc3^\xea',b'^\xbd\x0e\x92\xafzV\x0b',b'+D\xd5\xf9\x9c)RN',b'\x07\xf0)\xb0\xe0\xbd_\x86',b'h\xe3\x13@\x15\x85_h',b'\rd\x16\xc2Pj[<',2021.10.11.08.31.07_veh-50_01750_01948/MergedPointCloud/1fe7739f9ac35eea.pcd,1633942978449970
b'^\xbd\x0e\x92\xafzV\x0b',b'\x88\xda\x1a\x838\x89UH',b'\x1f\xe7s\x9f\x9a\xc3^\xea',"b',\xb0\xd3\xe2\x14\x95WM'",b'h\xe3\x13@\x15\x85_h',b'\rd\x16\xc2Pj[<',2021.10.11.08.31.07_veh-50_01750_01948/MergedPointCloud/5ebd0e92af7a560b.pcd,1633942978499947
b'\x88\xda\x1a\x838\x89UH',b'\x12\xfa\x8a\xb76\xfeY\x99',b'^\xbd\x0e\x92\xafzV\x0b',b'\x91\x8c\xa1\xb7\xb1\xdeUS',b'h\xe3\x13@\x15\x85_h',b'\rd\x16\xc2Pj[<',2021.10.11.08.31.07_veh-50_01750_01948/MergedPointCloud/88da1a8338895548.pcd,1633942978549923
b'\x12\xfa\x8a\xb76\xfeY\x99',b'\xdb\xa2\xf5aj\xac^\x8b',b'\x88\xda\x1a\x838\x89UH',b'\xd2AN\xa5\xde\x04P\t',b'h\xe3\x13@\x15\x85_h',b'\rd\x16\xc2Pj[<',2021.10.11.08.31.07_veh-50_01750_01948/MergedPointCloud/12fa8ab736fe5999.pcd,1633942978599898
b'\xdb\xa2\xf5aj\xac^\x8b',b'Z`\x88\x9a\x7f\x9eU9',b'\x12\xfa\x8a\xb76\xfeY\x99',"b'\x94\x00\xfdE\x13,S\xa1'",b'h\xe3\x13@\x15\x85_h',b'\rd\x16\xc2Pj[<',2021.10.11.08.31.07_veh-50_01750_01948/MergedPointCloud/dba2f5616aac5e8b.pcd,1633942978649873
b'Z`\x88\x9a\x7f\x9eU9',"b'J\x06\xc4\xbe""\rZ\x90'",b'\xdb\xa2\xf5aj\xac^\x8b',b'\xecD>UB\x15V\xc3',b'h\xe3\x13@\x15\x85_h',b'\rd\x16\xc2Pj[<',2021.10.11.08.31.07_veh-50_01750_01948/MergedPointCloud/5a60889a7f9e5539.pcd,1633942978699848
"b'J\x06\xc4\xbe""\rZ\x90'",b'\xdd<\xea\x8f\x12qV\x12',b'Z`\x88\x9a\x7f\x9eU9',b'o\rF\xccH\xb8X\x0b',b'h\xe3\x13@\x15\x85_h',b'\rd\x16\xc2Pj[<',2021.10.11.08.31.07_veh-50_01750_01948/MergedPointCloud/4a06c4be220d5a90.pcd,1633942978749824
b'\xdd<\xea\x8f\x12qV\x12',b'\xfa\x81\xbbRQHR%',"b'J\x06\xc4\xbe""\rZ\x90'",b';LY\xda\x16\xdb^\x07',b'h\xe3\x13@\x15\x85_h',b'\rd\x16\xc2Pj[<',2021.10.11.08.31.07_veh-50_01750_01948/MergedPointCloud/dd3cea8f12715612.pcd,1633942978799801
b'\xfa\x81\xbbRQHR%',b'X\x97J\xc0`\x05P\xa1',b'\xdd<\xea\x8f\x12qV\x12',b'\xcc\xf1}:j\x8cZU',b'h\xe3\x13@\x15\x85_h',b'\rd\x16\xc2Pj[<',2021.10.11.08.31.07_veh-50_01750_01948/MergedPointCloud/fa81bb5251485225.pcd,1633942978849780
b'X\x97J\xc0`\x05P\xa1',b'\x80X\x179\x9d\xcc_%',b'\xfa\x81\xbbRQHR%',b'+\xbc\x88\xfe\xa4c[\n',b'h\xe3\x13@\x15\x85_h',b'\rd\x16\xc2Pj[<',2021.10.11.08.31.07_veh-50_01750_01948/MergedPointCloud/58974ac0600550a1.pcd,1633942978899763
b'\x80X\x179\x9d\xcc_%',b'Dj\x08\\\xe7\xdb]\x19',b'X\x97J\xc0`\x05P\xa1',b'\xaej\xdb\xc0\xb0\xb8X\xb6',b'h\xe3\x13@\x15\x85_h',b'\rd\x16\xc2Pj[<',2021.10.11.08.31.07_veh-50_01750_01948/MergedPointCloud/805817399dcc5f25.pcd,1633942978949746
b'Dj\x08\\\xe7\xdb]\x19',"b""\x7f\xb2]'\x15\xcaS\xad""",b'\x80X\x179\x9d\xcc_%',b'\x0e\x0f\n1t\x18Q\x1f',b'h\xe3\x13@\x15\x85_h',b'\rd\x16\xc2Pj[<',2021.10.11.08.31.07_veh-50_01750_01948/MergedPointCloud/446a085ce7db5d19.pcd,1633942978999728
"b""\x7f\xb2]'\x15\xcaS\xad""",b'0f\xd0\x08\xef\xd8Ve',b'Dj\x08\\\xe7\xdb]\x19',b'\xe1AG[J\xceS\xaf',b'h\xe3\x13@\x15\x85_h',b'\rd\x16\xc2Pj[<',2021.10.11.08.31.07_veh-50_01750_01948/MergedPointCloud/7fb25d2715ca53ad.pcd,1633942979049710
b'0f\xd0\x08\xef\xd8Ve',b'5\x80db\xe3$Ry',"b""\x7f\xb2]'\x15\xcaS\xad""","b'\x9d?3,\x8b\xbc\\\x03'",b'h\xe3\x13@\x15\x85_h',b'\rd\x16\xc2Pj[<',2021.10.11.08.31.07_veh-50_01750_01948/MergedPointCloud/3066d008efd85665.pcd,1633942979099693
b'5\x80db\xe3$Ry',b'\xbe\xea\x0b\x9c\xec7Xb',b'0f\xd0\x08\xef\xd8Ve',b'\xc5m(\x05x\x9bX\xb5',b'h\xe3\x13@\x15\x85_h',b'\rd\x16\xc2Pj[<',2021.10.11.08.31.07_veh-50_01750_01948/MergedPointCloud/35806462e3245279.pcd,1633942979149674
b'\xbe\xea\x0b\x9c\xec7Xb',b'\xa1B\xcf\xfa\x16\x06U\xfe',b'5\x80db\xe3$Ry',b's\xb7m\xd5V\xe2VE',b'h\xe3\x13@\x15\x85_h',b'\rd\x16\xc2Pj[<',2021.10.11.08.31.07_veh-50_01750_01948/MergedPointCloud/beea0b9cec375862.pcd,1633942979199656
b'\xa1B\xcf\xfa\x16\x06U\xfe',b'\xac\x9d\x19\xe9:w]2',b'\xbe\xea\x0b\x9c\xec7Xb',b'>\xdcT+\x850S\xec',b'h\xe3\x13@\x15\x85_h',b'\rd\x16\xc2Pj[<',2021.10.11.08.31.07_veh-50_01750_01948/MergedPointCloud/a142cffa160655fe.pcd,1633942979249636
b'\xac\x9d\x19\xe9:w]2',b'Z\x14\xb6%hDU\xb9',b'\xa1B\xcf\xfa\x16\x06U\xfe',b'\x8f\x02v\xaf\x97\x02Y\xdd',b'h\xe3\x13@\x15\x85_h',b'\rd\x16\xc2Pj[<',2021.10.11.08.31.07_veh-50_01750_01948/MergedPointCloud/ac9d19e93a775d32.pcd,1633942979299614
b'Z\x14\xb6%hDU\xb9',b'\xed)L{\xa3\xa1^\xad',b'\xac\x9d\x19\xe9:w]2',b'\xed\x9fT\x0bg\xd4S{',b'h\xe3\x13@\x15\x85_h',b'\rd\x16\xc2Pj[<',2021.10.11.08.31.07_veh-50_01750_01948/MergedPointCloud/5a14b625684455b9.pcd,1633942979349589
b'\xed)L{\xa3\xa1^\xad',b'P\xd6\xa2\xb8\xddlQ\xd6',b'Z\x14\xb6%hDU\xb9',b'\xf7\xc5\xff\x1f>\xc2Q\x9d',b'h\xe3\x13@\x15\x85_h',b'\rd\x16\xc2Pj[<',2021.10.11.08.31.07_veh-50_01750_01948/MergedPointCloud/ed294c7ba3a15ead.pcd,1633942979399566
b'P\xd6\xa2\xb8\xddlQ\xd6',b'\x8aU\x8d\xeee\xdeSq',b'\xed)L{\xa3\xa1^\xad',b'RbU\x96\x10\x1fP\xc6',b'h\xe3\x13@\x15\x85_h',b'\rd\x16\xc2Pj[<',2021.10.11.08.31.07_veh-50_01750_01948/MergedPointCloud/50d6a2b8dd6c51d6.pcd,1633942979449545
b'\x8aU\x8d\xeee\xdeSq',b'\x8a\xa3\x87\x9f\xad&U\xb9',b'P\xd6\xa2\xb8\xddlQ\xd6',b'\xcb\xf9\x81an\x0c^\x18',b'h\xe3\x13@\x15\x85_h',b'\rd\x16\xc2Pj[<',2021.10.11.08.31.07_veh-50_01750_01948/MergedPointCloud/8a558dee65de5371.pcd,1633942979499527
b'\x8a\xa3\x87\x9f\xad&U\xb9',b'\xeej\xd8d\xcd+TR',b'\x8aU\x8d\xeee\xdeSq',"b""\x84\xd8\xb2\xe8'\x9fXW""",b'h\xe3\x13@\x15\x85_h',b'\rd\x16\xc2Pj[<',2021.10.11.08.31.07_veh-50_01750_01948/MergedPointCloud/8aa3879fad2655b9.pcd,1633942979549511
b'\xeej\xd8d\xcd+TR',b'q\xc9\xcc\xf9A\xa4P\xf9',b'\x8a\xa3\x87\x9f\xad&U\xb9',b'uA\xfb^\xc6r^A',b'h\xe3\x13@\x15\x85_h',b'\rd\x16\xc2Pj[<',2021.10.11.08.31.07_veh-50_01750_01948/MergedPointCloud/ee6ad864cd2b5452.pcd,1633942979599497
b'q\xc9\xcc\xf9A\xa4P\xf9',b'\xfd\x92\x805\xc9\xc9_1',b'\xeej\xd8d\xcd+TR',b'\xfcA9!\xd0\xd4U_',b'h\xe3\x13@\x15\x85_h',b'\rd\x16\xc2Pj[<',2021.10.11.08.31.07_veh-50_01750_01948/MergedPointCloud/71c9ccf941a450f9.pcd,1633942979649485
b'\xfd\x92\x805\xc9\xc9_1',b'\xf8\x82\x1b\xafe\xbaP\x0f',b'q\xc9\xcc\xf9A\xa4P\xf9',b'=U\xe3\x9b6qV\x85',b'h\xe3\x13@\x15\x85_h',b'\rd\x16\xc2Pj[<',2021.10.11.08.31.07_veh-50_01750_01948/MergedPointCloud/fd928035c9c95f31.pcd,1633942979699477
b'\xf8\x82\x1b\xafe\xbaP\x0f',b'\xf2\xd3\xa4\\\r\x15[\xaf',b'\xfd\x92\x805\xc9\xc9_1',b'\xdd\x89\x0f`\xec\xe5V\x8c',b'h\xe3\x13@\x15\x85_h',b'\rd\x16\xc2Pj[<',2021.10.11.08.31.07_veh-50_01750_01948/MergedPointCloud/f8821baf65ba500f.pcd,1633942979749472
b'\xf2\xd3\xa4\\\r\x15[\xaf',b'1\x05\x0b\xa2}\xacR}',b'\xf8\x82\x1b\xafe\xbaP\x0f',b'U\xf2\xe0\x12\xfd\xad^\xf4',b'h\xe3\x13@\x15\x85_h',b'\rd\x16\xc2Pj[<',2021.10.11.08.31.07_veh-50_01750_01948/MergedPointCloud/f2d3a45c0d155baf.pcd,1633942979799469
b'1\x05\x0b\xa2}\xacR}',b'J\x8d#\xf5\x87\x02Y\xb9',b'\xf2\xd3\xa4\\\r\x15[\xaf',b'\x8d\x1d\x89\xe5j\x00W0',b'h\xe3\x13@\x15\x85_h',b'\rd\x16\xc2Pj[<',2021.10.11.08.31.07_veh-50_01750_01948/MergedPointCloud/31050ba27dac527d.pcd,1633942979849470
b'J\x8d#\xf5\x87\x02Y\xb9',b'[(\xedk\xed\xd0Sw',b'1\x05\x0b\xa2}\xacR}',b'v\xab\xadF\xa9\xe1Y\x90',b'h\xe3\x13@\x15\x85_h',b'\rd\x16\xc2Pj[<',2021.10.11.08.31.07_veh-50_01750_01948/MergedPointCloud/4a8d23f5870259b9.pcd,1633942979899476
b'[(\xedk\xed\xd0Sw',b'\x18\xa0\x8c\xe0\xa1\x1aU\xd0',b'J\x8d#\xf5\x87\x02Y\xb9',b'8\xcc\x84\xda\xb8\xa5R\x9a',b'h\xe3\x13@\x15\x85_h',b'\rd\x16\xc2Pj[<',2021.10.11.08.31.07_veh-50_01750_01948/MergedPointCloud/5b28ed6bedd05377.pcd,1633942979949487
b'\x18\xa0\x8c\xe0\xa1\x1aU\xd0',b'\xa4\x0eE\xc3{\xfc]\xba',b'[(\xedk\xed\xd0Sw',"b""\x18E\xb0'\x01\x96^\x17""",b'h\xe3\x13@\x15\x85_h',b'\rd\x16\xc2Pj[<',2021.10.11.08.31.07_veh-50_01750_01948/MergedPointCloud/18a08ce0a11a55d0.pcd,1633942979999503
b'\xa4\x0eE\xc3{\xfc]\xba',b'\x8c\\\x9b\xa5K\xf9S\x9b',b'\x18\xa0\x8c\xe0\xa1\x1aU\xd0',b'U\x1d\xa6\x11\xe10\\g',b'h\xe3\x13@\x15\x85_h',b'\rd\x16\xc2Pj[<',2021.10.11.08.31.07_veh-50_01750_01948/MergedPointCloud/a40e45c37bfc5dba.pcd,1633942980049519
b'\x8c\\\x9b\xa5K\xf9S\x9b',b'bS\xba\n\xbaOV\x17',b'\xa4\x0eE\xc3{\xfc]\xba',b'\xad>\xa5\xd0Y{R%',b'h\xe3\x13@\x15\x85_h',b'\rd\x16\xc2Pj[<',2021.10.11.08.31.07_veh-50_01750_01948/MergedPointCloud/8c5c9ba54bf9539b.pcd,1633942980099539
b'bS\xba\n\xbaOV\x17',"b""\x7f\x10\xcd\x9e'\tU\x85""",b'\x8c\\\x9b\xa5K\xf9S\x9b',b'\xe8\xcf\x87\xc5\x88`X\x01',b'h\xe3\x13@\x15\x85_h',b'\rd\x16\xc2Pj[<',2021.10.11.08.31.07_veh-50_01750_01948/MergedPointCloud/6253ba0aba4f5617.pcd,1633942980149560
"b""\x7f\x10\xcd\x9e'\tU\x85""",b'\xb3\xba~\xc5(\x9dR\x11',b'bS\xba\n\xbaOV\x17',b'\xbb\xdf\xf9_\x0b\xa8_I',b'h\xe3\x13@\x15\x85_h',b'\rd\x16\xc2Pj[<',2021.10.11.08.31.07_veh-50_01750_01948/MergedPointCloud/7f10cd9e27095585.pcd,1633942980199583
b'\xb3\xba~\xc5(\x9dR\x11',b'F\xba\xa7\xa1\x0e\xe7V&',"b""\x7f\x10\xcd\x9e'\tU\x85""",b'\xc2\xc6l\xd8E\xf2]L',b'h\xe3\x13@\x15\x85_h',b'\rd\x16\xc2Pj[<',2021.10.11.08.31.07_veh-50_01750_01948/MergedPointCloud/b3ba7ec5289d5211.pcd,1633942980249604
b'F\xba\xa7\xa1\x0e\xe7V&',b'e\x9e\xa0\x18C\xa1T<',b'\xb3\xba~\xc5(\x9dR\x11',b'\xaa\x81\x03\xb88=Sm',b'h\xe3\x13@\x15\x85_h',"b'\xc1\nW\x14""F\\Q'",2021.10.11.08.31.07_veh-50_01750_01948/MergedPointCloud/46baa7a10ee75626.pcd,1633942980299627
b'e\x9e\xa0\x18C\xa1T<',"b""\x96'\xb3\xad@\xf1_*""",b'F\xba\xa7\xa1\x0e\xe7V&',b'\xa6\xac\x0cBp8V&',b'h\xe3\x13@\x15\x85_h',"b'\xc1\nW\x14""F\\Q'",2021.10.11.08.31.07_veh-50_01750_01948/MergedPointCloud/659ea01843a1543c.pcd,1633942980349652
"b""\x96'\xb3\xad@\xf1_*""","b'V2\xaaJ\x0b\xe4W,'",b'e\x9e\xa0\x18C\xa1T<',b'\x81\xbd\x187\xb2CW\xe4',b'h\xe3\x13@\x15\x85_h',"b'\xc1\nW\x14""F\\Q'",2021.10.11.08.31.07_veh-50_01750_01948/MergedPointCloud/9627b3ad40f15f2a.pcd,1633942980399676
"b'V2\xaaJ\x0b\xe4W,'",b'\x92jt\x0b\x1b\xcd[\xc0',"b""\x96'\xb3\xad@\xf1_*""",b'\x07\xa3a\xdd\xc2\x0bX\xa4',b'h\xe3\x13@\x15\x85_h',"b'\xc1\nW\x14""F\\Q'",2021.10.11.08.31.07_veh-50_01750_01948/MergedPointCloud/5632aa4a0be4572c.pcd,1633942980449700
b'\x92jt\x0b\x1b\xcd[\xc0',b'\x83\xbd\xca\xd5\xe0\xe4R\xa2',"b'V2\xaaJ\x0b\xe4W,'",b'\x0e\xa1#J/\xeeQ\xd9',b'h\xe3\x13@\x15\x85_h',"b'\xc1\nW\x14""F\\Q'",2021.10.11.08.31.07_veh-50_01750_01948/MergedPointCloud/926a740b1bcd5bc0.pcd,1633942980499723
b'\x83\xbd\xca\xd5\xe0\xe4R\xa2',b'g\xc3\xc1=G\xe5P\xd5',b'\x92jt\x0b\x1b\xcd[\xc0',b'oR\xcf\xaa|\xaaY\x88',b'h\xe3\x13@\x15\x85_h',"b'\xc1\nW\x14""F\\Q'",2021.10.11.08.31.07_veh-50_01750_01948/MergedPointCloud/83bdcad5e0e452a2.pcd,1633942980549746
b'g\xc3\xc1=G\xe5P\xd5',b'%|\xa3=\xdel\\\x17',b'\x83\xbd\xca\xd5\xe0\xe4R\xa2',b'p\x90R\x99R\xa6U\x1b',b'h\xe3\x13@\x15\x85_h',"b'\xc1\nW\x14""F\\Q'",2021.10.11.08.31.07_veh-50_01750_01948/MergedPointCloud/67c3c13d47e550d5.pcd,1633942980599772
b'%|\xa3=\xdel\\\x17',b'B;\x157d\xa5Z\x1e',b'g\xc3\xc1=G\xe5P\xd5',b'\xbf\xeb\xbd\xb9\xd0\xbcX\x01',b'h\xe3\x13@\x15\x85_h',"b'\xc1\nW\x14""F\\Q'",2021.10.11.08.31.07_veh-50_01750_01948/MergedPointCloud/257ca33dde6c5c17.pcd,1633942980649801
b'B;\x157d\xa5Z\x1e',b'\xa1)\xb6+\x14\xbd\\\r',b'%|\xa3=\xdel\\\x17',b'\x8aZ\x14\xfc\x03p^@',b'h\xe3\x13@\x15\x85_h',"b'\xc1\nW\x14""F\\Q'",2021.10.11.08.31.07_veh-50_01750_01948/MergedPointCloud/423b153764a55a1e.pcd,1633942980699834
b'\xa1)\xb6+\x14\xbd\\\r',b'c\xe5XF\x0e5T\xb6',b'B;\x157d\xa5Z\x1e',b'\x1c\xc5\xe8\x07(\xd9Y\xba',b'h\xe3\x13@\x15\x85_h',"b'\xc1\nW\x14""F\\Q'",2021.10.11.08.31.07_veh-50_01750_01948/MergedPointCloud/a129b62b14bd5c0d.pcd,1633942980749868
b'c\xe5XF\x0e5T\xb6',b'\xdf\xc8tx\x9aQR\xb4',b'\xa1)\xb6+\x14\xbd\\\r',b'\xa8\x97\x0f\xf1\x1f\x18Yb',b'h\xe3\x13@\x15\x85_h',"b'\xc1\nW\x14""F\\Q'",2021.10.11.08.31.07_veh-50_01750_01948/MergedPointCloud/63e558460e3554b6.pcd,1633942980799905
b'\xdf\xc8tx\x9aQR\xb4',b'\x17&\x9c\x8bTBU\xf6',b'c\xe5XF\x0e5T\xb6',b';\x89(]M\xa3T{',b'h\xe3\x13@\x15\x85_h',"b'\xc1\nW\x14""F\\Q'",2021.10.11.08.31.07_veh-50_01750_01948/MergedPointCloud/dfc874789a5152b4.pcd,1633942980849941
b'\x17&\x9c\x8bTBU\xf6',b'\xd4\x8ccE\xfe\x9bP\xc1',b'\xdf\xc8tx\x9aQR\xb4',b'\xa8d\xbc\xed\x87\\Wr',b'h\xe3\x13@\x15\x85_h',"b'\xc1\nW\x14""F\\Q'",2021.10.11.08.31.07_veh-50_01750_01948/MergedPointCloud/17269c8b544255f6.pcd,1633942980899977
b'\xd4\x8ccE\xfe\x9bP\xc1',b'f\xcf\xed\xb76\x1cV\xff',b'\x17&\x9c\x8bTBU\xf6',b'|\x91\xf0\xf8D\xfd]f',b'h\xe3\x13@\x15\x85_h',"b'\xc1\nW\x14""F\\Q'",2021.10.11.08.31.07_veh-50_01750_01948/MergedPointCloud/d48c6345fe9b50c1.pcd,1633942980950014
b'f\xcf\xed\xb76\x1cV\xff',b'&\x87J\x16\xa2\xdeV\x07',b'\xd4\x8ccE\xfe\x9bP\xc1',b'\x06\xb9\xc2\xbc\xe5\xbf]i',b'h\xe3\x13@\x15\x85_h',"b'\xc1\nW\x14""F\\Q'",2021.10.11.08.31.07_veh-50_01750_01948/MergedPointCloud/66cfedb7361c56ff.pcd,1633942981000049
b'&\x87J\x16\xa2\xdeV\x07',b'\xc9\x8d8W\xc5\xa7V<',b'f\xcf\xed\xb76\x1cV\xff',b'?\x08\xff\x0e^\xbd^\xd2',b'h\xe3\x13@\x15\x85_h',"b'\xc1\nW\x14""F\\Q'",2021.10.11.08.31.07_veh-50_01750_01948/MergedPointCloud/26874a16a2de5607.pcd,1633942981050083
b'\xc9\x8d8W\xc5\xa7V<',"b""'G\x19.\xae\xd1S\xa9""",b'&\x87J\x16\xa2\xdeV\x07',b'\xe7t\xa2\xe1.\x84W+',b'h\xe3\x13@\x15\x85_h',"b'\xc1\nW\x14""F\\Q'",2021.10.11.08.31.07_veh-50_01750_01948/MergedPointCloud/c98d3857c5a7563c.pcd,1633942981100112
"b""'G\x19.\xae\xd1S\xa9""",b'\x15a\x8c\x96\x1e>ZK',b'\xc9\x8d8W\xc5\xa7V<',b'\x9d<\xe3\xb3O\x97[A',b'h\xe3\x13@\x15\x85_h',"b'\xc1\nW\x14""F\\Q'",2021.10.11.08.31.07_veh-50_01750_01948/MergedPointCloud/2747192eaed153a9.pcd,1633942981150135
b'\x15a\x8c\x96\x1e>ZK',b'\x14\xe2\x8c\xe8\xfa\xcc[j',"b""'G\x19.\xae\xd1S\xa9""",b'\x1b\x99\xfc+\xad\x89^A',b'h\xe3\x13@\x15\x85_h',"b'\xc1\nW\x14""F\\Q'",2021.10.11.08.31.07_veh-50_01750_01948/MergedPointCloud/15618c961e3e5a4b.pcd,1633942981200152
b'\x14\xe2\x8c\xe8\xfa\xcc[j',b'\x99\x93\x0cHH<Y\x03',b'\x15a\x8c\x96\x1e>ZK',b'\x04\xfbG\x01\xfe\x04[\x06',b'h\xe3\x13@\x15\x85_h',"b'\xc1\nW\x14""F\\Q'",2021.10.11.08.31.07_veh-50_01750_01948/MergedPointCloud/14e28ce8facc5b6a.pcd,1633942981250162
b'\x99\x93\x0cHH<Y\x03',b'\xcem\xb2W\xf6\xffWm',b'\x14\xe2\x8c\xe8\xfa\xcc[j',b'Z\xac3\xf10\xfdW%',b'h\xe3\x13@\x15\x85_h',"b'\xc1\nW\x14""F\\Q'",2021.10.11.08.31.07_veh-50_01750_01948/MergedPointCloud/99930c48483c5903.pcd,1633942981300165
b'\xcem\xb2W\xf6\xffWm',b'\x86~\x99\x1a\xbb\xa8\\\xf0',b'\x99\x93\x0cHH<Y\x03',"b'\x91""2\xf9\rJZ\x08'",b'h\xe3\x13@\x15\x85_h',"b'\xc1\nW\x14""F\\Q'",2021.10.11.08.31.07_veh-50_01750_01948/MergedPointCloud/ce6db257f6ff576d.pcd,1633942981350160
b'\x86~\x99\x1a\xbb\xa8\\\xf0',b'\xf6}\x12\xf6xfV+',b'\xcem\xb2W\xf6\xffWm',b'\x02\x8c4\x8b\xa5HX\x13',b'h\xe3\x13@\x15\x85_h',"b'\xc1\nW\x14""F\\Q'",2021.10.11.08.31.07_veh-50_01750_01948/MergedPointCloud/867e991abba85cf0.pcd,1633942981400156
b'\xf6}\x12\xf6xfV+',b'r\x8c\xb9\xda\xb1\xf3\\\xcf',b'\x86~\x99\x1a\xbb\xa8\\\xf0',b'\x93\x1e\xc4\xd2\x86_^\x1d',b'h\xe3\x13@\x15\x85_h',"b'\xc1\nW\x14""F\\Q'",2021.10.11.08.31.07_veh-50_01750_01948/MergedPointCloud/f67d12f67866562b.pcd,1633942981450151
b'r\x8c\xb9\xda\xb1\xf3\\\xcf',b'\xceJ\xaa\xc2[\xce]\xa2',b'\xf6}\x12\xf6xfV+',b'\xb9\xfc\xf7\xcd\x81\\UH',b'h\xe3\x13@\x15\x85_h',"b'\xc1\nW\x14""F\\Q'",2021.10.11.08.31.07_veh-50_01750_01948/MergedPointCloud/728cb9dab1f35ccf.pcd,1633942981500144
b'\xceJ\xaa\xc2[\xce]\xa2',b'^\xb75\xa1\x89(W\xd3',b'r\x8c\xb9\xda\xb1\xf3\\\xcf',b'\xf4G\r?m\xec\\Q',b'h\xe3\x13@\x15\x85_h',"b'\xc1\nW\x14""F\\Q'",2021.10.11.08.31.07_veh-50_01750_01948/MergedPointCloud/ce4aaac25bce5da2.pcd,1633942981550135
b'^\xb75\xa1\x89(W\xd3',b'\xc9\xcfb\n\xe8\xd6R\xfb',b'\xceJ\xaa\xc2[\xce]\xa2',b'\xe5\xfe\x0e=\x0f\x8fY\xee',b'h\xe3\x13@\x15\x85_h',"b'\xc1\nW\x14""F\\Q'",2021.10.11.08.31.07_veh-50_01750_01948/MergedPointCloud/5eb735a1892857d3.pcd,1633942981600124
b'\xc9\xcfb\n\xe8\xd6R\xfb',b'\x93\xc7\xec_L\x9bS\xc8',b'^\xb75\xa1\x89(W\xd3',b'\xb3\xa0\xbc|5C\\3',b'h\xe3\x13@\x15\x85_h',"b'\xc1\nW\x14""F\\Q'",2021.10.11.08.31.07_veh-50_01750_01948/MergedPointCloud/c9cf620ae8d652fb.pcd,1633942981650112
b'\x93\xc7\xec_L\x9bS\xc8',b'RC\\\xe6U[XK',b'\xc9\xcfb\n\xe8\xd6R\xfb',b'dW\xc8a\x04\xd3\\(',b'h\xe3\x13@\x15\x85_h',"b'\xc1\nW\x14""F\\Q'",2021.10.11.08.31.07_veh-50_01750_01948/MergedPointCloud/93c7ec5f4c9b53c8.pcd,1633942981700098
b'RC\\\xe6U[XK',b'\xdf\x84\xa4\xb1\xac\x94[p',b'\x93\xc7\xec_L\x9bS\xc8',b'\xa1Q\x08\xdd\xb0O^\x11',b'h\xe3\x13@\x15\x85_h',"b'\xc1\nW\x14""F\\Q'",2021.10.11.08.31.07_veh-50_01750_01948/MergedPointCloud/52435ce6555b584b.pcd,1633942981750084
b'\xdf\x84\xa4\xb1\xac\x94[p',b'\x0f\x7f\x11\xb1\x9b\x0f[E',b'RC\\\xe6U[XK',b'8\xcb\xe3Rs\x94\\5',b'h\xe3\x13@\x15\x85_h',"b'\xc1\nW\x14""F\\Q'",2021.10.11.08.31.07_veh-50_01750_01948/MergedPointCloud/df84a4b1ac945b70.pcd,1633942981800071
b'\x0f\x7f\x11\xb1\x9b\x0f[E',"b'e,!q\x07rQ\xde'",b'\xdf\x84\xa4\xb1\xac\x94[p',b'\xe6\x06$\xc7\xd7([\xc5',b'h\xe3\x13@\x15\x85_h',"b'\xc1\nW\x14""F\\Q'",2021.10.11.08.31.07_veh-50_01750_01948/MergedPointCloud/0f7f11b19b0f5b45.pcd,1633942981850057
"b'e,!q\x07rQ\xde'",b'\xc7i\x9e\xae@\xafT\xe5',b'\x0f\x7f\x11\xb1\x9b\x0f[E',b'\xcez\xeeRI\x1aX\x1b',b'h\xe3\x13@\x15\x85_h',"b'\xc1\nW\x14""F\\Q'",2021.10.11.08.31.07_veh-50_01750_01948/MergedPointCloud/652c2171077251de.pcd,1633942981900041
b'\xc7i\x9e\xae@\xafT\xe5',b'\xa1O\xe2\xbcF\xdaT\xff',"b'e,!q\x07rQ\xde'",b'\xb2\x16\xb6\xd5qkS\x9b',b'h\xe3\x13@\x15\x85_h',"b'\xc1\nW\x14""F\\Q'",2021.10.11.08.31.07_veh-50_01750_01948/MergedPointCloud/c7699eae40af54e5.pcd,1633942981950021
b'\xa1O\xe2\xbcF\xdaT\xff',b'\x1c-\xf5\xc9\xc92R\xb7',b'\xc7i\x9e\xae@\xafT\xe5',b'$\xe9\xd2J\x0f\x00YK',b'h\xe3\x13@\x15\x85_h',"b'\xc1\nW\x14""F\\Q'",2021.10.11.08.31.07_veh-50_01750_01948/MergedPointCloud/a14fe2bc46da54ff.pcd,1633942982000001
b'\x1c-\xf5\xc9\xc92R\xb7',b'y\xc8\xfa\xc5\xb1&\\\xf0',b'\xa1O\xe2\xbcF\xdaT\xff',"b'\xa3\x00""j\xa5\nY6'",b'h\xe3\x13@\x15\x85_h',"b'\xc1\nW\x14""F\\Q'",2021.10.11.08.31.07_veh-50_01750_01948/MergedPointCloud/1c2df5c9c93252b7.pcd,1633942982049978
b'y\xc8\xfa\xc5\xb1&\\\xf0',b'\xf4\x8c\x96\x1b!ZXU',b'\x1c-\xf5\xc9\xc92R\xb7',b't&\x83w\xee{U\t',b'h\xe3\x13@\x15\x85_h',"b'\xc1\nW\x14""F\\Q'",2021.10.11.08.31.07_veh-50_01750_01948/MergedPointCloud/79c8fac5b1265cf0.pcd,1633942982099952
b'\xf4\x8c\x96\x1b!ZXU',b'\xa7\x81?\xaby\xe3Qq',b'y\xc8\xfa\xc5\xb1&\\\xf0',b'\xc1\x0b\xb1_\\\x8d_\x1a',b'h\xe3\x13@\x15\x85_h',"b'\xc1\nW\x14""F\\Q'",2021.10.11.08.31.07_veh-50_01750_01948/MergedPointCloud/f48c961b215a5855.pcd,1633942982149929
b'\xa7\x81?\xaby\xe3Qq',b'd 1\xb44\xadZu',b'\xf4\x8c\x96\x1b!ZXU',b'\xe1\xbe2\x19H\xdeT\xbd',b'h\xe3\x13@\x15\x85_h',"b'\xc1\nW\x14""F\\Q'",2021.10.11.08.31.07_veh-50_01750_01948/MergedPointCloud/a7813fab79e35171.pcd,1633942982199904
b'd 1\xb44\xadZu',b'\xc6\x18-\xb9\xe0AU\x08',b'\xa7\x81?\xaby\xe3Qq',b'X`\xcc>\x19LT\xc4',b'h\xe3\x13@\x15\x85_h',"b'\xc1\nW\x14""F\\Q'",2021.10.11.08.31.07_veh-50_01750_01948/MergedPointCloud/642031b434ad5a75.pcd,1633942982249880
b'\xc6\x18-\xb9\xe0AU\x08',b'\x05\x08\xf6\x85+\x19^O',b'd 1\xb44\xadZu',"b'\xe4\x13\n\\\x08\x85P,'",b'h\xe3\x13@\x15\x85_h',"b'\xc1\nW\x14""F\\Q'",2021.10.11.08.31.07_veh-50_01750_01948/MergedPointCloud/c6182db9e0415508.pcd,1633942982299856
b'\x05\x08\xf6\x85+\x19^O',b'\x9f\xedG\x1f\x19\xdf[\x8d',b'\xc6\x18-\xb9\xe0AU\x08',b';\xb0\xe0\xed\xa0\x8eQ\xca',b'h\xe3\x13@\x15\x85_h',"b'\xc1\nW\x14""F\\Q'",2021.10.11.08.31.07_veh-50_01750_01948/MergedPointCloud/0508f6852b195e4f.pcd,1633942982349834
b'\x9f\xedG\x1f\x19\xdf[\x8d',b'h\xe4~\xfew\x1a_\xe1',b'\x05\x08\xf6\x85+\x19^O',b'\x0f\xb4\x13\xbe\x95\x8fP\x06',b'h\xe3\x13@\x15\x85_h',"b'\xc1\nW\x14""F\\Q'",2021.10.11.08.31.07_veh-50_01750_01948/MergedPointCloud/9fed471f19df5b8d.pcd,1633942982399814
b'h\xe4~\xfew\x1a_\xe1',"b""\xa9\xeefy\x86'[u""",b'\x9f\xedG\x1f\x19\xdf[\x8d',b'\xc1\xd7\xb0\xa0:ZZD',b'h\xe3\x13@\x15\x85_h',"b'\xc1\nW\x14""F\\Q'",2021.10.11.08.31.07_veh-50_01750_01948/MergedPointCloud/68e47efe771a5fe1.pcd,1633942982449793
"b""\xa9\xeefy\x86'[u""",b'\x96x\xcd\x0e\xe2\xe1RK',b'h\xe4~\xfew\x1a_\xe1',b'\xe49w\xe2\x9e\xd0U\x07',b'h\xe3\x13@\x15\x85_h',"b'\xc1\nW\x14""F\\Q'",2021.10.11.08.31.07_veh-50_01750_01948/MergedPointCloud/a9ee667986275b75.pcd,1633942982499775
b'\x96x\xcd\x0e\xe2\xe1RK',b'\x1e\xbbZ)o\x8cZ\x00',"b""\xa9\xeefy\x86'[u""",b'\xfcH\x85\xf7%\x0fS`',b'h\xe3\x13@\x15\x85_h',"b'\xc1\nW\x14""F\\Q'",2021.10.11.08.31.07_veh-50_01750_01948/MergedPointCloud/9678cd0ee2e1524b.pcd,1633942982549760
b'\x1e\xbbZ)o\x8cZ\x00',b'C\xea\xceI\x18\x80Q\x0b',b'\x96x\xcd\x0e\xe2\xe1RK',b'\xd6\x19]A\x9a\xbcZ\x90',b'h\xe3\x13@\x15\x85_h',"b'\xc1\nW\x14""F\\Q'",2021.10.11.08.31.07_veh-50_01750_01948/MergedPointCloud/1ebb5a296f8c5a00.pcd,1633942982599749
b'C\xea\xceI\x18\x80Q\x0b',b'\xa4\x83j\xbd\xfd\xfeY\x87',b'\x1e\xbbZ)o\x8cZ\x00',b'rc\x84\x9bC\x9fP&',b'h\xe3\x13@\x15\x85_h',"b'\xc1\nW\x14""F\\Q'",2021.10.11.08.31.07_veh-50_01750_01948/MergedPointCloud/43eace491880510b.pcd,1633942982649738
b'\xa4\x83j\xbd\xfd\xfeY\x87',b'\xe4\xc8\xc9\x99\xf3\xb7R\xe3',b'C\xea\xceI\x18\x80Q\x0b',b'\xed\xad\xfeKF\xcdX\xf4',b'h\xe3\x13@\x15\x85_h',"b'\xc1\nW\x14""F\\Q'",2021.10.11.08.31.07_veh-50_01750_01948/MergedPointCloud/a4836abdfdfe5987.pcd,1633942982699727
b'\xe4\xc8\xc9\x99\xf3\xb7R\xe3',b'\xcaO$ \xa0\xa5^\xfe',b'\xa4\x83j\xbd\xfd\xfeY\x87',b'\x97L\xecDG\x91_:',b'h\xe3\x13@\x15\x85_h',"b'\xc1\nW\x14""F\\Q'",2021.10.11.08.31.07_veh-50_01750_01948/MergedPointCloud/e4c8c999f3b752e3.pcd,1633942982749714
b'\xcaO$ \xa0\xa5^\xfe',b'\xe9\xaas\x8dn\x9dV\xd3',b'\xe4\xc8\xc9\x99\xf3\xb7R\xe3',b'\n.\xed\x82\x1d<P\xfb',b'h\xe3\x13@\x15\x85_h',"b'\xc1\nW\x14""F\\Q'",2021.10.11.08.31.07_veh-50_01750_01948/MergedPointCloud/ca4f2420a0a55efe.pcd,1633942982799699
b'\xe9\xaas\x8dn\x9dV\xd3',b'P\xa7(?\xef\xc9Y\x9a',b'\xcaO$ \xa0\xa5^\xfe',b'\x11\xcf\xb3\xe3Q\x89V>',b'h\xe3\x13@\x15\x85_h',"b'\xc1\nW\x14""F\\Q'",2021.10.11.08.31.07_veh-50_01750_01948/MergedPointCloud/e9aa738d6e9d56d3.pcd,1633942982849679
b'P\xa7(?\xef\xc9Y\x9a',b'\x8b\xce\xec\xb9\x19\xefX\xa8',b'\xe9\xaas\x8dn\x9dV\xd3',b'\x00\x99pg\xa8!R\x8c',b'h\xe3\x13@\x15\x85_h',"b'\xc1\nW\x14""F\\Q'",2021.10.11.08.31.07_veh-50_01750_01948/MergedPointCloud/50a7283fefc9599a.pcd,1633942982899656
b'\x8b\xce\xec\xb9\x19\xefX\xa8',b'\xacc\xe7\x14\xfdgVW',b'P\xa7(?\xef\xc9Y\x9a',b'\x17\xb7\xf2\xd9\xf9\xefV\x96',b'h\xe3\x13@\x15\x85_h',"b'\xc1\nW\x14""F\\Q'",2021.10.11.08.31.07_veh-50_01750_01948/MergedPointCloud/8bceecb919ef58a8.pcd,1633942982949632
b'\xacc\xe7\x14\xfdgVW',b'xy\xe02\xfc\xf8]\xb6',b'\x8b\xce\xec\xb9\x19\xefX\xa8',b'\xa5\x86\xa8\x87\xd3\xe9S\x7f',b'h\xe3\x13@\x15\x85_h',"b'\xc1\nW\x14""F\\Q'",2021.10.11.08.31.07_veh-50_01750_01948/MergedPointCloud/ac63e714fd675657.pcd,1633942982999609
b'xy\xe02\xfc\xf8]\xb6',b'\xe3\xecP\xaf[\xa5UW',b'\xacc\xe7\x14\xfdgVW',b'L\xd4\n\xae\x834Yc',b'h\xe3\x13@\x15\x85_h',"b'\xc1\nW\x14""F\\Q'",2021.10.11.08.31.07_veh-50_01750_01948/MergedPointCloud/7879e032fcf85db6.pcd,1633942983049588
b'\xe3\xecP\xaf[\xa5UW',"b'\xda\x12""O\x07\xa0P\xfe'",b'xy\xe02\xfc\xf8]\xb6',b'\x18q\xf9\xb8\xfa\x01Z\xe2',b'h\xe3\x13@\x15\x85_h',"b'\xc1\nW\x14""F\\Q'",2021.10.11.08.31.07_veh-50_01750_01948/MergedPointCloud/e3ec50af5ba55557.pcd,1633942983099567
"b'\xda\x12""O\x07\xa0P\xfe'",b'T\xcc\xdf1K1V4',b'\xe3\xecP\xaf[\xa5UW',b'(\x9d\xac\x8f\xaa\\X\xab',b'h\xe3\x13@\x15\x85_h',"b'\xc1\nW\x14""F\\Q'",2021.10.11.08.31.07_veh-50_01750_01948/MergedPointCloud/da12224f07a050fe.pcd,1633942983149547
b'T\xcc\xdf1K1V4',b'\xe3\xf6\x88\x91\x12\x9fQN',"b'\xda\x12""O\x07\xa0P\xfe'","b'\x01\x009,u\xc1W\n'",b'h\xe3\x13@\x15\x85_h',"b'\xc1\nW\x14""F\\Q'",2021.10.11.08.31.07_veh-50_01750_01948/MergedPointCloud/54ccdf314b315634.pcd,1633942983199527
b'\xe3\xf6\x88\x91\x12\x9fQN',b'\xde\xcen\xb0\xa9\xb4S\x8e',b'T\xcc\xdf1K1V4',b'\xb4\xea\xd3F\xda\x88^\xe6',b'h\xe3\x13@\x15\x85_h',"b'\xc1\nW\x14""F\\Q'",2021.10.11.08.31.07_veh-50_01750_01948/MergedPointCloud/e3f68891129f514e.pcd,1633942983249510
b'\xde\xcen\xb0\xa9\xb4S\x8e',b'\x10\xf6\x8c\xb9u\xfcX\x82',b'\xe3\xf6\x88\x91\x12\x9fQN',b'\xf0\xdfR\x93\xc5\xd4Z\xe0',b'h\xe3\x13@\x15\x85_h',"b'\xc1\nW\x14""F\\Q'",2021.10.11.08.31.07_veh-50_01750_01948/MergedPointCloud/dece6eb0a9b4538e.pcd,1633942983299492
b'\x10\xf6\x8c\xb9u\xfcX\x82',b'Cw L\x91\xc3P\xf6',b'\xde\xcen\xb0\xa9\xb4S\x8e',b'\xd8I\xbcQ\xe5n^\x86',b'h\xe3\x13@\x15\x85_h',"b'\xc1\nW\x14""F\\Q'",2021.10.11.08.31.07_veh-50_01750_01948/MergedPointCloud/10f68cb975fc5882.pcd,1633942983349475
b'Cw L\x91\xc3P\xf6',b'0\xe9\x01U\x899V#',b'\x10\xf6\x8c\xb9u\xfcX\x82',b'\xa6\x0f\xc3\xdb\x8a\x7f^\x81',b'h\xe3\x13@\x15\x85_h',"b'\xc1\nW\x14""F\\Q'",2021.10.11.08.31.07_veh-50_01750_01948/MergedPointCloud/4377204c91c350f6.pcd,1633942983399459
b'0\xe9\x01U\x899V#',b'\x07k\xd9~\\\xd2_\x18',b'Cw L\x91\xc3P\xf6',"b'\xd1""k\xaa\x13\xfeT\xe9'",b'h\xe3\x13@\x15\x85_h',"b'\xc1\nW\x14""F\\Q'",2021.10.11.08.31.07_veh-50_01750_01948/MergedPointCloud/30e9015589395623.pcd,1633942983449447
b'\x07k\xd9~\\\xd2_\x18',b'}\x9f\xa2x\x0cZ\\s',b'0\xe9\x01U\x899V#',"b'Hvy\x97\xa2""T\x83'",b'h\xe3\x13@\x15\x85_h',"b'\xc1\nW\x14""F\\Q'",2021.10.11.08.31.07_veh-50_01750_01948/MergedPointCloud/076bd97e5cd25f18.pcd,1633942983499440
b'}\x9f\xa2x\x0cZ\\s',b'!D\x01\x9cb\xbeR=',b'\x07k\xd9~\\\xd2_\x18',b':f\x8c\x11\x9d\x85[\xc3',b'h\xe3\x13@\x15\x85_h',"b'\xc1\nW\x14""F\\Q'",2021.10.11.08.31.07_veh-50_01750_01948/MergedPointCloud/7d9fa2780c5a5c73.pcd,1633942983549437
b'!D\x01\x9cb\xbeR=',b'\xaf{1\xef\xad\xd6[O',b'}\x9f\xa2x\x0cZ\\s',b'o~\\\xbc\x01}R\xb4',b'h\xe3\x13@\x15\x85_h',"b'\xc1\nW\x14""F\\Q'",2021.10.11.08.31.07_veh-50_01750_01948/MergedPointCloud/2144019c62be523d.pcd,1633942983599439
b'\xaf{1\xef\xad\xd6[O',b'C\x06\x13\xbc\xdf\xd5R4',b'!D\x01\x9cb\xbeR=',b'\xa5\x90\xf5\x9a:\x19P<',b'h\xe3\x13@\x15\x85_h',"b'\xc1\nW\x14""F\\Q'",2021.10.11.08.31.07_veh-50_01750_01948/MergedPointCloud/af7b31efadd65b4f.pcd,1633942983649447
b'C\x06\x13\xbc\xdf\xd5R4',b'`\xd3\xef\xe3\xc3*_\xb4',b'\xaf{1\xef\xad\xd6[O',b'X\x8d\xb40\x11XX\xa1',b'h\xe3\x13@\x15\x85_h',"b'\xc1\nW\x14""F\\Q'",2021.10.11.08.31.07_veh-50_01750_01948/MergedPointCloud/430613bcdfd55234.pcd,1633942983699460
b'`\xd3\xef\xe3\xc3*_\xb4',b'\xd5|\x1d\x86\xec&[\xfe',b'C\x06\x13\xbc\xdf\xd5R4',b'\xb9;\xc1\xe1&\xf3\\L',b'h\xe3\x13@\x15\x85_h',"b'\xc1\nW\x14""F\\Q'",2021.10.11.08.31.07_veh-50_01750_01948/MergedPointCloud/60d3efe3c32a5fb4.pcd,1633942983749476
b'\xd5|\x1d\x86\xec&[\xfe',b'\xab\xd79\xf1\xe9._\x1c',b'`\xd3\xef\xe3\xc3*_\xb4',b'\x13\xe2\x17\xe9\x0bfX\xa2',b'h\xe3\x13@\x15\x85_h',"b'\xc1\nW\x14""F\\Q'",2021.10.11.08.31.07_veh-50_01750_01948/MergedPointCloud/d57c1d86ec265bfe.pcd,1633942983799494
b'\xab\xd79\xf1\xe9._\x1c',b'\xedR\x9a*\xd4\xfb\\\xf7',b'\xd5|\x1d\x86\xec&[\xfe',b'v\xaf\x96\xe8\x99\x11W\xa5',b'h\xe3\x13@\x15\x85_h',"b'\xc1\nW\x14""F\\Q'",2021.10.11.08.31.07_veh-50_01750_01948/MergedPointCloud/abd739f1e92e5f1c.pcd,1633942983849510
b'\xedR\x9a*\xd4\xfb\\\xf7',b'@\x96a\x83/vR\xb7',b'\xab\xd79\xf1\xe9._\x1c',b'J\xf4\xa1\xd6e\xb4_\x8b',b'h\xe3\x13@\x15\x85_h',"b'\xc1\nW\x14""F\\Q'",2021.10.11.08.31.07_veh-50_01750_01948/MergedPointCloud/ed529a2ad4fb5cf7.pcd,1633942983899525
b'@\x96a\x83/vR\xb7',"b'\x08\x06.\xdcs\xa0Z,'",b'\xedR\x9a*\xd4\xfb\\\xf7',b'}\x88$y\xc0\xa3\\\xca',b'h\xe3\x13@\x15\x85_h',"b'\xc1\nW\x14""F\\Q'",2021.10.11.08.31.07_veh-50_01750_01948/MergedPointCloud/409661832f7652b7.pcd,1633942983949544
"b'\x08\x06.\xdcs\xa0Z,'",b'0\xd0\x92\xd3o\x18\\*',b'@\x96a\x83/vR\xb7',b'w\xd7\xc5\x8d\xf2\x1fQ2',b'h\xe3\x13@\x15\x85_h',"b'\xc1\nW\x14""F\\Q'",2021.10.11.08.31.07_veh-50_01750_01948/MergedPointCloud/08062edc73a05a2c.pcd,1633942983999565
b'0\xd0\x92\xd3o\x18\\*',b'v\x9c?I\x06\xcdZ\xbd',"b'\x08\x06.\xdcs\xa0Z,'",b'\x0bZ8\xc7\x9c\xd3_\xf3',b'h\xe3\x13@\x15\x85_h',"b'\xc1\nW\x14""F\\Q'",2021.10.11.08.31.07_veh-50_01750_01948/MergedPointCloud/30d092d36f185c2a.pcd,1633942984049590
b'v\x9c?I\x06\xcdZ\xbd',b'cR\x12dw\xa3\\\xb6',b'0\xd0\x92\xd3o\x18\\*',b'i\r?\x972XW\xe2',b'h\xe3\x13@\x15\x85_h',"b'\xc1\nW\x14""F\\Q'",2021.10.11.08.31.07_veh-50_01750_01948/MergedPointCloud/769c3f4906cd5abd.pcd,1633942984099618
b'cR\x12dw\xa3\\\xb6',b'hX\xb2N\x0bh];',b'v\x9c?I\x06\xcdZ\xbd',"b'.\xfe\xe5,rU[\x80'",b'h\xe3\x13@\x15\x85_h',"b'\xc1\nW\x14""F\\Q'",2021.10.11.08.31.07_veh-50_01750_01948/MergedPointCloud/6352126477a35cb6.pcd,1633942984149647
b'hX\xb2N\x0bh];',"b""UPK\xcc'4Q\xe1""",b'cR\x12dw\xa3\\\xb6',b'R\xeb\x0f\x07\xc7:W\xf9',b'h\xe3\x13@\x15\x85_h',"b'\xc1\nW\x14""F\\Q'",2021.10.11.08.31.07_veh-50_01750_01948/MergedPointCloud/6858b24e0b685d3b.pcd,1633942984199675
"b""UPK\xcc'4Q\xe1""",b'kQN\t\xf7eR\x9d',b'hX\xb2N\x0bh];',b'\xa2\x7f\x9f\xe3{\xd1S4',b'h\xe3\x13@\x15\x85_h',"b'\xc1\nW\x14""F\\Q'",2021.10.11.08.31.07_veh-50_01750_01948/MergedPointCloud/55504bcc273451e1.pcd,1633942984249703
b'kQN\t\xf7eR\x9d',b'\xf5b\x97^\xda8R\x87',"b""UPK\xcc'4Q\xe1""",b'\xe1\x92\xc3\xd2\xc50P\x04',b'h\xe3\x13@\x15\x85_h',"b'\xc1\nW\x14""F\\Q'",2021.10.11.08.31.07_veh-50_01750_01948/MergedPointCloud/6b514e09f765529d.pcd,1633942984299731
b'\xf5b\x97^\xda8R\x87',b'\xca\x85(\xb1U\xf1_\xbe',b'kQN\t\xf7eR\x9d',b'7\xeb\x19)\x00\x0b[\xe5',b'h\xe3\x13@\x15\x85_h',"b'\xc1\nW\x14""F\\Q'",2021.10.11.08.31.07_veh-50_01750_01948/MergedPointCloud/f562975eda385287.pcd,1633942984349763
b'\xca\x85(\xb1U\xf1_\xbe',b'\xaaM\x15\x89a8_o',b'\xf5b\x97^\xda8R\x87',b'X\xe2\x83\x82\n\x9eY3',b'h\xe3\x13@\x15\x85_h',"b'\xc1\nW\x14""F\\Q'",2021.10.11.08.31.07_veh-50_01750_01948/MergedPointCloud/ca8528b155f15fbe.pcd,1633942984399799
b'\xaaM\x15\x89a8_o',b'\xf8l\xde\xc1=\xeeX\xf2',b'\xca\x85(\xb1U\xf1_\xbe',b'\xc7%9\x90@\xd7Z\xcf',b'h\xe3\x13@\x15\x85_h',"b'\xc1\nW\x14""F\\Q'",2021.10.11.08.31.07_veh-50_01750_01948/MergedPointCloud/aa4d158961385f6f.pcd,1633942984449840
b'\xf8l\xde\xc1=\xeeX\xf2',b'\xa3\xaa\xd5\x00\x17\x11U=',b'\xaaM\x15\x89a8_o',b'k\xe4Sg\x85?U/',b'h\xe3\x13@\x15\x85_h',"b'\xc1\nW\x14""F\\Q'",2021.10.11.08.31.07_veh-50_01750_01948/MergedPointCloud/f86cdec13dee58f2.pcd,1633942984499884
b'\xa3\xaa\xd5\x00\x17\x11U=',b'\xbb[3\xe5\xe3\x14_t',b'\xf8l\xde\xc1=\xeeX\xf2',b'\x14#\xd9\xad[\x1cX\xd1',b'h\xe3\x13@\x15\x85_h',"b'\xc1\nW\x14""F\\Q'",2021.10.11.08.31.07_veh-50_01750_01948/MergedPointCloud/a3aad5001711553d.pcd,1633942984549927
b'\xbb[3\xe5\xe3\x14_t',b'w l\xd7EmS\x03',b'\xa3\xaa\xd5\x00\x17\x11U=',b'&J\xc5[\xfe\x87T\xfa',b'h\xe3\x13@\x15\x85_h',"b'\xc1\nW\x14""F\\Q'",2021.10.11.08.31.07_veh-50_01750_01948/MergedPointCloud/bb5b33e5e3145f74.pcd,1633942984599969
b'w l\xd7EmS\x03',b'\x97\xce\x0f\xc6K\xfbS*',b'\xbb[3\xe5\xe3\x14_t',"b'I9\x1e""\x96XX@'",b'h\xe3\x13@\x15\x85_h',"b'\xc1\nW\x14""F\\Q'",2021.10.11.08.31.07_veh-50_01750_01948/MergedPointCloud/77206cd7456d5303.pcd,1633942984650009
b'\x97\xce\x0f\xc6K\xfbS*',b'\xd9\xfaj!\xbb%Y\x10',b'w l\xd7EmS\x03',b'2\xd5\xb1\xc4\xa4\x91\\\xd6',b'h\xe3\x13@\x15\x85_h',"b'\xc1\nW\x14""F\\Q'",2021.10.11.08.31.07_veh-50_01750_01948/MergedPointCloud/97ce0fc64bfb532a.pcd,1633942984700048
b'\xd9\xfaj!\xbb%Y\x10',b'h\xb9\x8c\xd5\x80\x16T_',b'\x97\xce\x0f\xc6K\xfbS*',b'\x97\x82f\x18fmY\xf4',b'h\xe3\x13@\x15\x85_h',"b'\xc1\nW\x14""F\\Q'",2021.10.11.08.31.07_veh-50_01750_01948/MergedPointCloud/d9fa6a21bb255910.pcd,1633942984750087
b'h\xb9\x8c\xd5\x80\x16T_',b' \xda\xc8\xffo\xa3Qn',b'\xd9\xfaj!\xbb%Y\x10',b'6\x8a\x90\xb1\xa0\xe8P\xa4',b'h\xe3\x13@\x15\x85_h',"b'\xc1\nW\x14""F\\Q'",2021.10.11.08.31.07_veh-50_01750_01948/MergedPointCloud/68b98cd58016545f.pcd,1633942984800127
b' \xda\xc8\xffo\xa3Qn',b'\xcbE\xef\xb4\xeb\x9e]/',b'h\xb9\x8c\xd5\x80\x16T_',b'\x9c34\xcdwJ\\\xa4',b'h\xe3\x13@\x15\x85_h',"b'\xc1\nW\x14""F\\Q'",2021.10.11.08.31.07_veh-50_01750_01948/MergedPointCloud/20dac8ff6fa3516e.pcd,1633942984850170
b'\xcbE\xef\xb4\xeb\x9e]/',b'Z;\xb75\xf3\x02[ ',b' \xda\xc8\xffo\xa3Qn',b'2Q\xe7\x8b\xd4\x8eZf',b'h\xe3\x13@\x15\x85_h',"b'\xc1\nW\x14""F\\Q'",2021.10.11.08.31.07_veh-50_01750_01948/MergedPointCloud/cb45efb4eb9e5d2f.pcd,1633942984900215
b'Z;\xb75\xf3\x02[ ',"b""\xdd'\x8c-\xac\x8b_\x14""",b'\xcbE\xef\xb4\xeb\x9e]/',b'\xf1X0\\\xea\xceV\x91',b'h\xe3\x13@\x15\x85_h',"b'\xc1\nW\x14""F\\Q'",2021.10.11.08.31.07_veh-50_01750_01948/MergedPointCloud/5a3bb735f3025b20.pcd,1633942984950260
"b""\xdd'\x8c-\xac\x8b_\x14""",b'o\x0b\xf7\xc4\x1a\xdfR|',b'Z;\xb75\xf3\x02[ ',"b""\xcc\xec\x9a\xb6#'\\7""",b'h\xe3\x13@\x15\x85_h',"b'\xc1\nW\x14""F\\Q'",2021.10.11.08.31.07_veh-50_01750_01948/MergedPointCloud/dd278c2dac8b5f14.pcd,1633942985000302
b'o\x0b\xf7\xc4\x1a\xdfR|',b'+`\x83\xd2\xfc\xcf_\xff',"b""\xdd'\x8c-\xac\x8b_\x14""",b'\x8a\xad\x00\xe8\xa1+YF',b'h\xe3\x13@\x15\x85_h',"b'\xc1\nW\x14""F\\Q'",2021.10.11.08.31.07_veh-50_01750_01948/MergedPointCloud/6f0bf7c41adf527c.pcd,1633942985050343
b'+`\x83\xd2\xfc\xcf_\xff',b'\xeef\xbf\xdf3\xa5Z]',b'o\x0b\xf7\xc4\x1a\xdfR|',b'\xf9\x04\x92nX\xf7V\xbd',b'h\xe3\x13@\x15\x85_h',"b'\xc1\nW\x14""F\\Q'",2021.10.11.08.31.07_veh-50_01750_01948/MergedPointCloud/2b6083d2fccf5fff.pcd,1633942985100381
b'\xeef\xbf\xdf3\xa5Z]',b'@\xea\xb9e\xb3\xdb_\xdc',b'+`\x83\xd2\xfc\xcf_\xff',b'>]\r\xce\x90\xdcVd',b'h\xe3\x13@\x15\x85_h',"b'\xc1\nW\x14""F\\Q'",2021.10.11.08.31.07_veh-50_01750_01948/MergedPointCloud/ee66bfdf33a55a5d.pcd,1633942985150415
b'@\xea\xb9e\xb3\xdb_\xdc',b'\xb1\x17^R\xd2}Q\xf3',b'\xeef\xbf\xdf3\xa5Z]',b'\xa5\xd7Hz+)^\xba',b'h\xe3\x13@\x15\x85_h',"b'\xc1\nW\x14""F\\Q'",2021.10.11.08.31.07_veh-50_01750_01948/MergedPointCloud/40eab965b3db5fdc.pcd,1633942985200445
b'\xb1\x17^R\xd2}Q\xf3',b'K\x8an\x16F\xacS_',b'@\xea\xb9e\xb3\xdb_\xdc',b'9\xec\xbc\x98\t\xe1V\xd4',b'h\xe3\x13@\x15\x85_h',"b'\xc1\nW\x14""F\\Q'",2021.10.11.08.31.07_veh-50_01750_01948/MergedPointCloud/b1175e52d27d51f3.pcd,1633942985250466
b'K\x8an\x16F\xacS_',b'\x11i\xe7\x18*\xbd_P',b'\xb1\x17^R\xd2}Q\xf3',b'mD\xb1\xc0\xb5wY\n',b'h\xe3\x13@\x15\x85_h',"b'\xc1\nW\x14""F\\Q'",2021.10.11.08.31.07_veh-50_01750_01948/MergedPointCloud/4b8a6e1646ac535f.pcd,1633942985300480
b'\x11i\xe7\x18*\xbd_P',b'\xe5\xc3\xd5/\n\x11[\xe2',b'K\x8an\x16F\xacS_',b'enn\x8a[~T\xe1',b'h\xe3\x13@\x15\x85_h',"b'\xc1\nW\x14""F\\Q'",2021.10.11.08.31.07_veh-50_01750_01948/MergedPointCloud/1169e7182abd5f50.pcd,1633942985350487
b'\xe5\xc3\xd5/\n\x11[\xe2',b'\x03RJr7\xb3P\n',b'\x11i\xe7\x18*\xbd_P',b'\xe4\x06\x15\x1b\xd7\x8eWj',b'h\xe3\x13@\x15\x85_h',"b'\xc1\nW\x14""F\\Q'",2021.10.11.08.31.07_veh-50_01750_01948/MergedPointCloud/e5c3d52f0a115be2.pcd,1633942985400487
b'\x03RJr7\xb3P\n',b'\xc4\xee\\H\xcb\xe0R\xd0',b'\xe5\xc3\xd5/\n\x11[\xe2',b'\x89\xe598r\x9cX_',b'h\xe3\x13@\x15\x85_h',"b'\xc1\nW\x14""F\\Q'",2021.10.11.08.31.07_veh-50_01750_01948/MergedPointCloud/03524a7237b3500a.pcd,1633942985450483
b'\xc4\xee\\H\xcb\xe0R\xd0',b'\xa0\xd4M6\x1a\xf1_\xd6',b'\x03RJr7\xb3P\n',b'\xb3\xd0\xc2H\xc5A^z',b'h\xe3\x13@\x15\x85_h',"b'\xc1\nW\x14""F\\Q'",2021.10.11.08.31.07_veh-50_01750_01948/MergedPointCloud/c4ee5c48cbe052d0.pcd,1633942985500475
b'\xa0\xd4M6\x1a\xf1_\xd6',b'\x19*\xd3\xc6\xf4\xa6^\xd2',b'\xc4\xee\\H\xcb\xe0R\xd0',b'c\xa4|\x0c\n\xacU\xb3',b'h\xe3\x13@\x15\x85_h',"b'\xc1\nW\x14""F\\Q'",2021.10.11.08.31.07_veh-50_01750_01948/MergedPointCloud/a0d44d361af15fd6.pcd,1633942985550461
b'\x19*\xd3\xc6\xf4\xa6^\xd2',b'\xf9\xcf\xb5\xe4\x02\xa1P\xfe',b'\xa0\xd4M6\x1a\xf1_\xd6',b'JE\x08\xe0`0U\xcb',b'h\xe3\x13@\x15\x85_h',"b'\xc1\nW\x14""F\\Q'",2021.10.11.08.31.07_veh-50_01750_01948/MergedPointCloud/192ad3c6f4a65ed2.pcd,1633942985600443
b'\xf9\xcf\xb5\xe4\x02\xa1P\xfe',b'\xa8\x9c\x0cx&;P^',b'\x19*\xd3\xc6\xf4\xa6^\xd2',b'3\x98:=q\x1d_\xe9',b'h\xe3\x13@\x15\x85_h',"b'\xc1\nW\x14""F\\Q'",2021.10.11.08.31.07_veh-50_01750_01948/MergedPointCloud/f9cfb5e402a150fe.pcd,1633942985650422
b'\xa8\x9c\x0cx&;P^',b'\x84\xc8\x14\xbd5\xa0P\xba',b'\xf9\xcf\xb5\xe4\x02\xa1P\xfe',b'\xec\xac%\xc7\x03\xaeP\x1e',b'h\xe3\x13@\x15\x85_h',"b'\xc1\nW\x14""F\\Q'",2021.10.11.08.31.07_veh-50_01750_01948/MergedPointCloud/a89c0c78263b505e.pcd,1633942985700399
b'\x84\xc8\x14\xbd5\xa0P\xba',b'\xdbyS7\xe6\xdbX\xd7',b'\xa8\x9c\x0cx&;P^',b'\x87\xeb\xe7;5\x16_4',b'h\xe3\x13@\x15\x85_h',"b'\xc1\nW\x14""F\\Q'",2021.10.11.08.31.07_veh-50_01750_01948/MergedPointCloud/84c814bd35a050ba.pcd,1633942985750374
b'\xdbyS7\xe6\xdbX\xd7',b'\x08\x0e\x90\xf2~fU\xe0',b'\x84\xc8\x14\xbd5\xa0P\xba',b'\x16t\xe8\xde&iY\xa8',b'h\xe3\x13@\x15\x85_h',"b'\xc1\nW\x14""F\\Q'",2021.10.11.08.31.07_veh-50_01750_01948/MergedPointCloud/db795337e6db58d7.pcd,1633942985800348
b'\x08\x0e\x90\xf2~fU\xe0',b'#9N\x0f\xb1`P\x9f',b'\xdbyS7\xe6\xdbX\xd7',b'd\xc1e\xc5\rQRg',b'h\xe3\x13@\x15\x85_h',"b'\xc1\nW\x14""F\\Q'",2021.10.11.08.31.07_veh-50_01750_01948/MergedPointCloud/080e90f27e6655e0.pcd,1633942985850320
b'#9N\x0f\xb1`P\x9f',b'PA\xe7\x8c\xe0\xfeS>',b'\x08\x0e\x90\xf2~fU\xe0',b'\x06\xf3&\x96sd[2',b'h\xe3\x13@\x15\x85_h',"b'\xc1\nW\x14""F\\Q'",2021.10.11.08.31.07_veh-50_01750_01948/MergedPointCloud/23394e0fb160509f.pcd,1633942985900291
b'PA\xe7\x8c\xe0\xfeS>',b'4\xb8\x99\xecN(\\\x88',b'#9N\x0f\xb1`P\x9f',b'y\xcf\x82\xf3(\xb4S\xa0',b'h\xe3\x13@\x15\x85_h',"b'\xc1\nW\x14""F\\Q'",2021.10.11.08.31.07_veh-50_01750_01948/MergedPointCloud/5041e78ce0fe533e.pcd,1633942985950262
b'4\xb8\x99\xecN(\\\x88',b'\xca|X |\xfeX\xe7',b'PA\xe7\x8c\xe0\xfeS>',b'\xa4\xf8ViX\xc7Z\xa2',b'h\xe3\x13@\x15\x85_h',"b'\xc1\nW\x14""F\\Q'",2021.10.11.08.31.07_veh-50_01750_01948/MergedPointCloud/34b899ec4e285c88.pcd,1633942986000234
b'\xca|X |\xfeX\xe7',b'\xa6C\xf3S\x98\xaaS\xbe',b'4\xb8\x99\xecN(\\\x88',b'\x86\x89\x8f\xf3~\x9fSQ',b'h\xe3\x13@\x15\x85_h',"b'\xc1\nW\x14""F\\Q'",2021.10.11.08.31.07_veh-50_01750_01948/MergedPointCloud/ca7c58207cfe58e7.pcd,1633942986050203
b'\xa6C\xf3S\x98\xaaS\xbe',b'\xb2\x87\x03{\xd8\xabP\xe3',b'\xca|X |\xfeX\xe7',b'9\x13be\x02SS&',b'h\xe3\x13@\x15\x85_h',"b'\xc1\nW\x14""F\\Q'",2021.10.11.08.31.07_veh-50_01750_01948/MergedPointCloud/a643f35398aa53be.pcd,1633942986100169
b'\xb2\x87\x03{\xd8\xabP\xe3',b'\xd7\x08\xcc7\xa8\xa2P\x82',b'\xa6C\xf3S\x98\xaaS\xbe',b'\xb3e\xcek\xb0\x8bZg',b'h\xe3\x13@\x15\x85_h',"b'\xc1\nW\x14""F\\Q'",2021.10.11.08.31.07_veh-50_01750_01948/MergedPointCloud/b287037bd8ab50e3.pcd,1633942986150135
b'\xd7\x08\xcc7\xa8\xa2P\x82',b'}\xd4\xcej\xd3CVh',b'\xb2\x87\x03{\xd8\xabP\xe3',b'm\xa7\x0e\xd9\xb8+Q\x06',b'h\xe3\x13@\x15\x85_h',"b'\xc1\nW\x14""F\\Q'",2021.10.11.08.31.07_veh-50_01750_01948/MergedPointCloud/d708cc37a8a25082.pcd,1633942986200105
b'}\xd4\xcej\xd3CVh',b'\xa4\xf7R2\xe96UL',b'\xd7\x08\xcc7\xa8\xa2P\x82',b'\xf4\xd7\xec\xff\xe0CVK',b'h\xe3\x13@\x15\x85_h',"b'\xc1\nW\x14""F\\Q'",2021.10.11.08.31.07_veh-50_01750_01948/MergedPointCloud/7dd4ce6ad3435668.pcd,1633942986250078
b'\xa4\xf7R2\xe96UL',b'`\xfe\x86\xde\xf4\xb7S+',b'}\xd4\xcej\xd3CVh',b'\xf8\xee\xc7\x15\xea\xb6X\xcb',b'h\xe3\x13@\x15\x85_h',"b'\xc1\nW\x14""F\\Q'",2021.10.11.08.31.07_veh-50_01750_01948/MergedPointCloud/a4f75232e936554c.pcd,1633942986300052
b'`\xfe\x86\xde\xf4\xb7S+',b'\xd8G\xdf\xeb3\x9eR#',b'\xa4\xf7R2\xe96UL',b'\xf0\x17\x03\xbc\x19F]Q',b'h\xe3\x13@\x15\x85_h',"b'\xc1\nW\x14""F\\Q'",2021.10.11.08.31.07_veh-50_01750_01948/MergedPointCloud/60fe86def4b7532b.pcd,1633942986350025
b'\xd8G\xdf\xeb3\x9eR#',b'$<XVm\rQ\x8f',b'`\xfe\x86\xde\xf4\xb7S+',b'm\xc6\x1e}\x97XW\xdb',b'h\xe3\x13@\x15\x85_h',"b'\xc1\nW\x14""F\\Q'",2021.10.11.08.31.07_veh-50_01750_01948/MergedPointCloud/d847dfeb339e5223.pcd,1633942986399996
b'$<XVm\rQ\x8f',b'\x02^\xe3 \xf9\x97Y\xfb',b'\xd8G\xdf\xeb3\x9eR#',b'\xdeI\xf8\xd0`\xe8X\xb5',b'h\xe3\x13@\x15\x85_h',"b'\xc1\nW\x14""F\\Q'",2021.10.11.08.31.07_veh-50_01750_01948/MergedPointCloud/243c58566d0d518f.pcd,1633942986449970
b'\x02^\xe3 \xf9\x97Y\xfb',b'\xae+\x13\xf3\x8c\x02S\xcc',b'$<XVm\rQ\x8f',b'U-\xa5\xc4\xeaI^\x00',b'h\xe3\x13@\x15\x85_h',"b'\xc1\nW\x14""F\\Q'",2021.10.11.08.31.07_veh-50_01750_01948/MergedPointCloud/025ee320f99759fb.pcd,1633942986499943
b'\xae+\x13\xf3\x8c\x02S\xcc',b'D\x16y\xb9B\xe0]\xbc',b'\x02^\xe3 \xf9\x97Y\xfb',"b'c\x7f\x00\x13\xc5,_P'",b'h\xe3\x13@\x15\x85_h',"b'\xc1\nW\x14""F\\Q'",2021.10.11.08.31.07_veh-50_01750_01948/MergedPointCloud/ae2b13f38c0253cc.pcd,1633942986549916
b'D\x16y\xb9B\xe0]\xbc',b's9^UW\x0bP\x1f',b'\xae+\x13\xf3\x8c\x02S\xcc',b'\x000\xac\xf62\x10Pv',b'h\xe3\x13@\x15\x85_h',"b'\xc1\nW\x14""F\\Q'",2021.10.11.08.31.07_veh-50_01750_01948/MergedPointCloud/441679b942e05dbc.pcd,1633942986599887
b's9^UW\x0bP\x1f',b'\x9f\xf6\x88\xbb^b\\\x8e',b'D\x16y\xb9B\xe0]\xbc',b'h\x0b2\x95\xe9\xeeT\xd6',b'h\xe3\x13@\x15\x85_h',"b'\xc1\nW\x14""F\\Q'",2021.10.11.08.31.07_veh-50_01750_01948/MergedPointCloud/73395e55570b501f.pcd,1633942986649858
b'\x9f\xf6\x88\xbb^b\\\x8e',b'\x15Z\r\xbe\x01pX#',b's9^UW\x0bP\x1f',"b'\x13\xbb\x14\xa3,,^h'",b'h\xe3\x13@\x15\x85_h',"b'\xc1\nW\x14""F\\Q'",2021.10.11.08.31.07_veh-50_01750_01948/MergedPointCloud/9ff688bb5e625c8e.pcd,1633942986699832
b'\x15Z\r\xbe\x01pX#',b'\xfc\x9bX\xf9\rV_\xe9',b'\x9f\xf6\x88\xbb^b\\\x8e',b'Y\x91V\x99x\xd3RD',b'h\xe3\x13@\x15\x85_h',"b'\xc1\nW\x14""F\\Q'",2021.10.11.08.31.07_veh-50_01750_01948/MergedPointCloud/155a0dbe01705823.pcd,1633942986749807
b'\xfc\x9bX\xf9\rV_\xe9',b'\x9b\xc3\xe1\xe7j\xb0S>',b'\x15Z\r\xbe\x01pX#',b'yG\xa0=\x93\xe1_\xa8',b'h\xe3\x13@\x15\x85_h',"b'\xc1\nW\x14""F\\Q'",2021.10.11.08.31.07_veh-50_01750_01948/MergedPointCloud/fc9b58f90d565fe9.pcd,1633942986799786
b'\x9b\xc3\xe1\xe7j\xb0S>',b'\xbc-\x1d1H@[\xfc',b'\xfc\x9bX\xf9\rV_\xe9',b'\x95rd\xe8\xe9gV\x8a',b'h\xe3\x13@\x15\x85_h',"b'\xc1\nW\x14""F\\Q'",2021.10.11.08.31.07_veh-50_01750_01948/MergedPointCloud/9bc3e1e76ab0533e.pcd,1633942986849766
b'\xbc-\x1d1H@[\xfc',b'\xabuV6\x04\x9cUb',b'\x9b\xc3\xe1\xe7j\xb0S>',b'\xcdVV\xa7\x10\xb5[Y',b'h\xe3\x13@\x15\x85_h',"b'\xc1\nW\x14""F\\Q'",2021.10.11.08.31.07_veh-50_01750_01948/MergedPointCloud/bc2d1d3148405bfc.pcd,1633942986899742
b'\xabuV6\x04\x9cUb',b'B\xe6:\x03\x13LP\xef',b'\xbc-\x1d1H@[\xfc',"b'>O\xac\x1dp,P\xca'",b'h\xe3\x13@\x15\x85_h',"b'\xc1\nW\x14""F\\Q'",2021.10.11.08.31.07_veh-50_01750_01948/MergedPointCloud/ab755636049c5562.pcd,1633942986949716
b'B\xe6:\x03\x13LP\xef',b'fG\x8c\xeb\x17\xb3Z\xd2',b'\xabuV6\x04\x9cUb',b'\x83\xb5\x82z<g]\x03',b'h\xe3\x13@\x15\x85_h',"b'\xc1\nW\x14""F\\Q'",2021.10.11.08.31.07_veh-50_01750_01948/MergedPointCloud/42e63a03134c50ef.pcd,1633942986999685
b'fG\x8c\xeb\x17\xb3Z\xd2',b'\xa1\x03/\xb5g\\P]',b'B\xe6:\x03\x13LP\xef',b'T\xf0\x8aV\xdd\xe8U\x10',b'h\xe3\x13@\x15\x85_h',"b'\xc1\nW\x14""F\\Q'",2021.10.11.08.31.07_veh-50_01750_01948/MergedPointCloud/66478ceb17b35ad2.pcd,1633942987049655
b'\xa1\x03/\xb5g\\P]',b'\x06\xd3\x16:\xb0\xd4V\xcb',b'fG\x8c\xeb\x17\xb3Z\xd2',b'X_\xa2\x00\xe0L^V',b'h\xe3\x13@\x15\x85_h',"b'\xc1\nW\x14""F\\Q'",2021.10.11.08.31.07_veh-50_01750_01948/MergedPointCloud/a1032fb5675c505d.pcd,1633942987099629
b'\x06\xd3\x16:\xb0\xd4V\xcb',b'\x86h\x10\xa7^@\\\x97',b'\xa1\x03/\xb5g\\P]',b'\xf4\xd0\x13j1\xf0^\xc6',b'h\xe3\x13@\x15\x85_h',"b'\xc1\nW\x14""F\\Q'",2021.10.11.08.31.07_veh-50_01750_01948/MergedPointCloud/06d3163ab0d456cb.pcd,1633942987149606
b'\x86h\x10\xa7^@\\\x97',b'_\xb7+\xc0g\x0fT\x18',b'\x06\xd3\x16:\xb0\xd4V\xcb',b'\xdc\r\xd3\x0be\xe3Zu',b'h\xe3\x13@\x15\x85_h',"b'\xc1\nW\x14""F\\Q'",2021.10.11.08.31.07_veh-50_01750_01948/MergedPointCloud/866810a75e405c97.pcd,1633942987199588
b'_\xb7+\xc0g\x0fT\x18',b'1\xec}--\xd9P\xd6',b'\x86h\x10\xa7^@\\\x97',b'<\xa5\x07Z;$_\x01',b'h\xe3\x13@\x15\x85_h',"b'\xc1\nW\x14""F\\Q'",2021.10.11.08.31.07_veh-50_01750_01948/MergedPointCloud/5fb72bc0670f5418.pcd,1633942987249570
b'1\xec}--\xd9P\xd6',b'B)\xf2D\xde\x80S\x1c',b'_\xb7+\xc0g\x0fT\x18',b'M\xe7\xe0\xae$\xfeQ\xbf',b'h\xe3\x13@\x15\x85_h',"b'\xc1\nW\x14""F\\Q'",2021.10.11.08.31.07_veh-50_01750_01948/MergedPointCloud/31ec7d2d2dd950d6.pcd,1633942987299554
b'B)\xf2D\xde\x80S\x1c',b'\x90\x8c\xc9t\xbaCU@',b'1\xec}--\xd9P\xd6',b'\x8e*\x15\x16s5R\xb9',b'h\xe3\x13@\x15\x85_h',"b'\xc1\nW\x14""F\\Q'",2021.10.11.08.31.07_veh-50_01750_01948/MergedPointCloud/4229f244de80531c.pcd,1633942987349540
b'\x90\x8c\xc9t\xbaCU@',"b'\xfc""\xf4\x0f\xd3\x9a_\xd3'",b'B)\xf2D\xde\x80S\x1c',b'\xe8wg\xabu\rSK',b'h\xe3\x13@\x15\x85_h',"b'\xc1\nW\x14""F\\Q'",2021.10.11.08.31.07_veh-50_01750_01948/MergedPointCloud/908cc974ba435540.pcd,1633942987399526
"b'\xfc""\xf4\x0f\xd3\x9a_\xd3'",b'\xea\xb8\x98\xd2\xb6\xcaW\xc6',b'\x90\x8c\xc9t\xbaCU@',b'\x8ck\xfe\xf8L\xa7Y\x97',b'h\xe3\x13@\x15\x85_h',"b'\xc1\nW\x14""F\\Q'",2021.10.11.08.31.07_veh-50_01750_01948/MergedPointCloud/fc22f40fd39a5fd3.pcd,1633942987449512
b'\xea\xb8\x98\xd2\xb6\xcaW\xc6',b'.\xd5O\xf2\x9c@_\x16',"b'\xfc""\xf4\x0f\xd3\x9a_\xd3'",b'Y8 \x92\x88\xa9]5',b'h\xe3\x13@\x15\x85_h',"b'\xc1\nW\x14""F\\Q'",2021.10.11.08.31.07_veh-50_01750_01948/MergedPointCloud/eab898d2b6ca57c6.pcd,1633942987499497
b'.\xd5O\xf2\x9c@_\x16',b'\x91\xe5\xd1\x94\xeeGZ\x9f',b'\xea\xb8\x98\xd2\xb6\xcaW\xc6',b'\xd1\xd3r\xc8\x9dOX\xeb',b'h\xe3\x13@\x15\x85_h',"b'\xc1\nW\x14""F\\Q'",2021.10.11.08.31.07_veh-50_01750_01948/MergedPointCloud/2ed54ff29c405f16.pcd,1633942987549483
b'\x91\xe5\xd1\x94\xeeGZ\x9f',b'S#h\t\xed\xa8R\x97',b'.\xd5O\xf2\x9c@_\x16',b'\x94\xe7!\xc3\xe1\xf2U\xcb',b'h\xe3\x13@\x15\x85_h',"b'\xc1\nW\x14""F\\Q'",2021.10.11.08.31.07_veh-50_01750_01948/MergedPointCloud/91e5d194ee475a9f.pcd,1633942987599473
b'S#h\t\xed\xa8R\x97',b'\x94pDn\xb4nV}',b'\x91\xe5\xd1\x94\xeeGZ\x9f',b'9.L\xcd\xf1\xb0PU',b'h\xe3\x13@\x15\x85_h',"b'\xc1\nW\x14""F\\Q'",2021.10.11.08.31.07_veh-50_01750_01948/MergedPointCloud/53236809eda85297.pcd,1633942987649468
b'\x94pDn\xb4nV}',b'\xdf\xdcCo\x8c/^B',b'S#h\t\xed\xa8R\x97',b'\xcbkd\xf4\xed\x95]!',b'h\xe3\x13@\x15\x85_h',"b'\xc1\nW\x14""F\\Q'",2021.10.11.08.31.07_veh-50_01750_01948/MergedPointCloud/9470446eb46e567d.pcd,1633942987699469
b'\xdf\xdcCo\x8c/^B',b'`}\x87\xa6$3XI',b'\x94pDn\xb4nV}',b'C\xc9\x88\xbc\xbb\x16\\\xb6',b'h\xe3\x13@\x15\x85_h',"b'\xc1\nW\x14""F\\Q'",2021.10.11.08.31.07_veh-50_01750_01948/MergedPointCloud/dfdc436f8c2f5e42.pcd,1633942987749475
b'`}\x87\xa6$3XI',b'\xdf\xb1\xa2R\xf3\xebZ\t',b'\xdf\xdcCo\x8c/^B',b'+\xd1+\xfc\x18\xd6T\xa6',b'h\xe3\x13@\x15\x85_h',"b'\xc1\nW\x14""F\\Q'",2021.10.11.08.31.07_veh-50_01750_01948/MergedPointCloud/607d87a624335849.pcd,1633942987799487
b'\xdf\xb1\xa2R\xf3\xebZ\t',b'\x87\x08\x91 g~]\x1d',b'`}\x87\xa6$3XI',b'H\xe9V\x8f\x1b\x81^\xda',b'h\xe3\x13@\x15\x85_h',"b'\xc1\nW\x14""F\\Q'",2021.10.11.08.31.07_veh-50_01750_01948/MergedPointCloud/dfb1a252f3eb5a09.pcd,1633942987849501
b'\x87\x08\x91 g~]\x1d',b'\x11Z\x9fX\x18\xa3^r',b'\xdf\xb1\xa2R\xf3\xebZ\t',b'e\xbf8q\xb82[\x1c',b'h\xe3\x13@\x15\x85_h',"b'\xc1\nW\x14""F\\Q'",2021.10.11.08.31.07_veh-50_01750_01948/MergedPointCloud/87089120677e5d1d.pcd,1633942987899514
b'\x11Z\x9fX\x18\xa3^r',b'\xd0\x1d\xcc\xd7y]R\x1b',b'\x87\x08\x91 g~]\x1d',b'=G\n\xcf\xa7BW\x99',b'h\xe3\x13@\x15\x85_h',"b'\xc1\nW\x14""F\\Q'",2021.10.11.08.31.07_veh-50_01750_01948/MergedPointCloud/115a9f5818a35e72.pcd,1633942987949527
b'\xd0\x1d\xcc\xd7y]R\x1b',b'\x1a\xd5\x87\xac\xb7\xb4_p',b'\x11Z\x9fX\x18\xa3^r',b'\x03KZO|\x95W\x99',b'h\xe3\x13@\x15\x85_h',"b'\xc1\nW\x14""F\\Q'",2021.10.11.08.31.07_veh-50_01750_01948/MergedPointCloud/d01dccd7795d521b.pcd,1633942987999539
b'\x1a\xd5\x87\xac\xb7\xb4_p',b'(\r\xbe\xcb\xfc\x8fZ\xf7',b'\xd0\x1d\xcc\xd7y]R\x1b',b'\xe7$4P\xf4\xb2Xu',b'h\xe3\x13@\x15\x85_h',"b'\xc1\nW\x14""F\\Q'",2021.10.11.08.31.07_veh-50_01750_01948/MergedPointCloud/1ad587acb7b45f70.pcd,1633942988049549
b'(\r\xbe\xcb\xfc\x8fZ\xf7',b'\x0f\xd2\x10\xc0\xd2\xe1Z\x0f',b'\x1a\xd5\x87\xac\xb7\xb4_p',b';\xc6\xcf-\xe5\xeeQy',b'h\xe3\x13@\x15\x85_h',"b'\xc1\nW\x14""F\\Q'",2021.10.11.08.31.07_veh-50_01750_01948/MergedPointCloud/280dbecbfc8f5af7.pcd,1633942988099559
b'\x0f\xd2\x10\xc0\xd2\xe1Z\x0f',b'\xe2\xb7d_^\xfaS\x91',b'(\r\xbe\xcb\xfc\x8fZ\xf7',b'\xc4\xdd\x165\xd3\\[\x1e',b'h\xe3\x13@\x15\x85_h',"b'\xc1\nW\x14""F\\Q'",2021.10.11.08.31.07_veh-50_01750_01948/MergedPointCloud/0fd210c0d2e15a0f.pcd,1633942988149568
b'\xe2\xb7d_^\xfaS\x91',b'F\x9c\xf2\xf6}\x9bX\xc0',b'\x0f\xd2\x10\xc0\xd2\xe1Z\x0f',b'\xa2\xbd\xba\xfb\x8f\xa4X\xef',b'h\xe3\x13@\x15\x85_h',"b'\xc1\nW\x14""F\\Q'",2021.10.11.08.31.07_veh-50_01750_01948/MergedPointCloud/e2b7645f5efa5391.pcd,1633942988199577
b'F\x9c\xf2\xf6}\x9bX\xc0',b'\xba(\xfa4d\x91T\xff',b'\xe2\xb7d_^\xfaS\x91',b'`\xbd\xff`%\xfdX|',b'h\xe3\x13@\x15\x85_h',"b'\xc1\nW\x14""F\\Q'",2021.10.11.08.31.07_veh-50_01750_01948/MergedPointCloud/469cf2f67d9b58c0.pcd,1633942988249587
b'\xba(\xfa4d\x91T\xff',"b'\xc8\x01nW""lR\x19'",b'F\x9c\xf2\xf6}\x9bX\xc0',b'\xd4\x11\xed6\xc4\rP\x8c',b'h\xe3\x13@\x15\x85_h',"b'\xc1\nW\x14""F\\Q'",2021.10.11.08.31.07_veh-50_01750_01948/MergedPointCloud/ba28fa34649154ff.pcd,1633942988299600
"b'\xc8\x01nW""lR\x19'",b'u\x94\x88>(L[\xb9',b'\xba(\xfa4d\x91T\xff',b'\xf6\x80\xf2G\x81zR9',b'h\xe3\x13@\x15\x85_h',"b'\xc1\nW\x14""F\\Q'",2021.10.11.08.31.07_veh-50_01750_01948/MergedPointCloud/c8016e57226c5219.pcd,1633942988349616
b'u\x94\x88>(L[\xb9',b'Y=\x94\xf6\xcd)Y\x84',"b'\xc8\x01nW""lR\x19'","b""\x96\xb3'\xc7\x0b\xdbZ\xf5""",b'h\xe3\x13@\x15\x85_h',"b'\xc1\nW\x14""F\\Q'",2021.10.11.08.31.07_veh-50_01750_01948/MergedPointCloud/7594883e284c5bb9.pcd,1633942988399635
b'Y=\x94\xf6\xcd)Y\x84',b'$\xd4\x14a\xfb\xbbY\xde',b'u\x94\x88>(L[\xb9',b'\xe0\xe8p\x81\xbe\x81Z\x16',b'h\xe3\x13@\x15\x85_h',"b'\xc1\nW\x14""F\\Q'",2021.10.11.08.31.07_veh-50_01750_01948/MergedPointCloud/593d94f6cd295984.pcd,1633942988449657
b'$\xd4\x14a\xfb\xbbY\xde',b'[[e\xe7C\x9cU\x9e',b'Y=\x94\xf6\xcd)Y\x84',b'=wM4>\x91X\xc7',b'h\xe3\x13@\x15\x85_h',"b'\xc1\nW\x14""F\\Q'",2021.10.11.08.31.07_veh-50_01750_01948/MergedPointCloud/24d41461fbbb59de.pcd,1633942988499679
b'[[e\xe7C\x9cU\x9e',b'\x03\xd7\xcb\r\xd1 _y',b'$\xd4\x14a\xfb\xbbY\xde',b'L\x08\xe9\xf7\x9e\xffV\xb3',b'h\xe3\x13@\x15\x85_h',"b'\xc1\nW\x14""F\\Q'",2021.10.11.08.31.07_veh-50_01750_01948/MergedPointCloud/5b5b65e7439c559e.pcd,1633942988549702
b'\x03\xd7\xcb\r\xd1 _y',b'\xb6\x19\xf2=~XP<',b'[[e\xe7C\x9cU\x9e',b'\xb9\x16\x03kd\xa7W\xc0',b'h\xe3\x13@\x15\x85_h',"b'\xc1\nW\x14""F\\Q'",2021.10.11.08.31.07_veh-50_01750_01948/MergedPointCloud/03d7cb0dd1205f79.pcd,1633942988599727
b'\xb6\x19\xf2=~XP<',b'\x1b\x0bB\x86R2[\xa3',b'\x03\xd7\xcb\r\xd1 _y',b'\xefH\xb2\x9d\xbb\x1fV\xa2',b'h\xe3\x13@\x15\x85_h',"b'\xc1\nW\x14""F\\Q'",2021.10.11.08.31.07_veh-50_01750_01948/MergedPointCloud/b619f23d7e58503c.pcd,1633942988649752
b'\x1b\x0bB\x86R2[\xa3',b'{T\x81\xdd\xee?R\xaa',b'\xb6\x19\xf2=~XP<',b'\xef*\x0f\xcf$\xabW\xf0',b'h\xe3\x13@\x15\x85_h',"b'\xc1\nW\x14""F\\Q'",2021.10.11.08.31.07_veh-50_01750_01948/MergedPointCloud/1b0b428652325ba3.pcd,1633942988699776
b'{T\x81\xdd\xee?R\xaa',b'\x87oVv\x95\x05Z\xb2',b'\x1b\x0bB\x86R2[\xa3',b'6d\x18\xe9J)\\\xb7',b'h\xe3\x13@\x15\x85_h',"b'\xc1\nW\x14""F\\Q'",2021.10.11.08.31.07_veh-50_01750_01948/MergedPointCloud/7b5481ddee3f52aa.pcd,1633942988749799
b'\x87oVv\x95\x05Z\xb2',"b""\xdb')\xaeQ\xe3_\xfd""",b'{T\x81\xdd\xee?R\xaa',b'a(\xadw\xdc\xd4^\x0f',b'h\xe3\x13@\x15\x85_h',"b'\xc1\nW\x14""F\\Q'",2021.10.11.08.31.07_veh-50_01750_01948/MergedPointCloud/876f567695055ab2.pcd,1633942988799822
"b""\xdb')\xaeQ\xe3_\xfd""",b'\x05W\xb7\xea\x04zR\xd1',b'\x87oVv\x95\x05Z\xb2',b'\xca\xd3\xd8\x0f\x13\xee]\xe7',b'h\xe3\x13@\x15\x85_h',"b'\xc1\nW\x14""F\\Q'",2021.10.11.08.31.07_veh-50_01750_01948/MergedPointCloud/db2729ae51e35ffd.pcd,1633942988849846
b'\x05W\xb7\xea\x04zR\xd1',b'\xa0\x81\x9eV\x92\x9fS\xd9',"b""\xdb')\xaeQ\xe3_\xfd""",b'\x7f\x96\xdbx\x9bES\x9c',b'h\xe3\x13@\x15\x85_h',"b'\xc1\nW\x14""F\\Q'",2021.10.11.08.31.07_veh-50_01750_01948/MergedPointCloud/0557b7ea047a52d1.pcd,1633942988899872
b'\xa0\x81\x9eV\x92\x9fS\xd9',b'\x8e\xee\xa4\t\xaceT\xf3',b'\x05W\xb7\xea\x04zR\xd1',b'\xfe\xc3]>YFX\x8d',b'h\xe3\x13@\x15\x85_h',"b'\xc1\nW\x14""F\\Q'",2021.10.11.08.31.07_veh-50_01750_01948/MergedPointCloud/a0819e56929f53d9.pcd,1633942988949902
b'\x8e\xee\xa4\t\xaceT\xf3',"b""\xdb\xe7_\xa1'\xedS\xe3""",b'\xa0\x81\x9eV\x92\x9fS\xd9',b'd\xa1Z\x19\xed\xfcR\xee',b'h\xe3\x13@\x15\x85_h',"b'\xc1\nW\x14""F\\Q'",2021.10.11.08.31.07_veh-50_01750_01948/MergedPointCloud/8eeea409ac6554f3.pcd,1633942988999936
"b""\xdb\xe7_\xa1'\xedS\xe3""","b""M\xc0\x90<\t'P0""",b'\x8e\xee\xa4\t\xaceT\xf3',b'w\xf0D\x8a}\x84V\xe5',b'h\xe3\x13@\x15\x85_h',"b'\xc1\nW\x14""F\\Q'",2021.10.11.08.31.07_veh-50_01750_01948/MergedPointCloud/dbe75fa127ed53e3.pcd,1633942989049972
"b""M\xc0\x90<\t'P0""",b'\xbe\x9e>\x9e\xa7XV9',"b""\xdb\xe7_\xa1'\xedS\xe3""",b'v(\xf2\x12\x86\xda\\\x0f',b'h\xe3\x13@\x15\x85_h',"b'\xc1\nW\x14""F\\Q'",2021.10.11.08.31.07_veh-50_01750_01948/MergedPointCloud/4dc0903c09275030.pcd,1633942989100006
b'\xbe\x9e>\x9e\xa7XV9',"b'\xc0v\x99\xc0\xc6pY""'","b""M\xc0\x90<\t'P0""",b'\xb5\x8b\x85\x9b*\xacQ\x18',b'h\xe3\x13@\x15\x85_h',"b'\xc1\nW\x14""F\\Q'",2021.10.11.08.31.07_veh-50_01750_01948/MergedPointCloud/be9e3e9ea7585639.pcd,1633942989150037
"b'\xc0v\x99\xc0\xc6pY""'",b'\xa3Q\x91\\\xacsVQ',b'\xbe\x9e>\x9e\xa7XV9',b'\xc4\xad\xe7O\x12\x9bUf',b'h\xe3\x13@\x15\x85_h',"b'\xc1\nW\x14""F\\Q'",2021.10.11.08.31.07_veh-50_01750_01948/MergedPointCloud/c07699c0c6705922.pcd,1633942989200060
b'\xa3Q\x91\\\xacsVQ',b'\xf8\xe0\xd8\x14\x8d\xceRi',"b'\xc0v\x99\xc0\xc6pY""'",b'\xff\xf1O\x8c\xb9\x12ZW',b'h\xe3\x13@\x15\x85_h',"b'\xc1\nW\x14""F\\Q'",2021.10.11.08.31.07_veh-50_01750_01948/MergedPointCloud/a351915cac735651.pcd,1633942989250076
b'\xf8\xe0\xd8\x14\x8d\xceRi',b'>4\xcd13\xa7Y\x04',b'\xa3Q\x91\\\xacsVQ',"b""\xdd\x05\xfe\x19'2Q%""",b'h\xe3\x13@\x15\x85_h',"b'\xc1\nW\x14""F\\Q'",2021.10.11.08.31.07_veh-50_01750_01948/MergedPointCloud/f8e0d8148dce5269.pcd,1633942989300084
b'>4\xcd13\xa7Y\x04',b')T-0\x0e\xde[\r',b'\xf8\xe0\xd8\x14\x8d\xceRi',b'U\xbd\xc5\x1c\xebY]\xae',b'h\xe3\x13@\x15\x85_h',"b'\xc1\nW\x14""F\\Q'",2021.10.11.08.31.07_veh-50_01750_01948/MergedPointCloud/3e34cd3133a75904.pcd,1633942989350088
b')T-0\x0e\xde[\r',b'y?\x07\xcfJ\xaeZ\x02',b'>4\xcd13\xa7Y\x04',b'\xa1\xd4\xf1\x0fL\\^l',b'h\xe3\x13@\x15\x85_h',"b'\xc1\nW\x14""F\\Q'",2021.10.11.08.31.07_veh-50_01750_01948/MergedPointCloud/29542d300ede5b0d.pcd,1633942989400087
b'y?\x07\xcfJ\xaeZ\x02',b'o\xd8\x92`\xa00[\x81',b')T-0\x0e\xde[\r',b'\x97\xf5/\xf1g$_\x11',b'h\xe3\x13@\x15\x85_h',"b'\xc1\nW\x14""F\\Q'",2021.10.11.08.31.07_veh-50_01750_01948/MergedPointCloud/793f07cf4aae5a02.pcd,1633942989450086
b'o\xd8\x92`\xa00[\x81',b'\x16\x01\x19\x16a&X\x1e',b'y?\x07\xcfJ\xaeZ\x02',b'\x92\xb4\xa6\\q\xabY\xe2',b'h\xe3\x13@\x15\x85_h',"b'\xc1\nW\x14""F\\Q'",2021.10.11.08.31.07_veh-50_01750_01948/MergedPointCloud/6fd89260a0305b81.pcd,1633942989500080
b'\x16\x01\x19\x16a&X\x1e',"b""\x947\xf88\xfa\xd9R'""",b'o\xd8\x92`\xa00[\x81',b'\xdf\xdbW\xabKXX ',b'h\xe3\x13@\x15\x85_h',"b'\xc1\nW\x14""F\\Q'",2021.10.11.08.31.07_veh-50_01750_01948/MergedPointCloud/160119166126581e.pcd,1633942989550070
"b""\x947\xf88\xfa\xd9R'""",b'B\xe3=\x95\xb5\xddZ\n',b'\x16\x01\x19\x16a&X\x1e',b'\xac\xc3\x0c\x02\xd0\xf6Q\xb6',b'h\xe3\x13@\x15\x85_h',"b'\xc1\nW\x14""F\\Q'",2021.10.11.08.31.07_veh-50_01750_01948/MergedPointCloud/9437f838fad95227.pcd,1633942989600058
b'B\xe3=\x95\xb5\xddZ\n',b'\xe5@{=\x8e\x7fS7',"b""\x947\xf88\xfa\xd9R'""",b'\x1a\x1c\x94\xa7g\xe7Qr',b'h\xe3\x13@\x15\x85_h',"b'\xc1\nW\x14""F\\Q'",2021.10.11.08.31.07_veh-50_01750_01948/MergedPointCloud/42e33d95b5dd5a0a.pcd,1633942989650041
b'\xe5@{=\x8e\x7fS7',b'\xebV\xfb\xff7\xabY\x16',b'B\xe3=\x95\xb5\xddZ\n',"b'\x99\xc7""\xe9Y\xf4R('",b'h\xe3\x13@\x15\x85_h',"b'\xc1\nW\x14""F\\Q'",2021.10.11.08.31.07_veh-50_01750_01948/MergedPointCloud/e5407b3d8e7f5337.pcd,1633942989700019
b'\xebV\xfb\xff7\xabY\x16',b'\xa9\xbfm\x11&\x8e\\\xaf',b'\xe5@{=\x8e\x7fS7',b'\x14\xc2\xeauCLV\xa1',b'h\xe3\x13@\x15\x85_h',"b'\xc1\nW\x14""F\\Q'",2021.10.11.08.31.07_veh-50_01750_01948/MergedPointCloud/eb56fbff37ab5916.pcd,1633942989749994
b'\xa9\xbfm\x11&\x8e\\\xaf',b'\xe5k\xd0\x04\xe7\x86_\xf2',b'\xebV\xfb\xff7\xabY\x16',b'U\x17$\xb89\x0e[\x11',b'h\xe3\x13@\x15\x85_h',"b'\xc1\nW\x14""F\\Q'",2021.10.11.08.31.07_veh-50_01750_01948/MergedPointCloud/a9bf6d11268e5caf.pcd,1633942989799967
b'\xe5k\xd0\x04\xe7\x86_\xf2',b'\xd5\xd8(\xf3\x01\x93]G',b'\xa9\xbfm\x11&\x8e\\\xaf',b'L\xf7b\xbe\xb2\xf3\\\x94',b'h\xe3\x13@\x15\x85_h',"b'\xc1\nW\x14""F\\Q'",2021.10.11.08.31.07_veh-50_01750_01948/MergedPointCloud/e56bd004e7865ff2.pcd,1633942989849939
b'\xd5\xd8(\xf3\x01\x93]G',b'\x82\xdd-\xf45\xf2TR',b'\xe5k\xd0\x04\xe7\x86_\xf2',"b""\x84\xb6\x87'\xb6\x9a]Z""",b'h\xe3\x13@\x15\x85_h',"b'\xc1\nW\x14""F\\Q'",2021.10.11.08.31.07_veh-50_01750_01948/MergedPointCloud/d5d828f301935d47.pcd,1633942989899912
b'\x82\xdd-\xf45\xf2TR',b'\xc6\xeen\xf3\xfd\xd0S\x89',b'\xd5\xd8(\xf3\x01\x93]G',b'\xf1ffh\xe1c^D',b'h\xe3\x13@\x15\x85_h',"b'\xc1\nW\x14""F\\Q'",2021.10.11.08.31.07_veh-50_01750_01948/MergedPointCloud/82dd2df435f25452.pcd,1633942989949889
b'\xc6\xeen\xf3\xfd\xd0S\x89',b'+\xb2_=zrP\x12',b'\x82\xdd-\xf45\xf2TR',"b""O\xc7'\xceZ@W\xad""",b'h\xe3\x13@\x15\x85_h',"b'\xc1\nW\x14""F\\Q'",2021.10.11.08.31.07_veh-50_01750_01948/MergedPointCloud/c6ee6ef3fdd05389.pcd,1633942989999870
b'+\xb2_=zrP\x12',b'\x1cj\x0e\x8f\xb5X]N',b'\xc6\xeen\xf3\xfd\xd0S\x89',b'O8\x1d\x11\xeb\xfbT\x8b',b'h\xe3\x13@\x15\x85_h',"b'\xc1\nW\x14""F\\Q'",2021.10.11.08.31.07_veh-50_01750_01948/MergedPointCloud/2bb25f3d7a725012.pcd,1633942990049857
b'\x1cj\x0e\x8f\xb5X]N',b'\x0e\x99N^jk_\xf0',b'+\xb2_=zrP\x12',b'G\t\xad\x9f+\x8dW|',b'h\xe3\x13@\x15\x85_h',"b'\xc1\nW\x14""F\\Q'",2021.10.11.08.31.07_veh-50_01750_01948/MergedPointCloud/1c6a0e8fb5585d4e.pcd,1633942990099848
b'\x0e\x99N^jk_\xf0',b'\t\xee^\\D\x0b[\x10',b'\x1cj\x0e\x8f\xb5X]N',b'\xee/H]\xe7\x14U\x7f',b'h\xe3\x13@\x15\x85_h',"b'\xc1\nW\x14""F\\Q'",2021.10.11.08.31.07_veh-50_01750_01948/MergedPointCloud/0e994e5e6a6b5ff0.pcd,1633942990149844
b'\t\xee^\\D\x0b[\x10',b')F\x9fo\xeb\x13Y\x9f',b'\x0e\x99N^jk_\xf0',b'\xc9O\x03\xe5TFW\xcc',b'h\xe3\x13@\x15\x85_h',"b'\xc1\nW\x14""F\\Q'",2021.10.11.08.31.07_veh-50_01750_01948/MergedPointCloud/09ee5e5c440b5b10.pcd,1633942990199840
b')F\x9fo\xeb\x13Y\x9f',b'\\\x1a\x01L\x9bAV\xb1',b'\t\xee^\\D\x0b[\x10',"b'[\xb2,\t)oV\xbc'",b'h\xe3\x13@\x15\x85_h',"b'\xc1\nW\x14""F\\Q'",2021.10.11.08.31.07_veh-50_01750_01948/MergedPointCloud/29469f6feb13599f.pcd,1633942990249839
b'\\\x1a\x01L\x9bAV\xb1',b'\x1bq\xfb\xca\xd3\x8cZ\x1f',b')F\x9fo\xeb\x13Y\x9f',b'Yr\x824\x17\xe2]\x9d',b'h\xe3\x13@\x15\x85_h',"b'\xc1\nW\x14""F\\Q'",2021.10.11.08.31.07_veh-50_01750_01948/MergedPointCloud/5c1a014c9b4156b1.pcd,1633942990299839
b'\x1bq\xfb\xca\xd3\x8cZ\x1f',"b'\xa0""K\xa9K\x0cQ\xd0'",b'\\\x1a\x01L\x9bAV\xb1',b'.\x95\x9c\xfe6\x13Wh',b'h\xe3\x13@\x15\x85_h',"b'\xc1\nW\x14""F\\Q'",2021.10.11.08.31.07_veh-50_01750_01948/MergedPointCloud/1b71fbcad38c5a1f.pcd,1633942990349837
"b'\xa0""K\xa9K\x0cQ\xd0'",b'\t$\x18Y\x12\x83QM',b'\x1bq\xfb\xca\xd3\x8cZ\x1f',b'wG\xe5\xa5\xfcoQ\x9f',b'h\xe3\x13@\x15\x85_h',"b'\xc1\nW\x14""F\\Q'",2021.10.11.08.31.07_veh-50_01750_01948/MergedPointCloud/a0224ba94b0c51d0.pcd,1633942990399837
b'\t$\x18Y\x12\x83QM',b't\x82\xcaV\xcb\x84Y\x9d',"b'\xa0""K\xa9K\x0cQ\xd0'",b'\x93\x9egvq\xf3_\xeb',b'h\xe3\x13@\x15\x85_h',"b'\xc1\nW\x14""F\\Q'",2021.10.11.08.31.07_veh-50_01750_01948/MergedPointCloud/092418591283514d.pcd,1633942990449836
b't\x82\xcaV\xcb\x84Y\x9d',b'\xf1\x8aU\xdai\xfeP\xae',b'\t$\x18Y\x12\x83QM',b'\x0eL\x18K\x07DT\x1a',b'h\xe3\x13@\x15\x85_h',"b'\xc1\nW\x14""F\\Q'",2021.10.11.08.31.07_veh-50_01750_01948/MergedPointCloud/7482ca56cb84599d.pcd,1633942990499836
b'\xf1\x8aU\xdai\xfeP\xae',b'k\xd4\x0br\x82\xfcTw',b't\x82\xcaV\xcb\x84Y\x9d',b'\x9fv\xb0\xd8V*W\xdf',b'h\xe3\x13@\x15\x85_h',"b'\xc1\nW\x14""F\\Q'",2021.10.11.08.31.07_veh-50_01750_01948/MergedPointCloud/f18a55da69fe50ae.pcd,1633942990549835
b'k\xd4\x0br\x82\xfcTw',"b'\xf5e\xd0\xc3""8Z\x9c'",b'\xf1\x8aU\xdai\xfeP\xae',b' e\x8f:9\xb2X\xc8',b'h\xe3\x13@\x15\x85_h',"b'\xc1\nW\x14""F\\Q'",2021.10.11.08.31.07_veh-50_01750_01948/MergedPointCloud/6bd40b7282fc5477.pcd,1633942990599834
"b'\xf5e\xd0\xc3""8Z\x9c'",b'\x1d\x04mp\xd3\xc3PQ',b'k\xd4\x0br\x82\xfcTw',b'4P\xda\xb56\x06PK',b'h\xe3\x13@\x15\x85_h',"b'\xc1\nW\x14""F\\Q'",2021.10.11.08.31.07_veh-50_01750_01948/MergedPointCloud/f565d0c322385a9c.pcd,1633942990649832
b'\x1d\x04mp\xd3\xc3PQ',b'\xdc\xc1\x92jR\xefS:',"b'\xf5e\xd0\xc3""8Z\x9c'","b'3\xd17\xb6\tzZ""'",b'h\xe3\x13@\x15\x85_h',"b'\xc1\nW\x14""F\\Q'",2021.10.11.08.31.07_veh-50_01750_01948/MergedPointCloud/1d046d70d3c35051.pcd,1633942990699833
b'\xdc\xc1\x92jR\xefS:',b'\x1ei\xb4\xec\xb3\x08^8',b'\x1d\x04mp\xd3\xc3PQ',b'\xcb\xb9\x9d\xaa1(Rv',b'h\xe3\x13@\x15\x85_h',"b'\xc1\nW\x14""F\\Q'",2021.10.11.08.31.07_veh-50_01750_01948/MergedPointCloud/dcc1926a52ef533a.pcd,1633942990749832
b'\x1ei\xb4\xec\xb3\x08^8',"b'\xd5\xed\xa6\x1e,nX\x87'",b'\xdc\xc1\x92jR\xefS:',b'-\x94\xf3\xc4j/^\xb8',b'h\xe3\x13@\x15\x85_h',"b'\xc1\nW\x14""F\\Q'",2021.10.11.08.31.07_veh-50_01750_01948/MergedPointCloud/1e69b4ecb3085e38.pcd,1633942990799832
"b'\xd5\xed\xa6\x1e,nX\x87'",b'\x01\xff\x11\x8c\x02`^\x03',b'\x1ei\xb4\xec\xb3\x08^8',b'\xcf\xbe q\x1f\xda\\\xef',b'h\xe3\x13@\x15\x85_h',"b'\xc1\nW\x14""F\\Q'",2021.10.11.08.31.07_veh-50_01750_01948/MergedPointCloud/d5eda61e2c6e5887.pcd,1633942990849827
b'\x01\xff\x11\x8c\x02`^\x03',b'_\xff\xaa\xd6\x00MS\xba',"b'\xd5\xed\xa6\x1e,nX\x87'",b'Fa\x06\x0bT\xf7Xf',b'h\xe3\x13@\x15\x85_h',"b'\xc1\nW\x14""F\\Q'",2021.10.11.08.31.07_veh-50_01750_01948/MergedPointCloud/01ff118c02605e03.pcd,1633942990899821
b'_\xff\xaa\xd6\x00MS\xba',b'\xc1\x8f\x04?\x8e\xbcV\x80',b'\x01\xff\x11\x8c\x02`^\x03',b'\x15\xd5g\xb9\xa4\xb6\\\xe6',b'h\xe3\x13@\x15\x85_h',"b'\xc1\nW\x14""F\\Q'",2021.10.11.08.31.07_veh-50_01750_01948/MergedPointCloud/5fffaad6004d53ba.pcd,1633942990949811
b'\xc1\x8f\x04?\x8e\xbcV\x80',b']\xc2c\x91\xda/XD',b'_\xff\xaa\xd6\x00MS\xba',b'\xd4\xd1\xe1\xbdGiR\xfc',b'h\xe3\x13@\x15\x85_h',"b'\xc1\nW\x14""F\\Q'",2021.10.11.08.31.07_veh-50_01750_01948/MergedPointCloud/c18f043f8ebc5680.pcd,1633942990999799
b']\xc2c\x91\xda/XD',b'yP7\x85\xa5F_w',b'\xc1\x8f\x04?\x8e\xbcV\x80',b'\x17\xd2/D\x13LX\x14',b'h\xe3\x13@\x15\x85_h',"b'\xc1\nW\x14""F\\Q'",2021.10.11.08.31.07_veh-50_01750_01948/MergedPointCloud/5dc26391da2f5844.pcd,1633942991049787
b'yP7\x85\xa5F_w',b'CJ\xb60\xec_[1',b']\xc2c\x91\xda/XD',b'{\xe9\xe2\x1fm\x0fWV',b'h\xe3\x13@\x15\x85_h',"b'\xc1\nW\x14""F\\Q'",2021.10.11.08.31.07_veh-50_01750_01948/MergedPointCloud/79503785a5465f77.pcd,1633942991099774
b'CJ\xb60\xec_[1',b'\xfc\xb2\xcd7\x84BSq',b'yP7\x85\xa5F_w',b'\xcaU\xd3\x97\x83T_\x1a',b'h\xe3\x13@\x15\x85_h',"b'\xc1\nW\x14""F\\Q'",2021.10.11.08.31.07_veh-50_01750_01948/MergedPointCloud/434ab630ec5f5b31.pcd,1633942991149760
b'\xfc\xb2\xcd7\x84BSq',"b'""u\x85V\xd4\x9fYg'",b'CJ\xb60\xec_[1',b'\\{7\x18(\xc3X\xf2',b'h\xe3\x13@\x15\x85_h',"b'\xc1\nW\x14""F\\Q'",2021.10.11.08.31.07_veh-50_01750_01948/MergedPointCloud/fcb2cd3784425371.pcd,1633942991199745
"b'""u\x85V\xd4\x9fYg'",b'\xb1\xefMc\x1a\x06Qy',b'\xfc\xb2\xcd7\x84BSq',b'}\xcc_h\xe7\xf3]\xab',b'h\xe3\x13@\x15\x85_h',"b'\xc1\nW\x14""F\\Q'",2021.10.11.08.31.07_veh-50_01750_01948/MergedPointCloud/22758556d49f5967.pcd,1633942991249730
b'\xb1\xefMc\x1a\x06Qy',b'\xc7\xf3s\x1f\x8e\xf2^\x88',"b'""u\x85V\xd4\x9fYg'",b'\x1c\x89\xed\xcd\x1d\xb3Q\xf5',b'h\xe3\x13@\x15\x85_h',"b'\xc1\nW\x14""F\\Q'",2021.10.11.08.31.07_veh-50_01750_01948/MergedPointCloud/b1ef4d631a065179.pcd,1633942991299716
b'\xc7\xf3s\x1f\x8e\xf2^\x88',b'!\x938l\x02b_\xff',b'\xb1\xefMc\x1a\x06Qy',b'w\x17\xba\x9c\xcc\xf3S\xd7',b'h\xe3\x13@\x15\x85_h',"b'\xc1\nW\x14""F\\Q'",2021.10.11.08.31.07_veh-50_01750_01948/MergedPointCloud/c7f3731f8ef25e88.pcd,1633942991349700
b'!\x938l\x02b_\xff',b'\xa9fi\xce\x86s\\H',b'\xc7\xf3s\x1f\x8e\xf2^\x88',b'\xb9\x87\x1d\xb2\x1aJS\xd1',b'h\xe3\x13@\x15\x85_h',"b'\xc1\nW\x14""F\\Q'",2021.10.11.08.31.07_veh-50_01750_01948/MergedPointCloud/2193386c02625fff.pcd,1633942991399686
b'\xa9fi\xce\x86s\\H',b'\x94z{\xef>iZ(',b'!\x938l\x02b_\xff',b'\x89\x87\xdf\x90\xdebS>',b'h\xe3\x13@\x15\x85_h',"b'\xc1\nW\x14""F\\Q'",2021.10.11.08.31.07_veh-50_01750_01948/MergedPointCloud/a96669ce86735c48.pcd,1633942991449675
b'\x94z{\xef>iZ(',"b""[\x1e\x15b\xe5'R\x86""",b'\xa9fi\xce\x86s\\H',b'sx\x1d\xae\x8cSPW',b'h\xe3\x13@\x15\x85_h',"b'\xc1\nW\x14""F\\Q'",2021.10.11.08.31.07_veh-50_01750_01948/MergedPointCloud/947a7bef3e695a28.pcd,1633942991499663
"b""[\x1e\x15b\xe5'R\x86""",b'5\x1d\x85\x0ceuVa',b'\x94z{\xef>iZ(',b';\xb9~\xe8\xef\xb1X\xe8',b'h\xe3\x13@\x15\x85_h',"b'\xc1\nW\x14""F\\Q'",2021.10.11.08.31.07_veh-50_01750_01948/MergedPointCloud/5b1e1562e5275286.pcd,1633942991549653
b'5\x1d\x85\x0ceuVa',b'\xeaZ\x02:\xff\x13Z\xf0',"b""[\x1e\x15b\xe5'R\x86""",b'+b\xb3\x99\xaf\x8f_f',b'h\xe3\x13@\x15\x85_h',"b'\xc1\nW\x14""F\\Q'",2021.10.11.08.31.07_veh-50_01750_01948/MergedPointCloud/351d850c65755661.pcd,1633942991599643
b'\xeaZ\x02:\xff\x13Z\xf0',b'h>\xe9#\xbf\x1b]\xb5',b'5\x1d\x85\x0ceuVa',b'/Fz\xba\xa7\xe9^H',b'h\xe3\x13@\x15\x85_h',"b'\xc1\nW\x14""F\\Q'",2021.10.11.08.31.07_veh-50_01750_01948/MergedPointCloud/ea5a023aff135af0.pcd,1633942991649634
b'h>\xe9#\xbf\x1b]\xb5',b'\x89\x91j]\xe9\x91S\xbe',b'\xeaZ\x02:\xff\x13Z\xf0',b'\xb01\xe0\xd2R\xb7[=',b'h\xe3\x13@\x15\x85_h',"b'\xc1\nW\x14""F\\Q'",2021.10.11.08.31.07_veh-50_01750_01948/MergedPointCloud/683ee923bf1b5db5.pcd,1633942991699629
b'\x89\x91j]\xe9\x91S\xbe',b'\xaf0\xde\x85y#UE',b'h>\xe9#\xbf\x1b]\xb5',b'D\x1eFL\xf9!P\xb7',b'h\xe3\x13@\x15\x85_h',"b'\xc1\nW\x14""F\\Q'",2021.10.11.08.31.07_veh-50_01750_01948/MergedPointCloud/89916a5de99153be.pcd,1633942991749627
b'\xaf0\xde\x85y#UE',b'\xb20i4\xe0\xd9P&',b'\x89\x91j]\xe9\x91S\xbe',b'\x02hG\x96_\x92P\xa1',b'h\xe3\x13@\x15\x85_h',"b'\xc1\nW\x14""F\\Q'",2021.10.11.08.31.07_veh-50_01750_01948/MergedPointCloud/af30de8579235545.pcd,1633942991799627
b'\xb20i4\xe0\xd9P&',b'\xbd\xf8\xa8\xd0\x19\x9fV\x96',b'\xaf0\xde\x85y#UE',b'du3\x08\xbeBY1',b'h\xe3\x13@\x15\x85_h',"b'\xc1\nW\x14""F\\Q'",2021.10.11.08.31.07_veh-50_01750_01948/MergedPointCloud/b2306934e0d95026.pcd,1633942991849631
b'\xbd\xf8\xa8\xd0\x19\x9fV\x96',b'Y\x02R\x0e#T[\xde',b'\xb20i4\xe0\xd9P&',b'<K\xa9\xf5;\x08X\x08',b'h\xe3\x13@\x15\x85_h',"b'\xc1\nW\x14""F\\Q'",2021.10.11.08.31.07_veh-50_01750_01948/MergedPointCloud/bdf8a8d0199f5696.pcd,1633942991899635
b'Y\x02R\x0e#T[\xde',b'\xbc\xec\x1d\x01\r\x07_~',b'\xbd\xf8\xa8\xd0\x19\x9fV\x96',b'\xdbU\xdaa\x16\x81T\xb2',b'h\xe3\x13@\x15\x85_h',"b'\xc1\nW\x14""F\\Q'",2021.10.11.08.31.07_veh-50_01750_01948/MergedPointCloud/5902520e23545bde.pcd,1633942991949641
b'\xbc\xec\x1d\x01\r\x07_~',b'\xf8\x85la\xc1rQ\xdd',b'Y\x02R\x0e#T[\xde',"b',\xeem\xea\x123W\xed'",b'h\xe3\x13@\x15\x85_h',"b'\xc1\nW\x14""F\\Q'",2021.10.11.08.31.07_veh-50_01750_01948/MergedPointCloud/bcec1d010d075f7e.pcd,1633942991999650
b'\xf8\x85la\xc1rQ\xdd',b'\xd6>\xcc\xc9]s]y',b'\xbc\xec\x1d\x01\r\x07_~',"b'\xfed"")\x9dB^W'",b'h\xe3\x13@\x15\x85_h',"b'\xc1\nW\x14""F\\Q'",2021.10.11.08.31.07_veh-50_01750_01948/MergedPointCloud/f8856c61c17251dd.pcd,1633942992049662
b'\xd6>\xcc\xc9]s]y',b'\xfd\xa6\x7f\xfav\x0fP\xe6',b'\xf8\x85la\xc1rQ\xdd',b'\x89\xb3\xa8\x03\xb2-R\xd3',b'h\xe3\x13@\x15\x85_h',"b'\xc1\nW\x14""F\\Q'",2021.10.11.08.31.07_veh-50_01750_01948/MergedPointCloud/d63eccc95d735d79.pcd,1633942992099677
b'\xfd\xa6\x7f\xfav\x0fP\xe6',b'\xc9\x00\xf2@\xee\xf8Xg',b'\xd6>\xcc\xc9]s]y',b'\xb5X\x8chxcX\xa9',b'h\xe3\x13@\x15\x85_h',"b'\xc1\nW\x14""F\\Q'",2021.10.11.08.31.07_veh-50_01750_01948/MergedPointCloud/fda67ffa760f50e6.pcd,1633942992149692
b'\xc9\x00\xf2@\xee\xf8Xg',b'\xdd^j\xa1\x8c\xeeQ<',b'\xfd\xa6\x7f\xfav\x0fP\xe6',b'\xc1\n\x95\x14\x12\xb0]\x9f',b'h\xe3\x13@\x15\x85_h',"b'\xc1\nW\x14""F\\Q'",2021.10.11.08.31.07_veh-50_01750_01948/MergedPointCloud/c900f240eef85867.pcd,1633942992199708
b'\xdd^j\xa1\x8c\xeeQ<',b'\xf26\xeb+\x9c\xe8Te',b'\xc9\x00\xf2@\xee\xf8Xg',b'\x18\xcf+\x13o\xf8S\xf3',b'h\xe3\x13@\x15\x85_h',"b'\xc1\nW\x14""F\\Q'",2021.10.11.08.31.07_veh-50_01750_01948/MergedPointCloud/dd5e6aa18cee513c.pcd,1633942992249721
b'\xf26\xeb+\x9c\xe8Te',b'b\xafC7\xbf\xecS%',b'\xdd^j\xa1\x8c\xeeQ<',b'\xbdXNK\xf4\x88Z\x14',b'h\xe3\x13@\x15\x85_h',"b'\xc1\nW\x14""F\\Q'",2021.10.11.08.31.07_veh-50_01750_01948/MergedPointCloud/f236eb2b9ce85465.pcd,1633942992299734
b'b\xafC7\xbf\xecS%',b'.\x08\xaf\xf7#\xf5]\x08',b'\xf26\xeb+\x9c\xe8Te',b'tz>Sr\x87S\xd6',b'h\xe3\x13@\x15\x85_h',"b'\xc1\nW\x14""F\\Q'",2021.10.11.08.31.07_veh-50_01750_01948/MergedPointCloud/62af4337bfec5325.pcd,1633942992349746
b'.\x08\xaf\xf7#\xf5]\x08',b'\xd68\x99\x87Q3_\xa2',b'b\xafC7\xbf\xecS%',b'\x8f;\xd1\x96\xf7gZ|',b'h\xe3\x13@\x15\x85_h',"b'\xc1\nW\x14""F\\Q'",2021.10.11.08.31.07_veh-50_01750_01948/MergedPointCloud/2e08aff723f55d08.pcd,1633942992399757
b'\xd68\x99\x87Q3_\xa2',b'\xf2\xaa3S\x86XQl',b'.\x08\xaf\xf7#\xf5]\x08',b'D|\xa5\xee%\x1cU\x89',b'h\xe3\x13@\x15\x85_h',"b'\xc1\nW\x14""F\\Q'",2021.10.11.08.31.07_veh-50_01750_01948/MergedPointCloud/d638998751335fa2.pcd,1633942992449768
b'\xf2\xaa3S\x86XQl',b'\xd7\xed\xe6^\x05\xccW\xe3',b'\xd68\x99\x87Q3_\xa2',b'\x06]\xedl\x11\x98Te',b'h\xe3\x13@\x15\x85_h',"b'\xc1\nW\x14""F\\Q'",2021.10.11.08.31.07_veh-50_01750_01948/MergedPointCloud/f2aa33538658516c.pcd,1633942992499780
b'\xd7\xed\xe6^\x05\xccW\xe3',b'2\xed\xcfu\xb3\xc3V\x13',b'\xf2\xaa3S\x86XQl',b'\xd9\xac_\x99U\x95]\xe5',b'h\xe3\x13@\x15\x85_h',"b'\xc1\nW\x14""F\\Q'",2021.10.11.08.31.07_veh-50_01750_01948/MergedPointCloud/d7ede65e05cc57e3.pcd,1633942992549792
b'2\xed\xcfu\xb3\xc3V\x13',b'D0\xdc=\x8b\xc7]\x0c',b'\xd7\xed\xe6^\x05\xccW\xe3',b'\x92Vf\xe3\x94\x9eW\xd9',b'h\xe3\x13@\x15\x85_h',"b'\xc1\nW\x14""F\\Q'",2021.10.11.08.31.07_veh-50_01750_01948/MergedPointCloud/32edcf75b3c35613.pcd,1633942992599806
b'D0\xdc=\x8b\xc7]\x0c',b'1\\\xccy\x9bYP\xb2',b'2\xed\xcfu\xb3\xc3V\x13',"b'\xfa\xee\xfda%\x03W""'",b'h\xe3\x13@\x15\x85_h',"b'\xc1\nW\x14""F\\Q'",2021.10.11.08.31.07_veh-50_01750_01948/MergedPointCloud/4430dc3d8bc75d0c.pcd,1633942992649820
b'1\\\xccy\x9bYP\xb2',b'\xe1\xafFT(\r]F',b'D0\xdc=\x8b\xc7]\x0c',b'\x1f\x8f-\xbd\xf5\xeeTf',b'h\xe3\x13@\x15\x85_h',"b'\xc1\nW\x14""F\\Q'",2021.10.11.08.31.07_veh-50_01750_01948/MergedPointCloud/315ccc799b5950b2.pcd,1633942992699833
b'\xe1\xafFT(\r]F',b'\x99\x81w\xde\xb1\x15T3',b'1\\\xccy\x9bYP\xb2',b'\xf3n\x99\xea\xd4NY\xd9',b'h\xe3\x13@\x15\x85_h',"b'\xc1\nW\x14""F\\Q'",2021.10.11.08.31.07_veh-50_01750_01948/MergedPointCloud/e1af4654280d5d46.pcd,1633942992749847
b'\x99\x81w\xde\xb1\x15T3',b'\x08\x0c\xffmc\xa9W\xfb',b'\xe1\xafFT(\r]F',b'\x96\xcewc\xfb\xfcV\x1f',b'h\xe3\x13@\x15\x85_h',"b'\xc1\nW\x14""F\\Q'",2021.10.11.08.31.07_veh-50_01750_01948/MergedPointCloud/998177deb1155433.pcd,1633942992799860
b'\x08\x0c\xffmc\xa9W\xfb',b'\x0c\xc5\xe5\xf0\x91\xc1\\\x96',b'\x99\x81w\xde\xb1\x15T3',b'\x0e0\x19]\x8e\x99Tp',b'h\xe3\x13@\x15\x85_h',"b'\xc1\nW\x14""F\\Q'",2021.10.11.08.31.07_veh-50_01750_01948/MergedPointCloud/080cff6d63a957fb.pcd,1633942992849873
b'\x0c\xc5\xe5\xf0\x91\xc1\\\x96',b'\x98\x9d%\x03\x8c\xca]m',b'\x08\x0c\xffmc\xa9W\xfb',"b'k""\xba\xb2\x9bL^\x01'",b'h\xe3\x13@\x15\x85_h',"b'\xc1\nW\x14""F\\Q'",2021.10.11.08.31.07_veh-50_01750_01948/MergedPointCloud/0cc5e5f091c15c96.pcd,1633942992899888
b'\x98\x9d%\x03\x8c\xca]m',b'\xf3\x06\xa1\x0e*\xc9Xk',b'\x0c\xc5\xe5\xf0\x91\xc1\\\x96',b't0\xbdr\x1f\xe6X\x8b',b'h\xe3\x13@\x15\x85_h',"b'\xc1\nW\x14""F\\Q'",2021.10.11.08.31.07_veh-50_01750_01948/MergedPointCloud/989d25038cca5d6d.pcd,1633942992949908
b'\xf3\x06\xa1\x0e*\xc9Xk',b'\xc8;\xcc\x90\xfe\xafU\xa7',b'\x98\x9d%\x03\x8c\xca]m',b'\xdf\x19G\x9b\xac\xc4Q\xf7',b'h\xe3\x13@\x15\x85_h',"b'\xc1\nW\x14""F\\Q'",2021.10.11.08.31.07_veh-50_01750_01948/MergedPointCloud/f306a10e2ac9586b.pcd,1633942992999930
b'\xc8;\xcc\x90\xfe\xafU\xa7',b'\xf6\x96\x02ET@Z\x14',b'\xf3\x06\xa1\x0e*\xc9Xk',b'\x96\xa5\xf5\x04u\x13V\xb8',b'h\xe3\x13@\x15\x85_h',"b'\xc1\nW\x14""F\\Q'",2021.10.11.08.31.07_veh-50_01750_01948/MergedPointCloud/c83bcc90feaf55a7.pcd,1633942993049953
b'\xf6\x96\x02ET@Z\x14',b'\xa0L\x87\xba\xe3/Zl',b'\xc8;\xcc\x90\xfe\xafU\xa7',b'@\xa1S\x90\x87\x82Q~',b'h\xe3\x13@\x15\x85_h',"b'\xc1\nW\x14""F\\Q'",2021.10.11.08.31.07_veh-50_01750_01948/MergedPointCloud/f696024554405a14.pcd,1633942993099980
b'\xa0L\x87\xba\xe3/Zl',b'[\x91D\xd4sQS\xf5',b'\xf6\x96\x02ET@Z\x14',b'\x98\xc7v\xdb\x1b\x83P\xde',b'h\xe3\x13@\x15\x85_h',"b'\xc1\nW\x14""F\\Q'",2021.10.11.08.31.07_veh-50_01750_01948/MergedPointCloud/a04c87bae32f5a6c.pcd,1633942993150005
b'[\x91D\xd4sQS\xf5',"b""\xa1\x8b\xb4'\xf1\xd2W\xb1""",b'\xa0L\x87\xba\xe3/Zl',b'N0\xd4\xcf\xc4\xebX\xd8',b'h\xe3\x13@\x15\x85_h',"b'\xc1\nW\x14""F\\Q'",2021.10.11.08.31.07_veh-50_01750_01948/MergedPointCloud/5b9144d4735153f5.pcd,1633942993200027
"b""\xa1\x8b\xb4'\xf1\xd2W\xb1""",b'\xdbPN;.\xc2Xs',b'[\x91D\xd4sQS\xf5',b'P\x92\x06\xe0\xae\x8cVj',b'h\xe3\x13@\x15\x85_h',"b'\xc1\nW\x14""F\\Q'",2021.10.11.08.31.07_veh-50_01750_01948/MergedPointCloud/a18bb427f1d257b1.pcd,1633942993250045
b'\xdbPN;.\xc2Xs',b'->\x9a\xdbF\xf7[\x1f',"b""\xa1\x8b\xb4'\xf1\xd2W\xb1""",b'\xfe4&\xf6#\xc4_A',b'h\xe3\x13@\x15\x85_h',"b'\xc1\nW\x14""F\\Q'",2021.10.11.08.31.07_veh-50_01750_01948/MergedPointCloud/db504e3b2ec25873.pcd,1633942993300059
b'->\x9a\xdbF\xf7[\x1f',b'\x03\x90\xa7\xa4\x9b S`',b'\xdbPN;.\xc2Xs',b'\x15\x9c(h\xb2\xe9]5',b'h\xe3\x13@\x15\x85_h',"b'\xc1\nW\x14""F\\Q'",2021.10.11.08.31.07_veh-50_01750_01948/MergedPointCloud/2d3e9adb46f75b1f.pcd,1633942993350068
b'\x03\x90\xa7\xa4\x9b S`',b'\xba\xd1\x86\xc3m\xb9P\xb7',b'->\x9a\xdbF\xf7[\x1f',b'\xd8\x02\x15\x0ey\xafW\xdd',b'h\xe3\x13@\x15\x85_h',"b'\xc1\nW\x14""F\\Q'",2021.10.11.08.31.07_veh-50_01750_01948/MergedPointCloud/0390a7a49b205360.pcd,1633942993400073
b'\xba\xd1\x86\xc3m\xb9P\xb7',b'\xf34\xfd\xc2\x0b\xdcVx',b'\x03\x90\xa7\xa4\x9b S`',b'\xe2L\x8e&\x9bK]\xd4',b'h\xe3\x13@\x15\x85_h',"b'\xc1\nW\x14""F\\Q'",2021.10.11.08.31.07_veh-50_01750_01948/MergedPointCloud/bad186c36db950b7.pcd,1633942993450073
b'\xf34\xfd\xc2\x0b\xdcVx',b'$p\xe5\x8fa\xa2R\xee',b'\xba\xd1\x86\xc3m\xb9P\xb7',b'\xa1q\xa0J7\x0bX\x11',b'h\xe3\x13@\x15\x85_h',"b'\xc1\nW\x14""F\\Q'",2021.10.11.08.31.07_veh-50_01750_01948/MergedPointCloud/f334fdc20bdc5678.pcd,1633942993500070
b'$p\xe5\x8fa\xa2R\xee',b'\xc5\xe1\xaaP.\xa3V7',b'\xf34\xfd\xc2\x0b\xdcVx',b'\xd1\xb9\xae\x90\xe0\x86\\\x9e',b'h\xe3\x13@\x15\x85_h',"b'\xc1\nW\x14""F\\Q'",2021.10.11.08.31.07_veh-50_01750_01948/MergedPointCloud/2470e58f61a252ee.pcd,1633942993550061
b'\xc5\xe1\xaaP.\xa3V7',"b'""\x1a+\n\xff\x04ZM'",b'$p\xe5\x8fa\xa2R\xee',b'\x19\xf1\xcc\xb2d\x10Xe',b'h\xe3\x13@\x15\x85_h',"b'\xc1\nW\x14""F\\Q'",2021.10.11.08.31.07_veh-50_01750_01948/MergedPointCloud/c5e1aa502ea35637.pcd,1633942993600047
"b'""\x1a+\n\xff\x04ZM'",b'\x1e\x06\n\xb5\xdd\xa4WR',b'\xc5\xe1\xaaP.\xa3V7',b'\xa4\xb7\x04\x11/\x01[\xf0',b'h\xe3\x13@\x15\x85_h',"b'\xc1\nW\x14""F\\Q'",2021.10.11.08.31.07_veh-50_01750_01948/MergedPointCloud/221a2b0aff045a4d.pcd,1633942993650031
b'\x1e\x06\n\xb5\xdd\xa4WR',b'\x0c\xb3\x9b2\x16.X\xb9',"b'""\x1a+\n\xff\x04ZM'",b'\xbd\xa3\x82o\xd2\xf8X\xb4',b'h\xe3\x13@\x15\x85_h',"b'\xc1\nW\x14""F\\Q'",2021.10.11.08.31.07_veh-50_01750_01948/MergedPointCloud/1e060ab5dda45752.pcd,1633942993700011
b'\x0c\xb3\x9b2\x16.X\xb9',b'\xe1\xab3~\x08\x90P\x89',b'\x1e\x06\n\xb5\xdd\xa4WR',b'\x89\xed\xd5\xa0\x81\x1fSR',b'h\xe3\x13@\x15\x85_h',"b'\xc1\nW\x14""F\\Q'",2021.10.11.08.31.07_veh-50_01750_01948/MergedPointCloud/0cb39b32162e58b9.pcd,1633942993749987
b'\xe1\xab3~\x08\x90P\x89',b'\xbd\xf8\x16_\xb61W\xf3',b'\x0c\xb3\x9b2\x16.X\xb9',b'\xcd\xad\xb6k\x1d\xd3\\\x9f',b'h\xe3\x13@\x15\x85_h',"b'\xc1\nW\x14""F\\Q'",2021.10.11.08.31.07_veh-50_01750_01948/MergedPointCloud/e1ab337e08905089.pcd,1633942993799959
b'\xbd\xf8\x16_\xb61W\xf3',"b'\xa4""\xa4\x86\x18""]\xb1'",b'\xe1\xab3~\x08\x90P\x89',b'\xa3\xfe\xb8\xa9\xa3\xd0V\x01',b'h\xe3\x13@\x15\x85_h',"b'\xc1\nW\x14""F\\Q'",2021.10.11.08.31.07_veh-50_01750_01948/MergedPointCloud/bdf8165fb63157f3.pcd,1633942993849929
"b'\xa4""\xa4\x86\x18""]\xb1'",b'\xd1\x82\xbcm\x8cv^F',b'\xbd\xf8\x16_\xb61W\xf3',b'\xd4`\xac\xf4f\xbdP\xd5',b'h\xe3\x13@\x15\x85_h',"b'\xc1\nW\x14""F\\Q'",2021.10.11.08.31.07_veh-50_01750_01948/MergedPointCloud/a422a48618225db1.pcd,1633942993899898
b'\xd1\x82\xbcm\x8cv^F',b'\x8b`\x16)\xfc5P\xb4',"b'\xa4""\xa4\x86\x18""]\xb1'",b'\xa1\xde\xea\xc8S\xd9]\x06',b'h\xe3\x13@\x15\x85_h',"b'\xc1\nW\x14""F\\Q'",2021.10.11.08.31.07_veh-50_01750_01948/MergedPointCloud/d182bc6d8c765e46.pcd,1633942993949866
b'\x8b`\x16)\xfc5P\xb4',b'm\xc86\xc8\x8c\xa8U/',b'\xd1\x82\xbcm\x8cv^F',b'\\q\xac\xc8\x92\xd0\\K',b'h\xe3\x13@\x15\x85_h',"b'\xc1\nW\x14""F\\Q'",2021.10.11.08.31.07_veh-50_01750_01948/MergedPointCloud/8b601629fc3550b4.pcd,1633942993999838
b'm\xc86\xc8\x8c\xa8U/',b'x \x8e\xd2\xdc\xca[=',b'\x8b`\x16)\xfc5P\xb4',b'(\x02Lw\x92\xa5\\J',b'h\xe3\x13@\x15\x85_h',"b'\xc1\nW\x14""F\\Q'",2021.10.11.08.31.07_veh-50_01750_01948/MergedPointCloud/6dc836c88ca8552f.pcd,1633942994049810
b'x \x8e\xd2\xdc\xca[=',b'\xe3P\x8b\xac-\xe2W\n',b'm\xc86\xc8\x8c\xa8U/',b'\x0e\n\x0f\x83x\nZ\xc3',b'h\xe3\x13@\x15\x85_h',"b'\xc1\nW\x14""F\\Q'",2021.10.11.08.31.07_veh-50_01750_01948/MergedPointCloud/78208ed2dcca5b3d.pcd,1633942994099784
b'\xe3P\x8b\xac-\xe2W\n',b' \xec\x83\xe55\xa1Q\r',b'x \x8e\xd2\xdc\xca[=',b'\x0e\xf6\xe7R\xcf\xe5U\x0c',b'h\xe3\x13@\x15\x85_h',"b'\xc1\nW\x14""F\\Q'",2021.10.11.08.31.07_veh-50_01750_01948/MergedPointCloud/e3508bac2de2570a.pcd,1633942994149756
b' \xec\x83\xe55\xa1Q\r',"b""\xf6g\x15'\xa2\x82Sa""",b'\xe3P\x8b\xac-\xe2W\n',b'P\xba\xc9\xd1\x8e\x1aR\xb4',b'h\xe3\x13@\x15\x85_h',"b'\xc1\nW\x14""F\\Q'",2021.10.11.08.31.07_veh-50_01750_01948/MergedPointCloud/20ec83e535a1510d.pcd,1633942994199728
"b""\xf6g\x15'\xa2\x82Sa""",b'\x0e\xdc\x97\xa3|\xfeT\xec',b' \xec\x83\xe55\xa1Q\r',b'\xc3\xc0\xfd=\xcfXY(',b'h\xe3\x13@\x15\x85_h',"b'\xc1\nW\x14""F\\Q'",2021.10.11.08.31.07_veh-50_01750_01948/MergedPointCloud/f6671527a2825361.pcd,1633942994249702
b'\x0e\xdc\x97\xa3|\xfeT\xec',b'\xec\xf6b\x86\xc2\x84WI',"b""\xf6g\x15'\xa2\x82Sa""",b'9\x1a_\x1c\xc3\x0cSp',b'h\xe3\x13@\x15\x85_h',"b'\xc1\nW\x14""F\\Q'",2021.10.11.08.31.07_veh-50_01750_01948/MergedPointCloud/0edc97a37cfe54ec.pcd,1633942994299675
b'\xec\xf6b\x86\xc2\x84WI',b'\xa2\xed\xbe\xa0v#X\xc8',b'\x0e\xdc\x97\xa3|\xfeT\xec',b'w>\xb1\xf2\xb1WW\x11',b'h\xe3\x13@\x15\x85_h',"b'\xc1\nW\x14""F\\Q'",2021.10.11.08.31.07_veh-50_01750_01948/MergedPointCloud/ecf66286c2845749.pcd,1633942994349652
b'\xa2\xed\xbe\xa0v#X\xc8',b'$\xf5\xae\xac\x9c\x8fT\x92',b'\xec\xf6b\x86\xc2\x84WI',b'\x8f\x88\x89\x04{\xba^\xe3',b'h\xe3\x13@\x15\x85_h',"b'\xc1\nW\x14""F\\Q'",2021.10.11.08.31.07_veh-50_01750_01948/MergedPointCloud/a2edbea0762358c8.pcd,1633942994399627
b'$\xf5\xae\xac\x9c\x8fT\x92',b'3\x0c\xddk\xb5\xa2[\x08',b'\xa2\xed\xbe\xa0v#X\xc8',b'\x0cl\x08\x9c\xa2\x9eU\x8c',b'h\xe3\x13@\x15\x85_h',"b'\xc1\nW\x14""F\\Q'",2021.10.11.08.31.07_veh-50_01750_01948/MergedPointCloud/24f5aeac9c8f5492.pcd,1633942994449603
b'3\x0c\xddk\xb5\xa2[\x08',b'\xa5\xc1W\xe4\xd9\xaeS\xd4',b'$\xf5\xae\xac\x9c\x8fT\x92',b'\xa2\xb5\xf5\xc5t\xccXa',b'h\xe3\x13@\x15\x85_h',"b'\xc1\nW\x14""F\\Q'",2021.10.11.08.31.07_veh-50_01750_01948/MergedPointCloud/330cdd6bb5a25b08.pcd,1633942994499576
b'\xa5\xc1W\xe4\xd9\xaeS\xd4',b'J\x15\x15Y\x01i\\D',b'3\x0c\xddk\xb5\xa2[\x08',b'r6`\x13\x05HT\xde',b'h\xe3\x13@\x15\x85_h',"b'\xc1\nW\x14""F\\Q'",2021.10.11.08.31.07_veh-50_01750_01948/MergedPointCloud/a5c157e4d9ae53d4.pcd,1633942994549549
b'J\x15\x15Y\x01i\\D',b'n\x7f\xa5\x1anMWA',b'\xa5\xc1W\xe4\xd9\xaeS\xd4',b'\xe0O\xc3$(\x1aZ\x9a',b'h\xe3\x13@\x15\x85_h',"b'\xc1\nW\x14""F\\Q'",2021.10.11.08.31.07_veh-50_01750_01948/MergedPointCloud/4a15155901695c44.pcd,1633942994599521
b'n\x7f\xa5\x1anMWA',b'\\\x0c\x15}`\xf4V{',b'J\x15\x15Y\x01i\\D',b'^\x9e\x1d7\x97\x82[\xe3',b'h\xe3\x13@\x15\x85_h',"b'\xc1\nW\x14""F\\Q'",2021.10.11.08.31.07_veh-50_01750_01948/MergedPointCloud/6e7fa51a6e4d5741.pcd,1633942994649494
b'\\\x0c\x15}`\xf4V{',b'\xfb\xe3\x82\xa6\\\xbeP\x9a',b'n\x7f\xa5\x1anMWA',b'\xde\x96\xe1Z\xf8\x7fV\xda',b'h\xe3\x13@\x15\x85_h',"b'\xc1\nW\x14""F\\Q'",2021.10.11.08.31.07_veh-50_01750_01948/MergedPointCloud/5c0c157d60f4567b.pcd,1633942994699466
b'\xfb\xe3\x82\xa6\\\xbeP\x9a',b'\x1d\x91N\xa7\xd9%T\x97',b'\\\x0c\x15}`\xf4V{',b'\xa5?\xab\xbf\xfd\x8e^\xd0',b'h\xe3\x13@\x15\x85_h',"b'\xc1\nW\x14""F\\Q'",2021.10.11.08.31.07_veh-50_01750_01948/MergedPointCloud/fbe382a65cbe509a.pcd,1633942994749437
b'\x1d\x91N\xa7\xd9%T\x97',b'\x86\xbdJ\xac\xd8\x05\\j',b'\xfb\xe3\x82\xa6\\\xbeP\x9a',b'%\xe5?~\xe6\x93U\x93',b'h\xe3\x13@\x15\x85_h',"b'\xc1\nW\x14""F\\Q'",2021.10.11.08.31.07_veh-50_01750_01948/MergedPointCloud/1d914ea7d9255497.pcd,1633942994799412
b'\x86\xbdJ\xac\xd8\x05\\j',b'\xf01\xa5;\xbab\\\x93',b'\x1d\x91N\xa7\xd9%T\x97',b'\x11\x8b\\>\xf1\xf8PY',b'h\xe3\x13@\x15\x85_h',"b'\xc1\nW\x14""F\\Q'",2021.10.11.08.31.07_veh-50_01750_01948/MergedPointCloud/86bd4aacd8055c6a.pcd,1633942994849387
b'\xf01\xa5;\xbab\\\x93',b'(H\xdf\\rmP}',b'\x86\xbdJ\xac\xd8\x05\\j',b'~\x13^\r\xf1\x8e\\>',b'h\xe3\x13@\x15\x85_h',"b'\xc1\nW\x14""F\\Q'",2021.10.11.08.31.07_veh-50_01750_01948/MergedPointCloud/f031a53bba625c93.pcd,1633942994899362
b'(H\xdf\\rmP}',"b',\x88r\x1d`ZQ\xb3'",b'\xf01\xa5;\xbab\\\x93',b'i\x95!\xe7\xff\xd4Z\x1d',b'h\xe3\x13@\x15\x85_h',"b'\xc1\nW\x14""F\\Q'",2021.10.11.08.31.07_veh-50_01750_01948/MergedPointCloud/2848df5c726d507d.pcd,1633942994949339
"b',\x88r\x1d`ZQ\xb3'",b'\xa7}g\xbb\xe3!W\xbe',b'(H\xdf\\rmP}',b'N\xca\x07\xda1\xdeYI',b'h\xe3\x13@\x15\x85_h',"b'\xc1\nW\x14""F\\Q'",2021.10.11.08.31.07_veh-50_01750_01948/MergedPointCloud/2c88721d605a51b3.pcd,1633942994999313
b'\xa7}g\xbb\xe3!W\xbe',b'\xcf\xd2\xd9\x0b g\\\x8e',"b',\x88r\x1d`ZQ\xb3'",b'EN\xcd\xe7!VY\x08',b'h\xe3\x13@\x15\x85_h',"b'\xc1\nW\x14""F\\Q'",2021.10.11.08.31.07_veh-50_01750_01948/MergedPointCloud/a77d67bbe32157be.pcd,1633942995049288
b'\xcf\xd2\xd9\x0b g\\\x8e',"b""\xb6 ;'\nEU\xb2""",b'\xa7}g\xbb\xe3!W\xbe',b'p.M\xb0\x98\xa9Wb',b'h\xe3\x13@\x15\x85_h',"b'\xc1\nW\x14""F\\Q'",2021.10.11.08.31.07_veh-50_01750_01948/MergedPointCloud/cfd2d90b20675c8e.pcd,1633942995099263
"b""\xb6 ;'\nEU\xb2""",b'\x9e\x1b\xbb\xdf\xbd\x11TI',b'\xcf\xd2\xd9\x0b g\\\x8e',b'\xcd[\x81/\x86\xa9Z\x9b',b'h\xe3\x13@\x15\x85_h',"b'\xc1\nW\x14""F\\Q'",2021.10.11.08.31.07_veh-50_01750_01948/MergedPointCloud/b6203b270a4555b2.pcd,1633942995149240
b'\x9e\x1b\xbb\xdf\xbd\x11TI',b'\xe4\xde.K\x87\x06Q\xba',"b""\xb6 ;'\nEU\xb2""",b'\x0e\xda\x9a\xe4\x11\x7f]z',b'h\xe3\x13@\x15\x85_h',"b'\xc1\nW\x14""F\\Q'",2021.10.11.08.31.07_veh-50_01750_01948/MergedPointCloud/9e1bbbdfbd115449.pcd,1633942995199221
b'\xe4\xde.K\x87\x06Q\xba',b'c\x16`-\xb6\xd7P\x92',b'\x9e\x1b\xbb\xdf\xbd\x11TI',b'\xffn\xc6\xe7J|Z\x1b',b'h\xe3\x13@\x15\x85_h',"b'\xc1\nW\x14""F\\Q'",2021.10.11.08.31.07_veh-50_01750_01948/MergedPointCloud/e4de2e4b870651ba.pcd,1633942995249206
b'c\x16`-\xb6\xd7P\x92',b'\x11\n\xcd\x08\x93\xc8\\6',b'\xe4\xde.K\x87\x06Q\xba',b'}\\c\xe2\xf0\xd5]\x07',b'h\xe3\x13@\x15\x85_h',"b'\xc1\nW\x14""F\\Q'",2021.10.11.08.31.07_veh-50_01750_01948/MergedPointCloud/6316602db6d75092.pcd,1633942995299195
b'\x11\n\xcd\x08\x93\xc8\\6',b'\xb0\x80\xc1\x12\x85bS\x7f',b'c\x16`-\xb6\xd7P\x92',"b'\x05QiI\xd5\xca]""'",b'h\xe3\x13@\x15\x85_h',"b'\xc1\nW\x14""F\\Q'",2021.10.11.08.31.07_veh-50_01750_01948/MergedPointCloud/110acd0893c85c36.pcd,1633942995349189
b'\xb0\x80\xc1\x12\x85bS\x7f',b'\xdc\xdf\xd7\x85\xdb`[>',b'\x11\n\xcd\x08\x93\xc8\\6',b'H*>\x895d^\x01',b'h\xe3\x13@\x15\x85_h',"b'\xc1\nW\x14""F\\Q'",2021.10.11.08.31.07_veh-50_01750_01948/MergedPointCloud/b080c1128562537f.pcd,1633942995399188
b'\xdc\xdf\xd7\x85\xdb`[>',b'\xfb\x90\xfcU\x16[V\xd6',b'\xb0\x80\xc1\x12\x85bS\x7f',b'by\xa1\xe1\x9f\xc6Y\x8f',b'h\xe3\x13@\x15\x85_h',"b'\xc1\nW\x14""F\\Q'",2021.10.11.08.31.07_veh-50_01750_01948/MergedPointCloud/dcdfd785db605b3e.pcd,1633942995449192
b'\xfb\x90\xfcU\x16[V\xd6',b'`\x8d\xd3\xdf\x8eNZ\xc0',b'\xdc\xdf\xd7\x85\xdb`[>',b'\x12\xd3\xb4\xd5Q\xb6R\x87',b'h\xe3\x13@\x15\x85_h',"b'\xc1\nW\x14""F\\Q'",2021.10.11.08.31.07_veh-50_01750_01948/MergedPointCloud/fb90fc55165b56d6.pcd,1633942995499202
b'`\x8d\xd3\xdf\x8eNZ\xc0',b'T\xfc\xa5/i\xa0[\x0c',b'\xfb\x90\xfcU\x16[V\xd6',b'\xdb]\x06;&\xaaZ\x04',b'h\xe3\x13@\x15\x85_h',"b'\xc1\nW\x14""F\\Q'",2021.10.11.08.31.07_veh-50_01750_01948/MergedPointCloud/608dd3df8e4e5ac0.pcd,1633942995549215
b'T\xfc\xa5/i\xa0[\x0c',b'A\xc2\xbdB0\x12V\xfe',b'`\x8d\xd3\xdf\x8eNZ\xc0',b'q7#D\x8f|]]',b'h\xe3\x13@\x15\x85_h',"b'\xc1\nW\x14""F\\Q'",2021.10.11.08.31.07_veh-50_01750_01948/MergedPointCloud/54fca52f69a05b0c.pcd,1633942995599231
b'A\xc2\xbdB0\x12V\xfe',b'\xe5e\x11z>\xea]\x97',b'T\xfc\xa5/i\xa0[\x0c',b'\xe0\xef\xde[^-T\xb0',b'h\xe3\x13@\x15\x85_h',"b'\xc1\nW\x14""F\\Q'",2021.10.11.08.31.07_veh-50_01750_01948/MergedPointCloud/41c2bd42301256fe.pcd,1633942995649253
b'\xe5e\x11z>\xea]\x97',b'\xed\xadG\xaf\x7f\xccR\xcc',b'A\xc2\xbdB0\x12V\xfe',b'r:VHs\x8cZ\xb0',b'h\xe3\x13@\x15\x85_h',"b'\xc1\nW\x14""F\\Q'",2021.10.11.08.31.07_veh-50_01750_01948/MergedPointCloud/e565117a3eea5d97.pcd,1633942995699278
b'\xed\xadG\xaf\x7f\xccR\xcc',b'\x8d\x86\xeb\xecx\xa6[\xad',b'\xe5e\x11z>\xea]\x97',b'r\x82\x90\xd0\xb0KY\x12',b'h\xe3\x13@\x15\x85_h',"b'\xc1\nW\x14""F\\Q'",2021.10.11.08.31.07_veh-50_01750_01948/MergedPointCloud/edad47af7fcc52cc.pcd,1633942995749305
b'\x8d\x86\xeb\xecx\xa6[\xad',b'\xfb-\xe2\xab@\xc2X\x98',b'\xed\xadG\xaf\x7f\xccR\xcc',b'\x88\xc2 0\xf6\xe6^\x1e',b'h\xe3\x13@\x15\x85_h',"b'\xc1\nW\x14""F\\Q'",2021.10.11.08.31.07_veh-50_01750_01948/MergedPointCloud/8d86ebec78a65bad.pcd,1633942995799333
b'\xfb-\xe2\xab@\xc2X\x98',b'\x8e\xdd\xd7\xd2Yg]\x94',b'\x8d\x86\xeb\xecx\xa6[\xad',b'\xa0o$\x88\xd9%Y\xb9',b'h\xe3\x13@\x15\x85_h',"b'\xc1\nW\x14""F\\Q'",2021.10.11.08.31.07_veh-50_01750_01948/MergedPointCloud/fb2de2ab40c25898.pcd,1633942995849361
b'\x8e\xdd\xd7\xd2Yg]\x94',b'\xdb\xf7\x0e\xa3\xef\xa2U\x97',b'\xfb-\xe2\xab@\xc2X\x98',b'\xc3\x8e\xc6\xec\xc7=Q\xdc',b'h\xe3\x13@\x15\x85_h',"b'\xc1\nW\x14""F\\Q'",2021.10.11.08.31.07_veh-50_01750_01948/MergedPointCloud/8eddd7d259675d94.pcd,1633942995899390
b'\xdb\xf7\x0e\xa3\xef\xa2U\x97',b'\xc6t\xcd\xfa\x96S^T',b'\x8e\xdd\xd7\xd2Yg]\x94',b'\xc8!\x8a\x04\xe6\xbf_P',b'h\xe3\x13@\x15\x85_h',"b'\xc1\nW\x14""F\\Q'",2021.10.11.08.31.07_veh-50_01750_01948/MergedPointCloud/dbf70ea3efa25597.pcd,1633942995949421
b'\xc6t\xcd\xfa\x96S^T',b'X\xaa\x80v\x02\xbbW\xba',b'\xdb\xf7\x0e\xa3\xef\xa2U\x97',b'\xa9\x19e\xe2\xedM]\n',b'h\xe3\x13@\x15\x85_h',"b'\xc1\nW\x14""F\\Q'",2021.10.11.08.31.07_veh-50_01750_01948/MergedPointCloud/c674cdfa96535e54.pcd,1633942995999457
b'X\xaa\x80v\x02\xbbW\xba',b'\x80\x9a\xf2\x8cw\xadP\xd8',b'\xc6t\xcd\xfa\x96S^T',b'\xcc(\x04I\xf5\xa0T5',b'h\xe3\x13@\x15\x85_h',"b'\xc1\nW\x14""F\\Q'",2021.10.11.08.31.07_veh-50_01750_01948/MergedPointCloud/58aa807602bb57ba.pcd,1633942996049493
b'\x80\x9a\xf2\x8cw\xadP\xd8',b'\xdf\r\x84x\x8ePS\x15',b'X\xaa\x80v\x02\xbbW\xba',b'\xc5x2r#\x83S\x1b',b'h\xe3\x13@\x15\x85_h',"b'\xc1\nW\x14""F\\Q'",2021.10.11.08.31.07_veh-50_01750_01948/MergedPointCloud/809af28c77ad50d8.pcd,1633942996099532
b'\xdf\r\x84x\x8ePS\x15',b'~\xc2)\x1b0\xd6U.',b'\x80\x9a\xf2\x8cw\xadP\xd8',b'c\xc8\x00\xf9\x96\x10T\xa3',b'h\xe3\x13@\x15\x85_h',"b'\xc1\nW\x14""F\\Q'",2021.10.11.08.31.07_veh-50_01750_01948/MergedPointCloud/df0d84788e505315.pcd,1633942996149570
b'~\xc2)\x1b0\xd6U.',b'\x8bby\x0b\xf3\xbcZ\x16',b'\xdf\r\x84x\x8ePS\x15',b'\xa0\x12E\x8b\xfe8Wt',b'h\xe3\x13@\x15\x85_h',"b'\xc1\nW\x14""F\\Q'",2021.10.11.08.31.07_veh-50_01750_01948/MergedPointCloud/7ec2291b30d6552e.pcd,1633942996199610
b'\x8bby\x0b\xf3\xbcZ\x16',b'I{&\xe7Q\x8b_N',b'~\xc2)\x1b0\xd6U.',b'6\x1d\xec7\xba\x05_\x06',b'h\xe3\x13@\x15\x85_h',"b'\xc1\nW\x14""F\\Q'",2021.10.11.08.31.07_veh-50_01750_01948/MergedPointCloud/8b62790bf3bc5a16.pcd,1633942996249649
b'I{&\xe7Q\x8b_N',b'My\xad\xde\xf8\x81Ye',b'\x8bby\x0b\xf3\xbcZ\x16',b'm\xae\xf3\x802\x9dS`',b'h\xe3\x13@\x15\x85_h',"b'\xc1\nW\x14""F\\Q'",2021.10.11.08.31.07_veh-50_01750_01948/MergedPointCloud/497b26e7518b5f4e.pcd,1633942996299684
b'My\xad\xde\xf8\x81Ye',b'<\xb9\xd8\x90\x0c-Z\xb2',b'I{&\xe7Q\x8b_N',b'\xa4k\x17:\x98\xcaPt',b'h\xe3\x13@\x15\x85_h',"b'\xc1\nW\x14""F\\Q'",2021.10.11.08.31.07_veh-50_01750_01948/MergedPointCloud/4d79addef8815965.pcd,1633942996349720
b'<\xb9\xd8\x90\x0c-Z\xb2',b'\xfcE\x85\xfa;\x1cQa',b'My\xad\xde\xf8\x81Ye',b'MP`\xc7\x81\xa5[\x8b',b'h\xe3\x13@\x15\x85_h',"b'\xc1\nW\x14""F\\Q'",2021.10.11.08.31.07_veh-50_01750_01948/MergedPointCloud/3cb9d8900c2d5ab2.pcd,1633942996399753
b'\xfcE\x85\xfa;\x1cQa',b'\x01\x97\x80\x1a\xbe\xe2_2',b'<\xb9\xd8\x90\x0c-Z\xb2',b'=i\x95i\xfa6U\xcf',b'h\xe3\x13@\x15\x85_h',"b'\xc1\nW\x14""F\\Q'",2021.10.11.08.31.07_veh-50_01750_01948/MergedPointCloud/fc4585fa3b1c5161.pcd,1633942996449787
b'\x01\x97\x80\x1a\xbe\xe2_2',b'\x07\xbbld\x801T\x8f',b'\xfcE\x85\xfa;\x1cQa',b'\xf21A\xb0)3VQ',b'h\xe3\x13@\x15\x85_h',"b'\xc1\nW\x14""F\\Q'",2021.10.11.08.31.07_veh-50_01750_01948/MergedPointCloud/0197801abee25f32.pcd,1633942996499822
b'\x07\xbbld\x801T\x8f',b'\xa3\xcey\x04\xeakW\x02',b'\x01\x97\x80\x1a\xbe\xe2_2',b'\xea`\xc5~\xb1ETf',b'h\xe3\x13@\x15\x85_h',"b'\xc1\nW\x14""F\\Q'",2021.10.11.08.31.07_veh-50_01750_01948/MergedPointCloud/07bb6c648031548f.pcd,1633942996549858
b'\xa3\xcey\x04\xeakW\x02',b'\xd3P\x1d\xcf3\xae[\x04',b'\x07\xbbld\x801T\x8f',b'\x87\xc3\xdc\x16>\x88_\xb1',b'h\xe3\x13@\x15\x85_h',"b'\xc1\nW\x14""F\\Q'",2021.10.11.08.31.07_veh-50_01750_01948/MergedPointCloud/a3ce7904ea6b5702.pcd,1633942996599895
b'\xd3P\x1d\xcf3\xae[\x04',"b""\xfdz\xa04'\xd4T\x96""",b'\xa3\xcey\x04\xeakW\x02',b'\xc2\xd4x\x86\x078P\xd8',b'h\xe3\x13@\x15\x85_h',"b'\xc1\nW\x14""F\\Q'",2021.10.11.08.31.07_veh-50_01750_01948/MergedPointCloud/d3501dcf33ae5b04.pcd,1633942996649934
"b""\xfdz\xa04'\xd4T\x96""",b'\x07>\x94R\x8f\xb8WU',b'\xd3P\x1d\xcf3\xae[\x04',b'\r\xf1\xd6\xe6_.]\x84',b'h\xe3\x13@\x15\x85_h',"b'\xc1\nW\x14""F\\Q'",2021.10.11.08.31.07_veh-50_01750_01948/MergedPointCloud/fd7aa03427d45496.pcd,1633942996699976
b'\x07>\x94R\x8f\xb8WU',b'-\x19\xdb\x84\xcc\x1dVB',"b""\xfdz\xa04'\xd4T\x96""",b'\x9e\x99V\x01\xb6\xa6\\\xfb',b'h\xe3\x13@\x15\x85_h',"b'\xc1\nW\x14""F\\Q'",2021.10.11.08.31.07_veh-50_01750_01948/MergedPointCloud/073e94528fb85755.pcd,1633942996750022
b'-\x19\xdb\x84\xcc\x1dVB',b'\xa9\x86^\xf7t\x12[\x12',b'\x07>\x94R\x8f\xb8WU',b'<\xc5l2\xdc;Vt',b'h\xe3\x13@\x15\x85_h',"b'\xc1\nW\x14""F\\Q'",2021.10.11.08.31.07_veh-50_01750_01948/MergedPointCloud/2d19db84cc1d5642.pcd,1633942996800069
b'\xa9\x86^\xf7t\x12[\x12',b'6yv\x10C\x1dWt',b'-\x19\xdb\x84\xcc\x1dVB',b'c\xcd\x16MO\x17_\xb0',b'h\xe3\x13@\x15\x85_h',"b'\xc1\nW\x14""F\\Q'",2021.10.11.08.31.07_veh-50_01750_01948/MergedPointCloud/a9865ef774125b12.pcd,1633942996850114
b'6yv\x10C\x1dWt',b'\xf5\xf5\x1a\xe9\x7f\x06_^',b'\xa9\x86^\xf7t\x12[\x12',b'2\x16D6}/T\xc6',b'h\xe3\x13@\x15\x85_h',"b'\xc1\nW\x14""F\\Q'",2021.10.11.08.31.07_veh-50_01750_01948/MergedPointCloud/36797610431d5774.pcd,1633942996900157
b'\xf5\xf5\x1a\xe9\x7f\x06_^',b'\xfc\xfe\x1b\xa6\xc9\x9e\\\x04',b'6yv\x10C\x1dWt',b'\x9e\xa0\xe7\xe1\x8b\\[u',b'h\xe3\x13@\x15\x85_h',"b'\xc1\nW\x14""F\\Q'",2021.10.11.08.31.07_veh-50_01750_01948/MergedPointCloud/f5f51ae97f065f5e.pcd,1633942996950198
b'\xfc\xfe\x1b\xa6\xc9\x9e\\\x04',b'\x18\xc4\xbe\x00\x14F_\x9d',b'\xf5\xf5\x1a\xe9\x7f\x06_^',b'\xfb&y5\xd6\xd1Y\x86',b'h\xe3\x13@\x15\x85_h',"b'\xc1\nW\x14""F\\Q'",2021.10.11.08.31.07_veh-50_01750_01948/MergedPointCloud/fcfe1ba6c99e5c04.pcd,1633942997000236
b'\x18\xc4\xbe\x00\x14F_\x9d',b'\x0e\x0b\xf0\xb5\x89o^\x15',b'\xfc\xfe\x1b\xa6\xc9\x9e\\\x04',b'\xa5)\xd5\xf06_[\xd8',b'h\xe3\x13@\x15\x85_h',"b'\xc1\nW\x14""F\\Q'",2021.10.11.08.31.07_veh-50_01750_01948/MergedPointCloud/18c4be0014465f9d.pcd,1633942997050269
b'\x0e\x0b\xf0\xb5\x89o^\x15',b'\xb3\xde\x9c<+vPB',b'\x18\xc4\xbe\x00\x14F_\x9d',b'b\xa1\x8f\x0bgoU)',b'h\xe3\x13@\x15\x85_h',"b'\xc1\nW\x14""F\\Q'",2021.10.11.08.31.07_veh-50_01750_01948/MergedPointCloud/0e0bf0b5896f5e15.pcd,1633942997100299
b'\xb3\xde\x9c<+vPB',b'\xe0D\x9dv\xe7\x1aX\x89',b'\x0e\x0b\xf0\xb5\x89o^\x15',b'f\xd6o\xf14\xe8R\xb9',b'h\xe3\x13@\x15\x85_h',"b'\xc1\nW\x14""F\\Q'",2021.10.11.08.31.07_veh-50_01750_01948/MergedPointCloud/b3de9c3c2b765042.pcd,1633942997150321
b'\xe0D\x9dv\xe7\x1aX\x89',b'\xb4\xba\xba%\xe0\xc6Q?',b'\xb3\xde\x9c<+vPB',b'Y\xec\xc3\x03\xf1g]\x97',b'h\xe3\x13@\x15\x85_h',"b'\xc1\nW\x14""F\\Q'",2021.10.11.08.31.07_veh-50_01750_01948/MergedPointCloud/e0449d76e71a5889.pcd,1633942997200340
b'\xb4\xba\xba%\xe0\xc6Q?',"b'\x83\xb6H""Q2Q\xf4'",b'\xe0D\x9dv\xe7\x1aX\x89',b'\xfc\xd4\xe7\xbb\x1eDQb',b'h\xe3\x13@\x15\x85_h',"b'\xc1\nW\x14""F\\Q'",2021.10.11.08.31.07_veh-50_01750_01948/MergedPointCloud/b4baba25e0c6513f.pcd,1633942997250351
"b'\x83\xb6H""Q2Q\xf4'",b'\xdf\xbc\x87\xbf\x96\x97P\xc6',b'\xb4\xba\xba%\xe0\xc6Q?',b'\x99\x9cg\xa7\xdb\x86V$',b'h\xe3\x13@\x15\x85_h',"b'\xc1\nW\x14""F\\Q'",2021.10.11.08.31.07_veh-50_01750_01948/MergedPointCloud/83b64822513251f4.pcd,1633942997300353
b'\xdf\xbc\x87\xbf\x96\x97P\xc6',b' R\xd7\xac;bP\x9e',"b'\x83\xb6H""Q2Q\xf4'",b'\x12\x17\xef\x8d\x00>^\x84',b'h\xe3\x13@\x15\x85_h',"b'\xc1\nW\x14""F\\Q'",2021.10.11.08.31.07_veh-50_01750_01948/MergedPointCloud/dfbc87bf969750c6.pcd,1633942997350349
b' R\xd7\xac;bP\x9e',b'H\xea\xcb\xb9\x98\x85]\x99',b'\xdf\xbc\x87\xbf\x96\x97P\xc6',b';\xd8\xcf\t\xbf\xe9T\r',b'h\xe3\x13@\x15\x85_h',"b'\xc1\nW\x14""F\\Q'",2021.10.11.08.31.07_veh-50_01750_01948/MergedPointCloud/2052d7ac3b62509e.pcd,1633942997400338
b'H\xea\xcb\xb9\x98\x85]\x99',b'!\xc6\xc6\xc9L\x12Q\x7f',b' R\xd7\xac;bP\x9e',b'\xcd\xc6vi\xfe\x04US',b'h\xe3\x13@\x15\x85_h',"b'\xc1\nW\x14""F\\Q'",2021.10.11.08.31.07_veh-50_01750_01948/MergedPointCloud/48eacbb998855d99.pcd,1633942997450329
b'!\xc6\xc6\xc9L\x12Q\x7f',b'\xaf&\xcaL\x9b\xfeX\xee',b'H\xea\xcb\xb9\x98\x85]\x99',b'\x12\xd4\x06k\xc9@[C',b'h\xe3\x13@\x15\x85_h',"b'\xc1\nW\x14""F\\Q'",2021.10.11.08.31.07_veh-50_01750_01948/MergedPointCloud/21c6c6c94c12517f.pcd,1633942997500318
b'\xaf&\xcaL\x9b\xfeX\xee',b'\x98V|\xeew\xc8T\xbb',b'!\xc6\xc6\xc9L\x12Q\x7f',b'\x15\x9ffV\x95\xa7V0',b'h\xe3\x13@\x15\x85_h',"b'\xc1\nW\x14""F\\Q'",2021.10.11.08.31.07_veh-50_01750_01948/MergedPointCloud/af26ca4c9bfe58ee.pcd,1633942997550307
b'\x98V|\xeew\xc8T\xbb',b'4{\x17\xef\x19\xe2U\xe8',b'\xaf&\xcaL\x9b\xfeX\xee',b'\xe5\xa9L\x13(\xdaS3',b'h\xe3\x13@\x15\x85_h',"b'\xc1\nW\x14""F\\Q'",2021.10.11.08.31.07_veh-50_01750_01948/MergedPointCloud/98567cee77c854bb.pcd,1633942997600293
b'4{\x17\xef\x19\xe2U\xe8',b'\x9e\xcc\xfd\xf5\x11\xb4S\xee',b'\x98V|\xeew\xc8T\xbb',b'^\x930zu\xe0W\xea',b'h\xe3\x13@\x15\x85_h',"b'\xc1\nW\x14""F\\Q'",2021.10.11.08.31.07_veh-50_01750_01948/MergedPointCloud/347b17ef19e255e8.pcd,1633942997650277
b'\x9e\xcc\xfd\xf5\x11\xb4S\xee',b'\x0b\n\xd7\xae1\xdcQ\xca',b'4{\x17\xef\x19\xe2U\xe8',b'\xcf\xead\x93\xb0lY/',b'h\xe3\x13@\x15\x85_h',"b'\xc1\nW\x14""F\\Q'",2021.10.11.08.31.07_veh-50_01750_01948/MergedPointCloud/9eccfdf511b453ee.pcd,1633942997700259
b'\x0b\n\xd7\xae1\xdcQ\xca',b'\xfa^\xe7\xfe\xd8\xbc[\x82',b'\x9e\xcc\xfd\xf5\x11\xb4S\xee',b'o0\x81\x1d\xfe\xefY\xf4',b'h\xe3\x13@\x15\x85_h',"b'\xc1\nW\x14""F\\Q'",2021.10.11.08.31.07_veh-50_01750_01948/MergedPointCloud/0b0ad7ae31dc51ca.pcd,1633942997750238
b'\xfa^\xe7\xfe\xd8\xbc[\x82',b'\xdfm%q\x9e\x19^o',b'\x0b\n\xd7\xae1\xdcQ\xca',b'\x96\x02\xc4S\x11QTQ',b'h\xe3\x13@\x15\x85_h',"b'\xc1\nW\x14""F\\Q'",2021.10.11.08.31.07_veh-50_01750_01948/MergedPointCloud/fa5ee7fed8bc5b82.pcd,1633942997800217
b'\xdfm%q\x9e\x19^o',"b""6z\x0e\xeb\xda\x1b['""",b'\xfa^\xe7\xfe\xd8\xbc[\x82',b'\xa9Gp\xb0KXYK',b'h\xe3\x13@\x15\x85_h',"b'\xc1\nW\x14""F\\Q'",2021.10.11.08.31.07_veh-50_01750_01948/MergedPointCloud/df6d25719e195e6f.pcd,1633942997850193
"b""6z\x0e\xeb\xda\x1b['""",b'\xec\x1bh3\xf0\xfe[\x8e',b'\xdfm%q\x9e\x19^o',b'oh\xb5J\xcd\x8a]\xc5',b'h\xe3\x13@\x15\x85_h',"b'\xc1\nW\x14""F\\Q'",2021.10.11.08.31.07_veh-50_01750_01948/MergedPointCloud/367a0eebda1b5b27.pcd,1633942997900172
b'\xec\x1bh3\xf0\xfe[\x8e',b'\x7f\xf5g\xaa\xed\xb1Tx',"b""6z\x0e\xeb\xda\x1b['""","b'\x93\xe7\xbf""\xb0uR\xf0'",b'h\xe3\x13@\x15\x85_h',"b'\xc1\nW\x14""F\\Q'",2021.10.11.08.31.07_veh-50_01750_01948/MergedPointCloud/ec1b6833f0fe5b8e.pcd,1633942997950148
b'\x7f\xf5g\xaa\xed\xb1Tx',b'3WS\xaa\xb9e^]',b'\xec\x1bh3\xf0\xfe[\x8e',b')\xc7\x7fT}\x93ZC',b'h\xe3\x13@\x15\x85_h',"b'\xc1\nW\x14""F\\Q'",2021.10.11.08.31.07_veh-50_01750_01948/MergedPointCloud/7ff567aaedb15478.pcd,1633942998000123
b'3WS\xaa\xb9e^]',b'@A=Sy\xf4P\x10',b'\x7f\xf5g\xaa\xed\xb1Tx',b'J\x92\xb71K}V\x1e',b'h\xe3\x13@\x15\x85_h',"b'\xc1\nW\x14""F\\Q'",2021.10.11.08.31.07_veh-50_01750_01948/MergedPointCloud/335753aab9655e5d.pcd,1633942998050099
b'@A=Sy\xf4P\x10',b'D\xb6\x98/\xc0rVl',b'3WS\xaa\xb9e^]',b'\x8cZ+d\x0c:\\\xc2',b'h\xe3\x13@\x15\x85_h',"b'\xc1\nW\x14""F\\Q'",2021.10.11.08.31.07_veh-50_01750_01948/MergedPointCloud/40413d5379f45010.pcd,1633942998100075
b'D\xb6\x98/\xc0rVl',b'A\xd5\xbd\x98\xf3+]\n',b'@A=Sy\xf4P\x10',b'S\xecv\x9c\x1a\xfdX+',b'h\xe3\x13@\x15\x85_h',"b'\xc1\nW\x14""F\\Q'",2021.10.11.08.31.07_veh-50_01750_01948/MergedPointCloud/44b6982fc072566c.pcd,1633942998150053
b'A\xd5\xbd\x98\xf3+]\n',b'\x108\xac\xcd7\xb5ZU',b'D\xb6\x98/\xc0rVl',b'\x87L\xdb3\xa6\xa1]\xab',b'h\xe3\x13@\x15\x85_h',"b'\xc1\nW\x14""F\\Q'",2021.10.11.08.31.07_veh-50_01750_01948/MergedPointCloud/41d5bd98f32b5d0a.pcd,1633942998200031
b'\x108\xac\xcd7\xb5ZU',b'<\x04\x8a3%\xacR\x9f',b'A\xd5\xbd\x98\xf3+]\n',"b""\xf4\x93s\xe9A\xd4Y'""",b'h\xe3\x13@\x15\x85_h',"b'\xc1\nW\x14""F\\Q'",2021.10.11.08.31.07_veh-50_01750_01948/MergedPointCloud/1038accd37b55a55.pcd,1633942998250015
b'<\x04\x8a3%\xacR\x9f',b'\xc2}\x17\xb8\x9a\xf8\\\xb8',b'\x108\xac\xcd7\xb5ZU',b'\xf8\xc3\x90\x15\x8c%V7',b'h\xe3\x13@\x15\x85_h',"b'\xc1\nW\x14""F\\Q'",2021.10.11.08.31.07_veh-50_01750_01948/MergedPointCloud/3c048a3325ac529f.pcd,1633942998300001
b'\xc2}\x17\xb8\x9a\xf8\\\xb8',b'\xae\xe1\x9c\xc40\xd6WY',b'<\x04\x8a3%\xacR\x9f',b's\x8e\x1f\x8c.$X\xf5',b'h\xe3\x13@\x15\x85_h',"b'\xc1\nW\x14""F\\Q'",2021.10.11.08.31.07_veh-50_01750_01948/MergedPointCloud/c27d17b89af85cb8.pcd,1633942998349989
b'\xae\xe1\x9c\xc40\xd6WY',b'N\xdc\xbdj\xaa~W\xa1',b'\xc2}\x17\xb8\x9a\xf8\\\xb8',b'\x188\xa6\xda\xe6EV\xf1',b'h\xe3\x13@\x15\x85_h',"b'\xc1\nW\x14""F\\Q'",2021.10.11.08.31.07_veh-50_01750_01948/MergedPointCloud/aee19cc430d65759.pcd,1633942998399979
b'N\xdc\xbdj\xaa~W\xa1',b'\xe3\xd0\x17=\x8f\xd5Q`',b'\xae\xe1\x9c\xc40\xd6WY',b'\x88{\xb5\xa0\xaa\xedU\x90',b'h\xe3\x13@\x15\x85_h',"b'\xc1\nW\x14""F\\Q'",2021.10.11.08.31.07_veh-50_01750_01948/MergedPointCloud/4edcbd6aaa7e57a1.pcd,1633942998449972
b'\xe3\xd0\x17=\x8f\xd5Q`',b'e\x14\x99t~g^\x0f',b'N\xdc\xbdj\xaa~W\xa1',b'\xceq9\xb0\x01\x92_(',b'h\xe3\x13@\x15\x85_h',"b'\xc1\nW\x14""F\\Q'",2021.10.11.08.31.07_veh-50_01750_01948/MergedPointCloud/e3d0173d8fd55160.pcd,1633942998499968
b'e\x14\x99t~g^\x0f',b'\x8c\xa5\x1b\xea\xc8\x80V\x13',b'\xe3\xd0\x17=\x8f\xd5Q`',b'\x96\xc3\x02\x86\xee\xc4_\xf2',b'h\xe3\x13@\x15\x85_h',"b'\xc1\nW\x14""F\\Q'",2021.10.11.08.31.07_veh-50_01750_01948/MergedPointCloud/651499747e675e0f.pcd,1633942998549965
b'\x8c\xa5\x1b\xea\xc8\x80V\x13',b'x\x04\x10#\x1a8^\xf7',b'e\x14\x99t~g^\x0f',b'2\xc4[\xb1\xd6K[\x82',b'h\xe3\x13@\x15\x85_h',"b'\xc1\nW\x14""F\\Q'",2021.10.11.08.31.07_veh-50_01750_01948/MergedPointCloud/8ca51beac8805613.pcd,1633942998599964
b'x\x04\x10#\x1a8^\xf7',b')\xea\xfe>0\xc0Z\x0c',b'\x8c\xa5\x1b\xea\xc8\x80V\x13',b'\xe3%\x1e!\x9b\xa4]\x96',b'h\xe3\x13@\x15\x85_h',"b'\xc1\nW\x14""F\\Q'",2021.10.11.08.31.07_veh-50_01750_01948/MergedPointCloud/780410231a385ef7.pcd,1633942998649966
b')\xea\xfe>0\xc0Z\x0c',b'\n\x18\x140\xbd8U\xfe',b'x\x04\x10#\x1a8^\xf7',b'\xdf\x95}\xb0K5\\h',b'h\xe3\x13@\x15\x85_h',"b'\xc1\nW\x14""F\\Q'",2021.10.11.08.31.07_veh-50_01750_01948/MergedPointCloud/29eafe3e30c05a0c.pcd,1633942998699968
b'\n\x18\x140\xbd8U\xfe',b'\xaa\x9c<h`\x02[\x10',b')\xea\xfe>0\xc0Z\x0c',b'\x95H\xe4\x7f-<QR',b'h\xe3\x13@\x15\x85_h',"b'\xc1\nW\x14""F\\Q'",2021.10.11.08.31.07_veh-50_01750_01948/MergedPointCloud/0a181430bd3855fe.pcd,1633942998749970
b'\xaa\x9c<h`\x02[\x10',b'\xeb\xf2v\t7\xf6[\xaa',b'\n\x18\x140\xbd8U\xfe',b'\xe3e07\xe3\x96[>',b'h\xe3\x13@\x15\x85_h',"b'\xc1\nW\x14""F\\Q'",2021.10.11.08.31.07_veh-50_01750_01948/MergedPointCloud/aa9c3c6860025b10.pcd,1633942998799972
b'\xeb\xf2v\t7\xf6[\xaa',b'&\xeb64\x7f\xecW\xcd',b'\xaa\x9c<h`\x02[\x10',b'\xf3\xd5i\xf9\xa1\xe7R\xb1',b'h\xe3\x13@\x15\x85_h',"b'\xc1\nW\x14""F\\Q'",2021.10.11.08.31.07_veh-50_01750_01948/MergedPointCloud/ebf2760937f65baa.pcd,1633942998849972
b'&\xeb64\x7f\xecW\xcd',b'\xdb\xc20\xd8\xd4\xa1_\xcb',b'\xeb\xf2v\t7\xf6[\xaa',b'\xb5\x9f\xb0\x99*\xf1_1',b'h\xe3\x13@\x15\x85_h',"b'\xc1\nW\x14""F\\Q'",2021.10.11.08.31.07_veh-50_01750_01948/MergedPointCloud/26eb36347fec57cd.pcd,1633942998899971
b'\xdb\xc20\xd8\xd4\xa1_\xcb',b'^\xfa\xb9C\xf2\x8fW\x0b',b'&\xeb64\x7f\xecW\xcd',b'\x9d\x95\xdd$S\xaaU2',b'h\xe3\x13@\x15\x85_h',"b'\xc1\nW\x14""F\\Q'",2021.10.11.08.31.07_veh-50_01750_01948/MergedPointCloud/dbc230d8d4a15fcb.pcd,1633942998949967
b'^\xfa\xb9C\xf2\x8fW\x0b',b'\xb8\xaf\x89:\xd9\x88Z\xb9',b'\xdb\xc20\xd8\xd4\xa1_\xcb',b'\xf6\xddXk{(Y\x87',b'h\xe3\x13@\x15\x85_h',"b'\xc1\nW\x14""F\\Q'",2021.10.11.08.31.07_veh-50_01750_01948/MergedPointCloud/5efab943f28f570b.pcd,1633942998999967
b'\xb8\xaf\x89:\xd9\x88Z\xb9',b'\x0e\x03\x17\x81\x90\xa3_\xca',b'^\xfa\xb9C\xf2\x8fW\x0b',b'\xb2\xc9\x05\xd99\xe5[8',b'h\xe3\x13@\x15\x85_h',"b'\xc1\nW\x14""F\\Q'",2021.10.11.08.31.07_veh-50_01750_01948/MergedPointCloud/b8af893ad9885ab9.pcd,1633942999049967
b'\x0e\x03\x17\x81\x90\xa3_\xca',b';yx\x03\x0c=[\x99',b'\xb8\xaf\x89:\xd9\x88Z\xb9',b']\x1a\xd3p\xc0\xb1R\x9d',b'h\xe3\x13@\x15\x85_h',"b'\xc1\nW\x14""F\\Q'",2021.10.11.08.31.07_veh-50_01750_01948/MergedPointCloud/0e03178190a35fca.pcd,1633942999099968
b';yx\x03\x0c=[\x99',"b""V'Y\xd4\xb6\xabW\x93""",b'\x0e\x03\x17\x81\x90\xa3_\xca',b'>ST\x00\xe6\x96P\xdf',b'h\xe3\x13@\x15\x85_h',"b'\xc1\nW\x14""F\\Q'",2021.10.11.08.31.07_veh-50_01750_01948/MergedPointCloud/3b7978030c3d5b99.pcd,1633942999149968
"b""V'Y\xd4\xb6\xabW\x93""",b'\xc2\xcfd\x99\x8dl^\x15',b';yx\x03\x0c=[\x99',b'\x8b\xc7q\xcc\x85\xa6^9',b'h\xe3\x13@\x15\x85_h',"b'\xc1\nW\x14""F\\Q'",2021.10.11.08.31.07_veh-50_01750_01948/MergedPointCloud/562759d4b6ab5793.pcd,1633942999199966
b'\xc2\xcfd\x99\x8dl^\x15',"b""\xfb\xbf\xdc\xed\xe2jR'""","b""V'Y\xd4\xb6\xabW\x93""",b'\xb37\xd5\xa2\x1d\xafU9',b'h\xe3\x13@\x15\x85_h',"b'\xc1\nW\x14""F\\Q'",2021.10.11.08.31.07_veh-50_01750_01948/MergedPointCloud/c2cf64998d6c5e15.pcd,1633942999249960
"b""\xfb\xbf\xdc\xed\xe2jR'""",b'\xbeq1\xcb\xba\x8dX_',b'\xc2\xcfd\x99\x8dl^\x15',b'\x7f\xdc\xc1\xbck\nW:',b'h\xe3\x13@\x15\x85_h',"b'\xc1\nW\x14""F\\Q'",2021.10.11.08.31.07_veh-50_01750_01948/MergedPointCloud/fbbfdcede26a5227.pcd,1633942999299949
b'\xbeq1\xcb\xba\x8dX_',b'@\xcb\xa4\x80\xf8\x0eZ\xfe',"b""\xfb\xbf\xdc\xed\xe2jR'""","b""'\x9a\xc7\x89\xa2\xa8]\xfa""",b'h\xe3\x13@\x15\x85_h',"b'\xc1\nW\x14""F\\Q'",2021.10.11.08.31.07_veh-50_01750_01948/MergedPointCloud/be7131cbba8d585f.pcd,1633942999349934
b'@\xcb\xa4\x80\xf8\x0eZ\xfe',b'\xcb\xe5\x83q0@Q\xae',b'\xbeq1\xcb\xba\x8dX_',b'@\xc6\xda^\x91\x98\\W',b'h\xe3\x13@\x15\x85_h',"b'\xc1\nW\x14""F\\Q'",2021.10.11.08.31.07_veh-50_01750_01948/MergedPointCloud/40cba480f80e5afe.pcd,1633942999399916
b'\xcb\xe5\x83q0@Q\xae',b'g8r1\xcc\x91S\x9d',b'@\xcb\xa4\x80\xf8\x0eZ\xfe',b']\xaf\x8b\xb4I\x9fQ\x86',b'h\xe3\x13@\x15\x85_h',"b'\xc1\nW\x14""F\\Q'",2021.10.11.08.31.07_veh-50_01750_01948/MergedPointCloud/cbe58371304051ae.pcd,1633942999449892
b'g8r1\xcc\x91S\x9d',b'\x8a\xa2\x9c\xae\x1e\x0fQ\xea',b'\xcb\xe5\x83q0@Q\xae',b'3\x92\xf6\xf2Z`_\xba',b'h\xe3\x13@\x15\x85_h',"b'\xc1\nW\x14""F\\Q'",2021.10.11.08.31.07_veh-50_01750_01948/MergedPointCloud/67387231cc91539d.pcd,1633942999499865
b'\x8a\xa2\x9c\xae\x1e\x0fQ\xea',b'\xb53x\x1ez\x8fSe',b'g8r1\xcc\x91S\x9d',b'\x9f\x99\x88\xd9.\xb0^\xf7',b'h\xe3\x13@\x15\x85_h',"b'\xc1\nW\x14""F\\Q'",2021.10.11.08.31.07_veh-50_01750_01948/MergedPointCloud/8aa29cae1e0f51ea.pcd,1633942999549834
b'\xb53x\x1ez\x8fSe',b'\xaenuG\x837Z\xba',b'\x8a\xa2\x9c\xae\x1e\x0fQ\xea',b'L\xbe\xcf\xd5\xd1\xf4_\x98',b'h\xe3\x13@\x15\x85_h',"b'\xc1\nW\x14""F\\Q'",2021.10.11.08.31.07_veh-50_01750_01948/MergedPointCloud/b533781e7a8f5365.pcd,1633942999599802
b'\xaenuG\x837Z\xba',b'\x97b\x00A2\xddW\xcd',b'\xb53x\x1ez\x8fSe',b'\x81\x92\x16\xcd\xd7\xf6[\x9f',b'h\xe3\x13@\x15\x85_h',"b'\xc1\nW\x14""F\\Q'",2021.10.11.08.31.07_veh-50_01750_01948/MergedPointCloud/ae6e754783375aba.pcd,1633942999649771
b'\x97b\x00A2\xddW\xcd',b'\xd2G\x9a\xcfC\x04T\x10',b'\xaenuG\x837Z\xba',b'\x87g\x16c\xdf\xee[\xe6',b'h\xe3\x13@\x15\x85_h',"b'\xc1\nW\x14""F\\Q'",2021.10.11.08.31.07_veh-50_01750_01948/MergedPointCloud/9762004132dd57cd.pcd,1633942999699746
b'\xd2G\x9a\xcfC\x04T\x10',b'\x93\x06jf\xe8\x94Z;',b'\x97b\x00A2\xddW\xcd',b'N9\xd5\xb0\xd56Y`',b'h\xe3\x13@\x15\x85_h',"b'\xc1\nW\x14""F\\Q'",2021.10.11.08.31.07_veh-50_01750_01948/MergedPointCloud/d2479acf43045410.pcd,1633942999749722
b'\x93\x06jf\xe8\x94Z;',b'\x95\xeb\xb7\x8c@=S\xc3',b'\xd2G\x9a\xcfC\x04T\x10',b'^\xec\xd74\xa3eTN',b'h\xe3\x13@\x15\x85_h',"b'\xc1\nW\x14""F\\Q'",2021.10.11.08.31.07_veh-50_01750_01948/MergedPointCloud/93066a66e8945a3b.pcd,1633942999799700
b'\x95\xeb\xb7\x8c@=S\xc3',b':\xee\xc6\x82b\x97\\\xf3',b'\x93\x06jf\xe8\x94Z;',b'\x9d\xab9\x9e\x18oU3',b'h\xe3\x13@\x15\x85_h',"b'\xc1\nW\x14""F\\Q'",2021.10.11.08.31.07_veh-50_01750_01948/MergedPointCloud/95ebb78c403d53c3.pcd,1633942999849677
b':\xee\xc6\x82b\x97\\\xf3',b'c`\xbd\x10\xd3\xb4Zo',b'\x95\xeb\xb7\x8c@=S\xc3',b'\xa6dK\xedP\xf5W\n',b'h\xe3\x13@\x15\x85_h',"b'\xc1\nW\x14""F\\Q'",2021.10.11.08.31.07_veh-50_01750_01948/MergedPointCloud/3aeec68262975cf3.pcd,1633942999899653
b'c`\xbd\x10\xd3\xb4Zo',b'uZ\xdf\x9b?\x1c[\x1c',b':\xee\xc6\x82b\x97\\\xf3',b'\xd4\xf0\xe2Ms\x06V_',b'h\xe3\x13@\x15\x85_h',"b'\xc1\nW\x14""F\\Q'",2021.10.11.08.31.07_veh-50_01750_01948/MergedPointCloud/6360bd10d3b45a6f.pcd,1633942999949628
b'uZ\xdf\x9b?\x1c[\x1c',b'{\x8b\x16\x0b\xdd\xec\\a',b'c`\xbd\x10\xd3\xb4Zo',b'\xe3\x07\x9b\xf10\x10X!',b'h\xe3\x13@\x15\x85_h',"b'\xc1\nW\x14""F\\Q'",2021.10.11.08.31.07_veh-50_01750_01948/MergedPointCloud/755adf9b3f1c5b1c.pcd,1633942999999605
b'{\x8b\x16\x0b\xdd\xec\\a',b'\xc2]\xb5\xb1\xb7\xd8U\xcc',b'uZ\xdf\x9b?\x1c[\x1c',b'D?\xe4&\xdeP_\xe2',b'h\xe3\x13@\x15\x85_h',"b'\xc1\nW\x14""F\\Q'",2021.10.11.08.31.07_veh-50_01750_01948/MergedPointCloud/7b8b160bddec5c61.pcd,1633943000049583
b'\xc2]\xb5\xb1\xb7\xd8U\xcc',b'\x08\xfe5\x91\xcb\x1cT\xca',b'{\x8b\x16\x0b\xdd\xec\\a',b'D\xdf\x1a\xb6tFR\t',b'h\xe3\x13@\x15\x85_h',"b'\xc1\nW\x14""F\\Q'",2021.10.11.08.31.07_veh-50_01750_01948/MergedPointCloud/c25db5b1b7d855cc.pcd,1633943000099565
b'\x08\xfe5\x91\xcb\x1cT\xca',b'\xca\x9fgN\xf4;Y\xaf',b'\xc2]\xb5\xb1\xb7\xd8U\xcc',b'\xfd\x83PQ\xf3\xdc\\\xbe',b'h\xe3\x13@\x15\x85_h',"b'\xc1\nW\x14""F\\Q'",2021.10.11.08.31.07_veh-50_01750_01948/MergedPointCloud/08fe3591cb1c54ca.pcd,1633943000149549
b'\xca\x9fgN\xf4;Y\xaf',b'\xb4\xbb\xed^\x9b.Q\xdc',b'\x08\xfe5\x91\xcb\x1cT\xca',b'\xe7\xfa\x1cLF\xa1[\x0b',b'h\xe3\x13@\x15\x85_h',"b'\xc1\nW\x14""F\\Q'",2021.10.11.08.31.07_veh-50_01750_01948/MergedPointCloud/ca9f674ef43b59af.pcd,1633943000199538
b'\xb4\xbb\xed^\x9b.Q\xdc',b'\x0b\x9dh\x15\xce-_\xda',b'\xca\x9fgN\xf4;Y\xaf',"b'\xd4\x94j\x86?,V\xfe'",b'h\xe3\x13@\x15\x85_h',"b'\xc1\nW\x14""F\\Q'",2021.10.11.08.31.07_veh-50_01750_01948/MergedPointCloud/b4bbed5e9b2e51dc.pcd,1633943000249530
b'\x0b\x9dh\x15\xce-_\xda',b'?\xf3\xcdV<%T\xa1',b'\xb4\xbb\xed^\x9b.Q\xdc',b'i\x99\xdf^\x9f\x9f[\x04',b'h\xe3\x13@\x15\x85_h',b'\x96\x02bW\x9e0Q7',2021.10.11.08.31.07_veh-50_01750_01948/MergedPointCloud/0b9d6815ce2d5fda.pcd,1633943000299523
b'?\xf3\xcdV<%T\xa1',b'\xd9\xa2\x83%\xfcsPH',b'\x0b\x9dh\x15\xce-_\xda',b'\xf5\xd5\xa6\x83\ne\\\x0f',b'h\xe3\x13@\x15\x85_h',b'\x96\x02bW\x9e0Q7',2021.10.11.08.31.07_veh-50_01750_01948/MergedPointCloud/3ff3cd563c2554a1.pcd,1633943000349514
b'\xd9\xa2\x83%\xfcsPH',b'\x18\x011\xd4\xfc\x8dR\x87',b'?\xf3\xcdV<%T\xa1',b'A\xac\xaa|=\xf5WD',b'h\xe3\x13@\x15\x85_h',b'\x96\x02bW\x9e0Q7',2021.10.11.08.31.07_veh-50_01750_01948/MergedPointCloud/d9a28325fc735048.pcd,1633943000399506
b'\x18\x011\xd4\xfc\x8dR\x87',b'\xa5\xa0\x02\xc3U\xba_\x7f',b'\xd9\xa2\x83%\xfcsPH',b'b6\xdd\x94\xc4b[\x18',b'h\xe3\x13@\x15\x85_h',b'\x96\x02bW\x9e0Q7',2021.10.11.08.31.07_veh-50_01750_01948/MergedPointCloud/180131d4fc8d5287.pcd,1633943000449499
b'\xa5\xa0\x02\xc3U\xba_\x7f',"b',\x8f\xa2f\x0e\xc3V\xe6'",b'\x18\x011\xd4\xfc\x8dR\x87',b'2\x93\xc0\xc6\x1d\x0cZ\xfc',b'h\xe3\x13@\x15\x85_h',b'\x96\x02bW\x9e0Q7',2021.10.11.08.31.07_veh-50_01750_01948/MergedPointCloud/a5a002c355ba5f7f.pcd,1633943000499493
"b',\x8f\xa2f\x0e\xc3V\xe6'",b'2>h\xa0 \x0bZ\xef',b'\xa5\xa0\x02\xc3U\xba_\x7f',"b',\xa8nf\x00\x8bU\x8f'",b'h\xe3\x13@\x15\x85_h',b'\x96\x02bW\x9e0Q7',2021.10.11.08.31.07_veh-50_01750_01948/MergedPointCloud/2c8fa2660ec356e6.pcd,1633943000549487
b'2>h\xa0 \x0bZ\xef',"b""\xba(\xf96'\xd5P\xd9""","b',\x8f\xa2f\x0e\xc3V\xe6'",b'8\xa4\x92\x97m\x0cR/',b'h\xe3\x13@\x15\x85_h',b'\x96\x02bW\x9e0Q7',2021.10.11.08.31.07_veh-50_01750_01948/MergedPointCloud/323e68a0200b5aef.pcd,1633943000599482
"b""\xba(\xf96'\xd5P\xd9""",b'\xd8&a\xdc#;R\xbf',b'2>h\xa0 \x0bZ\xef',b'\x068\xb0\xe1\xc3\xaeYg',b'h\xe3\x13@\x15\x85_h',b'\x96\x02bW\x9e0Q7',2021.10.11.08.31.07_veh-50_01750_01948/MergedPointCloud/ba28f93627d550d9.pcd,1633943000649479
b'\xd8&a\xdc#;R\xbf',"b'I""\xf6$I\x16[\xd3'","b""\xba(\xf96'\xd5P\xd9""",b'[\xa3\x95\x96\xafoP6',b'h\xe3\x13@\x15\x85_h',b'\x96\x02bW\x9e0Q7',2021.10.11.08.31.07_veh-50_01750_01948/MergedPointCloud/d82661dc233b52bf.pcd,1633943000699476
"b'I""\xf6$I\x16[\xd3'",b'AD\xd9\xb8Rw\\L',b'\xd8&a\xdc#;R\xbf',b'\x01Y\\\xd9\xd1\x05[\x92',b'h\xe3\x13@\x15\x85_h',b'\x96\x02bW\x9e0Q7',2021.10.11.08.31.07_veh-50_01750_01948/MergedPointCloud/4922f62449165bd3.pcd,1633943000749474
b'AD\xd9\xb8Rw\\L',b'ym\xe7 \xcb\xf2X\xeb',"b'I""\xf6$I\x16[\xd3'",b'\x18\xe5\x83\xf0\xc9\xd6Q\xfa',b'h\xe3\x13@\x15\x85_h',b'\x96\x02bW\x9e0Q7',2021.10.11.08.31.07_veh-50_01750_01948/MergedPointCloud/4144d9b852775c4c.pcd,1633943000799471
b'ym\xe7 \xcb\xf2X\xeb',b'T \x10\xe9\xc5([\x81',b'AD\xd9\xb8Rw\\L',b'\x00 \x12\xa3\x8cw\\\xe1',b'h\xe3\x13@\x15\x85_h',b'\x96\x02bW\x9e0Q7',2021.10.11.08.31.07_veh-50_01750_01948/MergedPointCloud/796de720cbf258eb.pcd,1633943000849471
b'T \x10\xe9\xc5([\x81',b'g\xedA\xa8\x89\xeaQ\xa7',b'ym\xe7 \xcb\xf2X\xeb',b'C\xb3\xdb.-k_\xc1',b'h\xe3\x13@\x15\x85_h',b'\x96\x02bW\x9e0Q7',2021.10.11.08.31.07_veh-50_01750_01948/MergedPointCloud/542010e9c5285b81.pcd,1633943000899471
b'g\xedA\xa8\x89\xeaQ\xa7',b'\xff\x1eM\x86\xcd\xb8S\xfc',b'T \x10\xe9\xc5([\x81',b'k\xbbS\xa9\x05\xa1]\xcb',b'h\xe3\x13@\x15\x85_h',b'\x96\x02bW\x9e0Q7',2021.10.11.08.31.07_veh-50_01750_01948/MergedPointCloud/67ed41a889ea51a7.pcd,1633943000949472
b'\xff\x1eM\x86\xcd\xb8S\xfc',b'X\xc0\xdf\x8f\x9c\xf8Y\xca',b'g\xedA\xa8\x89\xeaQ\xa7',b'\x99\x86\x83g\xc3M_3',b'h\xe3\x13@\x15\x85_h',b'\x96\x02bW\x9e0Q7',2021.10.11.08.31.07_veh-50_01750_01948/MergedPointCloud/ff1e4d86cdb853fc.pcd,1633943000999475
b'X\xc0\xdf\x8f\x9c\xf8Y\xca',b'\x9e|\xf62\x7f\xddQ\x06',b'\xff\x1eM\x86\xcd\xb8S\xfc',"b""B'\xa7\x87\xc5G]\xe1""",b'h\xe3\x13@\x15\x85_h',b'\x96\x02bW\x9e0Q7',2021.10.11.08.31.07_veh-50_01750_01948/MergedPointCloud/58c0df8f9cf859ca.pcd,1633943001049476
b'\x9e|\xf62\x7f\xddQ\x06',b'\xb0\x82\x08\xdb\xb6\x84S\x8b',b'X\xc0\xdf\x8f\x9c\xf8Y\xca',b'\x80\xd2\xdc\xf4p\xceY\xf3',b'h\xe3\x13@\x15\x85_h',b'\x96\x02bW\x9e0Q7',2021.10.11.08.31.07_veh-50_01750_01948/MergedPointCloud/9e7cf6327fdd5106.pcd,1633943001099478
b'\xb0\x82\x08\xdb\xb6\x84S\x8b',b'\xd0m\x05^S\x8f^\x05',b'\x9e|\xf62\x7f\xddQ\x06',b'\xb1\xc0\xc9\xa7\x98\xa5Z\xdd',b'h\xe3\x13@\x15\x85_h',b'\x96\x02bW\x9e0Q7',2021.10.11.08.31.07_veh-50_01750_01948/MergedPointCloud/b08208dbb684538b.pcd,1633943001149480
b'\xd0m\x05^S\x8f^\x05',b'\xc7\xae\x01\xef\x89\xa0P\xea',b'\xb0\x82\x08\xdb\xb6\x84S\x8b',b'W\x05\xa6{\x8d}P\xe0',b'h\xe3\x13@\x15\x85_h',b'\x96\x02bW\x9e0Q7',2021.10.11.08.31.07_veh-50_01750_01948/MergedPointCloud/d06d055e538f5e05.pcd,1633943001199482
b'\xc7\xae\x01\xef\x89\xa0P\xea',b'u\x18\x809\xadhP\xd6',b'\xd0m\x05^S\x8f^\x05',b'\x1b!\xf8V\x8c]T\xbb',b'h\xe3\x13@\x15\x85_h',b'\x96\x02bW\x9e0Q7',2021.10.11.08.31.07_veh-50_01750_01948/MergedPointCloud/c7ae01ef89a050ea.pcd,1633943001249481
b'u\x18\x809\xadhP\xd6',b'\xaahm\xf6[UV\xe8',b'\xc7\xae\x01\xef\x89\xa0P\xea',b'\x1d\xe3Jd\xed%Z\xde',b'h\xe3\x13@\x15\x85_h',b'\x96\x02bW\x9e0Q7',2021.10.11.08.31.07_veh-50_01750_01948/MergedPointCloud/75188039ad6850d6.pcd,1633943001299481
b'\xaahm\xf6[UV\xe8',b'\xa9\xc0D\x97\xfb\x13R?',b'u\x18\x809\xadhP\xd6',"b""\xdb'*_J@S\t""",b'h\xe3\x13@\x15\x85_h',b'\x96\x02bW\x9e0Q7',2021.10.11.08.31.07_veh-50_01750_01948/MergedPointCloud/aa686df65b5556e8.pcd,1633943001349483
b'\xa9\xc0D\x97\xfb\x13R?',b'x\x15\x15W\xebMX\xed',b'\xaahm\xf6[UV\xe8',b'9\xc5\xc3\xa4\xc0e^/',b'h\xe3\x13@\x15\x85_h',b'\x96\x02bW\x9e0Q7',2021.10.11.08.31.07_veh-50_01750_01948/MergedPointCloud/a9c04497fb13523f.pcd,1633943001399486
b'x\x15\x15W\xebMX\xed',b'\xc2\xd4E\xf6\x8d\x1a^\x82',b'\xa9\xc0D\x97\xfb\x13R?',b'\xb5\xc04]\x84\xdb\\G',b'h\xe3\x13@\x15\x85_h',b'\x96\x02bW\x9e0Q7',2021.10.11.08.31.07_veh-50_01750_01948/MergedPointCloud/78151557eb4d58ed.pcd,1633943001449490
b'\xc2\xd4E\xf6\x8d\x1a^\x82',b'\xebY\xb4@\xb9\xccR\x84',b'x\x15\x15W\xebMX\xed',"b'\xae2eI,\xfcY\xa5'",b'h\xe3\x13@\x15\x85_h',b'\x96\x02bW\x9e0Q7',2021.10.11.08.31.07_veh-50_01750_01948/MergedPointCloud/c2d445f68d1a5e82.pcd,1633943001499496
b'\xebY\xb4@\xb9\xccR\x84',b'\x8eh\xf2I\x93\xa3T(',b'\xc2\xd4E\xf6\x8d\x1a^\x82',b'\xb3t\xdc\x90(\xc3WE',b'h\xe3\x13@\x15\x85_h',b'\x96\x02bW\x9e0Q7',2021.10.11.08.31.07_veh-50_01750_01948/MergedPointCloud/eb59b440b9cc5284.pcd,1633943001549502
b'\x8eh\xf2I\x93\xa3T(',b'\xd9|8\xfb\xfe\x9fT\x19',b'\xebY\xb4@\xb9\xccR\x84',b'\x0c=\xd0Z\x07BZ\n',b'h\xe3\x13@\x15\x85_h',b'\x96\x02bW\x9e0Q7',2021.10.11.08.31.07_veh-50_01750_01948/MergedPointCloud/8e68f24993a35428.pcd,1633943001599512
b'\xd9|8\xfb\xfe\x9fT\x19',b'\xb6\xad\xd9\xfc&\xe7P\xb9',b'\x8eh\xf2I\x93\xa3T(',b'*<\xd4\xc0\xf5;Y1',b'h\xe3\x13@\x15\x85_h',b'\x96\x02bW\x9e0Q7',2021.10.11.08.31.07_veh-50_01750_01948/MergedPointCloud/d97c38fbfe9f5419.pcd,1633943001649525
b'\xb6\xad\xd9\xfc&\xe7P\xb9',b'\x15L\xbb\x02 \xfeT\xc3',b'\xd9|8\xfb\xfe\x9fT\x19',b'\xc8R\xc1\xfd=\x80]\xf3',b'h\xe3\x13@\x15\x85_h',b'\x96\x02bW\x9e0Q7',2021.10.11.08.31.07_veh-50_01750_01948/MergedPointCloud/b6add9fc26e750b9.pcd,1633943001699540
b'\x15L\xbb\x02 \xfeT\xc3',b'\xd80\xd4\x84\xae\xf4Z\xd6',b'\xb6\xad\xd9\xfc&\xe7P\xb9',b'\x85\x1d\xe03\xa4\xefT\x14',b'h\xe3\x13@\x15\x85_h',b'\x96\x02bW\x9e0Q7',2021.10.11.08.31.07_veh-50_01750_01948/MergedPointCloud/154cbb0220fe54c3.pcd,1633943001749559
b'\xd80\xd4\x84\xae\xf4Z\xd6',b'\xf9\x8d?\xe1\x17J[\x9b',b'\x15L\xbb\x02 \xfeT\xc3',b'\xa8N\xbbA\x1d\xd7\\-',b'h\xe3\x13@\x15\x85_h',b'\x96\x02bW\x9e0Q7',2021.10.11.08.31.07_veh-50_01750_01948/MergedPointCloud/d830d484aef45ad6.pcd,1633943001799582
b'\xf9\x8d?\xe1\x17J[\x9b',b'&)[\xa5?dS\x97',b'\xd80\xd4\x84\xae\xf4Z\xd6',b'\x98\xcah[\xd2\xdfY\xa9',b'h\xe3\x13@\x15\x85_h',b'\x96\x02bW\x9e0Q7',2021.10.11.08.31.07_veh-50_01750_01948/MergedPointCloud/f98d3fe1174a5b9b.pcd,1633943001849606
b'&)[\xa5?dS\x97',b'\xb9\x83/\xcd\xe5o\\\xe2',b'\xf9\x8d?\xe1\x17J[\x9b',"b""'\x1f\x85\xea\x9a\x06X\xa8""",b'h\xe3\x13@\x15\x85_h',b'\x96\x02bW\x9e0Q7',2021.10.11.08.31.07_veh-50_01750_01948/MergedPointCloud/26295ba53f645397.pcd,1633943001899632
b'\xb9\x83/\xcd\xe5o\\\xe2',b'\x85\xa6q#\xdd:^\x18',b'&)[\xa5?dS\x97',b'\xea\xedY\x932\x00U\xc4',b'h\xe3\x13@\x15\x85_h',b'\x96\x02bW\x9e0Q7',2021.10.11.08.31.07_veh-50_01750_01948/MergedPointCloud/b9832fcde56f5ce2.pcd,1633943001949657
b'\x85\xa6q#\xdd:^\x18',b'@\xf3\xf7\x95Y:T\xcb',b'\xb9\x83/\xcd\xe5o\\\xe2',b'NB\x13\xea\xee\x17Y\x03',b'h\xe3\x13@\x15\x85_h',b'\x96\x02bW\x9e0Q7',2021.10.11.08.31.07_veh-50_01750_01948/MergedPointCloud/85a67123dd3a5e18.pcd,1633943001999681
b'@\xf3\xf7\x95Y:T\xcb',b'\x9c\xc1\xad\x91\xd7\xbbW\x8a',b'\x85\xa6q#\xdd:^\x18',b'\xf2$ZA\x80\x0eY\xf5',b'h\xe3\x13@\x15\x85_h',b'\x96\x02bW\x9e0Q7',2021.10.11.08.31.07_veh-50_01750_01948/MergedPointCloud/40f3f795593a54cb.pcd,1633943002049703
b'\x9c\xc1\xad\x91\xd7\xbbW\x8a',b'\x8e\xc5\x81Y\x8aGR\x14',b'@\xf3\xf7\x95Y:T\xcb',b'\xbe\xfcl\xb0\x9c!X\x85',b'h\xe3\x13@\x15\x85_h',b'\x96\x02bW\x9e0Q7',2021.10.11.08.31.07_veh-50_01750_01948/MergedPointCloud/9cc1ad91d7bb578a.pcd,1633943002099725
b'\x8e\xc5\x81Y\x8aGR\x14',b'T\x8c/;\xef\xf7Q\x9e',b'\x9c\xc1\xad\x91\xd7\xbbW\x8a',b'\x0e\xf4\xf4\xb9\x13K_\xaa',b'h\xe3\x13@\x15\x85_h',b'\x96\x02bW\x9e0Q7',2021.10.11.08.31.07_veh-50_01750_01948/MergedPointCloud/8ec581598a475214.pcd,1633943002149747
b'T\x8c/;\xef\xf7Q\x9e',"b'\xdf\xb1""\xc4\xcb\x1d^\xca'",b'\x8e\xc5\x81Y\x8aGR\x14',b'\\9\xc2m6\xe6QD',b'h\xe3\x13@\x15\x85_h',b'\x96\x02bW\x9e0Q7',2021.10.11.08.31.07_veh-50_01750_01948/MergedPointCloud/548c2f3beff7519e.pcd,1633943002199768
"b'\xdf\xb1""\xc4\xcb\x1d^\xca'",b'\\\xde\xb5`\x1a\x18\\\x80',b'T\x8c/;\xef\xf7Q\x9e',b'\xed\xd8\xdd_\xe6R[\xb3',b'h\xe3\x13@\x15\x85_h',b'\x96\x02bW\x9e0Q7',2021.10.11.08.31.07_veh-50_01750_01948/MergedPointCloud/dfb122c4cb1d5eca.pcd,1633943002249791
b'\\\xde\xb5`\x1a\x18\\\x80',b'\x8a\xb4P{\xd9JU\x9f',"b'\xdf\xb1""\xc4\xcb\x1d^\xca'",b'\r\xb5D\xdd\xc1\xcf_b',b'h\xe3\x13@\x15\x85_h',b'\x96\x02bW\x9e0Q7',2021.10.11.08.31.07_veh-50_01750_01948/MergedPointCloud/5cdeb5601a185c80.pcd,1633943002299813
b'\x8a\xb4P{\xd9JU\x9f',b'|\x90\x80X\x98\xa1]r',b'\\\xde\xb5`\x1a\x18\\\x80',b'V=\x10\xef\x91\x81R\x8f',b'h\xe3\x13@\x15\x85_h',b'\x96\x02bW\x9e0Q7',2021.10.11.08.31.07_veh-50_01750_01948/MergedPointCloud/8ab4507bd94a559f.pcd,1633943002349837
b'|\x90\x80X\x98\xa1]r',b'\xab\x94\xd7/\x1d\x1fU/',b'\x8a\xb4P{\xd9JU\x9f',b'\x83z\x81\xf6\x83O_f',b'h\xe3\x13@\x15\x85_h',b'\x96\x02bW\x9e0Q7',2021.10.11.08.31.07_veh-50_01750_01948/MergedPointCloud/7c90805898a15d72.pcd,1633943002399863
b'\xab\x94\xd7/\x1d\x1fU/',"b'\x823\r\xb8,\x1b\\y'",b'|\x90\x80X\x98\xa1]r',b'\xe6cvJ\xef\xf3Z\xa2',b'h\xe3\x13@\x15\x85_h',b'\x96\x02bW\x9e0Q7',2021.10.11.08.31.07_veh-50_01750_01948/MergedPointCloud/ab94d72f1d1f552f.pcd,1633943002449890
"b'\x823\r\xb8,\x1b\\y'",b'\xa3?m\xa8;\xd4P\x85',b'\xab\x94\xd7/\x1d\x1fU/',b'<\x92i\xd1\xb8p\\Z',b'h\xe3\x13@\x15\x85_h',b'\x96\x02bW\x9e0Q7',2021.10.11.08.31.07_veh-50_01750_01948/MergedPointCloud/82330db82c1b5c79.pcd,1633943002499918
b'\xa3?m\xa8;\xd4P\x85',b'\xa4\x88\x89VcdW\xd8',"b'\x823\r\xb8,\x1b\\y'",b'\xa7\x15\xae\xd9p\xcc_\x96',b'h\xe3\x13@\x15\x85_h',b'\x96\x02bW\x9e0Q7',2021.10.11.08.31.07_veh-50_01750_01948/MergedPointCloud/a33f6da83bd45085.pcd,1633943002549946
b'\xa4\x88\x89VcdW\xd8',b'\t9t\x16\xe0T^6',b'\xa3?m\xa8;\xd4P\x85',"b'[,c\xbb?\x8bS\x8a'",b'h\xe3\x13@\x15\x85_h',b'\x96\x02bW\x9e0Q7',2021.10.11.08.31.07_veh-50_01750_01948/MergedPointCloud/a4888956636457d8.pcd,1633943002599974
b'\t9t\x16\xe0T^6',b'\xc0Ot\xa9\xac\xc5Q\xd4',b'\xa4\x88\x89VcdW\xd8',"b'Y,+\x84\xeaWX\x85'",b'h\xe3\x13@\x15\x85_h',b'\x96\x02bW\x9e0Q7',2021.10.11.08.31.07_veh-50_01750_01948/MergedPointCloud/09397416e0545e36.pcd,1633943002650005
b'\xc0Ot\xa9\xac\xc5Q\xd4',"b""\x97\xf7%\x93\xc0'\\\xd7""",b'\t9t\x16\xe0T^6',b'\x05\xfd\x0c\xebu\xa4^\xc8',b'h\xe3\x13@\x15\x85_h',b'\x96\x02bW\x9e0Q7',2021.10.11.08.31.07_veh-50_01750_01948/MergedPointCloud/c04f74a9acc551d4.pcd,1633943002700040
"b""\x97\xf7%\x93\xc0'\\\xd7""","b'z\x9b5\xd0\x07""U\xba'",b'\xc0Ot\xa9\xac\xc5Q\xd4',b'9U\xc8\xd8\x9f$U\x05',b'h\xe3\x13@\x15\x85_h',b'\x96\x02bW\x9e0Q7',2021.10.11.08.31.07_veh-50_01750_01948/MergedPointCloud/97f72593c0275cd7.pcd,1633943002750081
"b'z\x9b5\xd0\x07""U\xba'",b'\x87\x85\xb4\x01veS#',"b""\x97\xf7%\x93\xc0'\\\xd7""",b'\xfc\xc1&\xa8\x04`V\xc2',b'h\xe3\x13@\x15\x85_h',b'\x96\x02bW\x9e0Q7',2021.10.11.08.31.07_veh-50_01750_01948/MergedPointCloud/7a9b35d0072255ba.pcd,1633943002800124
b'\x87\x85\xb4\x01veS#',b'\xe8\xa3\x8b\xc1\xdb\xa0Y!',"b'z\x9b5\xd0\x07""U\xba'",b'\x14\xdee?\x8aq_\xfe',b'h\xe3\x13@\x15\x85_h',b'\x96\x02bW\x9e0Q7',2021.10.11.08.31.07_veh-50_01750_01948/MergedPointCloud/8785b40176655323.pcd,1633943002850167
b'\xe8\xa3\x8b\xc1\xdb\xa0Y!',b'\xa8\xc7\xa4\x8bp\x1aU\xa2',b'\x87\x85\xb4\x01veS#',b'\x82\x85\xcd\x1fW\xd5Z\x90',b'h\xe3\x13@\x15\x85_h',b'\x96\x02bW\x9e0Q7',2021.10.11.08.31.07_veh-50_01750_01948/MergedPointCloud/e8a38bc1dba05921.pcd,1633943002900211
b'\xa8\xc7\xa4\x8bp\x1aU\xa2',"b'\xcc^\x93\x97,\x0bQ\xec'",b'\xe8\xa3\x8b\xc1\xdb\xa0Y!',b'\xdb\xcf\xa3\xb2\x80\x9cY\x1e',b'h\xe3\x13@\x15\x85_h',b'\x96\x02bW\x9e0Q7',2021.10.11.08.31.07_veh-50_01750_01948/MergedPointCloud/a8c7a48b701a55a2.pcd,1633943002950253
"b'\xcc^\x93\x97,\x0bQ\xec'",b'\xd2\x1c+u\xd0\xce^\x9a',b'\xa8\xc7\xa4\x8bp\x1aU\xa2',b'\x1f|\xa6\xab[\xa8^\x96',b'h\xe3\x13@\x15\x85_h',b'\x96\x02bW\x9e0Q7',2021.10.11.08.31.07_veh-50_01750_01948/MergedPointCloud/cc5e93972c0b51ec.pcd,1633943003000295
b'\xd2\x1c+u\xd0\xce^\x9a',b'\x0c>B\xb0\x82/\\]',"b'\xcc^\x93\x97,\x0bQ\xec'",b'F\x0f\xebX[\x95WG',b'h\xe3\x13@\x15\x85_h',b'\x96\x02bW\x9e0Q7',2021.10.11.08.31.07_veh-50_01750_01948/MergedPointCloud/d21c2b75d0ce5e9a.pcd,1633943003050333
b'\x0c>B\xb0\x82/\\]',b'\x8ff\x01\x13A\x92V\x01',b'\xd2\x1c+u\xd0\xce^\x9a',"b'""=!=*CYX'",b'h\xe3\x13@\x15\x85_h',b'\x96\x02bW\x9e0Q7',2021.10.11.08.31.07_veh-50_01750_01948/MergedPointCloud/0c3e42b0822f5c5d.pcd,1633943003100367
b'\x8ff\x01\x13A\x92V\x01',b'B\xd6\xba`\xb2\x11[R',b'\x0c>B\xb0\x82/\\]',b'\x1c|&\x9f}\xc6[\xf6',b'h\xe3\x13@\x15\x85_h',b'\x96\x02bW\x9e0Q7',2021.10.11.08.31.07_veh-50_01750_01948/MergedPointCloud/8f66011341925601.pcd,1633943003150393
b'B\xd6\xba`\xb2\x11[R',b'm\xe20\x8dg\xc9P\xd4',b'\x8ff\x01\x13A\x92V\x01',b'gBz\xba\x11\xc3U=',b'h\xe3\x13@\x15\x85_h',b'\x96\x02bW\x9e0Q7',2021.10.11.08.31.07_veh-50_01750_01948/MergedPointCloud/42d6ba60b2115b52.pcd,1633943003200413
b'm\xe20\x8dg\xc9P\xd4',b'P\x9d\x14\x84\xe5\x05Y\x9d',b'B\xd6\xba`\xb2\x11[R',b'y\xa3\xd8B\xab\xe6Z#',b'h\xe3\x13@\x15\x85_h',b'\x96\x02bW\x9e0Q7',2021.10.11.08.31.07_veh-50_01750_01948/MergedPointCloud/6de2308d67c950d4.pcd,1633943003250423
b'P\x9d\x14\x84\xe5\x05Y\x9d',b'\xf3z\xa0\x8f\x96\xddU\x1e',b'm\xe20\x8dg\xc9P\xd4',b'\x84|\xe7\xe5\x98\xcc[k',b'h\xe3\x13@\x15\x85_h',b'\x96\x02bW\x9e0Q7',2021.10.11.08.31.07_veh-50_01750_01948/MergedPointCloud/509d1484e505599d.pcd,1633943003300428
b'\xf3z\xa0\x8f\x96\xddU\x1e',b'\xee<\xd9\x0e\x84TV]',b'P\x9d\x14\x84\xe5\x05Y\x9d',b'\x9a\x15\xeb\xc6\xaf\x87WB',b'h\xe3\x13@\x15\x85_h',b'\x96\x02bW\x9e0Q7',2021.10.11.08.31.07_veh-50_01750_01948/MergedPointCloud/f37aa08f96dd551e.pcd,1633943003350425
b'\xee<\xd9\x0e\x84TV]',b'\xba\xe8\xc5g\xce\x11V\x90',b'\xf3z\xa0\x8f\x96\xddU\x1e',b'o\x83\xbbWv\x83\\\xc3',b'h\xe3\x13@\x15\x85_h',b'\x96\x02bW\x9e0Q7',2021.10.11.08.31.07_veh-50_01750_01948/MergedPointCloud/ee3cd90e8454565d.pcd,1633943003400419
b'\xba\xe8\xc5g\xce\x11V\x90',b'\xc2$j\xfa0\xc2_m',b'\xee<\xd9\x0e\x84TV]',b'\xa5.\xce\xfdJ\xc6Ur',b'h\xe3\x13@\x15\x85_h',b'\x96\x02bW\x9e0Q7',2021.10.11.08.31.07_veh-50_01750_01948/MergedPointCloud/bae8c567ce115690.pcd,1633943003450409
b'\xc2$j\xfa0\xc2_m',b'\xda\x80\x1e\xb3d\xff_\xe5',b'\xba\xe8\xc5g\xce\x11V\x90',b'zn\xce\xefM\x83T\xe7',b'h\xe3\x13@\x15\x85_h',b'\x96\x02bW\x9e0Q7',2021.10.11.08.31.07_veh-50_01750_01948/MergedPointCloud/c2246afa30c25f6d.pcd,1633943003500398
b'\xda\x80\x1e\xb3d\xff_\xe5',b'\x8b\x07c\xd43vY<',b'\xc2$j\xfa0\xc2_m',b'\x94\xf8\xbbp!FS\x8c',b'h\xe3\x13@\x15\x85_h',b'\x96\x02bW\x9e0Q7',2021.10.11.08.31.07_veh-50_01750_01948/MergedPointCloud/da801eb364ff5fe5.pcd,1633943003550386
b'\x8b\x07c\xd43vY<',b'\x85u\xb4$RDS2',b'\xda\x80\x1e\xb3d\xff_\xe5',b'z\xcb\xe8\xe9\xf9\x94T\x7f',b'h\xe3\x13@\x15\x85_h',b'\x96\x02bW\x9e0Q7',2021.10.11.08.31.07_veh-50_01750_01948/MergedPointCloud/8b0763d43376593c.pcd,1633943003600372
b'\x85u\xb4$RDS2',b'\x90l\x16X@\xcf\\l',b'\x8b\x07c\xd43vY<',b'(;k\x1d\x85\xafS\x9b',b'h\xe3\x13@\x15\x85_h',b'\x96\x02bW\x9e0Q7',2021.10.11.08.31.07_veh-50_01750_01948/MergedPointCloud/8575b42452445332.pcd,1633943003650355
b'\x90l\x16X@\xcf\\l',b'e975\xee\x19U\xa2',b'\x85u\xb4$RDS2',"b'z""\xd9\xd0g\xd1PC'",b'h\xe3\x13@\x15\x85_h',b'\x96\x02bW\x9e0Q7',2021.10.11.08.31.07_veh-50_01750_01948/MergedPointCloud/906c165840cf5c6c.pcd,1633943003700334
b'e975\xee\x19U\xa2',b'\xa6\x0b\xf8<\xd2(T\xd5',b'\x90l\x16X@\xcf\\l',b'n\xfd\x80W\x83pW0',b'h\xe3\x13@\x15\x85_h',b'\x96\x02bW\x9e0Q7',2021.10.11.08.31.07_veh-50_01750_01948/MergedPointCloud/65393735ee1955a2.pcd,1633943003750312
b'\xa6\x0b\xf8<\xd2(T\xd5',"b""\xe3t'M>wP\x84""",b'e975\xee\x19U\xa2',b'eU\x8a=\xd0\x9d[*',b'h\xe3\x13@\x15\x85_h',b'\x96\x02bW\x9e0Q7',2021.10.11.08.31.07_veh-50_01750_01948/MergedPointCloud/a60bf83cd22854d5.pcd,1633943003800287
"b""\xe3t'M>wP\x84""",b'l\x81\x80\xb7\xe6\x11Z\x18',b'\xa6\x0b\xf8<\xd2(T\xd5',b'l\xf8\xeb\xd8\xac\x87]\xeb',b'h\xe3\x13@\x15\x85_h',b'\x96\x02bW\x9e0Q7',2021.10.11.08.31.07_veh-50_01750_01948/MergedPointCloud/e374274d3e775084.pcd,1633943003850260
b'l\x81\x80\xb7\xe6\x11Z\x18',b'nX\xdfI\x0b\x87^\xd7',"b""\xe3t'M>wP\x84""",b':R(9G\x18U[',b'h\xe3\x13@\x15\x85_h',b'\x96\x02bW\x9e0Q7',2021.10.11.08.31.07_veh-50_01750_01948/MergedPointCloud/6c8180b7e6115a18.pcd,1633943003900232
b'nX\xdfI\x0b\x87^\xd7',b'\x96\x90\xb9\xa1^\x89Z{',b'l\x81\x80\xb7\xe6\x11Z\x18',b'WE\xa3\xee\x90X]\x9d',b'h\xe3\x13@\x15\x85_h',b'\x96\x02bW\x9e0Q7',2021.10.11.08.31.07_veh-50_01750_01948/MergedPointCloud/6e58df490b875ed7.pcd,1633943003950207
b'\x96\x90\xb9\xa1^\x89Z{',b'(Eh\xaaLx]\xa9',b'nX\xdfI\x0b\x87^\xd7',b'a\x08u\x96\x12\x90R:',b'h\xe3\x13@\x15\x85_h',b'\x96\x02bW\x9e0Q7',2021.10.11.08.31.07_veh-50_01750_01948/MergedPointCloud/9690b9a15e895a7b.pcd,1633943004000181
b'(Eh\xaaLx]\xa9',b'W\x91\xf7<\xd8\xd9YO',b'\x96\x90\xb9\xa1^\x89Z{',b'k\x1d\t\xf7E<^n',b'h\xe3\x13@\x15\x85_h',b'\x96\x02bW\x9e0Q7',2021.10.11.08.31.07_veh-50_01750_01948/MergedPointCloud/284568aa4c785da9.pcd,1633943004050153
b'W\x91\xf7<\xd8\xd9YO',b'O8\xfd\xa8\xa9[[M',b'(Eh\xaaLx]\xa9',b'\xb4)\x04\xa4f\x01]\xfa',b'h\xe3\x13@\x15\x85_h',b'\x96\x02bW\x9e0Q7',2021.10.11.08.31.07_veh-50_01750_01948/MergedPointCloud/5791f73cd8d9594f.pcd,1633943004100130
b'O8\xfd\xa8\xa9[[M',b'\xc2\x05\xe6\xb8(\tS\x9a',b'W\x91\xf7<\xd8\xd9YO',b'\xe7\xcc\xee\xdc\xc5>[\xbf',b'h\xe3\x13@\x15\x85_h',b'\x96\x02bW\x9e0Q7',2021.10.11.08.31.07_veh-50_01750_01948/MergedPointCloud/4f38fda8a95b5b4d.pcd,1633943004150108
b'\xc2\x05\xe6\xb8(\tS\x9a',b'\x96g\xc4&\x94vW\xea',b'O8\xfd\xa8\xa9[[M',b'( \x80\\\x98\xe1\\\xe9',b'h\xe3\x13@\x15\x85_h',b'\x96\x02bW\x9e0Q7',2021.10.11.08.31.07_veh-50_01750_01948/MergedPointCloud/c205e6b82809539a.pcd,1633943004200084
b'\x96g\xc4&\x94vW\xea',b'p\xb9f\xa4C*W[',b'\xc2\x05\xe6\xb8(\tS\x9a',b'b\x90w\xe2ksV?',b'h\xe3\x13@\x15\x85_h',b'\x96\x02bW\x9e0Q7',2021.10.11.08.31.07_veh-50_01750_01948/MergedPointCloud/9667c426947657ea.pcd,1633943004250061
b'p\xb9f\xa4C*W[',b'\x952\xb0]\x8crP\xdd',b'\x96g\xc4&\x94vW\xea',b'\xf0\xe5\xf2;\xfb\xf2R\x9e',b'h\xe3\x13@\x15\x85_h',b'\x96\x02bW\x9e0Q7',2021.10.11.08.31.07_veh-50_01750_01948/MergedPointCloud/70b966a4432a575b.pcd,1633943004300038
b'\x952\xb0]\x8crP\xdd',b'\xe7}\xc3m\xcfWQ\xe6',b'p\xb9f\xa4C*W[',b'\xcf#\xb1\x81\xca\xd0V\xff',b'h\xe3\x13@\x15\x85_h',b'\x96\x02bW\x9e0Q7',2021.10.11.08.31.07_veh-50_01750_01948/MergedPointCloud/9532b05d8c7250dd.pcd,1633943004350018
b'\xe7}\xc3m\xcfWQ\xe6',"b'""\xed\x9bt\x99&S\xcf'",b'\x952\xb0]\x8crP\xdd',b'\x9d\xe7\xc6?\xed\x80X\x9a',b'h\xe3\x13@\x15\x85_h',b'\x96\x02bW\x9e0Q7',2021.10.11.08.31.07_veh-50_01750_01948/MergedPointCloud/e77dc36dcf5751e6.pcd,1633943004400001
"b'""\xed\x9bt\x99&S\xcf'",b'G\x99\x1a\x19\xf4\xcdZ\xcb',b'\xe7}\xc3m\xcfWQ\xe6',b'f\xe2\x05\x02\x13\xa9T\xe4',b'h\xe3\x13@\x15\x85_h',b'\x96\x02bW\x9e0Q7',2021.10.11.08.31.07_veh-50_01750_01948/MergedPointCloud/22ed9b74992653cf.pcd,1633943004449991
b'G\x99\x1a\x19\xf4\xcdZ\xcb',b'\x02N\xe6\x957\xaeW?',"b'""\xed\x9bt\x99&S\xcf'","b'\xc2\x0b\x10\x0f""\xffUI'",b'h\xe3\x13@\x15\x85_h',b'\x96\x02bW\x9e0Q7',2021.10.11.08.31.07_veh-50_01750_01948/MergedPointCloud/47991a19f4cd5acb.pcd,1633943004499983
b'\x02N\xe6\x957\xaeW?',b'\x8d\x1a\x90\xdb#\x15P\x8d',b'G\x99\x1a\x19\xf4\xcdZ\xcb',b'\xa0cl\xce\xa95S\xdd',b'h\xe3\x13@\x15\x85_h',b'\x96\x02bW\x9e0Q7',2021.10.11.08.31.07_veh-50_01750_01948/MergedPointCloud/024ee69537ae573f.pcd,1633943004549979
b'\x8d\x1a\x90\xdb#\x15P\x8d',b'\xccp\tiN\xccV\x95',b'\x02N\xe6\x957\xaeW?',b'\xa8H\xb1\xe4\x88NP\xb9',b'h\xe3\x13@\x15\x85_h',b'\x96\x02bW\x9e0Q7',2021.10.11.08.31.07_veh-50_01750_01948/MergedPointCloud/8d1a90db2315508d.pcd,1633943004599974
b'\xccp\tiN\xccV\x95',b'\xcf\xb8\x16\xef\xd2\x19V\x8d',b'\x8d\x1a\x90\xdb#\x15P\x8d',b'\xdc\x92\x87\x00ip[p',b'h\xe3\x13@\x15\x85_h',b'\x96\x02bW\x9e0Q7',2021.10.11.08.31.07_veh-50_01750_01948/MergedPointCloud/cc7009694ecc5695.pcd,1633943004649971
b'\xcf\xb8\x16\xef\xd2\x19V\x8d',b'L\x9b\xb8\x02{VSP',b'\xccp\tiN\xccV\x95',b't\x84\x02\x91\x9bZ[1',b'h\xe3\x13@\x15\x85_h',b'\x96\x02bW\x9e0Q7',2021.10.11.08.31.07_veh-50_01750_01948/MergedPointCloud/cfb816efd219568d.pcd,1633943004699969
b'L\x9b\xb8\x02{VSP',b'\xde\x8a\xf5\x1b\xad\xa5WR',b'\xcf\xb8\x16\xef\xd2\x19V\x8d',b'\xeb\x84~\xc4=\x95W\xb4',b'h\xe3\x13@\x15\x85_h',b'\x96\x02bW\x9e0Q7',2021.10.11.08.31.07_veh-50_01750_01948/MergedPointCloud/4c9bb8027b565350.pcd,1633943004749964
b'\xde\x8a\xf5\x1b\xad\xa5WR',b'L\x92S\x8e\xc1\xabX\x9e',b'L\x9b\xb8\x02{VSP',b';\xf5\xd6j\xddaP\xb7',b'h\xe3\x13@\x15\x85_h',b'\x96\x02bW\x9e0Q7',2021.10.11.08.31.07_veh-50_01750_01948/MergedPointCloud/de8af51bada55752.pcd,1633943004799957
b'L\x92S\x8e\xc1\xabX\x9e',b'Gw\x94\xe5\xa9\x9e]\x1e',b'\xde\x8a\xf5\x1b\xad\xa5WR',b'OP\xc7Y\x1bn[.',b'h\xe3\x13@\x15\x85_h',b'\x96\x02bW\x9e0Q7',2021.10.11.08.31.07_veh-50_01750_01948/MergedPointCloud/4c92538ec1ab589e.pcd,1633943004849950
b'Gw\x94\xe5\xa9\x9e]\x1e',b'\xf8\xd4\x02\t.\xb9^\xf1',b'L\x92S\x8e\xc1\xabX\x9e',b'\x82Z\xd5\x84\x1aBTK',b'h\xe3\x13@\x15\x85_h',b'\x96\x02bW\x9e0Q7',2021.10.11.08.31.07_veh-50_01750_01948/MergedPointCloud/477794e5a99e5d1e.pcd,1633943004899941
b'\xf8\xd4\x02\t.\xb9^\xf1',b'\x8c\x00\xf1\x8a8\x8aUP',b'Gw\x94\xe5\xa9\x9e]\x1e',"b'\xde\xb5\x90r,JT\x9d'",b'h\xe3\x13@\x15\x85_h',b'\x96\x02bW\x9e0Q7',2021.10.11.08.31.07_veh-50_01750_01948/MergedPointCloud/f8d402092eb95ef1.pcd,1633943004949929
b'\x8c\x00\xf1\x8a8\x8aUP',b'\xd1\xcd\xae\xcb\xba\xb4Sg',b'\xf8\xd4\x02\t.\xb9^\xf1',"b'\x8bVQ\xc6\xbc,_b'",b'h\xe3\x13@\x15\x85_h',b'\x96\x02bW\x9e0Q7',2021.10.11.08.31.07_veh-50_01750_01948/MergedPointCloud/8c00f18a388a5550.pcd,1633943004999915
b'\xd1\xcd\xae\xcb\xba\xb4Sg',b'\xa7\xabb\xe8\xe7\x98Q\x8f',b'\x8c\x00\xf1\x8a8\x8aUP',b'B(6\xde\xb0kV\xbd',b'h\xe3\x13@\x15\x85_h',b'\x96\x02bW\x9e0Q7',2021.10.11.08.31.07_veh-50_01750_01948/MergedPointCloud/d1cdaecbbab45367.pcd,1633943005049898
b'\xa7\xabb\xe8\xe7\x98Q\x8f',b'\x1b]\xc7\xc0\x96;P\x99',b'\xd1\xcd\xae\xcb\xba\xb4Sg',b'\xb6*D\x07fKQ\x18',b'h\xe3\x13@\x15\x85_h',b'\x96\x02bW\x9e0Q7',2021.10.11.08.31.07_veh-50_01750_01948/MergedPointCloud/a7ab62e8e798518f.pcd,1633943005099883
b'\x1b]\xc7\xc0\x96;P\x99',b'\xea\xa5\x93\x7f\xb1\xd6_\xfb',b'\xa7\xabb\xe8\xe7\x98Q\x8f',b'\x94\xf9\x0b\xc18\xe8_\x01',b'h\xe3\x13@\x15\x85_h',b'\x96\x02bW\x9e0Q7',2021.10.11.08.31.07_veh-50_01750_01948/MergedPointCloud/1b5dc7c0963b5099.pcd,1633943005149865
b'\xea\xa5\x93\x7f\xb1\xd6_\xfb',b'\x1c\x8b\xbbA\xef\x87XB',b'\x1b]\xc7\xc0\x96;P\x99',b'\x17\xd4\xd8\xc7 \xd0]\x19',b'h\xe3\x13@\x15\x85_h',b'\x96\x02bW\x9e0Q7',2021.10.11.08.31.07_veh-50_01750_01948/MergedPointCloud/eaa5937fb1d65ffb.pcd,1633943005199850
b'\x1c\x8b\xbbA\xef\x87XB',b'\xcc\xa6\xb9Z\xda\x15\\\x19',b'\xea\xa5\x93\x7f\xb1\xd6_\xfb',b'\xf3Gu=\x06g^\xe8',b'h\xe3\x13@\x15\x85_h',b'\x96\x02bW\x9e0Q7',2021.10.11.08.31.07_veh-50_01750_01948/MergedPointCloud/1c8bbb41ef875842.pcd,1633943005249835
b'\xcc\xa6\xb9Z\xda\x15\\\x19',b'\x96\xac\x07h;\x94U%',b'\x1c\x8b\xbbA\xef\x87XB',"b'""\xbd\xc5\x1b\xafgQ}'",b'h\xe3\x13@\x15\x85_h',b'\x96\x02bW\x9e0Q7',2021.10.11.08.31.07_veh-50_01750_01948/MergedPointCloud/cca6b95ada155c19.pcd,1633943005299822
b'\x96\xac\x07h;\x94U%',b'\x82\x9c\xfd%5QXt',b'\xcc\xa6\xb9Z\xda\x15\\\x19',b'\xc8\x92(\x94\xce+\\\xfb',b'h\xe3\x13@\x15\x85_h',b'\x96\x02bW\x9e0Q7',2021.10.11.08.31.07_veh-50_01750_01948/MergedPointCloud/96ac07683b945525.pcd,1633943005349812
b'\x82\x9c\xfd%5QXt',b'\x95\x05\x83\xc5\x89=Y\x94',b'\x96\xac\x07h;\x94U%',b'g\x1f\xd1\xac\xfe9Y\x14',b'h\xe3\x13@\x15\x85_h',b'\x96\x02bW\x9e0Q7',2021.10.11.08.31.07_veh-50_01750_01948/MergedPointCloud/829cfd2535515874.pcd,1633943005399802
b'\x95\x05\x83\xc5\x89=Y\x94',b'Hr\xb1%\x1a\xe1T\xa6',b'\x82\x9c\xfd%5QXt',b'\xff\xbf\xc1\x98\xac\xb3W\x0e',b'h\xe3\x13@\x15\x85_h',b'\x96\x02bW\x9e0Q7',2021.10.11.08.31.07_veh-50_01750_01948/MergedPointCloud/950583c5893d5994.pcd,1633943005449793
b'Hr\xb1%\x1a\xe1T\xa6',b'w\xd9\xc3S\xf4LR\x03',b'\x95\x05\x83\xc5\x89=Y\x94',b'\xb0\xc5\xef\xe2\x1b\xabQ\x97',b'h\xe3\x13@\x15\x85_h',b'\x96\x02bW\x9e0Q7',2021.10.11.08.31.07_veh-50_01750_01948/MergedPointCloud/4872b1251ae154a6.pcd,1633943005499784
b'w\xd9\xc3S\xf4LR\x03',b'\x955W\xb3\x15\x80R\x82',b'Hr\xb1%\x1a\xe1T\xa6',b'\xed{\xbe\xc0\x0c\x12Y6',b'h\xe3\x13@\x15\x85_h',b'\x96\x02bW\x9e0Q7',2021.10.11.08.31.07_veh-50_01750_01948/MergedPointCloud/77d9c353f44c5203.pcd,1633943005549777
b'\x955W\xb3\x15\x80R\x82',b'\xf2R\xf1\x8f\x0c\x85]*',b'w\xd9\xc3S\xf4LR\x03',"b'\x8aE_\x931""R\xaf'",b'h\xe3\x13@\x15\x85_h',b'\x96\x02bW\x9e0Q7',2021.10.11.08.31.07_veh-50_01750_01948/MergedPointCloud/953557b315805282.pcd,1633943005599770
b'\xf2R\xf1\x8f\x0c\x85]*',b'\xe4\xf8V\xaa\xb2~\\\x1f',b'\x955W\xb3\x15\x80R\x82',b'\x7f\x88(2K\xadP\x98',b'h\xe3\x13@\x15\x85_h',b'\x96\x02bW\x9e0Q7',2021.10.11.08.31.07_veh-50_01750_01948/MergedPointCloud/f252f18f0c855d2a.pcd,1633943005649764
b'\xe4\xf8V\xaa\xb2~\\\x1f',b'\xb9}\xf4m\x0czV\t',b'\xf2R\xf1\x8f\x0c\x85]*',b'\x8d\xdc\xd15#0R\x86',b'h\xe3\x13@\x15\x85_h',b'\x96\x02bW\x9e0Q7',2021.10.11.08.31.07_veh-50_01750_01948/MergedPointCloud/e4f856aab27e5c1f.pcd,1633943005699759
b'\xb9}\xf4m\x0czV\t',b'2\xb5u\xc3euY\xf1',b'\xe4\xf8V\xaa\xb2~\\\x1f',b'<\xd0_[\xb7\x11W\xc3',b'h\xe3\x13@\x15\x85_h',b'\x96\x02bW\x9e0Q7',2021.10.11.08.31.07_veh-50_01750_01948/MergedPointCloud/b97df46d0c7a5609.pcd,1633943005749755
b'2\xb5u\xc3euY\xf1',b'\xf2Gx\x92\xd33T\x96',b'\xb9}\xf4m\x0czV\t',b'\xf1N\xe1\x8d.\xe1[\x19',b'h\xe3\x13@\x15\x85_h',b'\x96\x02bW\x9e0Q7',2021.10.11.08.31.07_veh-50_01750_01948/MergedPointCloud/32b575c3657559f1.pcd,1633943005799750
b'\xf2Gx\x92\xd33T\x96',b'\xe2\\\x89\xd2\x86\xb9V\xb6',b'2\xb5u\xc3euY\xf1',b'\x92=d\x1d\x9c#]\xdd',b'h\xe3\x13@\x15\x85_h',b'\x96\x02bW\x9e0Q7',2021.10.11.08.31.07_veh-50_01750_01948/MergedPointCloud/f2477892d3335496.pcd,1633943005849746
b'\xe2\\\x89\xd2\x86\xb9V\xb6',b'+\xf6&mM\xcfXF',b'\xf2Gx\x92\xd33T\x96',b'+f{\xd5\xe2\xc0\\\xf9',b'h\xe3\x13@\x15\x85_h',b'\x96\x02bW\x9e0Q7',2021.10.11.08.31.07_veh-50_01750_01948/MergedPointCloud/e25c89d286b956b6.pcd,1633943005899742
b'+\xf6&mM\xcfXF',b'\x7f\x8d\x9c>p\x0cY>',b'\xe2\\\x89\xd2\x86\xb9V\xb6',b'o\xe8\x8ce\xa8\xc1]\xc2',b'h\xe3\x13@\x15\x85_h',b'\x96\x02bW\x9e0Q7',2021.10.11.08.31.07_veh-50_01750_01948/MergedPointCloud/2bf6266d4dcf5846.pcd,1633943005949737
b'\x7f\x8d\x9c>p\x0cY>',b'\xb1\x0e\xbf\xb3\xd4-Z\xaa',b'+\xf6&mM\xcfXF',b'\xbeL\x92\x96c\x7fTt',b'h\xe3\x13@\x15\x85_h',b'\x96\x02bW\x9e0Q7',2021.10.11.08.31.07_veh-50_01750_01948/MergedPointCloud/7f8d9c3e700c593e.pcd,1633943005999736
b'\xb1\x0e\xbf\xb3\xd4-Z\xaa',"b'r\x98\x1e8\x82,\\\xa4'",b'\x7f\x8d\x9c>p\x0cY>',b'.B \xbdJ\x0bT{',b'h\xe3\x13@\x15\x85_h',b'\x96\x02bW\x9e0Q7',2021.10.11.08.31.07_veh-50_01750_01948/MergedPointCloud/b10ebfb3d42d5aaa.pcd,1633943006049736
"b'r\x98\x1e8\x82,\\\xa4'",b'\x83\x14\x1e\xb2N\x84[?',b'\xb1\x0e\xbf\xb3\xd4-Z\xaa',b':\xe9\xfd\xa8z\rY\xbb',b'h\xe3\x13@\x15\x85_h',b'\x96\x02bW\x9e0Q7',2021.10.11.08.31.07_veh-50_01750_01948/MergedPointCloud/72981e38822c5ca4.pcd,1633943006099738
b'\x83\x14\x1e\xb2N\x84[?',b'\xe5\x99\x9cB5\xc3Y;',"b'r\x98\x1e8\x82,\\\xa4'",b'9ce\xd3\x9e\xa4\\i',b'h\xe3\x13@\x15\x85_h',b'\x96\x02bW\x9e0Q7',2021.10.11.08.31.07_veh-50_01750_01948/MergedPointCloud/83141eb24e845b3f.pcd,1633943006149739
b'\xe5\x99\x9cB5\xc3Y;',b'\xf5\x0c*:\xe6\x8eU\xb4',b'\x83\x14\x1e\xb2N\x84[?',b'\x87\xab\x82\xb73\xfe]<',b'h\xe3\x13@\x15\x85_h',b'\x96\x02bW\x9e0Q7',2021.10.11.08.31.07_veh-50_01750_01948/MergedPointCloud/e5999c4235c3593b.pcd,1633943006199741
b'\xf5\x0c*:\xe6\x8eU\xb4',b'\x18\x00\xe9\n^@R\xe9',b'\xe5\x99\x9cB5\xc3Y;',b'O\x0c\xc8\xc4\xa4\x14St',b'h\xe3\x13@\x15\x85_h',b'\x96\x02bW\x9e0Q7',2021.10.11.08.31.07_veh-50_01750_01948/MergedPointCloud/f50c2a3ae68e55b4.pcd,1633943006249744
b'\x18\x00\xe9\n^@R\xe9',b'N\xf3G(g\rQN',b'\xf5\x0c*:\xe6\x8eU\xb4',b'\x91s\x9d;\x92\xa3R\xc3',b'h\xe3\x13@\x15\x85_h',b'\x96\x02bW\x9e0Q7',2021.10.11.08.31.07_veh-50_01750_01948/MergedPointCloud/1800e90a5e4052e9.pcd,1633943006299746
b'N\xf3G(g\rQN',b'\xd7o&U\xea\xb1_8',b'\x18\x00\xe9\n^@R\xe9',b'\x928.\xb4\x9c\xbaT\xfc',b'h\xe3\x13@\x15\x85_h',b'\x96\x02bW\x9e0Q7',2021.10.11.08.31.07_veh-50_01750_01948/MergedPointCloud/4ef34728670d514e.pcd,1633943006349748
b'\xd7o&U\xea\xb1_8',b'+\xb6|\x12\xd8\x10X\x9f',b'N\xf3G(g\rQN',b'6\nX\x96\x81\x97X\x7f',b'h\xe3\x13@\x15\x85_h',b'\x96\x02bW\x9e0Q7',2021.10.11.08.31.07_veh-50_01750_01948/MergedPointCloud/d76f2655eab15f38.pcd,1633943006399749
b'+\xb6|\x12\xd8\x10X\x9f',b'O4\x7f\x9b+\x9fZI',b'\xd7o&U\xea\xb1_8',b'_\x17\xa1r\x82\x96QO',b'h\xe3\x13@\x15\x85_h',b'\x96\x02bW\x9e0Q7',2021.10.11.08.31.07_veh-50_01750_01948/MergedPointCloud/2bb67c12d810589f.pcd,1633943006449749
b'O4\x7f\x9b+\x9fZI',b'\x0b\xc69\x94\xf8hX~',b'+\xb6|\x12\xd8\x10X\x9f',b'R%ct\xdc\x12RW',b'h\xe3\x13@\x15\x85_h',b'\x96\x02bW\x9e0Q7',2021.10.11.08.31.07_veh-50_01750_01948/MergedPointCloud/4f347f9b2b9f5a49.pcd,1633943006499748
b'\x0b\xc69\x94\xf8hX~',"b'\x8a!e!,\x0fZ\xb6'",b'O4\x7f\x9b+\x9fZI',b'\x8f\xcfh\xa5\xf8$^6',b'h\xe3\x13@\x15\x85_h',b'\x96\x02bW\x9e0Q7',2021.10.11.08.31.07_veh-50_01750_01948/MergedPointCloud/0bc63994f868587e.pcd,1633943006549748
"b'\x8a!e!,\x0fZ\xb6'",b'\xe7\xdcKrNF\\O',b'\x0b\xc69\x94\xf8hX~',b'\x94\xf2*@\x19\x0eW\xf0',b'h\xe3\x13@\x15\x85_h',b'\x96\x02bW\x9e0Q7',2021.10.11.08.31.07_veh-50_01750_01948/MergedPointCloud/8a2165212c0f5ab6.pcd,1633943006599748
b'\xe7\xdcKrNF\\O',b'\x88v\xb3\x88\xf3\x8eS\xcd',"b'\x8a!e!,\x0fZ\xb6'","b""\x8cN\xf2L\xc9E]'""",b'h\xe3\x13@\x15\x85_h',b'\x96\x02bW\x9e0Q7',2021.10.11.08.31.07_veh-50_01750_01948/MergedPointCloud/e7dc4b724e465c4f.pcd,1633943006649748
b'\x88v\xb3\x88\xf3\x8eS\xcd',b'\x0b^#\xe2}ST\x86',b'\xe7\xdcKrNF\\O',b'{\xdf\x08\x8c\xc3\xd2Z^',b'h\xe3\x13@\x15\x85_h',b'\x96\x02bW\x9e0Q7',2021.10.11.08.31.07_veh-50_01750_01948/MergedPointCloud/8876b388f38e53cd.pcd,1633943006699747
b'\x0b^#\xe2}ST\x86',b'm\x1c\xe2\x00\xda\x8dR\xd9',b'\x88v\xb3\x88\xf3\x8eS\xcd',b'\x1c_\x08\xeeF$R\xfa',b'h\xe3\x13@\x15\x85_h',b'\x96\x02bW\x9e0Q7',2021.10.11.08.31.07_veh-50_01750_01948/MergedPointCloud/0b5e23e27d535486.pcd,1633943006749743
b'm\x1c\xe2\x00\xda\x8dR\xd9',b'\x00\xb1\xf0\x8bbP[^',b'\x0b^#\xe2}ST\x86',b'MKe\x1a\xabS_I',b'h\xe3\x13@\x15\x85_h',b'\x96\x02bW\x9e0Q7',2021.10.11.08.31.07_veh-50_01750_01948/MergedPointCloud/6d1ce200da8d52d9.pcd,1633943006799740
b'\x00\xb1\xf0\x8bbP[^',b'\xc1G\xb5\xddW\xfb]\xd8',b'm\x1c\xe2\x00\xda\x8dR\xd9',b'PJ1\x11\xa13^\x84',b'h\xe3\x13@\x15\x85_h',b'\x96\x02bW\x9e0Q7',2021.10.11.08.31.07_veh-50_01750_01948/MergedPointCloud/00b1f08b62505b5e.pcd,1633943006849737
b'\xc1G\xb5\xddW\xfb]\xd8',b'\xeax\r\xbcO\xf8Qc',b'\x00\xb1\xf0\x8bbP[^',b'\r\xf8\xb8\x1ak\xaa[\x14',b'h\xe3\x13@\x15\x85_h',b'\x96\x02bW\x9e0Q7',2021.10.11.08.31.07_veh-50_01750_01948/MergedPointCloud/c147b5dd57fb5dd8.pcd,1633943006899735
b'\xeax\r\xbcO\xf8Qc',b']kp\xe6#\x18]\x07',b'\xc1G\xb5\xddW\xfb]\xd8',b'\xbb\x85C\xd2~\xc1_\x85',b'h\xe3\x13@\x15\x85_h',b'\x96\x02bW\x9e0Q7',2021.10.11.08.31.07_veh-50_01750_01948/MergedPointCloud/ea780dbc4ff85163.pcd,1633943006949731
b']kp\xe6#\x18]\x07',b's\xf2\xd9\x87\x8a-V6',b'\xeax\r\xbcO\xf8Qc',b')G\xe8(\x908Q\xba',b'h\xe3\x13@\x15\x85_h',b'\x96\x02bW\x9e0Q7',2021.10.11.08.31.07_veh-50_01750_01948/MergedPointCloud/5d6b70e623185d07.pcd,1633943006999727
b's\xf2\xd9\x87\x8a-V6',b'\xf25\x1a\xa9\x87pV\xd3',b']kp\xe6#\x18]\x07',b'\x9e\xc2\xf0\xd1\xdc\xfd_\t',b'h\xe3\x13@\x15\x85_h',b'\x96\x02bW\x9e0Q7',2021.10.11.08.31.07_veh-50_01750_01948/MergedPointCloud/73f2d9878a2d5636.pcd,1633943007049724
b'\xf25\x1a\xa9\x87pV\xd3',b'0\xf8\x93$._X\xe0',b's\xf2\xd9\x87\x8a-V6',"b',\x05\xe0\xe3\xd9f]\x01'",b'h\xe3\x13@\x15\x85_h',b'\x96\x02bW\x9e0Q7',2021.10.11.08.31.07_veh-50_01750_01948/MergedPointCloud/f2351aa9877056d3.pcd,1633943007099720
b'0\xf8\x93$._X\xe0',"b""'.v\x97\xad\x14W\x03""",b'\xf25\x1a\xa9\x87pV\xd3',b'c\x0b\x9e\x8aW\x80\\\x97',b'h\xe3\x13@\x15\x85_h',b'\x96\x02bW\x9e0Q7',2021.10.11.08.31.07_veh-50_01750_01948/MergedPointCloud/30f893242e5f58e0.pcd,1633943007149715
"b""'.v\x97\xad\x14W\x03""",b'~dr\xfc\x17L]O',b'0\xf8\x93$._X\xe0',b'\x1f(\x8e\x85\x8bk_w',b'h\xe3\x13@\x15\x85_h',b'\x96\x02bW\x9e0Q7',2021.10.11.08.31.07_veh-50_01750_01948/MergedPointCloud/272e7697ad145703.pcd,1633943007199710
b'~dr\xfc\x17L]O',b'\xe7\x8f\x12\x0c\x89xX\x01',"b""'.v\x97\xad\x14W\x03""",b'\xeem\xe8*\x15@R\x8d',b'h\xe3\x13@\x15\x85_h',b'\x96\x02bW\x9e0Q7',2021.10.11.08.31.07_veh-50_01750_01948/MergedPointCloud/7e6472fc174c5d4f.pcd,1633943007249705
b'\xe7\x8f\x12\x0c\x89xX\x01',"b"">\xea'\xc28\x04V\x08""",b'~dr\xfc\x17L]O',b'Lk\xef\x05/\xb2^\x0c',b'h\xe3\x13@\x15\x85_h',b'\x96\x02bW\x9e0Q7',2021.10.11.08.31.07_veh-50_01750_01948/MergedPointCloud/e78f120c89785801.pcd,1633943007299701
"b"">\xea'\xc28\x04V\x08""",b'\x11\x8d\xf0o\x17\xb9W\xd3',b'\xe7\x8f\x12\x0c\x89xX\x01',b'{\x93\xee\xb2\x9c\xb7S\xd1',b'h\xe3\x13@\x15\x85_h',b'\x96\x02bW\x9e0Q7',2021.10.11.08.31.07_veh-50_01750_01948/MergedPointCloud/3eea27c238045608.pcd,1633943007349697
b'\x11\x8d\xf0o\x17\xb9W\xd3',b'\xa7\xfbE\xfd\x85\xefVS',"b"">\xea'\xc28\x04V\x08""",b'\x03F\xf3\x13\n\xf4W\xa8',b'h\xe3\x13@\x15\x85_h',b'\x96\x02bW\x9e0Q7',2021.10.11.08.31.07_veh-50_01750_01948/MergedPointCloud/118df06f17b957d3.pcd,1633943007399696
b'\xa7\xfbE\xfd\x85\xefVS',b'\xcfJ\x91^d\\W7',b'\x11\x8d\xf0o\x17\xb9W\xd3',b'\x1d\x80\x04\xf5\x8d\x99T\x95',b'h\xe3\x13@\x15\x85_h',b'\x96\x02bW\x9e0Q7',2021.10.11.08.31.07_veh-50_01750_01948/MergedPointCloud/a7fb45fd85ef5653.pcd,1633943007449697
b'\xcfJ\x91^d\\W7',b'Ni\xe0\x8a\xc7\x0bZC',b'\xa7\xfbE\xfd\x85\xefVS',b'\xdf\x8c\xe6\xd4F\xcfU2',b'h\xe3\x13@\x15\x85_h',b'\x96\x02bW\x9e0Q7',2021.10.11.08.31.07_veh-50_01750_01948/MergedPointCloud/cf4a915e645c5737.pcd,1633943007499700
b'Ni\xe0\x8a\xc7\x0bZC',b'T\xe7\xaf\xa4\xcerY\xcc',b'\xcfJ\x91^d\\W7',b'\xed\xb4\xc1\xaa\xff\xb7V\r',b'h\xe3\x13@\x15\x85_h',b'\x96\x02bW\x9e0Q7',2021.10.11.08.31.07_veh-50_01750_01948/MergedPointCloud/4e69e08ac70b5a43.pcd,1633943007549705
b'T\xe7\xaf\xa4\xcerY\xcc',b'\xfe\x88\x92\xbd_\xd6^\x93',b'Ni\xe0\x8a\xc7\x0bZC',b'\x9d\x1c1 \x81\xaf[\x88',b'h\xe3\x13@\x15\x85_h',b'\x96\x02bW\x9e0Q7',2021.10.11.08.31.07_veh-50_01750_01948/MergedPointCloud/54e7afa4ce7259cc.pcd,1633943007599711
b'\xfe\x88\x92\xbd_\xd6^\x93',b'SYrU\xf2\x97V\xc5',b'T\xe7\xaf\xa4\xcerY\xcc',b'\xa4\xff\xa91\x02\xa2[L',b'h\xe3\x13@\x15\x85_h',b'\x96\x02bW\x9e0Q7',2021.10.11.08.31.07_veh-50_01750_01948/MergedPointCloud/fe8892bd5fd65e93.pcd,1633943007649718
b'SYrU\xf2\x97V\xc5',b'\xb0Kr\xa8G3]\x0f',b'\xfe\x88\x92\xbd_\xd6^\x93',"b'I\xee\x8b:\xa7\x11_""'",b'h\xe3\x13@\x15\x85_h',b'\x96\x02bW\x9e0Q7',2021.10.11.08.31.07_veh-50_01750_01948/MergedPointCloud/53597255f29756c5.pcd,1633943007699724
b'\xb0Kr\xa8G3]\x0f',b'\xcb\xc7Y\xf5\xb9\xd3T\xab',b'SYrU\xf2\x97V\xc5',b'\xf4\x12\xd8\xb4\x9c+P}',b'h\xe3\x13@\x15\x85_h',b'\x96\x02bW\x9e0Q7',2021.10.11.08.31.07_veh-50_01750_01948/MergedPointCloud/b04b72a847335d0f.pcd,1633943007749730
b'\xcb\xc7Y\xf5\xb9\xd3T\xab',"b'\xd4\x12\xb5Q\xe4""Z\xa1'",b'\xb0Kr\xa8G3]\x0f',b'L\xebW\x8f\x10pS\xed',b'h\xe3\x13@\x15\x85_h',b'\x96\x02bW\x9e0Q7',2021.10.11.08.31.07_veh-50_01750_01948/MergedPointCloud/cbc759f5b9d354ab.pcd,1633943007799733
"b'\xd4\x12\xb5Q\xe4""Z\xa1'",b'7\xf9\xd14\xc6\xf2Xr',b'\xcb\xc7Y\xf5\xb9\xd3T\xab',b'}\x9a4\xc7\xee\xa2UJ',b'h\xe3\x13@\x15\x85_h',b'\x96\x02bW\x9e0Q7',2021.10.11.08.31.07_veh-50_01750_01948/MergedPointCloud/d412b551e4225aa1.pcd,1633943007849736
b'7\xf9\xd14\xc6\xf2Xr',b'6Ri\xc3\x0f\xb8Yj',"b'\xd4\x12\xb5Q\xe4""Z\xa1'",b'\x7f\n\xd1\xa3\x83\x1bW\x81',b'h\xe3\x13@\x15\x85_h',b'\x96\x02bW\x9e0Q7',2021.10.11.08.31.07_veh-50_01750_01948/MergedPointCloud/37f9d134c6f25872.pcd,1633943007899738
b'6Ri\xc3\x0f\xb8Yj',b'\x9f)\x04\xd7q\x19V\xc4',b'7\xf9\xd14\xc6\xf2Xr',b'K\xfe\xd7\xdajJR\xad',b'h\xe3\x13@\x15\x85_h',b'\x96\x02bW\x9e0Q7',2021.10.11.08.31.07_veh-50_01750_01948/MergedPointCloud/365269c30fb8596a.pcd,1633943007949737
b'\x9f)\x04\xd7q\x19V\xc4',b'\xbd\n\xec\xce\x06\x86]\xe5',b'6Ri\xc3\x0f\xb8Yj',b'\xd5QHC\xaa$[\x81',b'h\xe3\x13@\x15\x85_h',b'\x96\x02bW\x9e0Q7',2021.10.11.08.31.07_veh-50_01750_01948/MergedPointCloud/9f2904d7711956c4.pcd,1633943007999733
b'\xbd\n\xec\xce\x06\x86]\xe5',b'\xac\xc0v^\xa9LW\xd9',b'\x9f)\x04\xd7q\x19V\xc4',b'u\x9b\x8f\x9a\x0f\x90]\x93',b'h\xe3\x13@\x15\x85_h',b'\x96\x02bW\x9e0Q7',2021.10.11.08.31.07_veh-50_01750_01948/MergedPointCloud/bd0aecce06865de5.pcd,1633943008049726
b'\xac\xc0v^\xa9LW\xd9',b'\x1d6\xac;\x16P^\x82',b'\xbd\n\xec\xce\x06\x86]\xe5',b'\x13\xee0 \x8ayU\xca',b'h\xe3\x13@\x15\x85_h',b'\x96\x02bW\x9e0Q7',2021.10.11.08.31.07_veh-50_01750_01948/MergedPointCloud/acc0765ea94c57d9.pcd,1633943008099721
b'\x1d6\xac;\x16P^\x82',b'X\xa4\x1f>\x02\xd1Q\xce',b'\xac\xc0v^\xa9LW\xd9',b'\x90\x1d\x9a:`Z^\xb1',b'h\xe3\x13@\x15\x85_h',b'\x96\x02bW\x9e0Q7',2021.10.11.08.31.07_veh-50_01750_01948/MergedPointCloud/1d36ac3b16505e82.pcd,1633943008149715
b'X\xa4\x1f>\x02\xd1Q\xce',b'V@GY\xaa\x93Q\xa1',b'\x1d6\xac;\x16P^\x82',"b""\xc3P\xf4p\x19\x83Y'""",b'h\xe3\x13@\x15\x85_h',b'\x96\x02bW\x9e0Q7',2021.10.11.08.31.07_veh-50_01750_01948/MergedPointCloud/58a41f3e02d151ce.pcd,1633943008199708
b'V@GY\xaa\x93Q\xa1',b'\xd0mmQYVP\x1c',b'X\xa4\x1f>\x02\xd1Q\xce',b'\xf3\x96\xc1\xa9\x8b5Qc',b'h\xe3\x13@\x15\x85_h',b'\x96\x02bW\x9e0Q7',2021.10.11.08.31.07_veh-50_01750_01948/MergedPointCloud/56404759aa9351a1.pcd,1633943008249702
b'\xd0mmQYVP\x1c',b'x\xee1\xfeu\x0cS\xad',b'V@GY\xaa\x93Q\xa1',"b'%\xfa\xa2\x19""_U]'",b'h\xe3\x13@\x15\x85_h',b'\x96\x02bW\x9e0Q7',2021.10.11.08.31.07_veh-50_01750_01948/MergedPointCloud/d06d6d515956501c.pcd,1633943008299697
b'x\xee1\xfeu\x0cS\xad',b'\x7f~\xd0\xffm\xe7Q!',b'\xd0mmQYVP\x1c',b'I\x05\xc6O\xe6)Q\x85',b'h\xe3\x13@\x15\x85_h',b'\x96\x02bW\x9e0Q7',2021.10.11.08.31.07_veh-50_01750_01948/MergedPointCloud/78ee31fe750c53ad.pcd,1633943008349693
b'\x7f~\xd0\xffm\xe7Q!',b'&*{\xa2\xa1\xd6[\x98',b'x\xee1\xfeu\x0cS\xad',b'\x84^\x8a1\xbbgQ\xfe',b'h\xe3\x13@\x15\x85_h',b'\x96\x02bW\x9e0Q7',2021.10.11.08.31.07_veh-50_01750_01948/MergedPointCloud/7f7ed0ff6de75121.pcd,1633943008399689
b'&*{\xa2\xa1\xd6[\x98',b'\xe4\xc0\xde{P\x1aWY',b'\x7f~\xd0\xffm\xe7Q!',b'\xb5\xc2Y|\x07\xa5Vk',b'h\xe3\x13@\x15\x85_h',b'\x96\x02bW\x9e0Q7',2021.10.11.08.31.07_veh-50_01750_01948/MergedPointCloud/262a7ba2a1d65b98.pcd,1633943008449686
b'\xe4\xc0\xde{P\x1aWY',b'a+\xec\xbf\tv^\x9a',b'&*{\xa2\xa1\xd6[\x98',b'\xe0X2]\xf7\xd1X\x95',b'h\xe3\x13@\x15\x85_h',b'\x96\x02bW\x9e0Q7',2021.10.11.08.31.07_veh-50_01750_01948/MergedPointCloud/e4c0de7b501a5759.pcd,1633943008499684
b'a+\xec\xbf\tv^\x9a',b'K\x1e\x9c\xbb\x1a\x83S\xb7',b'\xe4\xc0\xde{P\x1aWY',"b'A\xb1\x9b\xd7,l]\x8a'",b'h\xe3\x13@\x15\x85_h',b'\x96\x02bW\x9e0Q7',2021.10.11.08.31.07_veh-50_01750_01948/MergedPointCloud/612becbf09765e9a.pcd,1633943008549682
b'K\x1e\x9c\xbb\x1a\x83S\xb7',b'\xb8\xfc\xfbP\xf4@[\xeb',b'a+\xec\xbf\tv^\x9a',b'\xc9\xf7\xa2~\xd0\x99S/',b'h\xe3\x13@\x15\x85_h',b'\x96\x02bW\x9e0Q7',2021.10.11.08.31.07_veh-50_01750_01948/MergedPointCloud/4b1e9cbb1a8353b7.pcd,1633943008599680
b'\xb8\xfc\xfbP\xf4@[\xeb',b'%\x0e\t\xac\xb7\xd8T\xf9',b'K\x1e\x9c\xbb\x1a\x83S\xb7',b'+\x02\xaf5\xbe\xca]-',b'h\xe3\x13@\x15\x85_h',b'\x96\x02bW\x9e0Q7',2021.10.11.08.31.07_veh-50_01750_01948/MergedPointCloud/b8fcfb50f4405beb.pcd,1633943008649679
b'%\x0e\t\xac\xb7\xd8T\xf9',b'm\xa4B\x1f[\xfeV\xc0',b'\xb8\xfc\xfbP\xf4@[\xeb',b'\x96\xf6I\xc2\xb0zU|',b'h\xe3\x13@\x15\x85_h',b'\x96\x02bW\x9e0Q7',2021.10.11.08.31.07_veh-50_01750_01948/MergedPointCloud/250e09acb7d854f9.pcd,1633943008699679
b'm\xa4B\x1f[\xfeV\xc0',b'\x12f\xa4\x19\x9a\x9d\\K',b'%\x0e\t\xac\xb7\xd8T\xf9',b'C5x\xe6NU_\xde',b'h\xe3\x13@\x15\x85_h',b'\x96\x02bW\x9e0Q7',2021.10.11.08.31.07_veh-50_01750_01948/MergedPointCloud/6da4421f5bfe56c0.pcd,1633943008749679
b'\x12f\xa4\x19\x9a\x9d\\K',b'\x8f\xe8\x91\xdc\x8aeZ\xa1',b'm\xa4B\x1f[\xfeV\xc0',b'\x95\x06r\x1e\xa7\xd7Z2',b'h\xe3\x13@\x15\x85_h',b'\x96\x02bW\x9e0Q7',2021.10.11.08.31.07_veh-50_01750_01948/MergedPointCloud/1266a4199a9d5c4b.pcd,1633943008799681
b'\x8f\xe8\x91\xdc\x8aeZ\xa1',b'\xb6\x91\xba\xf7\x05\xa6R\xb7',b'\x12f\xa4\x19\x9a\x9d\\K',b'\xa6\xf6\xd5\xae\xb0mZ\x1e',b'h\xe3\x13@\x15\x85_h',b'\x96\x02bW\x9e0Q7',2021.10.11.08.31.07_veh-50_01750_01948/MergedPointCloud/8fe891dc8a655aa1.pcd,1633943008849684
b'\xb6\x91\xba\xf7\x05\xa6R\xb7',b'\xc9\xf3\x850\n\xa7X\xff',b'\x8f\xe8\x91\xdc\x8aeZ\xa1',b'\x8d\xa8\xc0\xa5@\xb4U\x86',b'h\xe3\x13@\x15\x85_h',b'\x96\x02bW\x9e0Q7',2021.10.11.08.31.07_veh-50_01750_01948/MergedPointCloud/b691baf705a652b7.pcd,1633943008899688
b'\xc9\xf3\x850\n\xa7X\xff',b'.\x87xX\xa3OPA',b'\xb6\x91\xba\xf7\x05\xa6R\xb7',b'\xc9\xbf\x93\x083\xf2]Z',b'h\xe3\x13@\x15\x85_h',b'\x96\x02bW\x9e0Q7',2021.10.11.08.31.07_veh-50_01750_01948/MergedPointCloud/c9f385300aa758ff.pcd,1633943008949692
b'.\x87xX\xa3OPA',b'\xb90\xd4mi\xabY\xc5',b'\xc9\xf3\x850\n\xa7X\xff',b'\xc9R\x9c\xdc\xe3^R\xbb',b'h\xe3\x13@\x15\x85_h',b'\x96\x02bW\x9e0Q7',2021.10.11.08.31.07_veh-50_01750_01948/MergedPointCloud/2e877858a34f5041.pcd,1633943008999694
b'\xb90\xd4mi\xabY\xc5',b'\xd3\xc0FPG\xc6W\xb0',b'.\x87xX\xa3OPA',b'\xa9T\xc1\x02\xbf\xb9V\xff',b'h\xe3\x13@\x15\x85_h',b'\x96\x02bW\x9e0Q7',2021.10.11.08.31.07_veh-50_01750_01948/MergedPointCloud/b930d46d69ab59c5.pcd,1633943009049698
b'\xd3\xc0FPG\xc6W\xb0',b'\xbd\xbfN\xc7\xf9\x8e\\\xf5',b'\xb90\xd4mi\xabY\xc5',b'\xe45\xac\xe4\xf6\x94W\x04',b'h\xe3\x13@\x15\x85_h',b'\x96\x02bW\x9e0Q7',2021.10.11.08.31.07_veh-50_01750_01948/MergedPointCloud/d3c0465047c657b0.pcd,1633943009099702
b'\xbd\xbfN\xc7\xf9\x8e\\\xf5',b'z\xc4\xa2\x0e\x81\xdeZb',b'\xd3\xc0FPG\xc6W\xb0',b'\x81\x1c\x9bq\xb9\xa9Q<',b'h\xe3\x13@\x15\x85_h',b'\x96\x02bW\x9e0Q7',2021.10.11.08.31.07_veh-50_01750_01948/MergedPointCloud/bdbf4ec7f98e5cf5.pcd,1633943009149706
b'z\xc4\xa2\x0e\x81\xdeZb',b'v\x82a\x97\x92\x0cY\x16',b'\xbd\xbfN\xc7\xf9\x8e\\\xf5',b'\xc4K\xbf\xb4\xe1\xf0WN',b'h\xe3\x13@\x15\x85_h',b'\x96\x02bW\x9e0Q7',2021.10.11.08.31.07_veh-50_01750_01948/MergedPointCloud/7ac4a20e81de5a62.pcd,1633943009199710
b'v\x82a\x97\x92\x0cY\x16',b'\x8d\xc1*\xa1\xb8\xb4Sd',b'z\xc4\xa2\x0e\x81\xdeZb',b'\x97[\xdbJ\xeb\xd3^\x05',b'h\xe3\x13@\x15\x85_h',b'\x96\x02bW\x9e0Q7',2021.10.11.08.31.07_veh-50_01750_01948/MergedPointCloud/76826197920c5916.pcd,1633943009249711
b'\x8d\xc1*\xa1\xb8\xb4Sd',b'\xdc\xd7\xe9\xe9\xea\xf2T\xf7',b'v\x82a\x97\x92\x0cY\x16',b'\x04\x18\xf3j\x9ctP\x04',b'h\xe3\x13@\x15\x85_h',b'\x96\x02bW\x9e0Q7',2021.10.11.08.31.07_veh-50_01750_01948/MergedPointCloud/8dc12aa1b8b45364.pcd,1633943009299712
b'\xdc\xd7\xe9\xe9\xea\xf2T\xf7',b'\xe7\\y>\x88\xae[\x00',b'\x8d\xc1*\xa1\xb8\xb4Sd',"b'\xfa1H,\x08\xe8TT'",b'h\xe3\x13@\x15\x85_h',b'\x96\x02bW\x9e0Q7',2021.10.11.08.31.07_veh-50_01750_01948/MergedPointCloud/dcd7e9e9eaf254f7.pcd,1633943009349714
b'\xe7\\y>\x88\xae[\x00',b'\xf6\xf2\x9dRD=Y\x1a',b'\xdc\xd7\xe9\xe9\xea\xf2T\xf7',b'`\x80k\xc6\xcb\x07]\xb1',b'h\xe3\x13@\x15\x85_h',b'\x96\x02bW\x9e0Q7',2021.10.11.08.31.07_veh-50_01750_01948/MergedPointCloud/e75c793e88ae5b00.pcd,1633943009399715
b'\xf6\xf2\x9dRD=Y\x1a',b'\xa6?\xbcr\x05\xe8P\xbb',b'\xe7\\y>\x88\xae[\x00',b'J\x1e\x9f\xba\x19\xb7V\xde',b'h\xe3\x13@\x15\x85_h',b'\x96\x02bW\x9e0Q7',2021.10.11.08.31.07_veh-50_01750_01948/MergedPointCloud/f6f29d52443d591a.pcd,1633943009449711
b'\xa6?\xbcr\x05\xe8P\xbb',b'+:>I(\xc7Q(',b'\xf6\xf2\x9dRD=Y\x1a',"b""\x1f'\x12\x86E\xf7WD""",b'h\xe3\x13@\x15\x85_h',b'\x96\x02bW\x9e0Q7',2021.10.11.08.31.07_veh-50_01750_01948/MergedPointCloud/a63fbc7205e850bb.pcd,1633943009499705
b'+:>I(\xc7Q(',b'\xed\xe76{\x87\x13Q\x93',b'\xa6?\xbcr\x05\xe8P\xbb',b'{H\x03\xc4\xb7\xd9S!',b'h\xe3\x13@\x15\x85_h',b'\x96\x02bW\x9e0Q7',2021.10.11.08.31.07_veh-50_01750_01948/MergedPointCloud/2b3a3e4928c75128.pcd,1633943009549695
b'\xed\xe76{\x87\x13Q\x93',b'P\x1ak\\M\x1f_\xfa',b'+:>I(\xc7Q(',"b""B\x01zS'PPo""",b'h\xe3\x13@\x15\x85_h',b'\x96\x02bW\x9e0Q7',2021.10.11.08.31.07_veh-50_01750_01948/MergedPointCloud/ede7367b87135193.pcd,1633943009599684
b'P\x1ak\\M\x1f_\xfa',b'o\xb4\x9e\x8cz9R\x8e',b'\xed\xe76{\x87\x13Q\x93',b'\x88\x91\xd0\xf1z7V\x8b',b'h\xe3\x13@\x15\x85_h',b'\x96\x02bW\x9e0Q7',2021.10.11.08.31.07_veh-50_01750_01948/MergedPointCloud/501a6b5c4d1f5ffa.pcd,1633943009649675
b'o\xb4\x9e\x8cz9R\x8e',b'\xbd\xf0\xbac\\\x85]\x02',b'P\x1ak\\M\x1f_\xfa',b'\x16u|\x14^\xadQv',b'h\xe3\x13@\x15\x85_h',b'\x96\x02bW\x9e0Q7',2021.10.11.08.31.07_veh-50_01750_01948/MergedPointCloud/6fb49e8c7a39528e.pcd,1633943009699667
b'\xbd\xf0\xbac\\\x85]\x02',b'\xc8|\xa9\x17J\x15^!',b'o\xb4\x9e\x8cz9R\x8e',b'\xdau\x02H\xc4\xffY\xee',b'h\xe3\x13@\x15\x85_h',b'\x96\x02bW\x9e0Q7',2021.10.11.08.31.07_veh-50_01750_01948/MergedPointCloud/bdf0ba635c855d02.pcd,1633943009749660
b'\xc8|\xa9\x17J\x15^!',b'\x98\xa2\xb7\xaa1\xa4W\x14',b'\xbd\xf0\xbac\\\x85]\x02',b'#UD\xedu/Wt',b'h\xe3\x13@\x15\x85_h',b'\x96\x02bW\x9e0Q7',2021.10.11.08.31.07_veh-50_01750_01948/MergedPointCloud/c87ca9174a155e21.pcd,1633943009799653
b'\x98\xa2\xb7\xaa1\xa4W\x14',b'\x14y\xa74z\xa1[+',b'\xc8|\xa9\x17J\x15^!',b'\xa6\xeat\xbe\x8e\xe8^T',b'h\xe3\x13@\x15\x85_h',b'\x96\x02bW\x9e0Q7',2021.10.11.08.31.07_veh-50_01750_01948/MergedPointCloud/98a2b7aa31a45714.pcd,1633943009849647
b'\x14y\xa74z\xa1[+',b'T\xcc\xf1\xef\xc5\x85\\\x0c',b'\x98\xa2\xb7\xaa1\xa4W\x14',b'\xd0-\xee\x07\xa7c^\x9e',b'h\xe3\x13@\x15\x85_h',b'\x96\x02bW\x9e0Q7',2021.10.11.08.31.07_veh-50_01750_01948/MergedPointCloud/1479a7347aa15b2b.pcd,1633943009899641
b'T\xcc\xf1\xef\xc5\x85\\\x0c',b'n<\x14\r\x1d\x93Y%',b'\x14y\xa74z\xa1[+',b'\xf8\xf6\x1b\x02/-Wf',b'h\xe3\x13@\x15\x85_h',b'\x96\x02bW\x9e0Q7',2021.10.11.08.31.07_veh-50_01750_01948/MergedPointCloud/54ccf1efc5855c0c.pcd,1633943009949635
b'n<\x14\r\x1d\x93Y%',"b'\xb0\x8c)\x9eD\xd6[,'",b'T\xcc\xf1\xef\xc5\x85\\\x0c',b'=\xc4bf#a_@',b'h\xe3\x13@\x15\x85_h',b'\x96\x02bW\x9e0Q7',2021.10.11.08.31.07_veh-50_01750_01948/MergedPointCloud/6e3c140d1d935925.pcd,1633943009999630
"b'\xb0\x8c)\x9eD\xd6[,'",b'\x15\xdf~\x9e\xf5cY\xc2',b'n<\x14\r\x1d\x93Y%',b'\xd94\x12{\xb9&_6',b'h\xe3\x13@\x15\x85_h',b'\x96\x02bW\x9e0Q7',2021.10.11.08.31.07_veh-50_01750_01948/MergedPointCloud/b08c299e44d65b2c.pcd,1633943010049630
b'\x15\xdf~\x9e\xf5cY\xc2',b'\xc5\xfeZ\xf8\xdc\xaaX\xa8',"b'\xb0\x8c)\x9eD\xd6[,'",b'\xb0oOgL\xafUz',b'h\xe3\x13@\x15\x85_h',b'\x96\x02bW\x9e0Q7',2021.10.11.08.31.07_veh-50_01750_01948/MergedPointCloud/15df7e9ef56359c2.pcd,1633943010099631
b'\xc5\xfeZ\xf8\xdc\xaaX\xa8',b'wt\x83\x87\xcb\x00_*',b'\x15\xdf~\x9e\xf5cY\xc2',b'\xc8\xbc\x1c\x1a\x03\xfcZ&',b'h\xe3\x13@\x15\x85_h',b'\x96\x02bW\x9e0Q7',2021.10.11.08.31.07_veh-50_01750_01948/MergedPointCloud/c5fe5af8dcaa58a8.pcd,1633943010149631
b'wt\x83\x87\xcb\x00_*',b'\xd7q\x93\x03\xe7\x13T\xff',b'\xc5\xfeZ\xf8\xdc\xaaX\xa8',"b""'Fes\x807W\x98""",b'h\xe3\x13@\x15\x85_h',b'\x96\x02bW\x9e0Q7',2021.10.11.08.31.07_veh-50_01750_01948/MergedPointCloud/77748387cb005f2a.pcd,1633943010199633
b'\xd7q\x93\x03\xe7\x13T\xff',b'\xf1\xcd\xd8\xc3\t\xfcR\x8f',b'wt\x83\x87\xcb\x00_*',b'M\xe2\x9e\xdeJ\xbaQ\xed',b'h\xe3\x13@\x15\x85_h',b'\x96\x02bW\x9e0Q7',2021.10.11.08.31.07_veh-50_01750_01948/MergedPointCloud/d7719303e71354ff.pcd,1633943010249637
b'\xf1\xcd\xd8\xc3\t\xfcR\x8f',b'\xd9\x1f\xcc\x10\x8d\xdeZ\x8e',b'\xd7q\x93\x03\xe7\x13T\xff',b'E\x02\xb7L\x87{[\xc3',b'h\xe3\x13@\x15\x85_h',b'\x96\x02bW\x9e0Q7',2021.10.11.08.31.07_veh-50_01750_01948/MergedPointCloud/f1cdd8c309fc528f.pcd,1633943010299641
b'\xd9\x1f\xcc\x10\x8d\xdeZ\x8e',b'\x87\xa1\xfa\xf4S\xa3P^',b'\xf1\xcd\xd8\xc3\t\xfcR\x8f',"b""'|F&\xc4\x98U4""",b'h\xe3\x13@\x15\x85_h',b'\x96\x02bW\x9e0Q7',2021.10.11.08.31.07_veh-50_01750_01948/MergedPointCloud/d91fcc108dde5a8e.pcd,1633943010349649
b'\x87\xa1\xfa\xf4S\xa3P^',b'\xf4#Bj\x89\x95Q\xc9',b'\xd9\x1f\xcc\x10\x8d\xdeZ\x8e',b'\x83\x0el\xce\x15LRJ',b'h\xe3\x13@\x15\x85_h',b'\x96\x02bW\x9e0Q7',2021.10.11.08.31.07_veh-50_01750_01948/MergedPointCloud/87a1faf453a3505e.pcd,1633943010399656
b'\xf4#Bj\x89\x95Q\xc9',b'\xb0\x80\x83m\xe8\x83U\x9b',b'\x87\xa1\xfa\xf4S\xa3P^',"b'\x98,\xa3\x14\xea\xbaZJ'",b'h\xe3\x13@\x15\x85_h',b'\x96\x02bW\x9e0Q7',2021.10.11.08.31.07_veh-50_01750_01948/MergedPointCloud/f423426a899551c9.pcd,1633943010449663
b'\xb0\x80\x83m\xe8\x83U\x9b',b'\x145R\xb4R\xb4V\xd4',b'\xf4#Bj\x89\x95Q\xc9',"b'\x9aY7\x9f\xb1,Q\xf2'",b'h\xe3\x13@\x15\x85_h',b'\x96\x02bW\x9e0Q7',2021.10.11.08.31.07_veh-50_01750_01948/MergedPointCloud/b080836de883559b.pcd,1633943010499670
b'\x145R\xb4R\xb4V\xd4',b'\xbf\xe0\x80\x8b\xca\xdd\\f',b'\xb0\x80\x83m\xe8\x83U\x9b',b'}\x184O\xa7ZX\x0f',b'h\xe3\x13@\x15\x85_h',b'\x96\x02bW\x9e0Q7',2021.10.11.08.31.07_veh-50_01750_01948/MergedPointCloud/143552b452b456d4.pcd,1633943010549676
b'\xbf\xe0\x80\x8b\xca\xdd\\f',b'\x9ef\xff\xdd\x9f\xc9X:',b'\x145R\xb4R\xb4V\xd4',b']\x0f\xa67\x93\xd1^\x8b',b'h\xe3\x13@\x15\x85_h',b'\x96\x02bW\x9e0Q7',2021.10.11.08.31.07_veh-50_01750_01948/MergedPointCloud/bfe0808bcadd5c66.pcd,1633943010599682
b'\x9ef\xff\xdd\x9f\xc9X:',b'\x01@\xbb\x10\xad$U\x1b',b'\xbf\xe0\x80\x8b\xca\xdd\\f',b'(a\x89\xe6~\xddX\x92',b'h\xe3\x13@\x15\x85_h',b'\x96\x02bW\x9e0Q7',2021.10.11.08.31.07_veh-50_01750_01948/MergedPointCloud/9e66ffdd9fc9583a.pcd,1633943010649689
b'\x01@\xbb\x10\xad$U\x1b',"b'D\xd4,\xec&i[\x1c'",b'\x9ef\xff\xdd\x9f\xc9X:',b'\xbd\xa2\xa8J\xbd\xadY\xf7',b'h\xe3\x13@\x15\x85_h',b'\x96\x02bW\x9e0Q7',2021.10.11.08.31.07_veh-50_01750_01948/MergedPointCloud/0140bb10ad24551b.pcd,1633943010699697
"b'D\xd4,\xec&i[\x1c'",b'Z\xd9\x98\xee`\x17X\xe6',b'\x01@\xbb\x10\xad$U\x1b',b'\x8cA\xf4\x0cp\x86R\xf3',b'h\xe3\x13@\x15\x85_h',b'\x96\x02bW\x9e0Q7',2021.10.11.08.31.07_veh-50_01750_01948/MergedPointCloud/44d42cec26695b1c.pcd,1633943010749705
b'Z\xd9\x98\xee`\x17X\xe6',b'\x9a\xa1*\xeaG\x98_\xfc',"b'D\xd4,\xec&i[\x1c'",b'\xf9\x1a\x930?LY\x82',b'h\xe3\x13@\x15\x85_h',b'\x96\x02bW\x9e0Q7',2021.10.11.08.31.07_veh-50_01750_01948/MergedPointCloud/5ad998ee601758e6.pcd,1633943010799714
b'\x9a\xa1*\xeaG\x98_\xfc',b'\xb6\xa9\x1d\xbd\xe8tR\xec',b'Z\xd9\x98\xee`\x17X\xe6',"b""\xbbN'\x80\xdfG[$""",b'h\xe3\x13@\x15\x85_h',b'\x96\x02bW\x9e0Q7',2021.10.11.08.31.07_veh-50_01750_01948/MergedPointCloud/9aa12aea47985ffc.pcd,1633943010849720
b'\xb6\xa9\x1d\xbd\xe8tR\xec',b'}Ev\x10\xbetWm',b'\x9a\xa1*\xeaG\x98_\xfc',b'\x87\x16h\xacb\x94T\xd8',b'h\xe3\x13@\x15\x85_h',b'\x96\x02bW\x9e0Q7',2021.10.11.08.31.07_veh-50_01750_01948/MergedPointCloud/b6a91dbde87452ec.pcd,1633943010899726
b'}Ev\x10\xbetWm',b'\xd3\x7f\xc9\x87o\xcd]\xc7',b'\xb6\xa9\x1d\xbd\xe8tR\xec',b'S\xb0\x87n33Q\xd7',b'h\xe3\x13@\x15\x85_h',b'\x96\x02bW\x9e0Q7',2021.10.11.08.31.07_veh-50_01750_01948/MergedPointCloud/7d457610be74576d.pcd,1633943010949733
b'\xd3\x7f\xc9\x87o\xcd]\xc7',b'y\xc2bM\xfe\xe1V\x82',b'}Ev\x10\xbetWm',b'\x05\x11\x86*\x10\xd1\\\x15',b'h\xe3\x13@\x15\x85_h',b'\x96\x02bW\x9e0Q7',2021.10.11.08.31.07_veh-50_01750_01948/MergedPointCloud/d37fc9876fcd5dc7.pcd,1633943010999742
b'y\xc2bM\xfe\xe1V\x82',b'\x0b\x7f\xfcL|\x9cR8',b'\xd3\x7f\xc9\x87o\xcd]\xc7',b'1\xe1\x05d\xe2\x84Z{',b'h\xe3\x13@\x15\x85_h',b'\x96\x02bW\x9e0Q7',2021.10.11.08.31.07_veh-50_01750_01948/MergedPointCloud/79c2624dfee15682.pcd,1633943011049751
b'\x0b\x7f\xfcL|\x9cR8',b'\xee\xf4]\xca\x92;V\x9c',b'y\xc2bM\xfe\xe1V\x82',"b'|,o\xec\x10\xb9X\xc1'",b'h\xe3\x13@\x15\x85_h',b'\x96\x02bW\x9e0Q7',2021.10.11.08.31.07_veh-50_01750_01948/MergedPointCloud/0b7ffc4c7c9c5238.pcd,1633943011099760
b'\xee\xf4]\xca\x92;V\x9c',b'\xfc^\xa6%\xfc\xc8P?',b'\x0b\x7f\xfcL|\x9cR8',b'\x9elw1\x08\x13X\xd4',b'h\xe3\x13@\x15\x85_h',b'\x96\x02bW\x9e0Q7',2021.10.11.08.31.07_veh-50_01750_01948/MergedPointCloud/eef45dca923b569c.pcd,1633943011149767
b'\xfc^\xa6%\xfc\xc8P?',b'\xf4\xda\xa8\x8a\xfai^j',b'\xee\xf4]\xca\x92;V\x9c',b'*\xa0\x1b5\xbc6S\x8d',b'h\xe3\x13@\x15\x85_h',b'\x96\x02bW\x9e0Q7',2021.10.11.08.31.07_veh-50_01750_01948/MergedPointCloud/fc5ea625fcc8503f.pcd,1633943011199770
b'\xf4\xda\xa8\x8a\xfai^j',b'U\x9d\x82r\xa4\xec\\\xc2',b'\xfc^\xa6%\xfc\xc8P?',b'\x16.\xa3\x86p\xeaQd',b'h\xe3\x13@\x15\x85_h',b'\x96\x02bW\x9e0Q7',2021.10.11.08.31.07_veh-50_01750_01948/MergedPointCloud/f4daa88afa695e6a.pcd,1633943011249772
b'U\x9d\x82r\xa4\xec\\\xc2',"b""K]\xdeo'\x11W\xdf""",b'\xf4\xda\xa8\x8a\xfai^j',b'\xab\x80\xaa9$\xf2\\\x81',b'h\xe3\x13@\x15\x85_h',b'\x96\x02bW\x9e0Q7',2021.10.11.08.31.07_veh-50_01750_01948/MergedPointCloud/559d8272a4ec5cc2.pcd,1633943011299773
"b""K]\xdeo'\x11W\xdf""",b'\xa9o6\x83\xba\xaaY\xd3',b'U\x9d\x82r\xa4\xec\\\xc2',b'\xe9C\xe0\x80\x1aWXw',b'h\xe3\x13@\x15\x85_h',b'\x96\x02bW\x9e0Q7',2021.10.11.08.31.07_veh-50_01750_01948/MergedPointCloud/4b5dde6f271157df.pcd,1633943011349776
b'\xa9o6\x83\xba\xaaY\xd3',"b'\xa4\xeb\xe19\x95f[,'","b""K]\xdeo'\x11W\xdf""",b'\x05\xc5\xb3~\x12\x80\\^',b'h\xe3\x13@\x15\x85_h',b'\x96\x02bW\x9e0Q7',2021.10.11.08.31.07_veh-50_01750_01948/MergedPointCloud/a96f3683baaa59d3.pcd,1633943011399781
"b'\xa4\xeb\xe19\x95f[,'",b'\xc9l\x1d\x0c\xb3&[\xe7',b'\xa9o6\x83\xba\xaaY\xd3',b'z\x9b\x08\x9b\xf3?Q\xa3',b'h\xe3\x13@\x15\x85_h',b'\x96\x02bW\x9e0Q7',2021.10.11.08.31.07_veh-50_01750_01948/MergedPointCloud/a4ebe13995665b2c.pcd,1633943011449789
b'\xc9l\x1d\x0c\xb3&[\xe7',b'\xd1\x93/Y`\x8dR\x0c',"b'\xa4\xeb\xe19\x95f[,'",b'L\x12\x86\xd0\xd4F^\xf3',b'h\xe3\x13@\x15\x85_h',b'\x96\x02bW\x9e0Q7',2021.10.11.08.31.07_veh-50_01750_01948/MergedPointCloud/c96c1d0cb3265be7.pcd,1633943011499799
b'\xd1\x93/Y`\x8dR\x0c',b'C\xbc\x9e\x04\xff7^ ',b'\xc9l\x1d\x0c\xb3&[\xe7',b'8\x11X\xa5W$Y\xce',b'h\xe3\x13@\x15\x85_h',b'\x96\x02bW\x9e0Q7',2021.10.11.08.31.07_veh-50_01750_01948/MergedPointCloud/d1932f59608d520c.pcd,1633943011549811
b'C\xbc\x9e\x04\xff7^ ',b'\x8c\xe8\x0c\xce\x92\xc8Z\xe5',b'\xd1\x93/Y`\x8dR\x0c',b'\xb6\xcaf\xd0\xa5LP\xfa',b'h\xe3\x13@\x15\x85_h',b'\x96\x02bW\x9e0Q7',2021.10.11.08.31.07_veh-50_01750_01948/MergedPointCloud/43bc9e04ff375e20.pcd,1633943011599824
b'\x8c\xe8\x0c\xce\x92\xc8Z\xe5',b'\x95\xfa\xcd=YeZ\x8d',b'C\xbc\x9e\x04\xff7^ ',b'\xe2K\n\xb2yfQh',b'h\xe3\x13@\x15\x85_h',b'\x96\x02bW\x9e0Q7',2021.10.11.08.31.07_veh-50_01750_01948/MergedPointCloud/8ce80cce92c85ae5.pcd,1633943011649838
b'\x95\xfa\xcd=YeZ\x8d',b'\xdd~\x9feF\xf4Wz',b'\x8c\xe8\x0c\xce\x92\xc8Z\xe5',b'\xe8\xb1f\xcf\x82\x85Q\x8b',b'h\xe3\x13@\x15\x85_h',b'\x96\x02bW\x9e0Q7',2021.10.11.08.31.07_veh-50_01750_01948/MergedPointCloud/95facd3d59655a8d.pcd,1633943011699851
b'\xdd~\x9feF\xf4Wz',b'\xc6R\xa4]\xc6mR\x02',b'\x95\xfa\xcd=YeZ\x8d',b'5~]oBvY\xd6',b'h\xe3\x13@\x15\x85_h',b'\x96\x02bW\x9e0Q7',2021.10.11.08.31.07_veh-50_01750_01948/MergedPointCloud/dd7e9f6546f4577a.pcd,1633943011749865
b'\xc6R\xa4]\xc6mR\x02',b'\x8d.\xf9\x93\xb0\x84W\x1b',b'\xdd~\x9feF\xf4Wz',b'\x1c)\xd9k\xbb\x87Qe',b'h\xe3\x13@\x15\x85_h',b'\x96\x02bW\x9e0Q7',2021.10.11.08.31.07_veh-50_01750_01948/MergedPointCloud/c652a45dc66d5202.pcd,1633943011799878
b'\x8d.\xf9\x93\xb0\x84W\x1b',b'2[D\xdc\xc1\x14X\\',b'\xc6R\xa4]\xc6mR\x02',b'%\xaa\xc8\n6\xee_R',b'h\xe3\x13@\x15\x85_h',b'\x96\x02bW\x9e0Q7',2021.10.11.08.31.07_veh-50_01750_01948/MergedPointCloud/8d2ef993b084571b.pcd,1633943011849890
b'2[D\xdc\xc1\x14X\\',b'\xa8\xcf\xc3|\x83/T\xe7',b'\x8d.\xf9\x93\xb0\x84W\x1b',b'\xd8\xfe\xb3\xff\xc8dQ\x07',b'h\xe3\x13@\x15\x85_h',b'\x96\x02bW\x9e0Q7',2021.10.11.08.31.07_veh-50_01750_01948/MergedPointCloud/325b44dcc114585c.pcd,1633943011899901
b'\xa8\xcf\xc3|\x83/T\xe7',b'm^`\xcb\xa9 ^|',b'2[D\xdc\xc1\x14X\\',b'\x0eVU\x92\x87\t_\r',b'h\xe3\x13@\x15\x85_h',b'\x96\x02bW\x9e0Q7',2021.10.11.08.31.07_veh-50_01750_01948/MergedPointCloud/a8cfc37c832f54e7.pcd,1633943011949912
b'm^`\xcb\xa9 ^|',b'\x10*\x88\xa7\xa7WR\x07',b'\xa8\xcf\xc3|\x83/T\xe7',b'\xc1\xb7\xab\xd1\xc6\x0fT?',b'h\xe3\x13@\x15\x85_h',b'\x96\x02bW\x9e0Q7',2021.10.11.08.31.07_veh-50_01750_01948/MergedPointCloud/6d5e60cba9205e7c.pcd,1633943011999927
b'\x10*\x88\xa7\xa7WR\x07',b'\xf4D\xca\x84\x82\xa7S5',b'm^`\xcb\xa9 ^|',b'\x12\xf0\xd7W;b]\x83',b'h\xe3\x13@\x15\x85_h',b'\x96\x02bW\x9e0Q7',2021.10.11.08.31.07_veh-50_01750_01948/MergedPointCloud/102a88a7a7575207.pcd,1633943012049944
b'\xf4D\xca\x84\x82\xa7S5',b'c\x9aD\xc8%\xd9P_',b'\x10*\x88\xa7\xa7WR\x07',b'\xc6R\xe9\xf4uWW\x0e',b'h\xe3\x13@\x15\x85_h',b'\x96\x02bW\x9e0Q7',2021.10.11.08.31.07_veh-50_01750_01948/MergedPointCloud/f444ca8482a75335.pcd,1633943012099960
b'c\x9aD\xc8%\xd9P_',b'G;\x04\xca6HX\xbe',b'\xf4D\xca\x84\x82\xa7S5',b'\xf6\xaf\xff\x9e\xd4\x0eTe',b'h\xe3\x13@\x15\x85_h',b'\x96\x02bW\x9e0Q7',2021.10.11.08.31.07_veh-50_01750_01948/MergedPointCloud/639a44c825d9505f.pcd,1633943012149976
b'G;\x04\xca6HX\xbe',b'\xbfywI}\xf6R\xa2',b'c\x9aD\xc8%\xd9P_',b'\xab\xa5\xf9\xca\x93\xecQ\xba',b'h\xe3\x13@\x15\x85_h',b'\x96\x02bW\x9e0Q7',2021.10.11.08.31.07_veh-50_01750_01948/MergedPointCloud/473b04ca364858be.pcd,1633943012199989
b'\xbfywI}\xf6R\xa2',b'/\x0e\x03J\xf6\xa2[\x16',b'G;\x04\xca6HX\xbe',b'v\xa4\xce\xb6T\x0c_\xb8',b'h\xe3\x13@\x15\x85_h',b'\x96\x02bW\x9e0Q7',2021.10.11.08.31.07_veh-50_01750_01948/MergedPointCloud/bf7977497df652a2.pcd,1633943012250001
b'/\x0e\x03J\xf6\xa2[\x16',"b"">'Z\xc27?X3""",b'\xbfywI}\xf6R\xa2',b'7gV\xf9\x03\x0c[\x0b',b'h\xe3\x13@\x15\x85_h',b'\x96\x02bW\x9e0Q7',2021.10.11.08.31.07_veh-50_01750_01948/MergedPointCloud/2f0e034af6a25b16.pcd,1633943012300011
"b"">'Z\xc27?X3""",b'\xe4\xb6\x0cx\xcb\xf2V\xa5',b'/\x0e\x03J\xf6\xa2[\x16',b'\xd9\xb6\xf4\xa5\xfe\xb0RW',b'h\xe3\x13@\x15\x85_h',b'\x96\x02bW\x9e0Q7',2021.10.11.08.31.07_veh-50_01750_01948/MergedPointCloud/3e275ac2373f5833.pcd,1633943012350016
b'\xe4\xb6\x0cx\xcb\xf2V\xa5',b'O\xb8\x06bY\xc6Y\x02',"b"">'Z\xc27?X3""",b'\xa2\x99rA\x80nR\x16',b'h\xe3\x13@\x15\x85_h',b'\x96\x02bW\x9e0Q7',2021.10.11.08.31.07_veh-50_01750_01948/MergedPointCloud/e4b60c78cbf256a5.pcd,1633943012400019
b'O\xb8\x06bY\xc6Y\x02',b'\xd6n\xba\x04W\xa7Z\xd3',b'\xe4\xb6\x0cx\xcb\xf2V\xa5',b'+m:\xd6\x7fBW3',b'h\xe3\x13@\x15\x85_h',b'\x96\x02bW\x9e0Q7',2021.10.11.08.31.07_veh-50_01750_01948/MergedPointCloud/4fb8066259c65902.pcd,1633943012450023
b'\xd6n\xba\x04W\xa7Z\xd3',b'\xecH\x1a;{\xf0P\xeb',b'O\xb8\x06bY\xc6Y\x02',b'\xb14S\xf2\xa3QRg',b'h\xe3\x13@\x15\x85_h',b'\x96\x02bW\x9e0Q7',2021.10.11.08.31.07_veh-50_01750_01948/MergedPointCloud/d66eba0457a75ad3.pcd,1633943012500028
b'\xecH\x1a;{\xf0P\xeb',b'\xfbKv*~uW\xbc',b'\xd6n\xba\x04W\xa7Z\xd3',b'\xc3\xfbQ\x90J)Z\xfe',b'h\xe3\x13@\x15\x85_h',b'\x96\x02bW\x9e0Q7',2021.10.11.08.31.07_veh-50_01750_01948/MergedPointCloud/ec481a3b7bf050eb.pcd,1633943012550032
b'\xfbKv*~uW\xbc',b'\xe7\xef\xf2\xb6\xfb\x0eS\x9c',b'\xecH\x1a;{\xf0P\xeb',b'Z\xf6\x0f\xc7O\xf0^=',b'h\xe3\x13@\x15\x85_h',b'\x96\x02bW\x9e0Q7',2021.10.11.08.31.07_veh-50_01750_01948/MergedPointCloud/fb4b762a7e7557bc.pcd,1633943012600037
b'\xe7\xef\xf2\xb6\xfb\x0eS\x9c',b'J\xd7\x0e\x896\xcc\\\x93',b'\xfbKv*~uW\xbc',b'\xd4^\xd3;\x17\xd2V\xe4',b'h\xe3\x13@\x15\x85_h',b'\x96\x02bW\x9e0Q7',2021.10.11.08.31.07_veh-50_01750_01948/MergedPointCloud/e7eff2b6fb0e539c.pcd,1633943012650041
b'J\xd7\x0e\x896\xcc\\\x93',"b'z""la\xedTR\xc8'",b'\xe7\xef\xf2\xb6\xfb\x0eS\x9c',b')\xab\xd6<z\xb3Q\x9c',b'h\xe3\x13@\x15\x85_h',b'\x96\x02bW\x9e0Q7',2021.10.11.08.31.07_veh-50_01750_01948/MergedPointCloud/4ad70e8936cc5c93.pcd,1633943012700046
"b'z""la\xedTR\xc8'",b'\xb6d#-i\x92X\xe3',b'J\xd7\x0e\x896\xcc\\\x93',b'|(\x14s\x01\xdfY\xcf',b'h\xe3\x13@\x15\x85_h',b'\x96\x02bW\x9e0Q7',2021.10.11.08.31.07_veh-50_01750_01948/MergedPointCloud/7a226c61ed5452c8.pcd,1633943012750050
b'\xb6d#-i\x92X\xe3',b'\x13\xdd\xff.\xf9\xf2R-',"b'z""la\xedTR\xc8'",b'mI\xef\x01.\xb8VD',b'h\xe3\x13@\x15\x85_h',b'\x96\x02bW\x9e0Q7',2021.10.11.08.31.07_veh-50_01750_01948/MergedPointCloud/b664232d699258e3.pcd,1633943012800051
b'\x13\xdd\xff.\xf9\xf2R-',b'x\xdf\xea\xf5;\xbcR\xb4',b'\xb6d#-i\x92X\xe3',b'\x9a\xec\xedS\xfa\x93U\xd0',b'h\xe3\x13@\x15\x85_h',b'\x96\x02bW\x9e0Q7',2021.10.11.08.31.07_veh-50_01750_01948/MergedPointCloud/13ddff2ef9f2522d.pcd,1633943012850049
b'x\xdf\xea\xf5;\xbcR\xb4',b'\xca!\xae\x95\x139Z\xef',b'\x13\xdd\xff.\xf9\xf2R-',b'\xc6\x18\xbd\x0fP\xf0]\x7f',b'h\xe3\x13@\x15\x85_h',b'\x96\x02bW\x9e0Q7',2021.10.11.08.31.07_veh-50_01750_01948/MergedPointCloud/78dfeaf53bbc52b4.pcd,1633943012900046
b'\xca!\xae\x95\x139Z\xef',b'\xf4\x8a\x004q\xf7Q\x88',b'x\xdf\xea\xf5;\xbcR\xb4',"b'\xe0]\xe7""W\xf7Zo'",b'h\xe3\x13@\x15\x85_h',b'\x96\x02bW\x9e0Q7',2021.10.11.08.31.07_veh-50_01750_01948/MergedPointCloud/ca21ae9513395aef.pcd,1633943012950043
b'\xf4\x8a\x004q\xf7Q\x88',b'\xb7\x84\x0f\x16\xeb0T\x99',b'\xca!\xae\x95\x139Z\xef',b'.\xd6\x80\x90\x974V\xa5',b'h\xe3\x13@\x15\x85_h',b'\x96\x02bW\x9e0Q7',2021.10.11.08.31.07_veh-50_01750_01948/MergedPointCloud/f48a003471f75188.pcd,1633943013000041
b'\xb7\x84\x0f\x16\xeb0T\x99',b'\xcb\x0cu\x04\xd1\xa9_*',b'\xf4\x8a\x004q\xf7Q\x88',b'lV\x1d\xb5t\xc4ZC',b'h\xe3\x13@\x15\x85_h',b'\x96\x02bW\x9e0Q7',2021.10.11.08.31.07_veh-50_01750_01948/MergedPointCloud/b7840f16eb305499.pcd,1633943013050040
b'\xcb\x0cu\x04\xd1\xa9_*',b'\x08\xbd\x1f\xc3\x10WR\xba',b'\xb7\x84\x0f\x16\xeb0T\x99',b'\xf3\x88?\x13\xd4\x93^%',b'h\xe3\x13@\x15\x85_h',b'\x96\x02bW\x9e0Q7',2021.10.11.08.31.07_veh-50_01750_01948/MergedPointCloud/cb0c7504d1a95f2a.pcd,1633943013100038
b'\x08\xbd\x1f\xc3\x10WR\xba',b'3U\t\xfb\x90dQU',b'\xcb\x0cu\x04\xd1\xa9_*',b'\x08\xbd\xd8`\xdeETK',b'h\xe3\x13@\x15\x85_h',b'\x96\x02bW\x9e0Q7',2021.10.11.08.31.07_veh-50_01750_01948/MergedPointCloud/08bd1fc3105752ba.pcd,1633943013150036
b'3U\t\xfb\x90dQU',b'I{n\t\xe7^U\xb2',b'\x08\xbd\x1f\xc3\x10WR\xba',b'\xedmq;\xa0\x82R\xe9',b'h\xe3\x13@\x15\x85_h',b'\x96\x02bW\x9e0Q7',2021.10.11.08.31.07_veh-50_01750_01948/MergedPointCloud/335509fb90645155.pcd,1633943013200034
b'I{n\t\xe7^U\xb2',b'\x88\x19;\x18\xec\xbc]W',b'3U\t\xfb\x90dQU',b'a\xb6\x19-\xeaf\\2',b'h\xe3\x13@\x15\x85_h',b'\x96\x02bW\x9e0Q7',2021.10.11.08.31.07_veh-50_01750_01948/MergedPointCloud/497b6e09e75e55b2.pcd,1633943013250032
b'\x88\x19;\x18\xec\xbc]W',b'\x06?R\x02\x8f\xb4P ',b'I{n\t\xe7^U\xb2',b'\xf4\xc5\xe8\xd4$\x8b\\w',b'h\xe3\x13@\x15\x85_h',b'\x96\x02bW\x9e0Q7',2021.10.11.08.31.07_veh-50_01750_01948/MergedPointCloud/88193b18ecbc5d57.pcd,1633943013300027
b'\x06?R\x02\x8f\xb4P ',b'\x8b\x18\xed\xfe|%W\xc4',b'\x88\x19;\x18\xec\xbc]W',b'\xb3-\xef\x80\x07\x9fY\xfd',b'h\xe3\x13@\x15\x85_h',b'\x96\x02bW\x9e0Q7',2021.10.11.08.31.07_veh-50_01750_01948/MergedPointCloud/063f52028fb45020.pcd,1633943013350020
b'\x8b\x18\xed\xfe|%W\xc4',b'\xcf\xff\r+=\x80T\x14',b'\x06?R\x02\x8f\xb4P ',b'M\x18\xa38\x07\xf9U\xe7',b'h\xe3\x13@\x15\x85_h',b'\x96\x02bW\x9e0Q7',2021.10.11.08.31.07_veh-50_01750_01948/MergedPointCloud/8b18edfe7c2557c4.pcd,1633943013400011
b'\xcf\xff\r+=\x80T\x14',b'\xc5\x8cy`\xaf{^p',b'\x8b\x18\xed\xfe|%W\xc4',b'\xeb\xd9\x1f+\xa2\x12R\x0f',b'h\xe3\x13@\x15\x85_h',b'\x96\x02bW\x9e0Q7',2021.10.11.08.31.07_veh-50_01750_01948/MergedPointCloud/cfff0d2b3d805414.pcd,1633943013449998
b'\xc5\x8cy`\xaf{^p',b'\xfc\xba\x8e\xb3\xa4\xf1]\xcb',b'\xcf\xff\r+=\x80T\x14',b'\xc2\x0c\xd6\x82fp^\x98',b'h\xe3\x13@\x15\x85_h',b'\x96\x02bW\x9e0Q7',2021.10.11.08.31.07_veh-50_01750_01948/MergedPointCloud/c58c7960af7b5e70.pcd,1633943013499981
b'\xfc\xba\x8e\xb3\xa4\xf1]\xcb',b']\xba\xb7\xc1\x07\x8cY\x02',b'\xc5\x8cy`\xaf{^p',b'\x1c\x80\xf4\xf7\xb6\x18VV',b'h\xe3\x13@\x15\x85_h',b'\x96\x02bW\x9e0Q7',2021.10.11.08.31.07_veh-50_01750_01948/MergedPointCloud/fcba8eb3a4f15dcb.pcd,1633943013549959
b']\xba\xb7\xc1\x07\x8cY\x02',b'Q\xfc\xd4O[\xa6]5',b'\xfc\xba\x8e\xb3\xa4\xf1]\xcb',b'\x14\xbc\xc7s/\xb2S\xb4',b'h\xe3\x13@\x15\x85_h',b'\x96\x02bW\x9e0Q7',2021.10.11.08.31.07_veh-50_01750_01948/MergedPointCloud/5dbab7c1078c5902.pcd,1633943013599936
b'Q\xfc\xd4O[\xa6]5',b'\xe1P\x99\xf9\x8d*^!',b']\xba\xb7\xc1\x07\x8cY\x02',b'\x89\xa2\xcf\xd8\xb4\x84U\xcd',b'h\xe3\x13@\x15\x85_h',b'\x96\x02bW\x9e0Q7',2021.10.11.08.31.07_veh-50_01750_01948/MergedPointCloud/51fcd44f5ba65d35.pcd,1633943013649910
b'\xe1P\x99\xf9\x8d*^!',b'\x95\xf73\x8b\r\xdb]5',b'Q\xfc\xd4O[\xa6]5',b'.08oC\x8aW\xe6',b'h\xe3\x13@\x15\x85_h',b'\x96\x02bW\x9e0Q7',2021.10.11.08.31.07_veh-50_01750_01948/MergedPointCloud/e15099f98d2a5e21.pcd,1633943013699882
b'\x95\xf73\x8b\r\xdb]5',b'\xb3`\xd8\x18<\x1eT\xa9',b'\xe1P\x99\xf9\x8d*^!',b'\xf5\x1e\x83\xe7\x98kR\xd4',b'h\xe3\x13@\x15\x85_h',b'\x96\x02bW\x9e0Q7',2021.10.11.08.31.07_veh-50_01750_01948/MergedPointCloud/95f7338b0ddb5d35.pcd,1633943013749852
b'\xb3`\xd8\x18<\x1eT\xa9',b'\x85G\x11\xb8n\xf3[B',b'\x95\xf73\x8b\r\xdb]5',b'\x04s\xfd\xca*8Y\x83',b'h\xe3\x13@\x15\x85_h',b'\x96\x02bW\x9e0Q7',2021.10.11.08.31.07_veh-50_01750_01948/MergedPointCloud/b360d8183c1e54a9.pcd,1633943013799821
b'\x85G\x11\xb8n\xf3[B',b'\x01Y^\x07\x9b\x8f[w',b'\xb3`\xd8\x18<\x1eT\xa9',b'\x18_-Cr\xa1]\xb7',b'h\xe3\x13@\x15\x85_h',b'\x96\x02bW\x9e0Q7',2021.10.11.08.31.07_veh-50_01750_01948/MergedPointCloud/854711b86ef35b42.pcd,1633943013849789
b'\x01Y^\x07\x9b\x8f[w',b'\xbf>K\xceQ\xf0X9',b'\x85G\x11\xb8n\xf3[B',b'p\x06\x14Z\x80\xe1Zj',b'h\xe3\x13@\x15\x85_h',b'\x96\x02bW\x9e0Q7',2021.10.11.08.31.07_veh-50_01750_01948/MergedPointCloud/01595e079b8f5b77.pcd,1633943013899759
b'\xbf>K\xceQ\xf0X9',b'\xd3\xee\xd4\\\xe3vU>',b'\x01Y^\x07\x9b\x8f[w',b'\x8b\xe2\xcd%\xad\x19Y;',b'h\xe3\x13@\x15\x85_h',b'\x96\x02bW\x9e0Q7',2021.10.11.08.31.07_veh-50_01750_01948/MergedPointCloud/bf3e4bce51f05839.pcd,1633943013949733
b'\xd3\xee\xd4\\\xe3vU>',b'5\xcc\xe7\x02\xde\x99[!',b'\xbf>K\xceQ\xf0X9',b'\x1c\xa6\xe9\xdc\x0bv\\\xe4',b'h\xe3\x13@\x15\x85_h',b'\x96\x02bW\x9e0Q7',2021.10.11.08.31.07_veh-50_01750_01948/MergedPointCloud/d3eed45ce376553e.pcd,1633943013999710
b'5\xcc\xe7\x02\xde\x99[!',b'\x00)\xe6\xbd\xad1Wv',b'\xd3\xee\xd4\\\xe3vU>',b'L\xe87\x83\xa5:[\xfa',b'h\xe3\x13@\x15\x85_h',b'\x96\x02bW\x9e0Q7',2021.10.11.08.31.07_veh-50_01750_01948/MergedPointCloud/35cce702de995b21.pcd,1633943014049687
b'\x00)\xe6\xbd\xad1Wv',b'\xfb\x95}\xb2\x1f\xe0S\xcb',b'5\xcc\xe7\x02\xde\x99[!',b'\xc5-T\xe9\xa1H]\xb8',b'h\xe3\x13@\x15\x85_h',b'\x96\x02bW\x9e0Q7',2021.10.11.08.31.07_veh-50_01750_01948/MergedPointCloud/0029e6bdad315776.pcd,1633943014099663
b'\xfb\x95}\xb2\x1f\xe0S\xcb',b'Oq\n\x80\xdd\\R\xc5',b'\x00)\xe6\xbd\xad1Wv',b'&\xd6\xc7\x07%\x03W\xe1',b'h\xe3\x13@\x15\x85_h',b'\x96\x02bW\x9e0Q7',2021.10.11.08.31.07_veh-50_01750_01948/MergedPointCloud/fb957db21fe053cb.pcd,1633943014149640
b'Oq\n\x80\xdd\\R\xc5',b'\x9f\xd0\xc6\x07\xea\xf1Zh',b'\xfb\x95}\xb2\x1f\xe0S\xcb',b'+\x19W`UnQ=',b'h\xe3\x13@\x15\x85_h',b'\x96\x02bW\x9e0Q7',2021.10.11.08.31.07_veh-50_01750_01948/MergedPointCloud/4f710a80dd5c52c5.pcd,1633943014199618
b'\x9f\xd0\xc6\x07\xea\xf1Zh',"b'\xc49""""YX_Z'",b'Oq\n\x80\xdd\\R\xc5',b'\x06\x1b\xa9P\xce\xa4Q\x05',b'h\xe3\x13@\x15\x85_h',b'\x96\x02bW\x9e0Q7',2021.10.11.08.31.07_veh-50_01750_01948/MergedPointCloud/9fd0c607eaf15a68.pcd,1633943014249597
"b'\xc49""""YX_Z'",b'\xe9\xf3B\xba\x9b\xccP\xb1',b'\x9f\xd0\xc6\x07\xea\xf1Zh',b'p\x82\x96\xc4\x18\x89P>',b'h\xe3\x13@\x15\x85_h',b'\x96\x02bW\x9e0Q7',2021.10.11.08.31.07_veh-50_01750_01948/MergedPointCloud/c439222259585f5a.pcd,1633943014299579
b'\xe9\xf3B\xba\x9b\xccP\xb1',b'QY\xb3B\xd8#Pd',"b'\xc49""""YX_Z'","b'\\\x0c\xb1\x0e,\x18U\x88'",b'h\xe3\x13@\x15\x85_h',b'\x96\x02bW\x9e0Q7',2021.10.11.08.31.07_veh-50_01750_01948/MergedPointCloud/e9f342ba9bcc50b1.pcd,1633943014349567
b'QY\xb3B\xd8#Pd',b'\xfcB\x85\xf1\xcahS!',b'\xe9\xf3B\xba\x9b\xccP\xb1',b'\xb1\xd84X\xa6\x1fT\xfa',b'h\xe3\x13@\x15\x85_h',b'\x96\x02bW\x9e0Q7',2021.10.11.08.31.07_veh-50_01750_01948/MergedPointCloud/5159b342d8235064.pcd,1633943014399557
b'\xfcB\x85\xf1\xcahS!',b'\x1e`\xbeEKG_\xea',b'QY\xb3B\xd8#Pd',b'B\xc9\xa5\xf1=\x9dS\x0c',b'h\xe3\x13@\x15\x85_h',b'\x96\x02bW\x9e0Q7',2021.10.11.08.31.07_veh-50_01750_01948/MergedPointCloud/fc4285f1ca685321.pcd,1633943014449548
b'\x1e`\xbeEKG_\xea',"b""\xed'\xe2%&)PX""",b'\xfcB\x85\xf1\xcahS!',b'\xdc\xaa\xf5\xaaC\xfdS]',b'h\xe3\x13@\x15\x85_h',b'\x96\x02bW\x9e0Q7',2021.10.11.08.31.07_veh-50_01750_01948/MergedPointCloud/1e60be454b475fea.pcd,1633943014499538
"b""\xed'\xe2%&)PX""",b'^\xda\xb4K\x1e\x07_\xfd',b'\x1e`\xbeEKG_\xea',b'\x9b\xea\x14m\xbc\xe7Z\xd9',b'h\xe3\x13@\x15\x85_h',b'\x96\x02bW\x9e0Q7',2021.10.11.08.31.07_veh-50_01750_01948/MergedPointCloud/ed27e22526295058.pcd,1633943014549529
b'^\xda\xb4K\x1e\x07_\xfd',b'm\xaa5\xea\xdc\xbcT0',"b""\xed'\xe2%&)PX""",b'\xcc\x05\xf2\x81\xf8}_\xeb',b'h\xe3\x13@\x15\x85_h',b'\x96\x02bW\x9e0Q7',2021.10.11.08.31.07_veh-50_01750_01948/MergedPointCloud/5edab44b1e075ffd.pcd,1633943014599520
b'm\xaa5\xea\xdc\xbcT0',b'\x16\xce\x92\xbe\xac\xeeZZ',b'^\xda\xb4K\x1e\x07_\xfd',b'\x01\xa4\xba\x9f\xaeFS\xc4',b'h\xe3\x13@\x15\x85_h',b'\x96\x02bW\x9e0Q7',2021.10.11.08.31.07_veh-50_01750_01948/MergedPointCloud/6daa35eadcbc5430.pcd,1633943014649511
b'\x16\xce\x92\xbe\xac\xeeZZ',b'>\xa6\xa5\x1a\x1b\x8dU\xff',b'm\xaa5\xea\xdc\xbcT0',b'\x84l\xa4L\xc1O_\xbe',b'h\xe3\x13@\x15\x85_h',b'\x96\x02bW\x9e0Q7',2021.10.11.08.31.07_veh-50_01750_01948/MergedPointCloud/16ce92beacee5a5a.pcd,1633943014699503
b'>\xa6\xa5\x1a\x1b\x8dU\xff',b'Z\xbd\x96}>\x0bTf',b'\x16\xce\x92\xbe\xac\xeeZZ',b'A\x07\x81\xfaf\xa7P\xf2',b'h\xe3\x13@\x15\x85_h',b'\x96\x02bW\x9e0Q7',2021.10.11.08.31.07_veh-50_01750_01948/MergedPointCloud/3ea6a51a1b8d55ff.pcd,1633943014749496
b'Z\xbd\x96}>\x0bTf',"b""Z\xa17\x06\xf1'Q\xfc""",b'>\xa6\xa5\x1a\x1b\x8dU\xff',b'\x8fkD\x80J\xddS\xd0',b'h\xe3\x13@\x15\x85_h',b'\x96\x02bW\x9e0Q7',2021.10.11.08.31.07_veh-50_01750_01948/MergedPointCloud/5abd967d3e0b5466.pcd,1633943014799490
"b""Z\xa17\x06\xf1'Q\xfc""",b'\x8c\x16\xf1\x9a\x8e\xefT\xa7',b'Z\xbd\x96}>\x0bTf',b'w6\xb9eM%S\xa8',b'h\xe3\x13@\x15\x85_h',b'\x96\x02bW\x9e0Q7',2021.10.11.08.31.07_veh-50_01750_01948/MergedPointCloud/5aa13706f12751fc.pcd,1633943014849483
b'\x8c\x16\xf1\x9a\x8e\xefT\xa7',b'%\xe9\xe2\xbaa4U\x9c',"b""Z\xa17\x06\xf1'Q\xfc""",b'\x95\x11::d<Vh',b'h\xe3\x13@\x15\x85_h',b'\x96\x02bW\x9e0Q7',2021.10.11.08.31.07_veh-50_01750_01948/MergedPointCloud/8c16f19a8eef54a7.pcd,1633943014899473
b'%\xe9\xe2\xbaa4U\x9c',b'\xeeb\xf8\xab\xc2&X ',b'\x8c\x16\xf1\x9a\x8e\xefT\xa7',b'\x8e}\x84\xaalsY\x90',b'h\xe3\x13@\x15\x85_h',b'\x96\x02bW\x9e0Q7',2021.10.11.08.31.07_veh-50_01750_01948/MergedPointCloud/25e9e2ba6134559c.pcd,1633943014949462
b'\xeeb\xf8\xab\xc2&X ',b'\xae\x98\x8f\xbb\xbdSX\x0e',b'%\xe9\xe2\xbaa4U\x9c',b'\xc2\xc9\t\xea;.T%',b'h\xe3\x13@\x15\x85_h',b'\x96\x02bW\x9e0Q7',2021.10.11.08.31.07_veh-50_01750_01948/MergedPointCloud/ee62f8abc2265820.pcd,1633943014999452
b'\xae\x98\x8f\xbb\xbdSX\x0e',b'\xd9{\xaa|\xfc\xd1[\xc3',b'\xeeb\xf8\xab\xc2&X ',b'\xf6L\xd9y\xb7\xb0\\L',b'h\xe3\x13@\x15\x85_h',b'\x96\x02bW\x9e0Q7',2021.10.11.08.31.07_veh-50_01750_01948/MergedPointCloud/ae988fbbbd53580e.pcd,1633943015049440
b'\xd9{\xaa|\xfc\xd1[\xc3',b'5#\x086\tlY\xde',b'\xae\x98\x8f\xbb\xbdSX\x0e',b'\x1aCA\xdf9]WM',b'h\xe3\x13@\x15\x85_h',b'\x96\x02bW\x9e0Q7',2021.10.11.08.31.07_veh-50_01750_01948/MergedPointCloud/d97baa7cfcd15bc3.pcd,1633943015099430
b'5#\x086\tlY\xde',"b'm\xca\xb8""epY\xdd'",b'\xd9{\xaa|\xfc\xd1[\xc3',b'\x1b\x95\x18I\x1c\x89]\x04',b'h\xe3\x13@\x15\x85_h',b'\x96\x02bW\x9e0Q7',2021.10.11.08.31.07_veh-50_01750_01948/MergedPointCloud/35230836096c59de.pcd,1633943015149422
"b'm\xca\xb8""epY\xdd'",b'\xa3\xcfh/\xefy_\xf8',b'5#\x086\tlY\xde',b'\x10/\xb6\x04SHY\xc5',b'h\xe3\x13@\x15\x85_h',b'\x96\x02bW\x9e0Q7',2021.10.11.08.31.07_veh-50_01750_01948/MergedPointCloud/6dcab822657059dd.pcd,1633943015199416
b'\xa3\xcfh/\xefy_\xf8',b'\x03\xf7*\xd0u\xc0SH',"b'm\xca\xb8""epY\xdd'",b'\xc71\x98\xf2\xa4qT_',b'h\xe3\x13@\x15\x85_h',b'\x96\x02bW\x9e0Q7',2021.10.11.08.31.07_veh-50_01750_01948/MergedPointCloud/a3cf682fef795ff8.pcd,1633943015249413
b'\x03\xf7*\xd0u\xc0SH',b'J\xef\x85\x90=\xdcSE',b'\xa3\xcfh/\xefy_\xf8',b'\xc5l\xcf\xcdf$_\x16',b'h\xe3\x13@\x15\x85_h',b'\x96\x02bW\x9e0Q7',2021.10.11.08.31.07_veh-50_01750_01948/MergedPointCloud/03f72ad075c05348.pcd,1633943015299414
b'J\xef\x85\x90=\xdcSE',b'\x81\xec\xed\xa6\xf0\xcfX\xc5',b'\x03\xf7*\xd0u\xc0SH',b'b\xe7T\x1e\x00XTy',b'h\xe3\x13@\x15\x85_h',b'\x96\x02bW\x9e0Q7',2021.10.11.08.31.07_veh-50_01750_01948/MergedPointCloud/4aef85903ddc5345.pcd,1633943015349417
b'\x81\xec\xed\xa6\xf0\xcfX\xc5',b'\x19j\xbc\x85e\xcd]\x94',b'J\xef\x85\x90=\xdcSE',b'\xe3t{\x97\xed\x97\\j',b'h\xe3\x13@\x15\x85_h',b'\x96\x02bW\x9e0Q7',2021.10.11.08.31.07_veh-50_01750_01948/MergedPointCloud/81eceda6f0cf58c5.pcd,1633943015399423
b'\x19j\xbc\x85e\xcd]\x94',b'Rk\x16p\xfe5Z\xd2',b'\x81\xec\xed\xa6\xf0\xcfX\xc5',b'\xa6\x10\xe1\xea1\x8cQ\x8b',b'h\xe3\x13@\x15\x85_h',b'\x96\x02bW\x9e0Q7',2021.10.11.08.31.07_veh-50_01750_01948/MergedPointCloud/196abc8565cd5d94.pcd,1633943015449431
b'Rk\x16p\xfe5Z\xd2',b'\x8fv\xb4\xc6~oR`',b'\x19j\xbc\x85e\xcd]\x94',b'\xa2?\xcdQ\x9c\xffR\xe4',b'h\xe3\x13@\x15\x85_h',b'\x96\x02bW\x9e0Q7',2021.10.11.08.31.07_veh-50_01750_01948/MergedPointCloud/526b1670fe355ad2.pcd,1633943015499440
b'\x8fv\xb4\xc6~oR`',b'B\x98JJ\xafV\\\xf9',b'Rk\x16p\xfe5Z\xd2',b'>\nk+\x86\xa6R\xc9',b'h\xe3\x13@\x15\x85_h',b'\x96\x02bW\x9e0Q7',2021.10.11.08.31.07_veh-50_01750_01948/MergedPointCloud/8f76b4c67e6f5260.pcd,1633943015549451
b'B\x98JJ\xafV\\\xf9',b'\xafa0\xd6D\x1c\\s',b'\x8fv\xb4\xc6~oR`',b'2\xdc(!\xc7\xd9\\\x81',b'h\xe3\x13@\x15\x85_h',b'\x96\x02bW\x9e0Q7',2021.10.11.08.31.07_veh-50_01750_01948/MergedPointCloud/42984a4aaf565cf9.pcd,1633943015599464
b'\xafa0\xd6D\x1c\\s',"b'H\xa7,\xaf\xf2\xbf[T'",b'B\x98JJ\xafV\\\xf9',b'\xedv1}\xb1\xa7W\xd2',b'h\xe3\x13@\x15\x85_h',b'\x96\x02bW\x9e0Q7',2021.10.11.08.31.07_veh-50_01750_01948/MergedPointCloud/af6130d6441c5c73.pcd,1633943015649476
"b'H\xa7,\xaf\xf2\xbf[T'",b'\xa3\xb2\xc6\x8a\x96\x9dT\xad',b'\xafa0\xd6D\x1c\\s',b'\x0f\xf1:\xf4u\x9eU\xa6',b'h\xe3\x13@\x15\x85_h',b'\x96\x02bW\x9e0Q7',2021.10.11.08.31.07_veh-50_01750_01948/MergedPointCloud/48a72caff2bf5b54.pcd,1633943015699488
b'\xa3\xb2\xc6\x8a\x96\x9dT\xad',b'\n\x0fKT\xe2\xef_\xe3',"b'H\xa7,\xaf\xf2\xbf[T'",b'W\xf6\xb6\xe5V\xe5Zw',b'h\xe3\x13@\x15\x85_h',b'\x96\x02bW\x9e0Q7',2021.10.11.08.31.07_veh-50_01750_01948/MergedPointCloud/a3b2c68a969d54ad.pcd,1633943015749502
b'\n\x0fKT\xe2\xef_\xe3',b'5\x12O\xc5\x16\xb6R\xa0',b'\xa3\xb2\xc6\x8a\x96\x9dT\xad',"b""7Z\xe4\xa6\xda'\\?""",b'h\xe3\x13@\x15\x85_h',b'\x96\x02bW\x9e0Q7',2021.10.11.08.31.07_veh-50_01750_01948/MergedPointCloud/0a0f4b54e2ef5fe3.pcd,1633943015799519
b'5\x12O\xc5\x16\xb6R\xa0',b'o\x19\xd8\xe2XVU\xaf',b'\n\x0fKT\xe2\xef_\xe3',b'@\x99X\x81\xc8KT\xd0',b'h\xe3\x13@\x15\x85_h',b'\x96\x02bW\x9e0Q7',2021.10.11.08.31.07_veh-50_01750_01948/MergedPointCloud/35124fc516b652a0.pcd,1633943015849537
b'o\x19\xd8\xe2XVU\xaf',b'\x8d\xe5\xe1\xc5\xe7xS\xe6',b'5\x12O\xc5\x16\xb6R\xa0',"b""\x7f\x9a\xa7\xbf'SR\x1b""",b'h\xe3\x13@\x15\x85_h',b'\x96\x02bW\x9e0Q7',2021.10.11.08.31.07_veh-50_01750_01948/MergedPointCloud/6f19d8e2585655af.pcd,1633943015899558
b'\x8d\xe5\xe1\xc5\xe7xS\xe6',b'\x1dQ\xe4\x890DW\x9f',b'o\x19\xd8\xe2XVU\xaf',b'n\xc5\x93\xa5\x1b\xa2W\xc2',b'h\xe3\x13@\x15\x85_h',b'\x96\x02bW\x9e0Q7',2021.10.11.08.31.07_veh-50_01750_01948/MergedPointCloud/8de5e1c5e77853e6.pcd,1633943015949583
b'\x1dQ\xe4\x890DW\x9f',b'T\x03\x11\xe9l\x02[\xad',b'\x8d\xe5\xe1\xc5\xe7xS\xe6',b'\x92\x86\xfe\x83\xae\x11S[',b'h\xe3\x13@\x15\x85_h',b'\x96\x02bW\x9e0Q7',2021.10.11.08.31.07_veh-50_01750_01948/MergedPointCloud/1d51e4893044579f.pcd,1633943015999609
b'T\x03\x11\xe9l\x02[\xad',b'2\xf0\xf3\xf8d\x1a^%',b'\x1dQ\xe4\x890DW\x9f',b'\xe8\x0fO\xb9\x8e\x17Y\xc5',b'h\xe3\x13@\x15\x85_h',b'\x96\x02bW\x9e0Q7',2021.10.11.08.31.07_veh-50_01750_01948/MergedPointCloud/540311e96c025bad.pcd,1633943016049636
b'2\xf0\xf3\xf8d\x1a^%',b'r\xecv+\x9a\xbe^\xdf',b'T\x03\x11\xe9l\x02[\xad',b'g}\xdd\xfc|\xd9U\x18',b'h\xe3\x13@\x15\x85_h',b'\x96\x02bW\x9e0Q7',2021.10.11.08.31.07_veh-50_01750_01948/MergedPointCloud/32f0f3f8641a5e25.pcd,1633943016099665
b'r\xecv+\x9a\xbe^\xdf',b'\n\x89\xeaN\xb0\xf3W\xd2',b'2\xf0\xf3\xf8d\x1a^%',b'\xfe\x01\xdf+\xc3iZ\xab',b'h\xe3\x13@\x15\x85_h',b'\x96\x02bW\x9e0Q7',2021.10.11.08.31.07_veh-50_01750_01948/MergedPointCloud/72ec762b9abe5edf.pcd,1633943016149692
b'\n\x89\xeaN\xb0\xf3W\xd2',b'\xee{\x98\xf4_R\\\xdb',b'r\xecv+\x9a\xbe^\xdf',b'\x0fB\xe6\xe3=\x99Q\xc5',b'h\xe3\x13@\x15\x85_h',b'\x96\x02bW\x9e0Q7',2021.10.11.08.31.07_veh-50_01750_01948/MergedPointCloud/0a89ea4eb0f357d2.pcd,1633943016199720
b'\xee{\x98\xf4_R\\\xdb',b'\xf7\xbb\x11\x1bs\xcdP%',b'\n\x89\xeaN\xb0\xf3W\xd2',b'\x9816w@\xf9_\\',b'h\xe3\x13@\x15\x85_h',b'\x96\x02bW\x9e0Q7',2021.10.11.08.31.07_veh-50_01750_01948/MergedPointCloud/ee7b98f45f525cdb.pcd,1633943016249750
b'\xf7\xbb\x11\x1bs\xcdP%',b'\x00cD>:XY\x99',b'\xee{\x98\xf4_R\\\xdb',b'L&\xf9\x00=\x04S\x9f',b'h\xe3\x13@\x15\x85_h',b'\x96\x02bW\x9e0Q7',2021.10.11.08.31.07_veh-50_01750_01948/MergedPointCloud/f7bb111b73cd5025.pcd,1633943016299780
b'\x00cD>:XY\x99',b'\x1f\xba\x15\xda\xce\xc8^\x06',b'\xf7\xbb\x11\x1bs\xcdP%',b'\x9f\xb0\x96w\x8a4U\x96',b'h\xe3\x13@\x15\x85_h',b'\x96\x02bW\x9e0Q7',2021.10.11.08.31.07_veh-50_01750_01948/MergedPointCloud/0063443e3a585999.pcd,1633943016349812
b'\x1f\xba\x15\xda\xce\xc8^\x06',b'\xef\xdc\xd9\x8a\xd6@X\xda',b'\x00cD>:XY\x99',b'!\x13\xf4\xf2\x12\x89T\xe1',b'h\xe3\x13@\x15\x85_h',b'\x96\x02bW\x9e0Q7',2021.10.11.08.31.07_veh-50_01750_01948/MergedPointCloud/1fba15dacec85e06.pcd,1633943016399845
b'\xef\xdc\xd9\x8a\xd6@X\xda',b'\xe3\x98\x85\x82\xf5\xa1U\xeb',b'\x1f\xba\x15\xda\xce\xc8^\x06',b'|\x0f\x14J\xea\x0fP\xd0',b'h\xe3\x13@\x15\x85_h',b'\x96\x02bW\x9e0Q7',2021.10.11.08.31.07_veh-50_01750_01948/MergedPointCloud/efdcd98ad64058da.pcd,1633943016449879
b'\xe3\x98\x85\x82\xf5\xa1U\xeb',b'\xfe.Jk\x84\x10U\x1f',b'\xef\xdc\xd9\x8a\xd6@X\xda',b'eAF\x10\x12\xd9_\xb4',b'h\xe3\x13@\x15\x85_h',b'\x96\x02bW\x9e0Q7',2021.10.11.08.31.07_veh-50_01750_01948/MergedPointCloud/e3988582f5a155eb.pcd,1633943016499913
b'\xfe.Jk\x84\x10U\x1f',"b',\xbc\t\xd9\x8e""^i'",b'\xe3\x98\x85\x82\xf5\xa1U\xeb',b'\x12\x87t\xfc\x1f\xe9S@',b'h\xe3\x13@\x15\x85_h',b'\x96\x02bW\x9e0Q7',2021.10.11.08.31.07_veh-50_01750_01948/MergedPointCloud/fe2e4a6b8410551f.pcd,1633943016549945
"b',\xbc\t\xd9\x8e""^i'",b'g\xc1\n\xf8\x9a`Q\xf4',b'\xfe.Jk\x84\x10U\x1f',b'i\x80\xcf.\xa5\xeaR5',b'h\xe3\x13@\x15\x85_h',b'\x96\x02bW\x9e0Q7',2021.10.11.08.31.07_veh-50_01750_01948/MergedPointCloud/2cbc09d98e225e69.pcd,1633943016599976
b'g\xc1\n\xf8\x9a`Q\xf4',b'\xc0\x88a\x14\xe1\xa6\\\x90',"b',\xbc\t\xd9\x8e""^i'",b'\xe6$\xce1\xfe\xa9P\x13',b'h\xe3\x13@\x15\x85_h',b'\x96\x02bW\x9e0Q7',2021.10.11.08.31.07_veh-50_01750_01948/MergedPointCloud/67c10af89a6051f4.pcd,1633943016650007
b'\xc0\x88a\x14\xe1\xa6\\\x90',b'3B\xc3\xd5\x8b\x97\\G',b'g\xc1\n\xf8\x9a`Q\xf4',"b',\xe1O\xd7,fYK'",b'h\xe3\x13@\x15\x85_h',b'\x96\x02bW\x9e0Q7',2021.10.11.08.31.07_veh-50_01750_01948/MergedPointCloud/c0886114e1a65c90.pcd,1633943016700040
b'3B\xc3\xd5\x8b\x97\\G',"b""|\xa7e'(\x0bRA""",b'\xc0\x88a\x14\xe1\xa6\\\x90',b'Y \r$\x82#T{',b'h\xe3\x13@\x15\x85_h',b'\x96\x02bW\x9e0Q7',2021.10.11.08.31.07_veh-50_01750_01948/MergedPointCloud/3342c3d58b975c47.pcd,1633943016750074
"b""|\xa7e'(\x0bRA""",b'x5\x0ez\xe2\xc3]\x06',b'3B\xc3\xd5\x8b\x97\\G',b'\x99\xbf\x0e\xb5\x83\xdcR\xf6',b'h\xe3\x13@\x15\x85_h',b'\x96\x02bW\x9e0Q7',2021.10.11.08.31.07_veh-50_01750_01948/MergedPointCloud/7ca76527280b5241.pcd,1633943016800112
b'x5\x0ez\xe2\xc3]\x06',b'eD\xbe\xa3\xbb{[\xdc',"b""|\xa7e'(\x0bRA""",b'S<\xa34\x03XR\xf8',b'h\xe3\x13@\x15\x85_h',b'\x96\x02bW\x9e0Q7',2021.10.11.08.31.07_veh-50_01750_01948/MergedPointCloud/78350e7ae2c35d06.pcd,1633943016850151
b'eD\xbe\xa3\xbb{[\xdc',b'Bf\xdc\xb5\xc3\x0c[\x14',b'x5\x0ez\xe2\xc3]\x06',b'\xb6\xfcgp\xe3\xe8R\xc9',b'h\xe3\x13@\x15\x85_h',b'\x96\x02bW\x9e0Q7',2021.10.11.08.31.07_veh-50_01750_01948/MergedPointCloud/6544bea3bb7b5bdc.pcd,1633943016900195
b'Bf\xdc\xb5\xc3\x0c[\x14',b'c/\xa9\xdd(\xc7[\x1b',b'eD\xbe\xa3\xbb{[\xdc',b'\x1a\x98\xf6\t\xf3\x12P\x80',b'h\xe3\x13@\x15\x85_h',b'\x96\x02bW\x9e0Q7',2021.10.11.08.31.07_veh-50_01750_01948/MergedPointCloud/4266dcb5c30c5b14.pcd,1633943016950244
b'c/\xa9\xdd(\xc7[\x1b',b'\xed\xcc\x17\xcc$$RL',b'Bf\xdc\xb5\xc3\x0c[\x14',b'\x02M\xed%k\xf8U\xe2',b'h\xe3\x13@\x15\x85_h',b'\x96\x02bW\x9e0Q7',2021.10.11.08.31.07_veh-50_01750_01948/MergedPointCloud/632fa9dd28c75b1b.pcd,1633943017000291
b'\xed\xcc\x17\xcc$$RL',b'\x12\xb2\xe8\xb6\xe7rY\xcf',b'c/\xa9\xdd(\xc7[\x1b',b'\xe9\x17O\x102\xe4R\xf1',b'h\xe3\x13@\x15\x85_h',b'\x96\x02bW\x9e0Q7',2021.10.11.08.31.07_veh-50_01750_01948/MergedPointCloud/edcc17cc2424524c.pcd,1633943017050335
b'\x12\xb2\xe8\xb6\xe7rY\xcf',b'9\xfb\xb0\x9e\xf4\xa0X\x8f',b'\xed\xcc\x17\xcc$$RL',b'l\x14~5*\x10Y\xf9',b'h\xe3\x13@\x15\x85_h',b'\x96\x02bW\x9e0Q7',2021.10.11.08.31.07_veh-50_01750_01948/MergedPointCloud/12b2e8b6e77259cf.pcd,1633943017100372
b'9\xfb\xb0\x9e\xf4\xa0X\x8f',b'\xdc\x90\xe1\xe4\xc2\x14]X',b'\x12\xb2\xe8\xb6\xe7rY\xcf',b'd\x88k\x1f\xc7\xe4W\xd8',b'h\xe3\x13@\x15\x85_h',b'\x96\x02bW\x9e0Q7',2021.10.11.08.31.07_veh-50_01750_01948/MergedPointCloud/39fbb09ef4a0588f.pcd,1633943017150401
b'\xdc\x90\xe1\xe4\xc2\x14]X',b'3\x03\xa0\x86\x08\x88]\xcd',b'9\xfb\xb0\x9e\xf4\xa0X\x8f',b'\xa2\x1a\xdb\x1eL\x8e\\\xe6',b'h\xe3\x13@\x15\x85_h',b'\x96\x02bW\x9e0Q7',2021.10.11.08.31.07_veh-50_01750_01948/MergedPointCloud/dc90e1e4c2145d58.pcd,1633943017200426
b'3\x03\xa0\x86\x08\x88]\xcd',b'b\xb6t\xb9\x05\xe2X\xb4',b'\xdc\x90\xe1\xe4\xc2\x14]X',b'\xb6\xec\xb0\xf6\xdd)U\xb9',b'h\xe3\x13@\x15\x85_h',b'\x96\x02bW\x9e0Q7',2021.10.11.08.31.07_veh-50_01750_01948/MergedPointCloud/3303a08608885dcd.pcd,1633943017250445
b'b\xb6t\xb9\x05\xe2X\xb4',"b'""4^\xd7\x12\x96Y\xc9'",b'3\x03\xa0\x86\x08\x88]\xcd',b':^\xe9\xde@=Pl',b'h\xe3\x13@\x15\x85_h',b'\x96\x02bW\x9e0Q7',2021.10.11.08.31.07_veh-50_01750_01948/MergedPointCloud/62b674b905e258b4.pcd,1633943017300457
"b'""4^\xd7\x12\x96Y\xc9'","b""Q'3\x84\x06xS\x82""",b'b\xb6t\xb9\x05\xe2X\xb4',b'\xf1\x84\xf2\x116DQ\xbe',b'h\xe3\x13@\x15\x85_h',b'\x96\x02bW\x9e0Q7',2021.10.11.08.31.07_veh-50_01750_01948/MergedPointCloud/22345ed7129659c9.pcd,1633943017350461
"b""Q'3\x84\x06xS\x82""",b'\xdao\x98m\x06s[\xbc',"b'""4^\xd7\x12\x96Y\xc9'","b""{\xe3\x177?'V\xff""",b'h\xe3\x13@\x15\x85_h',b'\x96\x02bW\x9e0Q7',2021.10.11.08.31.07_veh-50_01750_01948/MergedPointCloud/5127338406785382.pcd,1633943017400457
b'\xdao\x98m\x06s[\xbc',b'\xaal\xf2-\x89\x01V\xff',"b""Q'3\x84\x06xS\x82""",b'\xc5\xcc\xe23\xdb_V\xb1',b'h\xe3\x13@\x15\x85_h',b'\x96\x02bW\x9e0Q7',2021.10.11.08.31.07_veh-50_01750_01948/MergedPointCloud/da6f986d06735bbc.pcd,1633943017450448
b'\xaal\xf2-\x89\x01V\xff',b'\x13\xe6.\x1e\x90HY4',b'\xdao\x98m\x06s[\xbc',b'\xba\x1c\xf4\xa1N\x9f_\xc9',b'h\xe3\x13@\x15\x85_h',b'\x96\x02bW\x9e0Q7',2021.10.11.08.31.07_veh-50_01750_01948/MergedPointCloud/aa6cf22d890156ff.pcd,1633943017500435
b'\x13\xe6.\x1e\x90HY4',b'\x82$\xc9\x823\xe0]\xa0',b'\xaal\xf2-\x89\x01V\xff',b'N\xe2\x02\x80|u_(',b'h\xe3\x13@\x15\x85_h',b'\x96\x02bW\x9e0Q7',2021.10.11.08.31.07_veh-50_01750_01948/MergedPointCloud/13e62e1e90485934.pcd,1633943017550420
b'\x82$\xc9\x823\xe0]\xa0',"b'\'P\x89\xc3\x16""T\x9f'",b'\x13\xe6.\x1e\x90HY4',b'\x8a\xbd\xe6\x0f(\xd3^E',b'h\xe3\x13@\x15\x85_h',b'\x96\x02bW\x9e0Q7',2021.10.11.08.31.07_veh-50_01750_01948/MergedPointCloud/8224c98233e05da0.pcd,1633943017600403
"b'\'P\x89\xc3\x16""T\x9f'",b'\x19z5\t\x9c\xecU}',b'\x82$\xc9\x823\xe0]\xa0',b'\x97\xe4\xd1\xb39\xadP\xaa',b'h\xe3\x13@\x15\x85_h',b'\x96\x02bW\x9e0Q7',2021.10.11.08.31.07_veh-50_01750_01948/MergedPointCloud/275089c31622549f.pcd,1633943017650385
b'\x19z5\t\x9c\xecU}',b'\xfe\x9d\x87d\xb9\xad\\\xda',"b'\'P\x89\xc3\x16""T\x9f'",b'\xee\x9b<\xfb6\xd9R\xc5',b'h\xe3\x13@\x15\x85_h',b'\x96\x02bW\x9e0Q7',2021.10.11.08.31.07_veh-50_01750_01948/MergedPointCloud/197a35099cec557d.pcd,1633943017700366
b'\xfe\x9d\x87d\xb9\xad\\\xda',b'&|\xb8\xa3\x8b\xffX\x1a',b'\x19z5\t\x9c\xecU}',b'2\xfd\xe0\x9f%\xc5[\xef',b'h\xe3\x13@\x15\x85_h',b'\x96\x02bW\x9e0Q7',2021.10.11.08.31.07_veh-50_01750_01948/MergedPointCloud/fe9d8764b9ad5cda.pcd,1633943017750346
b'&|\xb8\xa3\x8b\xffX\x1a',b'\r\xa8\xba\x86\xb9\xc8[/',b'\xfe\x9d\x87d\xb9\xad\\\xda',b'\xe4jT\xd5\x8a7\\P',b'h\xe3\x13@\x15\x85_h',b'\x96\x02bW\x9e0Q7',2021.10.11.08.31.07_veh-50_01750_01948/MergedPointCloud/267cb8a38bff581a.pcd,1633943017800323
b'\r\xa8\xba\x86\xb9\xc8[/',b'EP\xec\x01\x81\xe1Z=',b'&|\xb8\xa3\x8b\xffX\x1a',"b'\x93\x83\xb3""N\xbcX\xe4'",b'h\xe3\x13@\x15\x85_h',b'\x96\x02bW\x9e0Q7',2021.10.11.08.31.07_veh-50_01750_01948/MergedPointCloud/0da8ba86b9c85b2f.pcd,1633943017850297
b'EP\xec\x01\x81\xe1Z=',b'\xa4/\x90\xc2[\x88Y\xbb',b'\r\xa8\xba\x86\xb9\xc8[/',b'@\x0c\xb6\x1b\xe6\xfc]\x9d',b'h\xe3\x13@\x15\x85_h',b'\x96\x02bW\x9e0Q7',2021.10.11.08.31.07_veh-50_01750_01948/MergedPointCloud/4550ec0181e15a3d.pcd,1633943017900272
b'\xa4/\x90\xc2[\x88Y\xbb',b'\xca;\xda\x81\xd1\xa7Q\xb5',b'EP\xec\x01\x81\xe1Z=',b'\x9d\xfb\xfb\x0ca\xd1W\x97',b'h\xe3\x13@\x15\x85_h',b'\x96\x02bW\x9e0Q7',2021.10.11.08.31.07_veh-50_01750_01948/MergedPointCloud/a42f90c25b8859bb.pcd,1633943017950244
b'\xca;\xda\x81\xd1\xa7Q\xb5',b'\xb1\xd8\xcb7\xa2uP\xe4',b'\xa4/\x90\xc2[\x88Y\xbb',b'\xc7}Q\xdb\xb9\x1dV\xd2',b'h\xe3\x13@\x15\x85_h',b'\x96\x02bW\x9e0Q7',2021.10.11.08.31.07_veh-50_01750_01948/MergedPointCloud/ca3bda81d1a751b5.pcd,1633943018000219
b'\xb1\xd8\xcb7\xa2uP\xe4',b'\x99Gu\x93\xe8\\_\x00',b'\xca;\xda\x81\xd1\xa7Q\xb5',b'\nm\x0b8\xb7KUr',b'h\xe3\x13@\x15\x85_h',b'\x96\x02bW\x9e0Q7',2021.10.11.08.31.07_veh-50_01750_01948/MergedPointCloud/b1d8cb37a27550e4.pcd,1633943018050194
b'\x99Gu\x93\xe8\\_\x00',b'\x0eW\xda\xa66oS\xaa',b'\xb1\xd8\xcb7\xa2uP\xe4',b'\xdd3\xd6~\xa9D^\xb5',b'h\xe3\x13@\x15\x85_h',b'\x96\x02bW\x9e0Q7',2021.10.11.08.31.07_veh-50_01750_01948/MergedPointCloud/99477593e85c5f00.pcd,1633943018100170
b'\x0eW\xda\xa66oS\xaa',b'\xee0\xe3\xf0\xe4\x8c_;',b'\x99Gu\x93\xe8\\_\x00',b'e\xe0R\xa04\xdb^\xa2',b'h\xe3\x13@\x15\x85_h',b'\x96\x02bW\x9e0Q7',2021.10.11.08.31.07_veh-50_01750_01948/MergedPointCloud/0e57daa6366f53aa.pcd,1633943018150149
b'\xee0\xe3\xf0\xe4\x8c_;',b'\x18\xa3\xfe\n\xdb\x94U\xd2',b'\x0eW\xda\xa66oS\xaa',b'\x83\xb7\n\xe5+\xd5\\\xf8',b'h\xe3\x13@\x15\x85_h',b'\x96\x02bW\x9e0Q7',2021.10.11.08.31.07_veh-50_01750_01948/MergedPointCloud/ee30e3f0e48c5f3b.pcd,1633943018200132
b'\x18\xa3\xfe\n\xdb\x94U\xd2',b'\x95G\xac\xd3Y\xb9W\xb9',b'\xee0\xe3\xf0\xe4\x8c_;',"b' `""q\x1f\xb4Q\xe7'",b'h\xe3\x13@\x15\x85_h',b'\x96\x02bW\x9e0Q7',2021.10.11.08.31.07_veh-50_01750_01948/MergedPointCloud/18a3fe0adb9455d2.pcd,1633943018250118
b'\x95G\xac\xd3Y\xb9W\xb9',b'j\xc3\x957\xfe\xb9_\x83',b'\x18\xa3\xfe\n\xdb\x94U\xd2',b'+/\xaaCQ\x95Y\x97',b'h\xe3\x13@\x15\x85_h',b'\x96\x02bW\x9e0Q7',2021.10.11.08.31.07_veh-50_01750_01948/MergedPointCloud/9547acd359b957b9.pcd,1633943018300104
b'j\xc3\x957\xfe\xb9_\x83',b'\x0e%\xe5l%|R\xd4',b'\x95G\xac\xd3Y\xb9W\xb9',b'\xb1\x80S\x84\xaf\x97\\\\',b'h\xe3\x13@\x15\x85_h',b'\x96\x02bW\x9e0Q7',2021.10.11.08.31.07_veh-50_01750_01948/MergedPointCloud/6ac39537feb95f83.pcd,1633943018350088
b'\x0e%\xe5l%|R\xd4',b'\xd1}\xdc\xb6\xde\xb7P\xb7',b'j\xc3\x957\xfe\xb9_\x83',b'\xfc|\x02i\xfc\xd7\\\xd8',b'h\xe3\x13@\x15\x85_h',b'\x96\x02bW\x9e0Q7',2021.10.11.08.31.07_veh-50_01750_01948/MergedPointCloud/0e25e56c257c52d4.pcd,1633943018400068
b'\xd1}\xdc\xb6\xde\xb7P\xb7',b'\xb3\xe3\xccLOL\\\x94',b'\x0e%\xe5l%|R\xd4',b'\x0b&Y\xbc}\xc0R\x9e',b'h\xe3\x13@\x15\x85_h',b'\x96\x02bW\x9e0Q7',2021.10.11.08.31.07_veh-50_01750_01948/MergedPointCloud/d17ddcb6deb750b7.pcd,1633943018450047
b'\xb3\xe3\xccLOL\\\x94',b'k\x86\xbf9\nsUl',b'\xd1}\xdc\xb6\xde\xb7P\xb7',b'\x1c\xf5\xb8\x0e\xffeW\x85',b'h\xe3\x13@\x15\x85_h',b'\x96\x02bW\x9e0Q7',2021.10.11.08.31.07_veh-50_01750_01948/MergedPointCloud/b3e3cc4c4f4c5c94.pcd,1633943018500022
b'k\x86\xbf9\nsUl',b'\xa9\xa4\x14\xf728]]',b'\xb3\xe3\xccLOL\\\x94',b'\x8b\xf5Pbd\xb4W\xef',b'h\xe3\x13@\x15\x85_h',b'\x96\x02bW\x9e0Q7',2021.10.11.08.31.07_veh-50_01750_01948/MergedPointCloud/6b86bf390a73556c.pcd,1633943018549997
b'\xa9\xa4\x14\xf728]]',b'~\\;\x86\x94\xc2Xx',b'k\x86\xbf9\nsUl',b'Y\xe0\x80\x9fQ\x01_\xf4',b'h\xe3\x13@\x15\x85_h',b'\x96\x02bW\x9e0Q7',2021.10.11.08.31.07_veh-50_01750_01948/MergedPointCloud/a9a414f732385d5d.pcd,1633943018599972
b'~\\;\x86\x94\xc2Xx',b'o*)\xde\xd5\xf6S?',b'\xa9\xa4\x14\xf728]]',b'1oC\x812\xb5RI',b'h\xe3\x13@\x15\x85_h',b'\x96\x02bW\x9e0Q7',2021.10.11.08.31.07_veh-50_01750_01948/MergedPointCloud/7e5c3b8694c25878.pcd,1633943018649945
b'o*)\xde\xd5\xf6S?',b'3\xceo\xa8\x01\xfdV\x92',b'~\\;\x86\x94\xc2Xx',b'\x84O\x84\xcc\xa7\x10\\\xa7',b'h\xe3\x13@\x15\x85_h',b'\x96\x02bW\x9e0Q7',2021.10.11.08.31.07_veh-50_01750_01948/MergedPointCloud/6f2a29ded5f6533f.pcd,1633943018699917
b'3\xceo\xa8\x01\xfdV\x92',b'\xc5$\xed\xfb\xc0\xdcYy',b'o*)\xde\xd5\xf6S?',b'\x1c\x18\x9f\x14\xd8\x12R\xa8',b'h\xe3\x13@\x15\x85_h',b'\x96\x02bW\x9e0Q7',2021.10.11.08.31.07_veh-50_01750_01948/MergedPointCloud/33ce6fa801fd5692.pcd,1633943018749886
b'\xc5$\xed\xfb\xc0\xdcYy',b'\xd9\xe8\xd0\x0f\xad\x1c])',b'3\xceo\xa8\x01\xfdV\x92',b'\x1f \xaa3\xea\xed[7',b'h\xe3\x13@\x15\x85_h',b'\x96\x02bW\x9e0Q7',2021.10.11.08.31.07_veh-50_01750_01948/MergedPointCloud/c524edfbc0dc5979.pcd,1633943018799856
b'\xd9\xe8\xd0\x0f\xad\x1c])',b'\xa9J\xa7x\xd0\x97Z\xf4',b'\xc5$\xed\xfb\xc0\xdcYy',b'\xdf\xc7\x11{N\xdfS\xf2',b'h\xe3\x13@\x15\x85_h',b'\x96\x02bW\x9e0Q7',2021.10.11.08.31.07_veh-50_01750_01948/MergedPointCloud/d9e8d00fad1c5d29.pcd,1633943018849823
b'\xa9J\xa7x\xd0\x97Z\xf4',b'\x05Z\x0c\xc4\x84\xfcT1',b'\xd9\xe8\xd0\x0f\xad\x1c])',b'\x0b@\xf2SJ\x8bYX',b'h\xe3\x13@\x15\x85_h',b'\x96\x02bW\x9e0Q7',2021.10.11.08.31.07_veh-50_01750_01948/MergedPointCloud/a94aa778d0975af4.pcd,1633943018899791
b'\x05Z\x0c\xc4\x84\xfcT1',b'\xd0s\x86\x04\xd4\xb8Y\xd9',b'\xa9J\xa7x\xd0\x97Z\xf4',b'dO\x82@\x81J_n',b'h\xe3\x13@\x15\x85_h',b'\x96\x02bW\x9e0Q7',2021.10.11.08.31.07_veh-50_01750_01948/MergedPointCloud/055a0cc484fc5431.pcd,1633943018949759
b'\xd0s\x86\x04\xd4\xb8Y\xd9',b'\x00u\x94\xa9\xaa[_\xdd',b'\x05Z\x0c\xc4\x84\xfcT1',b'\xdc\xbb\xd8\xba\xa5/W@',b'h\xe3\x13@\x15\x85_h',b'\x96\x02bW\x9e0Q7',2021.10.11.08.31.07_veh-50_01750_01948/MergedPointCloud/d0738604d4b859d9.pcd,1633943018999726
b'\x00u\x94\xa9\xaa[_\xdd',b'\x85\xaf%8\xd8\xecT\xfb',b'\xd0s\x86\x04\xd4\xb8Y\xd9',b'\xffC\xeb\x04\xf6<Y\x1f',b'h\xe3\x13@\x15\x85_h',b'\x96\x02bW\x9e0Q7',2021.10.11.08.31.07_veh-50_01750_01948/MergedPointCloud/007594a9aa5b5fdd.pcd,1633943019049696
b'\x85\xaf%8\xd8\xecT\xfb',"b'""\xe1\xdaN\xe4\x8cXh'",b'\x00u\x94\xa9\xaa[_\xdd',b'4\x84w\x0c\x1a\xe7_r',b'h\xe3\x13@\x15\x85_h',b'\x96\x02bW\x9e0Q7',2021.10.11.08.31.07_veh-50_01750_01948/MergedPointCloud/85af2538d8ec54fb.pcd,1633943019099663
"b'""\xe1\xdaN\xe4\x8cXh'","b""'\x8c\xa1\x1b\xee\x13^J""",b'\x85\xaf%8\xd8\xecT\xfb',b'WS#{\xfe\x0e\\f',b'h\xe3\x13@\x15\x85_h',b'\x96\x02bW\x9e0Q7',2021.10.11.08.31.07_veh-50_01750_01948/MergedPointCloud/22e1da4ee48c5868.pcd,1633943019149634
"b""'\x8c\xa1\x1b\xee\x13^J""",b'agj\xdd\\$_\x15',"b'""\xe1\xdaN\xe4\x8cXh'","b'""\x15\x13\xbd[\x9d];'",b'h\xe3\x13@\x15\x85_h',b'\x96\x02bW\x9e0Q7',2021.10.11.08.31.07_veh-50_01750_01948/MergedPointCloud/278ca11bee135e4a.pcd,1633943019199609
b'agj\xdd\\$_\x15',b'\xc4\xd6\x11\xc3\xe1\x99Xh',"b""'\x8c\xa1\x1b\xee\x13^J""",b'r\xb8\x15\t\x80\xfeS\x88',b'h\xe3\x13@\x15\x85_h',b'\x96\x02bW\x9e0Q7',2021.10.11.08.31.07_veh-50_01750_01948/MergedPointCloud/61676add5c245f15.pcd,1633943019249585
b'\xc4\xd6\x11\xc3\xe1\x99Xh',b'\x0bl\xe8\xe6{{[\x85',b'agj\xdd\\$_\x15',b'y\xee\xfb\x7f\x93Z]s',b'h\xe3\x13@\x15\x85_h',b'\x96\x02bW\x9e0Q7',2021.10.11.08.31.07_veh-50_01750_01948/MergedPointCloud/c4d611c3e1995868.pcd,1633943019299564
b'\x0bl\xe8\xe6{{[\x85',b'\xf5\xc8\xec09\xbbU\xa1',b'\xc4\xd6\x11\xc3\xe1\x99Xh',"b'*\x7f7\xb8""R^\xed'",b'h\xe3\x13@\x15\x85_h',b'\x96\x02bW\x9e0Q7',2021.10.11.08.31.07_veh-50_01750_01948/MergedPointCloud/0b6ce8e67b7b5b85.pcd,1633943019349545
b'\xf5\xc8\xec09\xbbU\xa1',b'\xee\xb6+^\x0c\xb3_\xc6',b'\x0bl\xe8\xe6{{[\x85',b'\xc7\xb9p_S\xfc_\xbd',b'h\xe3\x13@\x15\x85_h',b'\x96\x02bW\x9e0Q7',2021.10.11.08.31.07_veh-50_01750_01948/MergedPointCloud/f5c8ec3039bb55a1.pcd,1633943019399526
b'\xee\xb6+^\x0c\xb3_\xc6',b'\xb3\x01\xcdl\x1a\xcd_B',b'\xf5\xc8\xec09\xbbU\xa1',b'\x8d\xa6\xd8\xc2\xa0(\\2',b'h\xe3\x13@\x15\x85_h',b'\x96\x02bW\x9e0Q7',2021.10.11.08.31.07_veh-50_01750_01948/MergedPointCloud/eeb62b5e0cb35fc6.pcd,1633943019449509
b'\xb3\x01\xcdl\x1a\xcd_B',b'\xcd7\x86&\xf2\xd4W\xf6',b'\xee\xb6+^\x0c\xb3_\xc6',"b'/Z""\x04DC\\\x03'",b'h\xe3\x13@\x15\x85_h',b'\x96\x02bW\x9e0Q7',2021.10.11.08.31.07_veh-50_01750_01948/MergedPointCloud/b301cd6c1acd5f42.pcd,1633943019499494
b'\xcd7\x86&\xf2\xd4W\xf6',b'\xd1\xe8$\xdc\xb2)]|',b'\xb3\x01\xcdl\x1a\xcd_B',b'\xc6\xb3A\x88\x02\x1f_-',b'h\xe3\x13@\x15\x85_h',b'\x96\x02bW\x9e0Q7',2021.10.11.08.31.07_veh-50_01750_01948/MergedPointCloud/cd378626f2d457f6.pcd,1633943019549484
b'\xd1\xe8$\xdc\xb2)]|',b'$:\xc5rkzX\xdf',b'\xcd7\x86&\xf2\xd4W\xf6',b'\x84560:uP\xe3',b'h\xe3\x13@\x15\x85_h',b'\x96\x02bW\x9e0Q7',2021.10.11.08.31.07_veh-50_01750_01948/MergedPointCloud/d1e824dcb2295d7c.pcd,1633943019599477
b'$:\xc5rkzX\xdf',b'\x88\xeaY\xb3\xf0#^\x02',b'\xd1\xe8$\xdc\xb2)]|',b'\x11\xb9\xc4\xdb\xb4&V\x04',b'h\xe3\x13@\x15\x85_h',b'\x96\x02bW\x9e0Q7',2021.10.11.08.31.07_veh-50_01750_01948/MergedPointCloud/243ac5726b7a58df.pcd,1633943019649473
b'\x88\xeaY\xb3\xf0#^\x02',b'\xc1\x03n<\xdaZQ\xbd',b'$:\xc5rkzX\xdf',b'\xc5\xe8\x16\xbcm\x04U\x8d',b'h\xe3\x13@\x15\x85_h',b'\x96\x02bW\x9e0Q7',2021.10.11.08.31.07_veh-50_01750_01948/MergedPointCloud/88ea59b3f0235e02.pcd,1633943019699475
b'\xc1\x03n<\xdaZQ\xbd',b'\xc24\xbfn-\xc1R\xaf',b'\x88\xeaY\xb3\xf0#^\x02',b'\xa0\x87\x88rgrT\xba',b'h\xe3\x13@\x15\x85_h',b'\x96\x02bW\x9e0Q7',2021.10.11.08.31.07_veh-50_01750_01948/MergedPointCloud/c1036e3cda5a51bd.pcd,1633943019749480
b'\xc24\xbfn-\xc1R\xaf',b'g\xbf\xff>\n\xc5UR',b'\xc1\x03n<\xdaZQ\xbd',b'\xccy\x18\x877\x89_\xb9',b'h\xe3\x13@\x15\x85_h',b'\x96\x02bW\x9e0Q7',2021.10.11.08.31.07_veh-50_01750_01948/MergedPointCloud/c234bf6e2dc152af.pcd,1633943019799489
b'g\xbf\xff>\n\xc5UR',b'\x07\x8er\xa2\x84HV\xc0',b'\xc24\xbfn-\xc1R\xaf',b'\xe5\x9b\xe2\xbdD\xb8R\x13',b'h\xe3\x13@\x15\x85_h',b'\x96\x02bW\x9e0Q7',2021.10.11.08.31.07_veh-50_01750_01948/MergedPointCloud/67bfff3e0ac55552.pcd,1633943019849501
b'\x07\x8er\xa2\x84HV\xc0',b'\xf6\x04>N\xa7\x91W\xd1',b'g\xbf\xff>\n\xc5UR',b'b%H\xeb\x1bERA',b'h\xe3\x13@\x15\x85_h',b'\x96\x02bW\x9e0Q7',2021.10.11.08.31.07_veh-50_01750_01948/MergedPointCloud/078e72a2844856c0.pcd,1633943019899512
b'\xf6\x04>N\xa7\x91W\xd1',b'\xa1\xda\x86\xafG\x89Vj',b'\x07\x8er\xa2\x84HV\xc0',b'U\xa7\xc9\xf5YVP\xe7',b'h\xe3\x13@\x15\x85_h',b'\x96\x02bW\x9e0Q7',2021.10.11.08.31.07_veh-50_01750_01948/MergedPointCloud/f6043e4ea79157d1.pcd,1633943019949521
b'\xa1\xda\x86\xafG\x89Vj',b'\x91s\xee\xf5n+\\\xb6',b'\xf6\x04>N\xa7\x91W\xd1',"b'fk\xc7\xd3\r""X\x94'",b'h\xe3\x13@\x15\x85_h',b'\x96\x02bW\x9e0Q7',2021.10.11.08.31.07_veh-50_01750_01948/MergedPointCloud/a1da86af4789566a.pcd,1633943019999531
b'\x91s\xee\xf5n+\\\xb6',b'dS\x17Y\x9fP]\xc1',b'\xa1\xda\x86\xafG\x89Vj',b'\xef\xad\x80\x89u\x07\\A',b'h\xe3\x13@\x15\x85_h',b'\x96\x02bW\x9e0Q7',2021.10.11.08.31.07_veh-50_01750_01948/MergedPointCloud/9173eef56e2b5cb6.pcd,1633943020049539
b'dS\x17Y\x9fP]\xc1',b'!\xf5t!\x072]\xb4',b'\x91s\xee\xf5n+\\\xb6',b'\x87\xb4S\xdb\xb5GQ\x0f',b'h\xe3\x13@\x15\x85_h',b'\x96\x02bW\x9e0Q7',2021.10.11.08.31.07_veh-50_01750_01948/MergedPointCloud/645317599f505dc1.pcd,1633943020099549
b'!\xf5t!\x072]\xb4',b'\xee \r\xa7q\x17_\xb0',b'dS\x17Y\x9fP]\xc1',b'\xfa\x9d\x02v\x83\x06W*',b'h\xe3\x13@\x15\x85_h',b'\x96\x02bW\x9e0Q7',2021.10.11.08.31.07_veh-50_01750_01948/MergedPointCloud/21f5742107325db4.pcd,1633943020149559
b'\xee \r\xa7q\x17_\xb0',"b'\x05\xc4\x0f\xaem""S\xe3'",b'!\xf5t!\x072]\xb4',b'7\xaa`\x06&pUQ',b'h\xe3\x13@\x15\x85_h',b'\x96\x02bW\x9e0Q7',2021.10.11.08.31.07_veh-50_01750_01948/MergedPointCloud/ee200da771175fb0.pcd,1633943020199570
"b'\x05\xc4\x0f\xaem""S\xe3'",b'\xc9d\xda I\xf0U\xb4',b'\xee \r\xa7q\x17_\xb0',b'*Df\x81\xa7\xeeT\x08',b'h\xe3\x13@\x15\x85_h',b'\x96\x02bW\x9e0Q7',2021.10.11.08.31.07_veh-50_01750_01948/MergedPointCloud/05c40fae6d2253e3.pcd,1633943020249580
b'\xc9d\xda I\xf0U\xb4',b'\xee\xca^:\xc7\x86_\x16',"b'\x05\xc4\x0f\xaem""S\xe3'","b'\n\xc9T\xb9""}S\xe3'",b'h\xe3\x13@\x15\x85_h',b'\x96\x02bW\x9e0Q7',2021.10.11.08.31.07_veh-50_01750_01948/MergedPointCloud/c964da2049f055b4.pcd,1633943020299590
b'\xee\xca^:\xc7\x86_\x16',b'Gp\xa4\n\x7f\x8b_\xa3',b'\xc9d\xda I\xf0U\xb4',b'\x89\xf9\x86\xf8^wU\x1d',b'h\xe3\x13@\x15\x85_h',b'\xed\xd0\xed\xb9\xe4\xa1S\x87',2021.10.11.08.31.07_veh-50_01750_01948/MergedPointCloud/eeca5e3ac7865f16.pcd,1633943020349598
b'Gp\xa4\n\x7f\x8b_\xa3',b'\xfa\xd8\xd7\xe5s\xe4Z\x13',b'\xee\xca^:\xc7\x86_\x16',b'W8.g\x19\xaa^[',b'h\xe3\x13@\x15\x85_h',b'\xed\xd0\xed\xb9\xe4\xa1S\x87',2021.10.11.08.31.07_veh-50_01750_01948/MergedPointCloud/4770a40a7f8b5fa3.pcd,1633943020399604
b'\xfa\xd8\xd7\xe5s\xe4Z\x13',b'\x05\x1d\xf6\xdb|I[h',b'Gp\xa4\n\x7f\x8b_\xa3',b'\x80\xedp\x9a\xfd\x8cU\xe0',b'h\xe3\x13@\x15\x85_h',b'\xed\xd0\xed\xb9\xe4\xa1S\x87',2021.10.11.08.31.07_veh-50_01750_01948/MergedPointCloud/fad8d7e573e45a13.pcd,1633943020449613
b'\x05\x1d\xf6\xdb|I[h',"b'Mq@\xd3,]^p'",b'\xfa\xd8\xd7\xe5s\xe4Z\x13',b'31j\x91\xb6\xea\\[',b'h\xe3\x13@\x15\x85_h',b'\xed\xd0\xed\xb9\xe4\xa1S\x87',2021.10.11.08.31.07_veh-50_01750_01948/MergedPointCloud/051df6db7c495b68.pcd,1633943020499627
"b'Mq@\xd3,]^p'",b'BB3\xe5E-_\xe1',b'\x05\x1d\xf6\xdb|I[h',b'\xe8({U\xf2zZO',b'h\xe3\x13@\x15\x85_h',b'\xed\xd0\xed\xb9\xe4\xa1S\x87',2021.10.11.08.31.07_veh-50_01750_01948/MergedPointCloud/4d7140d32c5d5e70.pcd,1633943020549644
b'BB3\xe5E-_\xe1',b'\x00\xf4\xbeL\x0feY\xea',"b'Mq@\xd3,]^p'",b'\xb8a\xfb\x88ao^(',b'h\xe3\x13@\x15\x85_h',b'\xed\xd0\xed\xb9\xe4\xa1S\x87',2021.10.11.08.31.07_veh-50_01750_01948/MergedPointCloud/424233e5452d5fe1.pcd,1633943020599663
b'\x00\xf4\xbeL\x0feY\xea',b'\x810\xa9\x8c\x13eZ_',b'BB3\xe5E-_\xe1',b'c\x0c\xc1.\x0b\x81SM',b'h\xe3\x13@\x15\x85_h',b'\xed\xd0\xed\xb9\xe4\xa1S\x87',2021.10.11.08.31.07_veh-50_01750_01948/MergedPointCloud/00f4be4c0f6559ea.pcd,1633943020649685
b'\x810\xa9\x8c\x13eZ_',b'\xe8\x85b\x13\x9e\nQ\x7f',b'\x00\xf4\xbeL\x0feY\xea',b' S$CB\xa4VQ',b'h\xe3\x13@\x15\x85_h',b'\xed\xd0\xed\xb9\xe4\xa1S\x87',2021.10.11.08.31.07_veh-50_01750_01948/MergedPointCloud/8130a98c13655a5f.pcd,1633943020699706
b'\xe8\x85b\x13\x9e\nQ\x7f',b'PU|+M\xa8X\xc3',b'\x810\xa9\x8c\x13eZ_',"b""q\xb6'\xb8\x88\xa6V&""",b'h\xe3\x13@\x15\x85_h',b'\xed\xd0\xed\xb9\xe4\xa1S\x87',2021.10.11.08.31.07_veh-50_01750_01948/MergedPointCloud/e88562139e0a517f.pcd,1633943020749726
b'PU|+M\xa8X\xc3',b'\xd9\xf4\xba\xfeKlP\x89',b'\xe8\x85b\x13\x9e\nQ\x7f',b'\xf0\xd7\x7f\xec\xfc\xb2Q\x85',b'h\xe3\x13@\x15\x85_h',b'\xed\xd0\xed\xb9\xe4\xa1S\x87',2021.10.11.08.31.07_veh-50_01750_01948/MergedPointCloud/50557c2b4da858c3.pcd,1633943020799746
b'\xd9\xf4\xba\xfeKlP\x89',b'j\x93P\x1d\x9b\x96S\xa2',b'PU|+M\xa8X\xc3',b'\xb6\xa8\x08\xb9P\xdbQ\xa6',b'h\xe3\x13@\x15\x85_h',b'\xed\xd0\xed\xb9\xe4\xa1S\x87',2021.10.11.08.31.07_veh-50_01750_01948/MergedPointCloud/d9f4bafe4b6c5089.pcd,1633943020849766
b'j\x93P\x1d\x9b\x96S\xa2',b'J\xdc\x97}\x9bPSk',b'\xd9\xf4\xba\xfeKlP\x89',b't\nR\xc6\x81B\\\r',b'h\xe3\x13@\x15\x85_h',b'\xed\xd0\xed\xb9\xe4\xa1S\x87',2021.10.11.08.31.07_veh-50_01750_01948/MergedPointCloud/6a93501d9b9653a2.pcd,1633943020899787
b'J\xdc\x97}\x9bPSk',b'g\x11C\xb8\xcc+Q\xbf',b'j\x93P\x1d\x9b\x96S\xa2',b'\xc0\xbbO\xa3\xfc\xd4Q=',b'h\xe3\x13@\x15\x85_h',b'\xed\xd0\xed\xb9\xe4\xa1S\x87',2021.10.11.08.31.07_veh-50_01750_01948/MergedPointCloud/4adc977d9b50536b.pcd,1633943020949808
b'g\x11C\xb8\xcc+Q\xbf',b'\x01\xdcN\x1e\x8f\xb8\\\xdd',b'J\xdc\x97}\x9bPSk',b'\xeb\xd3\xc5\x04\xa4]T\x81',b'h\xe3\x13@\x15\x85_h',b'\xed\xd0\xed\xb9\xe4\xa1S\x87',2021.10.11.08.31.07_veh-50_01750_01948/MergedPointCloud/671143b8cc2b51bf.pcd,1633943020999830
b'\x01\xdcN\x1e\x8f\xb8\\\xdd',b'\xf8.\xdd8y$[N',b'g\x11C\xb8\xcc+Q\xbf',b'\x0fZ0p\x83\x91U\xcf',b'h\xe3\x13@\x15\x85_h',b'\xed\xd0\xed\xb9\xe4\xa1S\x87',2021.10.11.08.31.07_veh-50_01750_01948/MergedPointCloud/01dc4e1e8fb85cdd.pcd,1633943021049852
b'\xf8.\xdd8y$[N',b'nY\xbb\xe9lW_\x01',b'\x01\xdcN\x1e\x8f\xb8\\\xdd',b'9Fo\xd6\x13\rU\xce',b'h\xe3\x13@\x15\x85_h',b'\xed\xd0\xed\xb9\xe4\xa1S\x87',2021.10.11.08.31.07_veh-50_01750_01948/MergedPointCloud/f82edd3879245b4e.pcd,1633943021099872
b'nY\xbb\xe9lW_\x01',"b'(\xed,\xae\x05\x0cW*'",b'\xf8.\xdd8y$[N',b'Ak\x89\xab\xee\xa8Y\x18',b'h\xe3\x13@\x15\x85_h',b'\xed\xd0\xed\xb9\xe4\xa1S\x87',2021.10.11.08.31.07_veh-50_01750_01948/MergedPointCloud/6e59bbe96c575f01.pcd,1633943021149890
"b'(\xed,\xae\x05\x0cW*'",b'\xaa\xe9B\xc6\xa7\xd3Td',b'nY\xbb\xe9lW_\x01',b'\xe4&!\xeb\x14B\\\xe5',b'h\xe3\x13@\x15\x85_h',b'\xed\xd0\xed\xb9\xe4\xa1S\x87',2021.10.11.08.31.07_veh-50_01750_01948/MergedPointCloud/28ed2cae050c572a.pcd,1633943021199904
b'\xaa\xe9B\xc6\xa7\xd3Td',b'u:\x82\x84\xbf0]\xe9',"b'(\xed,\xae\x05\x0cW*'","b'2\xfb\xd7\xdf\xeb""[L'",b'h\xe3\x13@\x15\x85_h',b'\xed\xd0\xed\xb9\xe4\xa1S\x87',2021.10.11.08.31.07_veh-50_01750_01948/MergedPointCloud/aae942c6a7d35464.pcd,1633943021249914
b'u:\x82\x84\xbf0]\xe9',b'\x05\xa9+\nd\xe9W\xab',b'\xaa\xe9B\xc6\xa7\xd3Td',b'\x1f3X\xebn\\Rc',b'h\xe3\x13@\x15\x85_h',b'\xed\xd0\xed\xb9\xe4\xa1S\x87',2021.10.11.08.31.07_veh-50_01750_01948/MergedPointCloud/753a8284bf305de9.pcd,1633943021299921
b'\x05\xa9+\nd\xe9W\xab',b'\xa7\xb2\xa1\x93\xc8\x8fS\xbd',b'u:\x82\x84\xbf0]\xe9',b'\xc1\x15*\xaf3\xeeZ\x80',b'h\xe3\x13@\x15\x85_h',b'\xed\xd0\xed\xb9\xe4\xa1S\x87',2021.10.11.08.31.07_veh-50_01750_01948/MergedPointCloud/05a92b0a64e957ab.pcd,1633943021349929
b'\xa7\xb2\xa1\x93\xc8\x8fS\xbd',b'^\x1f\x0c\xf2\x80\x17_\xc9',b'\x05\xa9+\nd\xe9W\xab',b'\xb7:f\xb5.\x8bQ\xdc',b'h\xe3\x13@\x15\x85_h',b'\xed\xd0\xed\xb9\xe4\xa1S\x87',2021.10.11.08.31.07_veh-50_01750_01948/MergedPointCloud/a7b2a193c88f53bd.pcd,1633943021399940
b'^\x1f\x0c\xf2\x80\x17_\xc9',b'\xff]\x94AZw[v',b'\xa7\xb2\xa1\x93\xc8\x8fS\xbd',b'\xb1\n$[d8\\\xa4',b'h\xe3\x13@\x15\x85_h',b'\xed\xd0\xed\xb9\xe4\xa1S\x87',2021.10.11.08.31.07_veh-50_01750_01948/MergedPointCloud/5e1f0cf280175fc9.pcd,1633943021449950
b'\xff]\x94AZw[v',b'\xceM\x7f\xb2\xcb\x14R\x8d',b'^\x1f\x0c\xf2\x80\x17_\xc9',b'J\x1a\x0f\x97?\xfbTq',b'h\xe3\x13@\x15\x85_h',b'\xed\xd0\xed\xb9\xe4\xa1S\x87',2021.10.11.08.31.07_veh-50_01750_01948/MergedPointCloud/ff5d94415a775b76.pcd,1633943021499961
b'\xceM\x7f\xb2\xcb\x14R\x8d',b'\xea\xe1\xc7\x9b#\xc0_\x04',b'\xff]\x94AZw[v',b'Ge\xca\xb2\xdc\xfaR-',b'h\xe3\x13@\x15\x85_h',b'\xed\xd0\xed\xb9\xe4\xa1S\x87',2021.10.11.08.31.07_veh-50_01750_01948/MergedPointCloud/ce4d7fb2cb14528d.pcd,1633943021549972
b'\xea\xe1\xc7\x9b#\xc0_\x04',b'E\xe1.\xd9pk_*',b'\xceM\x7f\xb2\xcb\x14R\x8d',b'\x9d\xdcz1\xf4\xfb]N',b'h\xe3\x13@\x15\x85_h',b'\xed\xd0\xed\xb9\xe4\xa1S\x87',2021.10.11.08.31.07_veh-50_01750_01948/MergedPointCloud/eae1c79b23c05f04.pcd,1633943021599981
b'E\xe1.\xd9pk_*',b'\x07\xc7\xae\xd1\x05\xdcZ_',b'\xea\xe1\xc7\x9b#\xc0_\x04',b'\x18\xa3\xa8\x8c\xda\x1c_\x99',b'h\xe3\x13@\x15\x85_h',b'\xed\xd0\xed\xb9\xe4\xa1S\x87',2021.10.11.08.31.07_veh-50_01750_01948/MergedPointCloud/45e12ed9706b5f2a.pcd,1633943021649988
b'\x07\xc7\xae\xd1\x05\xdcZ_',"b',\xfb,\x92]xS\xb8'",b'E\xe1.\xd9pk_*',b'\xe4\xf2\x87z\x8c\x9dW?',b'h\xe3\x13@\x15\x85_h',b'\xed\xd0\xed\xb9\xe4\xa1S\x87',2021.10.11.08.31.07_veh-50_01750_01948/MergedPointCloud/07c7aed105dc5a5f.pcd,1633943021699993
"b',\xfb,\x92]xS\xb8'",b'\xf2[v\x89\x8e&V\xb6',b'\x07\xc7\xae\xd1\x05\xdcZ_',b'\xafj\x12 \x1efP\x19',b'h\xe3\x13@\x15\x85_h',b'\xed\xd0\xed\xb9\xe4\xa1S\x87',2021.10.11.08.31.07_veh-50_01750_01948/MergedPointCloud/2cfb2c925d7853b8.pcd,1633943021749995
b'\xf2[v\x89\x8e&V\xb6',b'\xca\x95$\xe0\xa3\x89]\x0c',"b',\xfb,\x92]xS\xb8'",b'\x86:\xf5\x0e\xf3#]^',b'h\xe3\x13@\x15\x85_h',b'\xed\xd0\xed\xb9\xe4\xa1S\x87',2021.10.11.08.31.07_veh-50_01750_01948/MergedPointCloud/f25b76898e2656b6.pcd,1633943021799993
b'\xca\x95$\xe0\xa3\x89]\x0c',b'\x07\\;\xf9e&Ub',b'\xf2[v\x89\x8e&V\xb6',b'\x10l4\x95\x0e=R$',b'h\xe3\x13@\x15\x85_h',b'\xed\xd0\xed\xb9\xe4\xa1S\x87',2021.10.11.08.31.07_veh-50_01750_01948/MergedPointCloud/ca9524e0a3895d0c.pcd,1633943021849989
b'\x07\\;\xf9e&Ub',b'\x83Tf<\xc0%\\\xa5',b'\xca\x95$\xe0\xa3\x89]\x0c',b'\xe9[\xb7\xf6}#Q1',b'h\xe3\x13@\x15\x85_h',b'\xed\xd0\xed\xb9\xe4\xa1S\x87',2021.10.11.08.31.07_veh-50_01750_01948/MergedPointCloud/075c3bf965265562.pcd,1633943021899984
b'\x83Tf<\xc0%\\\xa5',b'\x86\x8a\x8a\xa1$f\\\xe0',b'\x07\\;\xf9e&Ub',b'\x0e\xcd\x18\x8d\xf0!_\xfd',b'h\xe3\x13@\x15\x85_h',b'\xed\xd0\xed\xb9\xe4\xa1S\x87',2021.10.11.08.31.07_veh-50_01750_01948/MergedPointCloud/8354663cc0255ca5.pcd,1633943021949975
b'\x86\x8a\x8a\xa1$f\\\xe0',b'\x0c\x1c#\x1b\x19\x8dSU',b'\x83Tf<\xc0%\\\xa5',"b'\x00\xd7@n,CP\x04'",b'h\xe3\x13@\x15\x85_h',b'\xed\xd0\xed\xb9\xe4\xa1S\x87',2021.10.11.08.31.07_veh-50_01750_01948/MergedPointCloud/868a8aa124665ce0.pcd,1633943021999961
b'\x0c\x1c#\x1b\x19\x8dSU',b'\x97\x08\x15\xc9x%U\xa7',b'\x86\x8a\x8a\xa1$f\\\xe0',b'\x94\xddJ\xc1\xd8eU\xa5',b'h\xe3\x13@\x15\x85_h',b'\xed\xd0\xed\xb9\xe4\xa1S\x87',2021.10.11.08.31.07_veh-50_01750_01948/MergedPointCloud/0c1c231b198d5355.pcd,1633943022049944
b'\x97\x08\x15\xc9x%U\xa7',b'\xd7\xf8f\x12\x84\xbcW&',b'\x0c\x1c#\x1b\x19\x8dSU',b'\xf9>\x9e\x13\xb1\x9eV\xe9',b'h\xe3\x13@\x15\x85_h',b'\xed\xd0\xed\xb9\xe4\xa1S\x87',2021.10.11.08.31.07_veh-50_01750_01948/MergedPointCloud/970815c9782555a7.pcd,1633943022099925
b'\xd7\xf8f\x12\x84\xbcW&',b'8\xce\xc57\xbd\xf8V\xb7',b'\x97\x08\x15\xc9x%U\xa7',b'\x92\xb3\xeb\x11\x0f\xd2Y\x18',b'h\xe3\x13@\x15\x85_h',b'\xed\xd0\xed\xb9\xe4\xa1S\x87',2021.10.11.08.31.07_veh-50_01750_01948/MergedPointCloud/d7f8661284bc5726.pcd,1633943022149904
b'8\xce\xc57\xbd\xf8V\xb7',b'\x9bc\xe2\xe7M;V\xcb',b'\xd7\xf8f\x12\x84\xbcW&',b'\xeb\xa6A}\x17[_\xe8',b'h\xe3\x13@\x15\x85_h',b'\xed\xd0\xed\xb9\xe4\xa1S\x87',2021.10.11.08.31.07_veh-50_01750_01948/MergedPointCloud/38cec537bdf856b7.pcd,1633943022199882
b'\x9bc\xe2\xe7M;V\xcb',b'\xda\xc2\xc0j\x01t^\\',b'8\xce\xc57\xbd\xf8V\xb7',b'/\xcd}z\xee\xc2W\x80',b'h\xe3\x13@\x15\x85_h',b'\xed\xd0\xed\xb9\xe4\xa1S\x87',2021.10.11.08.31.07_veh-50_01750_01948/MergedPointCloud/9b63e2e74d3b56cb.pcd,1633943022249858
b'\xda\xc2\xc0j\x01t^\\',b'l\x0cA\xca&\x1f[\xf3',b'\x9bc\xe2\xe7M;V\xcb',b'\xeb\xf0j\x94\x7f\xdf^\xc9',b'h\xe3\x13@\x15\x85_h',b'\xed\xd0\xed\xb9\xe4\xa1S\x87',2021.10.11.08.31.07_veh-50_01750_01948/MergedPointCloud/dac2c06a01745e5c.pcd,1633943022299834
b'l\x0cA\xca&\x1f[\xf3',b'a\xdd\x16M}\xd2^\xc0',b'\xda\xc2\xc0j\x01t^\\',b'k\xbf\xd4\x03\xe5\x96Q\xad',b'h\xe3\x13@\x15\x85_h',b'\xed\xd0\xed\xb9\xe4\xa1S\x87',2021.10.11.08.31.07_veh-50_01750_01948/MergedPointCloud/6c0c41ca261f5bf3.pcd,1633943022349810
b'a\xdd\x16M}\xd2^\xc0',b'\x82\xc2\xdb\xba\x11\xcb[\x1d',b'l\x0cA\xca&\x1f[\xf3',b'\xfeg]\xfd\xf5-R\x01',b'h\xe3\x13@\x15\x85_h',b'\xed\xd0\xed\xb9\xe4\xa1S\x87',2021.10.11.08.31.07_veh-50_01750_01948/MergedPointCloud/61dd164d7dd25ec0.pcd,1633943022399786
b'\x82\xc2\xdb\xba\x11\xcb[\x1d',b'\x96\xe4\x869s\xd8T\xe7',b'a\xdd\x16M}\xd2^\xc0',b'\xa4R\x7f\xfb\xc2\xd4_ ',b'h\xe3\x13@\x15\x85_h',b'\xed\xd0\xed\xb9\xe4\xa1S\x87',2021.10.11.08.31.07_veh-50_01750_01948/MergedPointCloud/82c2dbba11cb5b1d.pcd,1633943022449762
b'\x96\xe4\x869s\xd8T\xe7',b'\x8bT\xd1\xc6\xb9\xd9Ud',b'\x82\xc2\xdb\xba\x11\xcb[\x1d',b'\x15\xf2t\xaf\x8c8]\xd7',b'h\xe3\x13@\x15\x85_h',b'\xed\xd0\xed\xb9\xe4\xa1S\x87',2021.10.11.08.31.07_veh-50_01750_01948/MergedPointCloud/96e4863973d854e7.pcd,1633943022499739
b'\x8bT\xd1\xc6\xb9\xd9Ud',b'\n\xb1\xa6&\xae\x16Y\xe2',b'\x96\xe4\x869s\xd8T\xe7',b'*Rz\t\xf9\x95T*',b'h\xe3\x13@\x15\x85_h',b'\xed\xd0\xed\xb9\xe4\xa1S\x87',2021.10.11.08.31.07_veh-50_01750_01948/MergedPointCloud/8b54d1c6b9d95564.pcd,1633943022549720
b'\n\xb1\xa6&\xae\x16Y\xe2',b'Dz*ji/X\xc9',b'\x8bT\xd1\xc6\xb9\xd9Ud',"b'i\x00""4\xa0$P\xa4'",b'h\xe3\x13@\x15\x85_h',b'\xed\xd0\xed\xb9\xe4\xa1S\x87',2021.10.11.08.31.07_veh-50_01750_01948/MergedPointCloud/0ab1a626ae1659e2.pcd,1633943022599702
b'Dz*ji/X\xc9',b'\x00\x1d\xa6\xf7\x8a\xd8_\x94',b'\n\xb1\xa6&\xae\x16Y\xe2',b'\xb6\x01I\xf0^\xa7Z1',b'h\xe3\x13@\x15\x85_h',b'\xed\xd0\xed\xb9\xe4\xa1S\x87',2021.10.11.08.31.07_veh-50_01750_01948/MergedPointCloud/447a2a6a692f58c9.pcd,1633943022649684
b'\x00\x1d\xa6\xf7\x8a\xd8_\x94',b'^Q\x11\x19E\xb9^S',b'Dz*ji/X\xc9',b'\xbc\xa4\xd5g\xbbh]\x19',b'h\xe3\x13@\x15\x85_h',b'\xed\xd0\xed\xb9\xe4\xa1S\x87',2021.10.11.08.31.07_veh-50_01750_01948/MergedPointCloud/001da6f78ad85f94.pcd,1633943022699664
b'^Q\x11\x19E\xb9^S',b'\\]\xd3\xfcA\x99S(',b'\x00\x1d\xa6\xf7\x8a\xd8_\x94',b'2\xab\rA\x1d\xf4Y\x9a',b'h\xe3\x13@\x15\x85_h',b'\xed\xd0\xed\xb9\xe4\xa1S\x87',2021.10.11.08.31.07_veh-50_01750_01948/MergedPointCloud/5e51111945b95e53.pcd,1633943022749645
b'\\]\xd3\xfcA\x99S(',"b""\x80'\x15\xaa\x96PZ\x90""",b'^Q\x11\x19E\xb9^S',b'\xb7AsEx\xa2P\xa0',b'h\xe3\x13@\x15\x85_h',b'\xed\xd0\xed\xb9\xe4\xa1S\x87',2021.10.11.08.31.07_veh-50_01750_01948/MergedPointCloud/5c5dd3fc41995328.pcd,1633943022799625
"b""\x80'\x15\xaa\x96PZ\x90""",b'\xcd\x81\x95\xc3\x85\x0e^\x89',b'\\]\xd3\xfcA\x99S(',b'e\x9a.\xfe\xe8\xa8P\x86',b'h\xe3\x13@\x15\x85_h',b'\xed\xd0\xed\xb9\xe4\xa1S\x87',2021.10.11.08.31.07_veh-50_01750_01948/MergedPointCloud/802715aa96505a90.pcd,1633943022849605
b'\xcd\x81\x95\xc3\x85\x0e^\x89',b'\xe6\x80\xb4\xea_\xbc[\xcd',"b""\x80'\x15\xaa\x96PZ\x90""",b')\xfcO\xb9\xd0MS\xaa',b'h\xe3\x13@\x15\x85_h',b'\xed\xd0\xed\xb9\xe4\xa1S\x87',2021.10.11.08.31.07_veh-50_01750_01948/MergedPointCloud/cd8195c3850e5e89.pcd,1633943022899588
b'\xe6\x80\xb4\xea_\xbc[\xcd',b'\xc7a\xb7\x11\xe4\xfe^T',b'\xcd\x81\x95\xc3\x85\x0e^\x89',b'\x0c2\xd5\x1b# S\xda',b'h\xe3\x13@\x15\x85_h',b'\xed\xd0\xed\xb9\xe4\xa1S\x87',2021.10.11.08.31.07_veh-50_01750_01948/MergedPointCloud/e680b4ea5fbc5bcd.pcd,1633943022949570
b'\xc7a\xb7\x11\xe4\xfe^T',b'K\xde\x04\x0cB\x93U\xb3',b'\xe6\x80\xb4\xea_\xbc[\xcd',b'\x9d)\xdb\xc7\x92\xefT`',b'h\xe3\x13@\x15\x85_h',b'\xed\xd0\xed\xb9\xe4\xa1S\x87',2021.10.11.08.31.07_veh-50_01750_01948/MergedPointCloud/c761b711e4fe5e54.pcd,1633943022999552
b'K\xde\x04\x0cB\x93U\xb3',b'\xef\x82\xd5\xc7\xd6\xedZD',b'\xc7a\xb7\x11\xe4\xfe^T',b'\xeay\x89\x8b\x84\x81R\x15',b'h\xe3\x13@\x15\x85_h',b'\xed\xd0\xed\xb9\xe4\xa1S\x87',2021.10.11.08.31.07_veh-50_01750_01948/MergedPointCloud/4bde040c429355b3.pcd,1633943023049531
b'\xef\x82\xd5\xc7\xd6\xedZD',b'G\x96b\x0cAI_J',b'K\xde\x04\x0cB\x93U\xb3',b'\x9c\xec\xcb\x1c\xbb\xfcY\xe2',b'h\xe3\x13@\x15\x85_h',b'\xed\xd0\xed\xb9\xe4\xa1S\x87',2021.10.11.08.31.07_veh-50_01750_01948/MergedPointCloud/ef82d5c7d6ed5a44.pcd,1633943023099513
b'G\x96b\x0cAI_J',b'sp\xc4\x18\xfe=Y\x92',b'\xef\x82\xd5\xc7\xd6\xedZD',b'\x0bG\x9b\xc8\x9a\x94Pq',b'h\xe3\x13@\x15\x85_h',b'\xed\xd0\xed\xb9\xe4\xa1S\x87',2021.10.11.08.31.07_veh-50_01750_01948/MergedPointCloud/4796620c41495f4a.pcd,1633943023149496
b'sp\xc4\x18\xfe=Y\x92',b'\xe1*\x01 \xbe\xf0U\xc9',b'G\x96b\x0cAI_J',b'\xc8\xff\xd8<\xb2k\\\xe1',b'h\xe3\x13@\x15\x85_h',b'\xed\xd0\xed\xb9\xe4\xa1S\x87',2021.10.11.08.31.07_veh-50_01750_01948/MergedPointCloud/7370c418fe3d5992.pcd,1633943023199483
b'\xe1*\x01 \xbe\xf0U\xc9',b'?\xd4\xe8\xb5-\xceX\xb2',b'sp\xc4\x18\xfe=Y\x92',"b""\xd9\x80\xef'2\xe9Y\x05""",b'h\xe3\x13@\x15\x85_h',b'\xed\xd0\xed\xb9\xe4\xa1S\x87',2021.10.11.08.31.07_veh-50_01750_01948/MergedPointCloud/e12a0120bef055c9.pcd,1633943023249469
b'?\xd4\xe8\xb5-\xceX\xb2',b'L\x04\x9b\xbf\x1b(Z\xe6',b'\xe1*\x01 \xbe\xf0U\xc9',b'5\xee?\x885\x96_@',b'h\xe3\x13@\x15\x85_h',b'\xed\xd0\xed\xb9\xe4\xa1S\x87',2021.10.11.08.31.07_veh-50_01750_01948/MergedPointCloud/3fd4e8b52dce58b2.pcd,1633943023299458
b'L\x04\x9b\xbf\x1b(Z\xe6',b'\xdb\x184\x90\xe8\xedW}',b'?\xd4\xe8\xb5-\xceX\xb2',b'\x10\xba\xa2\xd0\x8f\xa9R\x9a',b'h\xe3\x13@\x15\x85_h',b'\xed\xd0\xed\xb9\xe4\xa1S\x87',2021.10.11.08.31.07_veh-50_01750_01948/MergedPointCloud/4c049bbf1b285ae6.pcd,1633943023349448
b'\xdb\x184\x90\xe8\xedW}',b'\x01\xe4\x10\xb6i\xabU;',b'L\x04\x9b\xbf\x1b(Z\xe6',b'&\x96\x0f\x82\x04f_\xf0',b'h\xe3\x13@\x15\x85_h',b'\xed\xd0\xed\xb9\xe4\xa1S\x87',2021.10.11.08.31.07_veh-50_01750_01948/MergedPointCloud/db183490e8ed577d.pcd,1633943023399444
b'\x01\xe4\x10\xb6i\xabU;',"b""\x90Q|\t\x06\x0b^'""",b'\xdb\x184\x90\xe8\xedW}',b';\xd6n7\x11NT-',b'h\xe3\x13@\x15\x85_h',b'\xed\xd0\xed\xb9\xe4\xa1S\x87',2021.10.11.08.31.07_veh-50_01750_01948/MergedPointCloud/01e410b669ab553b.pcd,1633943023449445
"b""\x90Q|\t\x06\x0b^'""",b'.\xf4\xdd?\xfe\xbeV(',b'\x01\xe4\x10\xb6i\xabU;',b'x\x1c\xbb\xf2%\xecT\x81',b'h\xe3\x13@\x15\x85_h',b'\xed\xd0\xed\xb9\xe4\xa1S\x87',2021.10.11.08.31.07_veh-50_01750_01948/MergedPointCloud/90517c09060b5e27.pcd,1633943023499449
b'.\xf4\xdd?\xfe\xbeV(',b'\x01\xd2\x0e&1;X\xcb',"b""\x90Q|\t\x06\x0b^'""",b'B\xac*\x0f\xee\xffP\xb1',b'h\xe3\x13@\x15\x85_h',b'\xed\xd0\xed\xb9\xe4\xa1S\x87',2021.10.11.08.31.07_veh-50_01750_01948/MergedPointCloud/2ef4dd3ffebe5628.pcd,1633943023549457
b'\x01\xd2\x0e&1;X\xcb',b'\x97\xd8\x11\xbc\x98uU\xa5',b'.\xf4\xdd?\xfe\xbeV(',b'\xd7rDlwPR\x90',b'h\xe3\x13@\x15\x85_h',b'\xed\xd0\xed\xb9\xe4\xa1S\x87',2021.10.11.08.31.07_veh-50_01750_01948/MergedPointCloud/01d20e26313b58cb.pcd,1633943023599467
b'\x97\xd8\x11\xbc\x98uU\xa5',b'\xf2a\x85\x92\x85\xea^\xc1',b'\x01\xd2\x0e&1;X\xcb',b'\xe6\x9a\xc1q\x8a\x0fP\xc7',b'h\xe3\x13@\x15\x85_h',b'\xed\xd0\xed\xb9\xe4\xa1S\x87',2021.10.11.08.31.07_veh-50_01750_01948/MergedPointCloud/97d811bc987555a5.pcd,1633943023649479
b'\xf2a\x85\x92\x85\xea^\xc1',b'H\xb3[\x96\x9c?X\x9d',b'\x97\xd8\x11\xbc\x98uU\xa5',b'\xbax\xac5\x13IRi',b'h\xe3\x13@\x15\x85_h',b'\xed\xd0\xed\xb9\xe4\xa1S\x87',2021.10.11.08.31.07_veh-50_01750_01948/MergedPointCloud/f261859285ea5ec1.pcd,1633943023699491
b'H\xb3[\x96\x9c?X\x9d',b'\xc6\xd47\x9a<\x8fU\xa6',b'\xf2a\x85\x92\x85\xea^\xc1',b'\x0f\xaf\x0f\x96\xb9\xeeS\xb5',b'h\xe3\x13@\x15\x85_h',b'\xed\xd0\xed\xb9\xe4\xa1S\x87',2021.10.11.08.31.07_veh-50_01750_01948/MergedPointCloud/48b35b969c3f589d.pcd,1633943023749507
b'\xc6\xd47\x9a<\x8fU\xa6',b'X\xd6\xf9\x9b:\tT\xb3',b'H\xb3[\x96\x9c?X\x9d',b'\xd4\xbf\xd4\x81\rfR\xeb',b'h\xe3\x13@\x15\x85_h',b'\xed\xd0\xed\xb9\xe4\xa1S\x87',2021.10.11.08.31.07_veh-50_01750_01948/MergedPointCloud/c6d4379a3c8f55a6.pcd,1633943023799526
b'X\xd6\xf9\x9b:\tT\xb3',b'\xe0\xee\xa3\xc7\xbd\x1bY\xda',b'\xc6\xd47\x9a<\x8fU\xa6',b'}\xab})\xf6sQ\xef',b'h\xe3\x13@\x15\x85_h',b'\xed\xd0\xed\xb9\xe4\xa1S\x87',2021.10.11.08.31.07_veh-50_01750_01948/MergedPointCloud/58d6f99b3a0954b3.pcd,1633943023849545
b'\xe0\xee\xa3\xc7\xbd\x1bY\xda',b'D\x8dY\xc9f~Z\xe4',b'X\xd6\xf9\x9b:\tT\xb3',b'\t\xe4\xdc\x1eG>U\xe8',b'h\xe3\x13@\x15\x85_h',b'\xed\xd0\xed\xb9\xe4\xa1S\x87',2021.10.11.08.31.07_veh-50_01750_01948/MergedPointCloud/e0eea3c7bd1b59da.pcd,1633943023899561
b'D\x8dY\xc9f~Z\xe4',b'\xe4\x83\xf9U\xab\xe3Z\xcb',b'\xe0\xee\xa3\xc7\xbd\x1bY\xda',b'\x1b\xdf\xeav\xf0vY\xc1',b'h\xe3\x13@\x15\x85_h',b'\xed\xd0\xed\xb9\xe4\xa1S\x87',2021.10.11.08.31.07_veh-50_01750_01948/MergedPointCloud/448d59c9667e5ae4.pcd,1633943023949577
b'\xe4\x83\xf9U\xab\xe3Z\xcb',b'j\xffU\x1c_\xd4T\x92',b'D\x8dY\xc9f~Z\xe4',b'\x94d\xc9\x1b\x82\xa3]\x13',b'h\xe3\x13@\x15\x85_h',b'\xed\xd0\xed\xb9\xe4\xa1S\x87',2021.10.11.08.31.07_veh-50_01750_01948/MergedPointCloud/e483f955abe35acb.pcd,1633943023999592
b'j\xffU\x1c_\xd4T\x92',"b'\x97\x9f\x81""\xab\x8e[\xb1'",b'\xe4\x83\xf9U\xab\xe3Z\xcb',b'\xe6\xb1TxVXX\xab',b'h\xe3\x13@\x15\x85_h',b'\xed\xd0\xed\xb9\xe4\xa1S\x87',2021.10.11.08.31.07_veh-50_01750_01948/MergedPointCloud/6aff551c5fd45492.pcd,1633943024049607
"b'\x97\x9f\x81""\xab\x8e[\xb1'",b'\xdf\xc3\xe3\x9b\xc9*Yg',b'j\xffU\x1c_\xd4T\x92',"b'\x97\xa5\x82oA,Po'",b'h\xe3\x13@\x15\x85_h',b'\xed\xd0\xed\xb9\xe4\xa1S\x87',2021.10.11.08.31.07_veh-50_01750_01948/MergedPointCloud/979f8122ab8e5bb1.pcd,1633943024099623
b'\xdf\xc3\xe3\x9b\xc9*Yg',b'\xcf\xf99\x13\xac\x88ZC',"b'\x97\x9f\x81""\xab\x8e[\xb1'",b'\xf4\x1b\xa6\xb6v\xee\\\x80',b'h\xe3\x13@\x15\x85_h',b'\xed\xd0\xed\xb9\xe4\xa1S\x87',2021.10.11.08.31.07_veh-50_01750_01948/MergedPointCloud/dfc3e39bc92a5967.pcd,1633943024149641
b'\xcf\xf99\x13\xac\x88ZC',b'}4\xfd\xbaSsYI',b'\xdf\xc3\xe3\x9b\xc9*Yg',b'Qo\xffz\xacgX\x90',b'h\xe3\x13@\x15\x85_h',b'\xed\xd0\xed\xb9\xe4\xa1S\x87',2021.10.11.08.31.07_veh-50_01750_01948/MergedPointCloud/cff93913ac885a43.pcd,1633943024199661
b'}4\xfd\xbaSsYI',"b'\x17\xdc""K\x94M]_'",b'\xcf\xf99\x13\xac\x88ZC',b'\xdc\xda\x05#\xa7PX=',b'h\xe3\x13@\x15\x85_h',b'\xed\xd0\xed\xb9\xe4\xa1S\x87',2021.10.11.08.31.07_veh-50_01750_01948/MergedPointCloud/7d34fdba53735949.pcd,1633943024249681
"b'\x17\xdc""K\x94M]_'",b'\x16~?:\xb9\xadX\x88',b'}4\xfd\xbaSsYI',b'rs\xefG\xdccV\x01',b'h\xe3\x13@\x15\x85_h',b'\xed\xd0\xed\xb9\xe4\xa1S\x87',2021.10.11.08.31.07_veh-50_01750_01948/MergedPointCloud/17dc224b944d5d5f.pcd,1633943024299704
b'\x16~?:\xb9\xadX\x88',b'^\x90\xb3|CTV\xde',"b'\x17\xdc""K\x94M]_'",b' \xe9\xb5\x9e\x8f\xb5S\xf7',b'h\xe3\x13@\x15\x85_h',b'\xed\xd0\xed\xb9\xe4\xa1S\x87',2021.10.11.08.31.07_veh-50_01750_01948/MergedPointCloud/167e3f3ab9ad5888.pcd,1633943024349732
b'^\x90\xb3|CTV\xde',b'\x97\xb2\x9b\xdbm\x8fTT',b'\x16~?:\xb9\xadX\x88',b'\xdc\xf1FX)\xe6Z\x9c',b'h\xe3\x13@\x15\x85_h',b'\xed\xd0\xed\xb9\xe4\xa1S\x87',2021.10.11.08.31.07_veh-50_01750_01948/MergedPointCloud/5e90b37c435456de.pcd,1633943024399765
b'\x97\xb2\x9b\xdbm\x8fTT',b'\xeb\xb8-H\xc7\xd8P\xbd',b'^\x90\xb3|CTV\xde',b'E\xf6\xf0\xe6\xe7\x04ZQ',b'h\xe3\x13@\x15\x85_h',b'\xed\xd0\xed\xb9\xe4\xa1S\x87',2021.10.11.08.31.07_veh-50_01750_01948/MergedPointCloud/97b29bdb6d8f5454.pcd,1633943024449800
b'\xeb\xb8-H\xc7\xd8P\xbd',b'y\xc5M\xc9\xa1\x9bS\x1a',b'\x97\xb2\x9b\xdbm\x8fTT',b'\xba(\xde\xfdA(Q\x84',b'h\xe3\x13@\x15\x85_h',b'\xed\xd0\xed\xb9\xe4\xa1S\x87',2021.10.11.08.31.07_veh-50_01750_01948/MergedPointCloud/ebb82d48c7d850bd.pcd,1633943024499835
b'y\xc5M\xc9\xa1\x9bS\x1a',b'\x00\xe4\x0eu\xecXQz',b'\xeb\xb8-H\xc7\xd8P\xbd',b'\r\xfeTN\xb2DV\xa3',b'h\xe3\x13@\x15\x85_h',b'\xed\xd0\xed\xb9\xe4\xa1S\x87',2021.10.11.08.31.07_veh-50_01750_01948/MergedPointCloud/79c54dc9a19b531a.pcd,1633943024549870
b'\x00\xe4\x0eu\xecXQz',b'\r\xebt\x08@\x95]6',b'y\xc5M\xc9\xa1\x9bS\x1a',b'\xe4\xdd\xd9?\xe6qW/',b'h\xe3\x13@\x15\x85_h',b'\xed\xd0\xed\xb9\xe4\xa1S\x87',2021.10.11.08.31.07_veh-50_01750_01948/MergedPointCloud/00e40e75ec58517a.pcd,1633943024599905
b'\r\xebt\x08@\x95]6',b'\xfd\xfbV\xba\xfb\xa4^\xa7',b'\x00\xe4\x0eu\xecXQz',b'\x92B\xdd\xe03{SK',b'h\xe3\x13@\x15\x85_h',b'\xed\xd0\xed\xb9\xe4\xa1S\x87',2021.10.11.08.31.07_veh-50_01750_01948/MergedPointCloud/0deb740840955d36.pcd,1633943024649938
b'\xfd\xfbV\xba\xfb\xa4^\xa7',"b'\xa2""\x13\xb4\xdd\x88Pr'",b'\r\xebt\x08@\x95]6',b'\xe4\xdf0\x14N\x18Z\xff',b'h\xe3\x13@\x15\x85_h',b'\xed\xd0\xed\xb9\xe4\xa1S\x87',2021.10.11.08.31.07_veh-50_01750_01948/MergedPointCloud/fdfb56bafba45ea7.pcd,1633943024699972
"b'\xa2""\x13\xb4\xdd\x88Pr'",b'3\xd7d<\xf6\x01T\xad',b'\xfd\xfbV\xba\xfb\xa4^\xa7',b'\xac\x14\r\xa5\xbe\xc6^\x89',b'h\xe3\x13@\x15\x85_h',b'\xed\xd0\xed\xb9\xe4\xa1S\x87',2021.10.11.08.31.07_veh-50_01750_01948/MergedPointCloud/a22213b4dd885072.pcd,1633943024750006
b'3\xd7d<\xf6\x01T\xad',b'\x1e\xaf\xd8TR^SI',"b'\xa2""\x13\xb4\xdd\x88Pr'",b'\x11rx\x84Xo\\\n',b'h\xe3\x13@\x15\x85_h',b'\xed\xd0\xed\xb9\xe4\xa1S\x87',2021.10.11.08.31.07_veh-50_01750_01948/MergedPointCloud/33d7643cf60154ad.pcd,1633943024800040
b'\x1e\xaf\xd8TR^SI',b'\xe2\xd5>\\\xb1.U\xa4',b'3\xd7d<\xf6\x01T\xad',b'E\xeb\xf7\x18\xbd\x97V\xd7',b'h\xe3\x13@\x15\x85_h',b'\xed\xd0\xed\xb9\xe4\xa1S\x87',2021.10.11.08.31.07_veh-50_01750_01948/MergedPointCloud/1eafd854525e5349.pcd,1633943024850076
b'\xe2\xd5>\\\xb1.U\xa4',"b'.\x872""\xe2JP)'",b'\x1e\xaf\xd8TR^SI',b'k\xcf\xc7&\xb8(Z\xca',b'h\xe3\x13@\x15\x85_h',b'\xed\xd0\xed\xb9\xe4\xa1S\x87',2021.10.11.08.31.07_veh-50_01750_01948/MergedPointCloud/e2d53e5cb12e55a4.pcd,1633943024900114
"b'.\x872""\xe2JP)'",b'\xaa\xb9\x8a\xf95&P\t',b'\xe2\xd5>\\\xb1.U\xa4',b'\xb6\x85\xe6\xeb3QRb',b'h\xe3\x13@\x15\x85_h',b'\xed\xd0\xed\xb9\xe4\xa1S\x87',2021.10.11.08.31.07_veh-50_01750_01948/MergedPointCloud/2e873222e24a5029.pcd,1633943024950153
b'\xaa\xb9\x8a\xf95&P\t',b'\x82\x81\xb5\x99\xde\xa3X\x1e',"b'.\x872""\xe2JP)'",b'\xc3\xc7B\x94\xdd\xa6V\xfd',b'h\xe3\x13@\x15\x85_h',b'\xed\xd0\xed\xb9\xe4\xa1S\x87',2021.10.11.08.31.07_veh-50_01750_01948/MergedPointCloud/aab98af935265009.pcd,1633943025000195
b'\x82\x81\xb5\x99\xde\xa3X\x1e',b'X\x01\x8a\x8e\xec\xf5T\xd2',b'\xaa\xb9\x8a\xf95&P\t',b'\xfesVz2>[\xcb',b'h\xe3\x13@\x15\x85_h',b'\xed\xd0\xed\xb9\xe4\xa1S\x87',2021.10.11.08.31.07_veh-50_01750_01948/MergedPointCloud/8281b599dea3581e.pcd,1633943025050237
b'X\x01\x8a\x8e\xec\xf5T\xd2',b')8\x91\xdaD\xa4Z\xa2',b'\x82\x81\xb5\x99\xde\xa3X\x1e',b'\xa8L\xd5\x9a7\xe1X\xb1',b'h\xe3\x13@\x15\x85_h',b'\xed\xd0\xed\xb9\xe4\xa1S\x87',2021.10.11.08.31.07_veh-50_01750_01948/MergedPointCloud/58018a8eecf554d2.pcd,1633943025100279
b')8\x91\xdaD\xa4Z\xa2',b'\x1a\x8e\xce\x90\xd0\xbb_K',b'X\x01\x8a\x8e\xec\xf5T\xd2',b']\x99\xb0n\x98c_\x8b',b'h\xe3\x13@\x15\x85_h',b'\xed\xd0\xed\xb9\xe4\xa1S\x87',2021.10.11.08.31.07_veh-50_01750_01948/MergedPointCloud/293891da44a45aa2.pcd,1633943025150319
b'\x1a\x8e\xce\x90\xd0\xbb_K',b'\x1f4e\xa06zS\xd3',b')8\x91\xdaD\xa4Z\xa2',b'\t\xb7W\xa0\xe3\xbe]\x98',b'h\xe3\x13@\x15\x85_h',b'\xed\xd0\xed\xb9\xe4\xa1S\x87',2021.10.11.08.31.07_veh-50_01750_01948/MergedPointCloud/1a8ece90d0bb5f4b.pcd,1633943025200356
b'\x1f4e\xa06zS\xd3',b'fk\xec\xd3\x8e\xa7T\x7f',b'\x1a\x8e\xce\x90\xd0\xbb_K',b'1l\x04\x92\xcc;U\x9a',b'h\xe3\x13@\x15\x85_h',b'\xed\xd0\xed\xb9\xe4\xa1S\x87',2021.10.11.08.31.07_veh-50_01750_01948/MergedPointCloud/1f3465a0367a53d3.pcd,1633943025250388
b'fk\xec\xd3\x8e\xa7T\x7f',b'\x96\x0b\xa5\xc2\xaf\xf3V\xd0',b'\x1f4e\xa06zS\xd3',b'\xf7\xdd\x13x\x92 Ti',b'h\xe3\x13@\x15\x85_h',b'\xed\xd0\xed\xb9\xe4\xa1S\x87',2021.10.11.08.31.07_veh-50_01750_01948/MergedPointCloud/666becd38ea7547f.pcd,1633943025300413
b'\x96\x0b\xa5\xc2\xaf\xf3V\xd0',b'\xc0\xbc^\x03\xff0Q{',b'fk\xec\xd3\x8e\xa7T\x7f',b'h&CW\xfd;S8',b'h\xe3\x13@\x15\x85_h',b'\xed\xd0\xed\xb9\xe4\xa1S\x87',2021.10.11.08.31.07_veh-50_01750_01948/MergedPointCloud/960ba5c2aff356d0.pcd,1633943025350428
b'\xc0\xbc^\x03\xff0Q{',b'\xc5\x8f2\x12H\xfdR\x0b',b'\x96\x0b\xa5\xc2\xaf\xf3V\xd0',b'\xeas8\x0b:KP\x87',b'h\xe3\x13@\x15\x85_h',b'\xed\xd0\xed\xb9\xe4\xa1S\x87',2021.10.11.08.31.07_veh-50_01750_01948/MergedPointCloud/c0bc5e03ff30517b.pcd,1633943025400433
b'\xc5\x8f2\x12H\xfdR\x0b',b'\xb2\x92q\x18\xfd\x7f[\x8e',b'\xc0\xbc^\x03\xff0Q{',b'\xac2\x9f\x03u.^A',b'h\xe3\x13@\x15\x85_h',b'\xed\xd0\xed\xb9\xe4\xa1S\x87',2021.10.11.08.31.07_veh-50_01750_01948/MergedPointCloud/c58f321248fd520b.pcd,1633943025450433
b'\xb2\x92q\x18\xfd\x7f[\x8e',b'\x084\xbb\x04\xd2#_.',b'\xc5\x8f2\x12H\xfdR\x0b',b'\xb4\xd2\xb77\xacd]\xd7',b'h\xe3\x13@\x15\x85_h',b'\xed\xd0\xed\xb9\xe4\xa1S\x87',2021.10.11.08.31.07_veh-50_01750_01948/MergedPointCloud/b2927118fd7f5b8e.pcd,1633943025500428
b'\x084\xbb\x04\xd2#_.',b'\x0c2I\xd1Pc_\x13',b'\xb2\x92q\x18\xfd\x7f[\x8e',b'\xd3L{\xa0\xf9z[\x02',b'h\xe3\x13@\x15\x85_h',b'\xed\xd0\xed\xb9\xe4\xa1S\x87',2021.10.11.08.31.07_veh-50_01750_01948/MergedPointCloud/0834bb04d2235f2e.pcd,1633943025550419
b'\x0c2I\xd1Pc_\x13',b'lH;o\x0f\xae_{',b'\x084\xbb\x04\xd2#_.',b'\xf0\xe3a\x07\xd2\x9eT\xc1',b'h\xe3\x13@\x15\x85_h',b'\xed\xd0\xed\xb9\xe4\xa1S\x87',2021.10.11.08.31.07_veh-50_01750_01948/MergedPointCloud/0c3249d150635f13.pcd,1633943025600404
b'lH;o\x0f\xae_{',b'\x12\xeeV\x86\x1e\xf0^\xbd',b'\x0c2I\xd1Pc_\x13',b'\xc0T\xc2|+\x08P5',b'h\xe3\x13@\x15\x85_h',b'\xed\xd0\xed\xb9\xe4\xa1S\x87',2021.10.11.08.31.07_veh-50_01750_01948/MergedPointCloud/6c483b6f0fae5f7b.pcd,1633943025650387
b'\x12\xeeV\x86\x1e\xf0^\xbd',b'G\xa4\x1a\xab\x82\xceQ\xfc',b'lH;o\x0f\xae_{',b'XJ\x96 \xa0UX\xf1',b'h\xe3\x13@\x15\x85_h',b'\xed\xd0\xed\xb9\xe4\xa1S\x87',2021.10.11.08.31.07_veh-50_01750_01948/MergedPointCloud/12ee56861ef05ebd.pcd,1633943025700368
b'G\xa4\x1a\xab\x82\xceQ\xfc',b'Z\xbb\xbfT\x94\xa4R\xf9',b'\x12\xeeV\x86\x1e\xf0^\xbd',b'X\x87\r\xe9$%_\x9e',b'h\xe3\x13@\x15\x85_h',b'\xed\xd0\xed\xb9\xe4\xa1S\x87',2021.10.11.08.31.07_veh-50_01750_01948/MergedPointCloud/47a41aab82ce51fc.pcd,1633943025750349
b'Z\xbb\xbfT\x94\xa4R\xf9',b'5h\xe6d\xcf\xf8Z\x92',b'G\xa4\x1a\xab\x82\xceQ\xfc',b'\xc8\xe4\xc3\x10\x0cAZ\x95',b'h\xe3\x13@\x15\x85_h',b'\xed\xd0\xed\xb9\xe4\xa1S\x87',2021.10.11.08.31.07_veh-50_01750_01948/MergedPointCloud/5abbbf5494a452f9.pcd,1633943025800329
b'5h\xe6d\xcf\xf8Z\x92',b'G\xf9\xb9U\x94\xb3Tr',b'Z\xbb\xbfT\x94\xa4R\xf9',b'\x80sS\xb0A\xd0Q5',b'h\xe3\x13@\x15\x85_h',b'\xed\xd0\xed\xb9\xe4\xa1S\x87',2021.10.11.08.31.07_veh-50_01750_01948/MergedPointCloud/3568e664cff85a92.pcd,1633943025850307
b'G\xf9\xb9U\x94\xb3Tr',b'PW\x87\x03\x8b\x11[\xf3',b'5h\xe6d\xcf\xf8Z\x92',b'\xd7\xd4wZWG[V',b'h\xe3\x13@\x15\x85_h',b'\xed\xd0\xed\xb9\xe4\xa1S\x87',2021.10.11.08.31.07_veh-50_01750_01948/MergedPointCloud/47f9b95594b35472.pcd,1633943025900283
b'PW\x87\x03\x8b\x11[\xf3',b'X\xea\xe5d\x16bW(',b'G\xf9\xb9U\x94\xb3Tr',b'\x08\xc5\x9cq\xd9\r]\x02',b'h\xe3\x13@\x15\x85_h',b'\xed\xd0\xed\xb9\xe4\xa1S\x87',2021.10.11.08.31.07_veh-50_01750_01948/MergedPointCloud/505787038b115bf3.pcd,1633943025950259
b'X\xea\xe5d\x16bW(',b'B\xadkD\xa0\xa9Z\x03',b'PW\x87\x03\x8b\x11[\xf3',b'\x1d\xd7\xda\xf6\x84\xbaY\xf0',b'h\xe3\x13@\x15\x85_h',b'\xed\xd0\xed\xb9\xe4\xa1S\x87',2021.10.11.08.31.07_veh-50_01750_01948/MergedPointCloud/58eae56416625728.pcd,1633943026000236
b'B\xadkD\xa0\xa9Z\x03',b'2\xbc\xee\xd6P\x1d[\xec',b'X\xea\xe5d\x16bW(',b'\xf6?S\xc4\x95\x13R\xb1',b'h\xe3\x13@\x15\x85_h',b'\xed\xd0\xed\xb9\xe4\xa1S\x87',2021.10.11.08.31.07_veh-50_01750_01948/MergedPointCloud/42ad6b44a0a95a03.pcd,1633943026050212
b'2\xbc\xee\xd6P\x1d[\xec',b'FN\x9fp\xf3VP\xca',b'B\xadkD\xa0\xa9Z\x03',b'\xb5}\nv7\x1cQ\x87',b'h\xe3\x13@\x15\x85_h',b'\xed\xd0\xed\xb9\xe4\xa1S\x87',2021.10.11.08.31.07_veh-50_01750_01948/MergedPointCloud/32bceed6501d5bec.pcd,1633943026100184
b'FN\x9fp\xf3VP\xca',b'X\x82\x03\xd9\x8cV[\xf7',b'2\xbc\xee\xd6P\x1d[\xec',b'\x13iq\x13\xc1\xe6S\x99',b'h\xe3\x13@\x15\x85_h',b'\xed\xd0\xed\xb9\xe4\xa1S\x87',2021.10.11.08.31.07_veh-50_01750_01948/MergedPointCloud/464e9f70f35650ca.pcd,1633943026150153
b'X\x82\x03\xd9\x8cV[\xf7',b'\xe9\xeb\xdf\xcb\xfd\xb7Tg',b'FN\x9fp\xf3VP\xca',b'\xb1\xf1\x05\xcf\xf4w\\q',b'h\xe3\x13@\x15\x85_h',b'\xed\xd0\xed\xb9\xe4\xa1S\x87',2021.10.11.08.31.07_veh-50_01750_01948/MergedPointCloud/588203d98c565bf7.pcd,1633943026200121
b'\xe9\xeb\xdf\xcb\xfd\xb7Tg',b'\xcd+\x1f\xd6n\xd5S\xe4',b'X\x82\x03\xd9\x8cV[\xf7',b'FuE\x16\xa8\x8cW-',b'h\xe3\x13@\x15\x85_h',b'\xed\xd0\xed\xb9\xe4\xa1S\x87',2021.10.11.08.31.07_veh-50_01750_01948/MergedPointCloud/e9ebdfcbfdb75467.pcd,1633943026250088
b'\xcd+\x1f\xd6n\xd5S\xe4',b'\x0fm\x81\x8f\t\x0b]{',b'\xe9\xeb\xdf\xcb\xfd\xb7Tg',b'\xe3\xef\xf1m\xe1\x82U\x90',b'h\xe3\x13@\x15\x85_h',b'\xed\xd0\xed\xb9\xe4\xa1S\x87',2021.10.11.08.31.07_veh-50_01750_01948/MergedPointCloud/cd2b1fd66ed553e4.pcd,1633943026300057
b'\x0fm\x81\x8f\t\x0b]{',b'\xa3\x03.\xb8\x16\x0eSx',b'\xcd+\x1f\xd6n\xd5S\xe4',b'*aR\x10\xc8yTI',b'h\xe3\x13@\x15\x85_h',b'\xed\xd0\xed\xb9\xe4\xa1S\x87',2021.10.11.08.31.07_veh-50_01750_01948/MergedPointCloud/0f6d818f090b5d7b.pcd,1633943026350027
b'\xa3\x03.\xb8\x16\x0eSx',b'\xba}\xc0\x91]\x9cY\xa8',b'\x0fm\x81\x8f\t\x0b]{',b'2\x96\xf8\xbb\nmT\x01',b'h\xe3\x13@\x15\x85_h',b'\xed\xd0\xed\xb9\xe4\xa1S\x87',2021.10.11.08.31.07_veh-50_01750_01948/MergedPointCloud/a3032eb8160e5378.pcd,1633943026399997
b'\xba}\xc0\x91]\x9cY\xa8',b'\x98\x11\x96\xbc@pTJ',b'\xa3\x03.\xb8\x16\x0eSx',b'\x19\xac\x9d<)v]\x83',b'h\xe3\x13@\x15\x85_h',b'\xed\xd0\xed\xb9\xe4\xa1S\x87',2021.10.11.08.31.07_veh-50_01750_01948/MergedPointCloud/ba7dc0915d9c59a8.pcd,1633943026449962
b'\x98\x11\x96\xbc@pTJ',"b""X\xc3&'wBT\xc7""",b'\xba}\xc0\x91]\x9cY\xa8',"b'\x01\xbd^\xee\xed,R\xf7'",b'h\xe3\x13@\x15\x85_h',b'\xed\xd0\xed\xb9\xe4\xa1S\x87',2021.10.11.08.31.07_veh-50_01750_01948/MergedPointCloud/981196bc4070544a.pcd,1633943026499921
"b""X\xc3&'wBT\xc7""",b'H#\x8b\xd6\x1d\xb6T\x15',b'\x98\x11\x96\xbc@pTJ',b'\xc0\xe5\xca\x1c\x93\x1a_\xa4',b'h\xe3\x13@\x15\x85_h',b'\xed\xd0\xed\xb9\xe4\xa1S\x87',2021.10.11.08.31.07_veh-50_01750_01948/MergedPointCloud/58c32627774254c7.pcd,1633943026549883
b'H#\x8b\xd6\x1d\xb6T\x15',b'\x88\xfd\xd7Z\xb1\xe3\\p',"b""X\xc3&'wBT\xc7""",b'\xfc[\xbcU\xc0\xdf\\P',b'h\xe3\x13@\x15\x85_h',b'\xed\xd0\xed\xb9\xe4\xa1S\x87',2021.10.11.08.31.07_veh-50_01750_01948/MergedPointCloud/48238bd61db65415.pcd,1633943026599847
b'\x88\xfd\xd7Z\xb1\xe3\\p',b'*\xca.\xe6A6Ys',b'H#\x8b\xd6\x1d\xb6T\x15',b'\xfe9\xe56\xe6\x9d^q',b'h\xe3\x13@\x15\x85_h',b'\xed\xd0\xed\xb9\xe4\xa1S\x87',2021.10.11.08.31.07_veh-50_01750_01948/MergedPointCloud/88fdd75ab1e35c70.pcd,1633943026649815
b'*\xca.\xe6A6Ys',"b'\xef\xfd""\x85\xe2\x8f]l'",b'\x88\xfd\xd7Z\xb1\xe3\\p',b'\xf2\x97\xe6\xb7\xfe\xeaS\xb3',b'h\xe3\x13@\x15\x85_h',b'\xed\xd0\xed\xb9\xe4\xa1S\x87',2021.10.11.08.31.07_veh-50_01750_01948/MergedPointCloud/2aca2ee641365973.pcd,1633943026699787
"b'\xef\xfd""\x85\xe2\x8f]l'",b'%\xf7V\xd3\n\xcb\\\x93',b'*\xca.\xe6A6Ys',b'\xd7O<\xe7I\xaeX\xc8',b'h\xe3\x13@\x15\x85_h',b'\xed\xd0\xed\xb9\xe4\xa1S\x87',2021.10.11.08.31.07_veh-50_01750_01948/MergedPointCloud/effd2285e28f5d6c.pcd,1633943026749765
b'%\xf7V\xd3\n\xcb\\\x93',"b'\xc2,\xaex\xe8=Q+'","b'\xef\xfd""\x85\xe2\x8f]l'",b'U\x8a\xdfu}\x85XI',b'h\xe3\x13@\x15\x85_h',b'\xed\xd0\xed\xb9\xe4\xa1S\x87',2021.10.11.08.31.07_veh-50_01750_01948/MergedPointCloud/25f756d30acb5c93.pcd,1633943026799743
"b'\xc2,\xaex\xe8=Q+'",b'\xe2\x8b\x931\x8b\xb2S\x01',b'%\xf7V\xd3\n\xcb\\\x93',b'\xf9\x8e\x10]\xbb\xa6R\xb4',b'h\xe3\x13@\x15\x85_h',b'\xed\xd0\xed\xb9\xe4\xa1S\x87',2021.10.11.08.31.07_veh-50_01750_01948/MergedPointCloud/c22cae78e83d512b.pcd,1633943026849719
b'\xe2\x8b\x931\x8b\xb2S\x01',b'\x89f~\xcbI\x07]\xf0',"b'\xc2,\xaex\xe8=Q+'",b'\xf5\x18*\xbc73T\x1d',b'h\xe3\x13@\x15\x85_h',b'\xed\xd0\xed\xb9\xe4\xa1S\x87',2021.10.11.08.31.07_veh-50_01750_01948/MergedPointCloud/e28b93318bb25301.pcd,1633943026899691
b'\x89f~\xcbI\x07]\xf0',b'(\xd4\x079\xcf\xceV!',b'\xe2\x8b\x931\x8b\xb2S\x01',b'9\x8dmV?^Q!',b'h\xe3\x13@\x15\x85_h',b'\xed\xd0\xed\xb9\xe4\xa1S\x87',2021.10.11.08.31.07_veh-50_01750_01948/MergedPointCloud/89667ecb49075df0.pcd,1633943026949662
b'(\xd4\x079\xcf\xceV!',b'\xec\xc3v\x1eZ\xe5^\xa6',b'\x89f~\xcbI\x07]\xf0',b'\xd2`\x972\xf2\x16T\x8e',b'h\xe3\x13@\x15\x85_h',b'\xed\xd0\xed\xb9\xe4\xa1S\x87',2021.10.11.08.31.07_veh-50_01750_01948/MergedPointCloud/28d40739cfce5621.pcd,1633943026999629
b'\xec\xc3v\x1eZ\xe5^\xa6',b'\xd4\xa9\xc9\x01\xe9\x0bP\xa5',b'(\xd4\x079\xcf\xceV!',b'\xf4\x88>z\x148Y\x8a',b'h\xe3\x13@\x15\x85_h',b'\xed\xd0\xed\xb9\xe4\xa1S\x87',2021.10.11.08.31.07_veh-50_01750_01948/MergedPointCloud/ecc3761e5ae55ea6.pcd,1633943027049593
b'\xd4\xa9\xc9\x01\xe9\x0bP\xa5',b'\xa0\xc9_\xcb\xc9\xb1_\xaa',b'\xec\xc3v\x1eZ\xe5^\xa6',b'\xb3\xe8\xd4cP\x0eR\xcc',b'h\xe3\x13@\x15\x85_h',b'\xed\xd0\xed\xb9\xe4\xa1S\x87',2021.10.11.08.31.07_veh-50_01750_01948/MergedPointCloud/d4a9c901e90b50a5.pcd,1633943027099559
b'\xa0\xc9_\xcb\xc9\xb1_\xaa',b'\xc5\x8f\xc8\xddEM^\xe3',b'\xd4\xa9\xc9\x01\xe9\x0bP\xa5',b'3\x13\x93`\xf6!U\x1e',b'h\xe3\x13@\x15\x85_h',b'\xed\xd0\xed\xb9\xe4\xa1S\x87',2021.10.11.08.31.07_veh-50_01750_01948/MergedPointCloud/a0c95fcbc9b15faa.pcd,1633943027149527
b'\xc5\x8f\xc8\xddEM^\xe3',b'\x1bu\xfc\x10}C]\x12',b'\xa0\xc9_\xcb\xc9\xb1_\xaa',b'E/\xcd\xe1\x14\xa1T\xcf',b'h\xe3\x13@\x15\x85_h',b'\xed\xd0\xed\xb9\xe4\xa1S\x87',2021.10.11.08.31.07_veh-50_01750_01948/MergedPointCloud/c58fc8dd454d5ee3.pcd,1633943027199499
b'\x1bu\xfc\x10}C]\x12',b'\xe9z\xaa\xca^\xf5R[',b'\xc5\x8f\xc8\xddEM^\xe3',b'\xf0\xd2I#j\x10\\$',b'h\xe3\x13@\x15\x85_h',b'\xed\xd0\xed\xb9\xe4\xa1S\x87',2021.10.11.08.31.07_veh-50_01750_01948/MergedPointCloud/1b75fc107d435d12.pcd,1633943027249471
b'\xe9z\xaa\xca^\xf5R[',b'z@\xd3!\x95\x94W$',b'\x1bu\xfc\x10}C]\x12',b'\xad\xc7\xdd\x12\x05\xddS\xbb',b'h\xe3\x13@\x15\x85_h',b'\xed\xd0\xed\xb9\xe4\xa1S\x87',2021.10.11.08.31.07_veh-50_01750_01948/MergedPointCloud/e97aaaca5ef5525b.pcd,1633943027299450
b'z@\xd3!\x95\x94W$',b'\x91\xfe\xc1\x1a\x1c%^o',b'\xe9z\xaa\xca^\xf5R[',b'?\xed\xd5\x0c\xcf\x91VU',b'h\xe3\x13@\x15\x85_h',b'\xed\xd0\xed\xb9\xe4\xa1S\x87',2021.10.11.08.31.07_veh-50_01750_01948/MergedPointCloud/7a40d32195945724.pcd,1633943027349433
b'\x91\xfe\xc1\x1a\x1c%^o',b'Tm\xef\xf8\x9eCV\x99',b'z@\xd3!\x95\x94W$',b'l\x1d\x80\xdc!WR~',b'h\xe3\x13@\x15\x85_h',b'\xed\xd0\xed\xb9\xe4\xa1S\x87',2021.10.11.08.31.07_veh-50_01750_01948/MergedPointCloud/91fec11a1c255e6f.pcd,1633943027399419
b'Tm\xef\xf8\x9eCV\x99',b'Mq]\xa6A\xedV\xe9',b'\x91\xfe\xc1\x1a\x1c%^o',b'y\xf4.\xda\xaeH^\xb4',b'h\xe3\x13@\x15\x85_h',b'\xed\xd0\xed\xb9\xe4\xa1S\x87',2021.10.11.08.31.07_veh-50_01750_01948/MergedPointCloud/546deff89e435699.pcd,1633943027449408
b'Mq]\xa6A\xedV\xe9',"b'\x85"",\x905\xd1Q<'",b'Tm\xef\xf8\x9eCV\x99',b'rI\x19\xect\x8dQ\x82',b'h\xe3\x13@\x15\x85_h',b'\xed\xd0\xed\xb9\xe4\xa1S\x87',2021.10.11.08.31.07_veh-50_01750_01948/MergedPointCloud/4d715da641ed56e9.pcd,1633943027499402
"b'\x85"",\x905\xd1Q<'","b'\xb6\xa0,\x7f\xf7\x08_\xd0'",b'Mq]\xa6A\xedV\xe9',b'\xa4\xfd\x91(\xfc\x83]4',b'h\xe3\x13@\x15\x85_h',b'\xed\xd0\xed\xb9\xe4\xa1S\x87',2021.10.11.08.31.07_veh-50_01750_01948/MergedPointCloud/85222c9035d1513c.pcd,1633943027549398
"b'\xb6\xa0,\x7f\xf7\x08_\xd0'",b'\xe5\xd9C@\xf1p[\xb3',"b'\x85"",\x905\xd1Q<'",b';<\x10\x156\x92Y\x9a',b'h\xe3\x13@\x15\x85_h',b'\xed\xd0\xed\xb9\xe4\xa1S\x87',2021.10.11.08.31.07_veh-50_01750_01948/MergedPointCloud/b6a02c7ff7085fd0.pcd,1633943027599399
b'\xe5\xd9C@\xf1p[\xb3',b'\xe3\x1d<v\xd7\x15P\xcf',"b'\xb6\xa0,\x7f\xf7\x08_\xd0'",b'\xb8\xab\x05j\x8d\xa7Y\x15',b'h\xe3\x13@\x15\x85_h',b'\xed\xd0\xed\xb9\xe4\xa1S\x87',2021.10.11.08.31.07_veh-50_01750_01948/MergedPointCloud/e5d94340f1705bb3.pcd,1633943027649402
b'\xe3\x1d<v\xd7\x15P\xcf',b'\xe2~j\xfc+\xbd]\xd4',b'\xe5\xd9C@\xf1p[\xb3',b'\xc0H\x008J\x9a]9',b'h\xe3\x13@\x15\x85_h',b'\xed\xd0\xed\xb9\xe4\xa1S\x87',2021.10.11.08.31.07_veh-50_01750_01948/MergedPointCloud/e31d3c76d71550cf.pcd,1633943027699411
b'\xe2~j\xfc+\xbd]\xd4',b'[#p\xc0\xcdc[\xbf',b'\xe3\x1d<v\xd7\x15P\xcf',b'l_M\x196\xd7Q\x1a',b'h\xe3\x13@\x15\x85_h',b'\xed\xd0\xed\xb9\xe4\xa1S\x87',2021.10.11.08.31.07_veh-50_01750_01948/MergedPointCloud/e27e6afc2bbd5dd4.pcd,1633943027749421
b'[#p\xc0\xcdc[\xbf',b'%\xb8\x0bj\x18\xaeX\xea',b'\xe2~j\xfc+\xbd]\xd4',b'\x03\xe2S[\xf5G^\xd4',b'h\xe3\x13@\x15\x85_h',b'\xed\xd0\xed\xb9\xe4\xa1S\x87',2021.10.11.08.31.07_veh-50_01750_01948/MergedPointCloud/5b2370c0cd635bbf.pcd,1633943027799434
b'%\xb8\x0bj\x18\xaeX\xea',b'\x96\xf6\xd9\x16\xaf\xc0Qf',b'[#p\xc0\xcdc[\xbf',b'sY9\xab\x15\xf0Xw',b'h\xe3\x13@\x15\x85_h',b'\xed\xd0\xed\xb9\xe4\xa1S\x87',2021.10.11.08.31.07_veh-50_01750_01948/MergedPointCloud/25b80b6a18ae58ea.pcd,1633943027849449
b'\x96\xf6\xd9\x16\xaf\xc0Qf',b'e\x859\xc0\x92\xbeV\xc9',b'%\xb8\x0bj\x18\xaeX\xea',b'\xc8A\x95\x12i\x82_\x18',b'h\xe3\x13@\x15\x85_h',b'\xed\xd0\xed\xb9\xe4\xa1S\x87',2021.10.11.08.31.07_veh-50_01750_01948/MergedPointCloud/96f6d916afc05166.pcd,1633943027899466
b'e\x859\xc0\x92\xbeV\xc9',b'\xdeZ\x84s\xffm]\x1a',b'\x96\xf6\xd9\x16\xaf\xc0Qf',b'\xf99\xc3\x0b\x9c\x80T\xab',b'h\xe3\x13@\x15\x85_h',b'\xed\xd0\xed\xb9\xe4\xa1S\x87',2021.10.11.08.31.07_veh-50_01750_01948/MergedPointCloud/658539c092be56c9.pcd,1633943027949485
b'\xdeZ\x84s\xffm]\x1a',b'\xd7\x7f\x1dit\x12\\\xf5',b'e\x859\xc0\x92\xbeV\xc9',b'o@\xd5\x93\x08\xddV\xe7',b'h\xe3\x13@\x15\x85_h',b'\xed\xd0\xed\xb9\xe4\xa1S\x87',2021.10.11.08.31.07_veh-50_01750_01948/MergedPointCloud/de5a8473ff6d5d1a.pcd,1633943027999507
b'\xd7\x7f\x1dit\x12\\\xf5',b'\x99\x06z\xf7\xcb\x18^\x00',b'\xdeZ\x84s\xffm]\x1a',b'M\xf5\x17\x84\xe1\xd5[\xe5',b'h\xe3\x13@\x15\x85_h',b'\xed\xd0\xed\xb9\xe4\xa1S\x87',2021.10.11.08.31.07_veh-50_01750_01948/MergedPointCloud/d77f1d6974125cf5.pcd,1633943028049531
b'\x99\x06z\xf7\xcb\x18^\x00',b'\xf6\x04\x89\xef\xd2\x90SI',b'\xd7\x7f\x1dit\x12\\\xf5',b'i\xef\x92\xa1c\xceZM',b'h\xe3\x13@\x15\x85_h',b'\xed\xd0\xed\xb9\xe4\xa1S\x87',2021.10.11.08.31.07_veh-50_01750_01948/MergedPointCloud/99067af7cb185e00.pcd,1633943028099553
b'\xf6\x04\x89\xef\xd2\x90SI',b'P\x8a\xec\n\xaf\xd5Ve',b'\x99\x06z\xf7\xcb\x18^\x00',"b'\x83\x08,\x13\xab\xd1U,'",b'h\xe3\x13@\x15\x85_h',b'\xed\xd0\xed\xb9\xe4\xa1S\x87',2021.10.11.08.31.07_veh-50_01750_01948/MergedPointCloud/f60489efd2905349.pcd,1633943028149574
b'P\x8a\xec\n\xaf\xd5Ve',b'\x07\xf6zkB\xc5[\x8c',b'\xf6\x04\x89\xef\xd2\x90SI',b'\xa5[\r0\x84\x08Q\xb8',b'h\xe3\x13@\x15\x85_h',b'\xed\xd0\xed\xb9\xe4\xa1S\x87',2021.10.11.08.31.07_veh-50_01750_01948/MergedPointCloud/508aec0aafd55665.pcd,1633943028199597
b'\x07\xf6zkB\xc5[\x8c',b'\xf9W\xea\xf2\xdc\xcbQ\xfc',b'P\x8a\xec\n\xaf\xd5Ve',b'\x99s\xed/\xd8\tPn',b'h\xe3\x13@\x15\x85_h',b'\xed\xd0\xed\xb9\xe4\xa1S\x87',2021.10.11.08.31.07_veh-50_01750_01948/MergedPointCloud/07f67a6b42c55b8c.pcd,1633943028249619
b'\xf9W\xea\xf2\xdc\xcbQ\xfc',b'\xec\x89\xe7Z\x80\xa9R\xa8',b'\x07\xf6zkB\xc5[\x8c',b'8FJ\xed\x18mW\x9a',b'h\xe3\x13@\x15\x85_h',b'\xed\xd0\xed\xb9\xe4\xa1S\x87',2021.10.11.08.31.07_veh-50_01750_01948/MergedPointCloud/f957eaf2dccb51fc.pcd,1633943028299643
b'\xec\x89\xe7Z\x80\xa9R\xa8',b'4=\xd1M\xc16V\xd4',b'\xf9W\xea\xf2\xdc\xcbQ\xfc',b'1\x0f;S\xc9%[K',b'h\xe3\x13@\x15\x85_h',b'\xed\xd0\xed\xb9\xe4\xa1S\x87',2021.10.11.08.31.07_veh-50_01750_01948/MergedPointCloud/ec89e75a80a952a8.pcd,1633943028349667
b'4=\xd1M\xc16V\xd4',b'\xcb\xed\x10\xd5\x93RX4',b'\xec\x89\xe7Z\x80\xa9R\xa8',b'\x87\x01Ls\x98aT.',b'h\xe3\x13@\x15\x85_h',b'\xed\xd0\xed\xb9\xe4\xa1S\x87',2021.10.11.08.31.07_veh-50_01750_01948/MergedPointCloud/343dd14dc13656d4.pcd,1633943028399694
b'\xcb\xed\x10\xd5\x93RX4',"b'\xbb\xbe,\xcf|\x0c]\x8b'",b'4=\xd1M\xc16V\xd4',b'\xca\xf7\x1a6\x98\x0c^\xa2',b'h\xe3\x13@\x15\x85_h',b'\xed\xd0\xed\xb9\xe4\xa1S\x87',2021.10.11.08.31.07_veh-50_01750_01948/MergedPointCloud/cbed10d593525834.pcd,1633943028449720
"b'\xbb\xbe,\xcf|\x0c]\x8b'",b'\xfd\x81Y\x08\xdfYPH',b'\xcb\xed\x10\xd5\x93RX4',b'\xe0\xc7\xb7eS\xeeP;',b'h\xe3\x13@\x15\x85_h',b'\xed\xd0\xed\xb9\xe4\xa1S\x87',2021.10.11.08.31.07_veh-50_01750_01948/MergedPointCloud/bbbe2ccf7c0c5d8b.pcd,1633943028499749
b'\xfd\x81Y\x08\xdfYPH',b'\xa6\x04w\xca\x91\xcdS\xaa',"b'\xbb\xbe,\xcf|\x0c]\x8b'",b'b\x01\xa7\x00\xe8\xb6\\P',b'h\xe3\x13@\x15\x85_h',b'\xed\xd0\xed\xb9\xe4\xa1S\x87',2021.10.11.08.31.07_veh-50_01750_01948/MergedPointCloud/fd815908df595048.pcd,1633943028549782
b'\xa6\x04w\xca\x91\xcdS\xaa',b'E\xba\xe8Sr^_\xf0',b'\xfd\x81Y\x08\xdfYPH',b'C\xbc\x90\xd4~]T\xfd',b'h\xe3\x13@\x15\x85_h',b'\xed\xd0\xed\xb9\xe4\xa1S\x87',2021.10.11.08.31.07_veh-50_01750_01948/MergedPointCloud/a60477ca91cd53aa.pcd,1633943028599822
b'E\xba\xe8Sr^_\xf0',b'k\xf5\x9cU\x03$QB',b'\xa6\x04w\xca\x91\xcdS\xaa',b'\x01\xa6a\xf9-\xbcPI',b'h\xe3\x13@\x15\x85_h',b'\xed\xd0\xed\xb9\xe4\xa1S\x87',2021.10.11.08.31.07_veh-50_01750_01948/MergedPointCloud/45bae853725e5ff0.pcd,1633943028649865
b'k\xf5\x9cU\x03$QB',b'\x82\x90\xc5\xe7U\xc0^t',b'E\xba\xe8Sr^_\xf0',b'%b\x1dZ\xe5\x8e^\xe7',b'h\xe3\x13@\x15\x85_h',b'\xed\xd0\xed\xb9\xe4\xa1S\x87',2021.10.11.08.31.07_veh-50_01750_01948/MergedPointCloud/6bf59c5503245142.pcd,1633943028699907
b'\x82\x90\xc5\xe7U\xc0^t',b'\xce\xf9\xaf\xbc\x19\xd8[V',b'k\xf5\x9cU\x03$QB',b'\xe6\xcfk\xc4f\x12R\xa0',b'h\xe3\x13@\x15\x85_h',b'\xed\xd0\xed\xb9\xe4\xa1S\x87',2021.10.11.08.31.07_veh-50_01750_01948/MergedPointCloud/8290c5e755c05e74.pcd,1633943028749947
b'\xce\xf9\xaf\xbc\x19\xd8[V',b'\x82\x1e\x8c1x\x87\\w',b'\x82\x90\xc5\xe7U\xc0^t',"b'A\xbd\xdb\xa7""\xbaP\xd5'",b'h\xe3\x13@\x15\x85_h',b'\xed\xd0\xed\xb9\xe4\xa1S\x87',2021.10.11.08.31.07_veh-50_01750_01948/MergedPointCloud/cef9afbc19d85b56.pcd,1633943028799985
b'\x82\x1e\x8c1x\x87\\w',b'\x91\xaalqm)R\x15',b'\xce\xf9\xaf\xbc\x19\xd8[V',b'\xa1\x00\xc0\xee\xba\xadQ\xf6',b'h\xe3\x13@\x15\x85_h',b'\xed\xd0\xed\xb9\xe4\xa1S\x87',2021.10.11.08.31.07_veh-50_01750_01948/MergedPointCloud/821e8c3178875c77.pcd,1633943028850021
b'\x91\xaalqm)R\x15',b'\x00\xde\xa1\xa0\\\xfbQ\xc1',b'\x82\x1e\x8c1x\x87\\w',b'\x9d\x99\xef\xadz1X\xd3',b'h\xe3\x13@\x15\x85_h',b'\xed\xd0\xed\xb9\xe4\xa1S\x87',2021.10.11.08.31.07_veh-50_01750_01948/MergedPointCloud/91aa6c716d295215.pcd,1633943028900056
b'\x00\xde\xa1\xa0\\\xfbQ\xc1',b'\xb5|\xf5\x16A\xd2Z\xf9',b'\x91\xaalqm)R\x15',b'-\xb2\x10\xaa\xffqYc',b'h\xe3\x13@\x15\x85_h',b'\xed\xd0\xed\xb9\xe4\xa1S\x87',2021.10.11.08.31.07_veh-50_01750_01948/MergedPointCloud/00dea1a05cfb51c1.pcd,1633943028950090
b'\xb5|\xf5\x16A\xd2Z\xf9',b'\xa6]\xf2\xa4\xd8 \\\x82',b'\x00\xde\xa1\xa0\\\xfbQ\xc1',b'\xa9?+\x88s\x95Y\xa4',b'h\xe3\x13@\x15\x85_h',b'\xed\xd0\xed\xb9\xe4\xa1S\x87',2021.10.11.08.31.07_veh-50_01750_01948/MergedPointCloud/b57cf51641d25af9.pcd,1633943029000125
b'\xa6]\xf2\xa4\xd8 \\\x82',b'\xaf4\xb3\x012\xcaQ\x99',b'\xb5|\xf5\x16A\xd2Z\xf9',b'~\x86\xca\xdc\x9c\x8dS\xd9',b'h\xe3\x13@\x15\x85_h',b'\xed\xd0\xed\xb9\xe4\xa1S\x87',2021.10.11.08.31.07_veh-50_01750_01948/MergedPointCloud/a65df2a4d8205c82.pcd,1633943029050159
b'\xaf4\xb3\x012\xcaQ\x99',b'w\x17\xe2p\x8fCV8',b'\xa6]\xf2\xa4\xd8 \\\x82',"b'a3\xc0,\xfdP_\xa1'",b'h\xe3\x13@\x15\x85_h',b'\xed\xd0\xed\xb9\xe4\xa1S\x87',2021.10.11.08.31.07_veh-50_01750_01948/MergedPointCloud/af34b30132ca5199.pcd,1633943029100191
b'w\x17\xe2p\x8fCV8',b';\t5K&IW_',b'\xaf4\xb3\x012\xcaQ\x99',b'_\xe2;>\xd1\xe1_J',b'h\xe3\x13@\x15\x85_h',b'\xed\xd0\xed\xb9\xe4\xa1S\x87',2021.10.11.08.31.07_veh-50_01750_01948/MergedPointCloud/7717e2708f435638.pcd,1633943029150216
b';\t5K&IW_',b'j\x96\xddd\x0fR\\\x0f',b'w\x17\xe2p\x8fCV8',b'H\xa5\xf4\x8e\xfa&]\xf1',b'h\xe3\x13@\x15\x85_h',b'\xed\xd0\xed\xb9\xe4\xa1S\x87',2021.10.11.08.31.07_veh-50_01750_01948/MergedPointCloud/3b09354b2649575f.pcd,1633943029200236
b'j\x96\xddd\x0fR\\\x0f',b'\x91\xeb\xb2\xf9\x94\x0eZ$',b';\t5K&IW_',b'!7+\xda\x8b\x91X\xce',b'h\xe3\x13@\x15\x85_h',b'\xed\xd0\xed\xb9\xe4\xa1S\x87',2021.10.11.08.31.07_veh-50_01750_01948/MergedPointCloud/6a96dd640f525c0f.pcd,1633943029250251
b'\x91\xeb\xb2\xf9\x94\x0eZ$',b'._\x1e\xeam\xb3T\xeb',b'j\x96\xddd\x0fR\\\x0f',b'\xdd\x7f\x05>\xf8oW\x11',b'h\xe3\x13@\x15\x85_h',b'\xed\xd0\xed\xb9\xe4\xa1S\x87',2021.10.11.08.31.07_veh-50_01750_01948/MergedPointCloud/91ebb2f9940e5a24.pcd,1633943029300266
b'._\x1e\xeam\xb3T\xeb',b'\xf2\x8d@\xa7\xfc\x04Zl',b'\x91\xeb\xb2\xf9\x94\x0eZ$',b'\x7f\xcf\x10D\x1eHW_',b'h\xe3\x13@\x15\x85_h',b'\xed\xd0\xed\xb9\xe4\xa1S\x87',2021.10.11.08.31.07_veh-50_01750_01948/MergedPointCloud/2e5f1eea6db354eb.pcd,1633943029350279
b'\xf2\x8d@\xa7\xfc\x04Zl',b'\xffC\x94\xb8\x03\xa3T\xe4',b'._\x1e\xeam\xb3T\xeb',b'\xc3\xbb\xaa\x1b\xccM_\x86',b'h\xe3\x13@\x15\x85_h',b'\xed\xd0\xed\xb9\xe4\xa1S\x87',2021.10.11.08.31.07_veh-50_01750_01948/MergedPointCloud/f28d40a7fc045a6c.pcd,1633943029400290
b'\xffC\x94\xb8\x03\xa3T\xe4',"b'\x17o""\xd58\xef]a'",b'\xf2\x8d@\xa7\xfc\x04Zl',b'\xc44\xe7?\xf8^\\ ',b'h\xe3\x13@\x15\x85_h',b'\xed\xd0\xed\xb9\xe4\xa1S\x87',2021.10.11.08.31.07_veh-50_01750_01948/MergedPointCloud/ff4394b803a354e4.pcd,1633943029450299
"b'\x17o""\xd58\xef]a'",b'\ty?\xe18\xfdW\x18',b'\xffC\x94\xb8\x03\xa3T\xe4',b'wo<r\x87\x9dQi',b'h\xe3\x13@\x15\x85_h',b'\xed\xd0\xed\xb9\xe4\xa1S\x87',2021.10.11.08.31.07_veh-50_01750_01948/MergedPointCloud/176f22d538ef5d61.pcd,1633943029500305
b'\ty?\xe18\xfdW\x18',b'\x1f\x19\xeaA\x84^S:',"b'\x17o""\xd58\xef]a'",b'\x82\x94\xbe\rw7\\\xa7',b'h\xe3\x13@\x15\x85_h',b'\xed\xd0\xed\xb9\xe4\xa1S\x87',2021.10.11.08.31.07_veh-50_01750_01948/MergedPointCloud/09793fe138fd5718.pcd,1633943029550305
b'\x1f\x19\xeaA\x84^S:',b'\xa3\xb2(qqIW\x1a',b'\ty?\xe18\xfdW\x18',b'\x13+\xfbAZ\xe5R\x91',b'h\xe3\x13@\x15\x85_h',b'\xed\xd0\xed\xb9\xe4\xa1S\x87',2021.10.11.08.31.07_veh-50_01750_01948/MergedPointCloud/1f19ea41845e533a.pcd,1633943029600299
b'\xa3\xb2(qqIW\x1a',b'%t\xb3\xad\xa60^%',b'\x1f\x19\xeaA\x84^S:',b'\xf1\r\xa8\x08\xf3l\\\xc2',b'h\xe3\x13@\x15\x85_h',b'\xed\xd0\xed\xb9\xe4\xa1S\x87',2021.10.11.08.31.07_veh-50_01750_01948/MergedPointCloud/a3b228717149571a.pcd,1633943029650290
b'%t\xb3\xad\xa60^%',b'i5\xe9\xee\xd2\xc4Z\x7f',b'\xa3\xb2(qqIW\x1a',b'\xec\x93\x9cq\x9b\xdb^\xbc',b'h\xe3\x13@\x15\x85_h',b'\xed\xd0\xed\xb9\xe4\xa1S\x87',2021.10.11.08.31.07_veh-50_01750_01948/MergedPointCloud/2574b3ada6305e25.pcd,1633943029700279
b'i5\xe9\xee\xd2\xc4Z\x7f',b'\x8d\xab$\xd3U\x12[\xff',b'%t\xb3\xad\xa60^%',b'\xb6\t\xec\xde\xf9C_`',b'h\xe3\x13@\x15\x85_h',b'\xed\xd0\xed\xb9\xe4\xa1S\x87',2021.10.11.08.31.07_veh-50_01750_01948/MergedPointCloud/6935e9eed2c45a7f.pcd,1633943029750267
b'\x8d\xab$\xd3U\x12[\xff',b'\xa1\xf3.\x89\x83\t[\xb8',b'i5\xe9\xee\xd2\xc4Z\x7f',b'\xf2hn>\x04\xf8[O',b'h\xe3\x13@\x15\x85_h',b'\xed\xd0\xed\xb9\xe4\xa1S\x87',2021.10.11.08.31.07_veh-50_01750_01948/MergedPointCloud/8dab24d355125bff.pcd,1633943029800254
b'\xa1\xf3.\x89\x83\t[\xb8',b'\xe3|\x06\x03z7PP',b'\x8d\xab$\xd3U\x12[\xff',b'\x02l\x19\x06\xadgX\xb8',b'h\xe3\x13@\x15\x85_h',b'\xed\xd0\xed\xb9\xe4\xa1S\x87',2021.10.11.08.31.07_veh-50_01750_01948/MergedPointCloud/a1f32e8983095bb8.pcd,1633943029850238
b'\xe3|\x06\x03z7PP',b'\xda\xc6\xd6\xd9T\x8d^=',b'\xa1\xf3.\x89\x83\t[\xb8',b'H\xb8&a\x12\x12V ',b'h\xe3\x13@\x15\x85_h',b'\xed\xd0\xed\xb9\xe4\xa1S\x87',2021.10.11.08.31.07_veh-50_01750_01948/MergedPointCloud/e37c06037a375050.pcd,1633943029900221
b'\xda\xc6\xd6\xd9T\x8d^=',b'\xe1s.\x8f\xf7\xd4\\\x92',b'\xe3|\x06\x03z7PP',b'\x9f\xfcD\xf6\xc4.R\x8f',b'h\xe3\x13@\x15\x85_h',b'\xed\xd0\xed\xb9\xe4\xa1S\x87',2021.10.11.08.31.07_veh-50_01750_01948/MergedPointCloud/dac6d6d9548d5e3d.pcd,1633943029950199
b'\xe1s.\x8f\xf7\xd4\\\x92',b'H\x03\xac\xa5b\xa9^g',b'\xda\xc6\xd6\xd9T\x8d^=',b'5\x96\xe4\x1d\xd3\xbeX\x80',b'h\xe3\x13@\x15\x85_h',b'\xed\xd0\xed\xb9\xe4\xa1S\x87',2021.10.11.08.31.07_veh-50_01750_01948/MergedPointCloud/e1732e8ff7d45c92.pcd,1633943030000172
b'H\x03\xac\xa5b\xa9^g',b'\xd7>\xf4\x9a\xdc\xcfP\x08',b'\xe1s.\x8f\xf7\xd4\\\x92',b'\xa2\xa4\xc4kl\x88\\D',b'h\xe3\x13@\x15\x85_h',b'\xed\xd0\xed\xb9\xe4\xa1S\x87',2021.10.11.08.31.07_veh-50_01750_01948/MergedPointCloud/4803aca562a95e67.pcd,1633943030050142
b'\xd7>\xf4\x9a\xdc\xcfP\x08',b'R1\x97\xfeU1[\xea',b'H\x03\xac\xa5b\xa9^g',b'\x02\x96\xec\xc8\xb1\xca]\x0e',b'h\xe3\x13@\x15\x85_h',b'\xed\xd0\xed\xb9\xe4\xa1S\x87',2021.10.11.08.31.07_veh-50_01750_01948/MergedPointCloud/d73ef49adccf5008.pcd,1633943030100113
b'R1\x97\xfeU1[\xea',b'\x90\xd7\xf6\xdf=\xbdY\xb6',b'\xd7>\xf4\x9a\xdc\xcfP\x08',b'\xa80X\xe0jWW\xd6',b'h\xe3\x13@\x15\x85_h',b'\xed\xd0\xed\xb9\xe4\xa1S\x87',2021.10.11.08.31.07_veh-50_01750_01948/MergedPointCloud/523197fe55315bea.pcd,1633943030150083
b'\x90\xd7\xf6\xdf=\xbdY\xb6',b'\x7f\x85\x12\xf9\xe1jPc',b'R1\x97\xfeU1[\xea',b'\x9f\xca\xf1\x9a\xffZ]T',b'h\xe3\x13@\x15\x85_h',b'\xed\xd0\xed\xb9\xe4\xa1S\x87',2021.10.11.08.31.07_veh-50_01750_01948/MergedPointCloud/90d7f6df3dbd59b6.pcd,1633943030200051
b'\x7f\x85\x12\xf9\xe1jPc',b'\xf0\xb7\xa0\xe4\x17yQC',b'\x90\xd7\xf6\xdf=\xbdY\xb6',b'O\xb3\x1f<\xfe(T\xad',b'h\xe3\x13@\x15\x85_h',b'\xed\xd0\xed\xb9\xe4\xa1S\x87',2021.10.11.08.31.07_veh-50_01750_01948/MergedPointCloud/7f8512f9e16a5063.pcd,1633943030250019
b'\xf0\xb7\xa0\xe4\x17yQC',b'\x87\xc6\xf6\xc8i\x7fU\xd3',b'\x7f\x85\x12\xf9\xe1jPc',b'1O\xbba\xe8\xdc_\xba',b'h\xe3\x13@\x15\x85_h',b'\xed\xd0\xed\xb9\xe4\xa1S\x87',2021.10.11.08.31.07_veh-50_01750_01948/MergedPointCloud/f0b7a0e417795143.pcd,1633943030299988
b'\x87\xc6\xf6\xc8i\x7fU\xd3',b'\xadw\x91\xaf\x90IR\x89',b'\xf0\xb7\xa0\xe4\x17yQC',b'e\x15tGlJW\xa7',b'h\xe3\x13@\x15\x85_h',b'\xed\xd0\xed\xb9\xe4\xa1S\x87',2021.10.11.08.31.07_veh-50_01750_01948/MergedPointCloud/87c6f6c8697f55d3.pcd,1633943030349955
b'\xadw\x91\xaf\x90IR\x89',b'\xc3`\x19\xa9\xe1jV\x82',b'\x87\xc6\xf6\xc8i\x7fU\xd3',b'\xdd:\xc8\xa0-u\\5',b'h\xe3\x13@\x15\x85_h',b'\xed\xd0\xed\xb9\xe4\xa1S\x87',2021.10.11.08.31.07_veh-50_01750_01948/MergedPointCloud/ad7791af90495289.pcd,1633943030399917
b'\xc3`\x19\xa9\xe1jV\x82',b'x\x1fV\x85Y~_N',b'\xadw\x91\xaf\x90IR\x89',b'\xb3\x81\x83\xfe\x0c\xfcSb',b'h\xe3\x13@\x15\x85_h',b'\xed\xd0\xed\xb9\xe4\xa1S\x87',2021.10.11.08.31.07_veh-50_01750_01948/MergedPointCloud/c36019a9e16a5682.pcd,1633943030449878
b'x\x1fV\x85Y~_N',b'\xd7\xc9\xa8\x82\x174WC',b'\xc3`\x19\xa9\xe1jV\x82',b'\xe2\xbf*\x04\xba\xfaR\x17',b'h\xe3\x13@\x15\x85_h',b'\xed\xd0\xed\xb9\xe4\xa1S\x87',2021.10.11.08.31.07_veh-50_01750_01948/MergedPointCloud/781f5685597e5f4e.pcd,1633943030499841
b'\xd7\xc9\xa8\x82\x174WC',b'\xbc\xbf\xcb\n:h]z',b'x\x1fV\x85Y~_N',b'\x9dz\xea\x85R\xfcS\x0e',b'h\xe3\x13@\x15\x85_h',b'\xed\xd0\xed\xb9\xe4\xa1S\x87',2021.10.11.08.31.07_veh-50_01750_01948/MergedPointCloud/d7c9a88217345743.pcd,1633943030549805
b'\xbc\xbf\xcb\n:h]z',b'@\x88M\xd9b\xedU\x1a',b'\xd7\xc9\xa8\x82\x174WC',b'\x08\xbfT\xf7i\x13U\xc8',b'h\xe3\x13@\x15\x85_h',b'\xed\xd0\xed\xb9\xe4\xa1S\x87',2021.10.11.08.31.07_veh-50_01750_01948/MergedPointCloud/bcbfcb0a3a685d7a.pcd,1633943030599768
b'@\x88M\xd9b\xedU\x1a',b'\x97z\x86\xb7Z\x07W9',b'\xbc\xbf\xcb\n:h]z',b'\x07\xe6\xa3A\xdfH]\xd8',b'h\xe3\x13@\x15\x85_h',b'\xed\xd0\xed\xb9\xe4\xa1S\x87',2021.10.11.08.31.07_veh-50_01750_01948/MergedPointCloud/40884dd962ed551a.pcd,1633943030649731
b'\x97z\x86\xb7Z\x07W9',b'\x17[\x97\xd5VhQ\xe3',b'@\x88M\xd9b\xedU\x1a',b'\x8f\xe6\x13\xc8\xfb\xbeQ\xec',b'h\xe3\x13@\x15\x85_h',b'\xed\xd0\xed\xb9\xe4\xa1S\x87',2021.10.11.08.31.07_veh-50_01750_01948/MergedPointCloud/977a86b75a075739.pcd,1633943030699693
b'\x17[\x97\xd5VhQ\xe3',b'Hz\x0cA\xd0IZ\xf9',b'\x97z\x86\xb7Z\x07W9',"b""w'\tSOFP\xbc""",b'h\xe3\x13@\x15\x85_h',b'\xed\xd0\xed\xb9\xe4\xa1S\x87',2021.10.11.08.31.07_veh-50_01750_01948/MergedPointCloud/175b97d5566851e3.pcd,1633943030749657
b'Hz\x0cA\xd0IZ\xf9',b'\xaa\xb8i.\xb7\xba^i',b'\x17[\x97\xd5VhQ\xe3',b'\xf2`k\x90\xe3\xcbU6',b'h\xe3\x13@\x15\x85_h',b'\xed\xd0\xed\xb9\xe4\xa1S\x87',2021.10.11.08.31.07_veh-50_01750_01948/MergedPointCloud/487a0c41d0495af9.pcd,1633943030799620
b'\xaa\xb8i.\xb7\xba^i',b'\xb81|\xae\xa5AY\xd4',b'Hz\x0cA\xd0IZ\xf9',b'V\x82\xdba)\x0bUn',b'h\xe3\x13@\x15\x85_h',b'\xed\xd0\xed\xb9\xe4\xa1S\x87',2021.10.11.08.31.07_veh-50_01750_01948/MergedPointCloud/aab8692eb7ba5e69.pcd,1633943030849584
b'\xb81|\xae\xa5AY\xd4',b'\xa5p\xd8t\xf3\x17\\\xe1',b'\xaa\xb8i.\xb7\xba^i',b'o\xe2\xd7\xd9&ZW\x9e',b'h\xe3\x13@\x15\x85_h',b'\xed\xd0\xed\xb9\xe4\xa1S\x87',2021.10.11.08.31.07_veh-50_01750_01948/MergedPointCloud/b8317caea54159d4.pcd,1633943030899546
b'\xa5p\xd8t\xf3\x17\\\xe1',"b""vK\xdd'Y\x7fXd""",b'\xb81|\xae\xa5AY\xd4',b'u\x04;\x14h\xf4X\xf9',b'h\xe3\x13@\x15\x85_h',b'\xed\xd0\xed\xb9\xe4\xa1S\x87',2021.10.11.08.31.07_veh-50_01750_01948/MergedPointCloud/a570d874f3175ce1.pcd,1633943030949507
"b""vK\xdd'Y\x7fXd""",b'dF\x13f\xc5#[l',b'\xa5p\xd8t\xf3\x17\\\xe1',b'\xa8\x97\xb6\xd4+uSo',b'h\xe3\x13@\x15\x85_h',b'\xed\xd0\xed\xb9\xe4\xa1S\x87',2021.10.11.08.31.07_veh-50_01750_01948/MergedPointCloud/764bdd27597f5864.pcd,1633943030999472
b'dF\x13f\xc5#[l',b'!Mq]2\x88X\x97',"b""vK\xdd'Y\x7fXd""",b'\xb5L\x95>-\x1cS\x82',b'h\xe3\x13@\x15\x85_h',b'\xed\xd0\xed\xb9\xe4\xa1S\x87',2021.10.11.08.31.07_veh-50_01750_01948/MergedPointCloud/64461366c5235b6c.pcd,1633943031049439
b'!Mq]2\x88X\x97',b'[\xbe\x14\\W\x11P\xfc',b'dF\x13f\xc5#[l',b'\x88\n\x19\x0e\xb6\xdeT\x05',b'h\xe3\x13@\x15\x85_h',b'\xed\xd0\xed\xb9\xe4\xa1S\x87',2021.10.11.08.31.07_veh-50_01750_01948/MergedPointCloud/214d715d32885897.pcd,1633943031099405
b'[\xbe\x14\\W\x11P\xfc',b'\xd7\xaf!\x85\x1e\xefP\x7f',b'!Mq]2\x88X\x97',"b'""\xc202\xfe\x8dVt'",b'h\xe3\x13@\x15\x85_h',b'\xed\xd0\xed\xb9\xe4\xa1S\x87',2021.10.11.08.31.07_veh-50_01750_01948/MergedPointCloud/5bbe145c571150fc.pcd,1633943031149376
b'\xd7\xaf!\x85\x1e\xefP\x7f',b'k\xcf)=\xad\xac_5',b'[\xbe\x14\\W\x11P\xfc',b'R\x8ed(\x0ba^\x1e',b'h\xe3\x13@\x15\x85_h',b'\xed\xd0\xed\xb9\xe4\xa1S\x87',2021.10.11.08.31.07_veh-50_01750_01948/MergedPointCloud/d7af21851eef507f.pcd,1633943031199349
b'k\xcf)=\xad\xac_5',b'\xe4\xb4m\x1dx\xdfZ\x9a',b'\xd7\xaf!\x85\x1e\xefP\x7f',b'i6\xa2\xc9{\x06X\xe3',b'h\xe3\x13@\x15\x85_h',b'\xed\xd0\xed\xb9\xe4\xa1S\x87',2021.10.11.08.31.07_veh-50_01750_01948/MergedPointCloud/6bcf293dadac5f35.pcd,1633943031249328
b'\xe4\xb4m\x1dx\xdfZ\x9a',b'Z~\n\x86\xfbl\\x',b'k\xcf)=\xad\xac_5',b'w_\xd3\xe47\xb5S\xa9',b'h\xe3\x13@\x15\x85_h',b'\xed\xd0\xed\xb9\xe4\xa1S\x87',2021.10.11.08.31.07_veh-50_01750_01948/MergedPointCloud/e4b46d1d78df5a9a.pcd,1633943031299312
b'Z~\n\x86\xfbl\\x',b'\x0b\x0e\n\x00S\xf7V\xce',b'\xe4\xb4m\x1dx\xdfZ\x9a',"b'""\xa7\x05\xc5\xc6\x95W\xe0'",b'h\xe3\x13@\x15\x85_h',b'\xed\xd0\xed\xb9\xe4\xa1S\x87',2021.10.11.08.31.07_veh-50_01750_01948/MergedPointCloud/5a7e0a86fb6c5c78.pcd,1633943031349302
b'\x0b\x0e\n\x00S\xf7V\xce',b'\x0c*\x19\xa6F\xf0Z\xf3',b'Z~\n\x86\xfbl\\x',b'\x80\x82\xf373]T\x18',b'h\xe3\x13@\x15\x85_h',b'\xed\xd0\xed\xb9\xe4\xa1S\x87',2021.10.11.08.31.07_veh-50_01750_01948/MergedPointCloud/0b0e0a0053f756ce.pcd,1633943031399299
b'\x0c*\x19\xa6F\xf0Z\xf3',b'=\x85\x89\xd0\xf3\xfbV\xfd',b'\x0b\x0e\n\x00S\xf7V\xce',b'Lf\xd1\x08\xb7\xa5\\K',b'h\xe3\x13@\x15\x85_h',b'\xed\xd0\xed\xb9\xe4\xa1S\x87',2021.10.11.08.31.07_veh-50_01750_01948/MergedPointCloud/0c2a19a646f05af3.pcd,1633943031449302
b'=\x85\x89\xd0\xf3\xfbV\xfd',b'\xa7\xbb\x86{D\xbb\\\xf4',b'\x0c*\x19\xa6F\xf0Z\xf3',b'\xcd\x9aB\xb09\xa4X1',b'h\xe3\x13@\x15\x85_h',b'\xed\xd0\xed\xb9\xe4\xa1S\x87',2021.10.11.08.31.07_veh-50_01750_01948/MergedPointCloud/3d8589d0f3fb56fd.pcd,1633943031499310
b'\xa7\xbb\x86{D\xbb\\\xf4',b'/y\x00brOZ)',b'=\x85\x89\xd0\xf3\xfbV\xfd',b'\xc9\xdc;\x84g%^\xd0',b'h\xe3\x13@\x15\x85_h',b'\xed\xd0\xed\xb9\xe4\xa1S\x87',2021.10.11.08.31.07_veh-50_01750_01948/MergedPointCloud/a7bb867b44bb5cf4.pcd,1633943031549322
b'/y\x00brOZ)',b'\xe8\xf7\x08\x8c\x88^V\x80',b'\xa7\xbb\x86{D\xbb\\\xf4',b'\x87l\x1c\xb8[\xb0_\xf1',b'h\xe3\x13@\x15\x85_h',b'\xed\xd0\xed\xb9\xe4\xa1S\x87',2021.10.11.08.31.07_veh-50_01750_01948/MergedPointCloud/2f790062724f5a29.pcd,1633943031599339
b'\xe8\xf7\x08\x8c\x88^V\x80',b'\xbf\xd8\xff\xe3\xf3\xbbU\xf1',b'/y\x00brOZ)',"b""\xb3\xd1a':\xa9\\\xe4""",b'h\xe3\x13@\x15\x85_h',b'\xed\xd0\xed\xb9\xe4\xa1S\x87',2021.10.11.08.31.07_veh-50_01750_01948/MergedPointCloud/e8f7088c885e5680.pcd,1633943031649360
b'\xbf\xd8\xff\xe3\xf3\xbbU\xf1',b'\xec\xe9\x1cv-\xd0Z\x05',b'\xe8\xf7\x08\x8c\x88^V\x80',b'\x03\xe9\xf7\xc8S\xb7Yk',b'h\xe3\x13@\x15\x85_h',b'\xed\xd0\xed\xb9\xe4\xa1S\x87',2021.10.11.08.31.07_veh-50_01750_01948/MergedPointCloud/bfd8ffe3f3bb55f1.pcd,1633943031699384
b'\xec\xe9\x1cv-\xd0Z\x05',b'L\x19\xca\x99M\xdbW$',b'\xbf\xd8\xff\xe3\xf3\xbbU\xf1',b';\xe7\xf2\x1cV~X\x03',b'h\xe3\x13@\x15\x85_h',b'\xed\xd0\xed\xb9\xe4\xa1S\x87',2021.10.11.08.31.07_veh-50_01750_01948/MergedPointCloud/ece91c762dd05a05.pcd,1633943031749408
b'L\x19\xca\x99M\xdbW$',b'Q\xb9]\xb9y\x14X.',b'\xec\xe9\x1cv-\xd0Z\x05',b'\x149\xbf\x18\xb2\x82^\x99',b'h\xe3\x13@\x15\x85_h',b'\xed\xd0\xed\xb9\xe4\xa1S\x87',2021.10.11.08.31.07_veh-50_01750_01948/MergedPointCloud/4c19ca994ddb5724.pcd,1633943031799433
b'Q\xb9]\xb9y\x14X.',b'\x8b\xb5\x05\xe97jZ\x11',b'L\x19\xca\x99M\xdbW$',b'#\x173\xbb\xa2zT^',b'h\xe3\x13@\x15\x85_h',b'\xed\xd0\xed\xb9\xe4\xa1S\x87',2021.10.11.08.31.07_veh-50_01750_01948/MergedPointCloud/51b95db97914582e.pcd,1633943031849458
b'\x8b\xb5\x05\xe97jZ\x11',b'\xe0l\xa4\x9d\xaesZ\xc7',b'Q\xb9]\xb9y\x14X.',b'z\xf8\xb4L\xba\x17\\\x9d',b'h\xe3\x13@\x15\x85_h',b'\xed\xd0\xed\xb9\xe4\xa1S\x87',2021.10.11.08.31.07_veh-50_01750_01948/MergedPointCloud/8bb505e9376a5a11.pcd,1633943031899481
b'\xe0l\xa4\x9d\xaesZ\xc7',b'p\xf5\xc3u)rS\x1b',b'\x8b\xb5\x05\xe97jZ\x11',b'\xdcN\xe8H\xba\xfaRl',b'h\xe3\x13@\x15\x85_h',b'\xed\xd0\xed\xb9\xe4\xa1S\x87',2021.10.11.08.31.07_veh-50_01750_01948/MergedPointCloud/e06ca49dae735ac7.pcd,1633943031949504
b'p\xf5\xc3u)rS\x1b',"b""\xa3\xff\xb9\x99I\xecU'""",b'\xe0l\xa4\x9d\xaesZ\xc7',b'\xc8\x14+\xf4G\x13X\xe7',b'h\xe3\x13@\x15\x85_h',b'\xed\xd0\xed\xb9\xe4\xa1S\x87',2021.10.11.08.31.07_veh-50_01750_01948/MergedPointCloud/70f5c3752972531b.pcd,1633943031999526
"b""\xa3\xff\xb9\x99I\xecU'""",b'\x83f\x0b\x81\x11t^4',b'p\xf5\xc3u)rS\x1b',"b'y\x90\x83""\xd1^S\xd3'",b'h\xe3\x13@\x15\x85_h',b'\xed\xd0\xed\xb9\xe4\xa1S\x87',2021.10.11.08.31.07_veh-50_01750_01948/MergedPointCloud/a3ffb99949ec5527.pcd,1633943032049547
b'\x83f\x0b\x81\x11t^4',b'\xa3\x9fk\xfc\xdes\\\x9b',"b""\xa3\xff\xb9\x99I\xecU'""",b'~R\xa6\xdd)\xdcT\x00',b'h\xe3\x13@\x15\x85_h',b'\xed\xd0\xed\xb9\xe4\xa1S\x87',2021.10.11.08.31.07_veh-50_01750_01948/MergedPointCloud/83660b8111745e34.pcd,1633943032099569
b'\xa3\x9fk\xfc\xdes\\\x9b',b'\x83\x8fK\x9f\x0e\xc8T\x00',b'\x83f\x0b\x81\x11t^4',b'\x98Q\x87\x11\xcbNUE',b'h\xe3\x13@\x15\x85_h',b'\xed\xd0\xed\xb9\xe4\xa1S\x87',2021.10.11.08.31.07_veh-50_01750_01948/MergedPointCloud/a39f6bfcde735c9b.pcd,1633943032149590
b'\x83\x8fK\x9f\x0e\xc8T\x00',b'Pp\xc7\xc2gQ^\x88',b'\xa3\x9fk\xfc\xdes\\\x9b',b'\xa8\xf3E9\x1d\xe2Y\xb6',b'h\xe3\x13@\x15\x85_h',b'\xed\xd0\xed\xb9\xe4\xa1S\x87',2021.10.11.08.31.07_veh-50_01750_01948/MergedPointCloud/838f4b9f0ec85400.pcd,1633943032199612
b'Pp\xc7\xc2gQ^\x88',b'\xfe\x85\x80\xa4\xc6\xd8P\x92',b'\x83\x8fK\x9f\x0e\xc8T\x00',b'd\xa9Y(\x93\x16^\x1c',b'h\xe3\x13@\x15\x85_h',b'\xed\xd0\xed\xb9\xe4\xa1S\x87',2021.10.11.08.31.07_veh-50_01750_01948/MergedPointCloud/5070c7c267515e88.pcd,1633943032249633
b'\xfe\x85\x80\xa4\xc6\xd8P\x92',b'Hz\x8fmo\xc5Y\x01',b'Pp\xc7\xc2gQ^\x88',b'\xc88\x9b\x117\x86Qp',b'h\xe3\x13@\x15\x85_h',b'\xed\xd0\xed\xb9\xe4\xa1S\x87',2021.10.11.08.31.07_veh-50_01750_01948/MergedPointCloud/fe8580a4c6d85092.pcd,1633943032299654
b'Hz\x8fmo\xc5Y\x01',b'\xe6\x0cy\xcb\x8d\xf1Pi',b'\xfe\x85\x80\xa4\xc6\xd8P\x92',b'\xab\xd7\x1c\x17~HZY',b'h\xe3\x13@\x15\x85_h',b'\xed\xd0\xed\xb9\xe4\xa1S\x87',2021.10.11.08.31.07_veh-50_01750_01948/MergedPointCloud/487a8f6d6fc55901.pcd,1633943032349675
b'\xe6\x0cy\xcb\x8d\xf1Pi',b'\x8dY\x1ea\x94+P\x19',b'Hz\x8fmo\xc5Y\x01',b'\xa7\x07\x85b2\xa0X\xdb',b'h\xe3\x13@\x15\x85_h',b'\xed\xd0\xed\xb9\xe4\xa1S\x87',2021.10.11.08.31.07_veh-50_01750_01948/MergedPointCloud/e60c79cb8df15069.pcd,1633943032399697
b'\x8dY\x1ea\x94+P\x19',b'\xf8(\xfd{%jS\x10',b'\xe6\x0cy\xcb\x8d\xf1Pi',b'RO\x9c\x87\xb2\xefR\t',b'h\xe3\x13@\x15\x85_h',b'\xed\xd0\xed\xb9\xe4\xa1S\x87',2021.10.11.08.31.07_veh-50_01750_01948/MergedPointCloud/8d591e61942b5019.pcd,1633943032449720
b'\xf8(\xfd{%jS\x10',b'\x9bM<_\xec\xcb_\x92',b'\x8dY\x1ea\x94+P\x19',b'\xb9\x82\x81L#ZQ~',b'h\xe3\x13@\x15\x85_h',b'\xed\xd0\xed\xb9\xe4\xa1S\x87',2021.10.11.08.31.07_veh-50_01750_01948/MergedPointCloud/f828fd7b256a5310.pcd,1633943032499744
b'\x9bM<_\xec\xcb_\x92',b'\x8d-\xcf\x9e\xb2|Vn',b'\xf8(\xfd{%jS\x10',b'6\xb3\x92\x91f\xc7_~',b'h\xe3\x13@\x15\x85_h',b'\xed\xd0\xed\xb9\xe4\xa1S\x87',2021.10.11.08.31.07_veh-50_01750_01948/MergedPointCloud/9b4d3c5feccb5f92.pcd,1633943032549768
b'\x8d-\xcf\x9e\xb2|Vn',b'@\xdaY\xc6\xdd;Z\xba',b'\x9bM<_\xec\xcb_\x92',b'\xdd\xbb\x8d^\x16\xa8W\xd7',b'h\xe3\x13@\x15\x85_h',b'\xed\xd0\xed\xb9\xe4\xa1S\x87',2021.10.11.08.31.07_veh-50_01750_01948/MergedPointCloud/8d2dcf9eb27c566e.pcd,1633943032599794
b'@\xdaY\xc6\xdd;Z\xba',b'\x88\x8b\x90x*UZ3',b'\x8d-\xcf\x9e\xb2|Vn',b'\xb1D\x92l\xe9C_(',b'h\xe3\x13@\x15\x85_h',b'\xed\xd0\xed\xb9\xe4\xa1S\x87',2021.10.11.08.31.07_veh-50_01750_01948/MergedPointCloud/40da59c6dd3b5aba.pcd,1633943032649822
b'\x88\x8b\x90x*UZ3',b'\xa0wQ\x85a\x80Y-',b'@\xdaY\xc6\xdd;Z\xba',b'*d\x85\x7fk\xf0[:',b'h\xe3\x13@\x15\x85_h',b'\xed\xd0\xed\xb9\xe4\xa1S\x87',2021.10.11.08.31.07_veh-50_01750_01948/MergedPointCloud/888b90782a555a33.pcd,1633943032699848
b'\xa0wQ\x85a\x80Y-',b'\xed\x1f\x99\xce_.R^',b'\x88\x8b\x90x*UZ3',b'<\xdfr7Ib]\xbc',b'h\xe3\x13@\x15\x85_h',b'\xed\xd0\xed\xb9\xe4\xa1S\x87',2021.10.11.08.31.07_veh-50_01750_01948/MergedPointCloud/a07751856180592d.pcd,1633943032749875
b'\xed\x1f\x99\xce_.R^',b'\x97\xeb\xd5R\xbb*W\xde',b'\xa0wQ\x85a\x80Y-',b'P\x04.Pj\xa1\\o',b'h\xe3\x13@\x15\x85_h',b'\xed\xd0\xed\xb9\xe4\xa1S\x87',2021.10.11.08.31.07_veh-50_01750_01948/MergedPointCloud/ed1f99ce5f2e525e.pcd,1633943032799902
b'\x97\xeb\xd5R\xbb*W\xde',b'qd\x87;\xe3\x1dUL',b'\xed\x1f\x99\xce_.R^',"b""Q\x12O\xcei:V'""",b'h\xe3\x13@\x15\x85_h',b'\xed\xd0\xed\xb9\xe4\xa1S\x87',2021.10.11.08.31.07_veh-50_01750_01948/MergedPointCloud/97ebd552bb2a57de.pcd,1633943032849929
b'qd\x87;\xe3\x1dUL',b'p\xf3\xa6\xf8\x0cmTE',b'\x97\xeb\xd5R\xbb*W\xde',b'\x80*\xfc\x83\xeb\x95S\xde',b'h\xe3\x13@\x15\x85_h',b'\xed\xd0\xed\xb9\xe4\xa1S\x87',2021.10.11.08.31.07_veh-50_01750_01948/MergedPointCloud/7164873be31d554c.pcd,1633943032899956
b'p\xf3\xa6\xf8\x0cmTE',b'ZH\xa5\x92\x93\xa5T\\',b'qd\x87;\xe3\x1dUL',b'\xc4\x98{\xdd\x8e#XG',b'h\xe3\x13@\x15\x85_h',b'\xed\xd0\xed\xb9\xe4\xa1S\x87',2021.10.11.08.31.07_veh-50_01750_01948/MergedPointCloud/70f3a6f80c6d5445.pcd,1633943032949983
b'ZH\xa5\x92\x93\xa5T\\',b'\x05\r\xa1c\x1c\xacQe',b'p\xf3\xa6\xf8\x0cmTE',b'!=\xc4<\xedqVZ',b'h\xe3\x13@\x15\x85_h',b'\xed\xd0\xed\xb9\xe4\xa1S\x87',2021.10.11.08.31.07_veh-50_01750_01948/MergedPointCloud/5a48a59293a5545c.pcd,1633943033000010
b'\x05\r\xa1c\x1c\xacQe',b'\x86\xda\xb2\x14\x0b\xfeXJ',b'ZH\xa5\x92\x93\xa5T\\',b'\xfc\xe34\x08\xcc\xb6W;',b'h\xe3\x13@\x15\x85_h',b'\xed\xd0\xed\xb9\xe4\xa1S\x87',2021.10.11.08.31.07_veh-50_01750_01948/MergedPointCloud/050da1631cac5165.pcd,1633943033050038
b'\x86\xda\xb2\x14\x0b\xfeXJ',b'\x1c\x10\x9c\xc0y\x91\\\xbc',b'\x05\r\xa1c\x1c\xacQe',b'\xa0Fi\xe2\xcf\xb9U\xea',b'h\xe3\x13@\x15\x85_h',b'\xed\xd0\xed\xb9\xe4\xa1S\x87',2021.10.11.08.31.07_veh-50_01750_01948/MergedPointCloud/86dab2140bfe584a.pcd,1633943033100063
b'\x1c\x10\x9c\xc0y\x91\\\xbc',b'+\xa2\x07\xee\n\x9fZ\xa3',b'\x86\xda\xb2\x14\x0b\xfeXJ',b'\x88\x8e\x89\x15\x83@W4',b'h\xe3\x13@\x15\x85_h',b'\xed\xd0\xed\xb9\xe4\xa1S\x87',2021.10.11.08.31.07_veh-50_01750_01948/MergedPointCloud/1c109cc079915cbc.pcd,1633943033150086
b'+\xa2\x07\xee\n\x9fZ\xa3',b'\xed\x1c)\xfe\x95\x8aW+',b'\x1c\x10\x9c\xc0y\x91\\\xbc',b'\xa6#\xfb\x93\xa3BS\x1b',b'h\xe3\x13@\x15\x85_h',b'\xed\xd0\xed\xb9\xe4\xa1S\x87',2021.10.11.08.31.07_veh-50_01750_01948/MergedPointCloud/2ba207ee0a9f5aa3.pcd,1633943033200103
b'\xed\x1c)\xfe\x95\x8aW+',b'\r\xbb\xa5\x80\x95iVV',b'+\xa2\x07\xee\n\x9fZ\xa3',b'e3%\xaa\x84\xa1\\E',b'h\xe3\x13@\x15\x85_h',b'\xed\xd0\xed\xb9\xe4\xa1S\x87',2021.10.11.08.31.07_veh-50_01750_01948/MergedPointCloud/ed1c29fe958a572b.pcd,1633943033250119
b'\r\xbb\xa5\x80\x95iVV',b'j\x0fh\xa8!.Q\xaa',b'\xed\x1c)\xfe\x95\x8aW+',"b'\xaa\x07~\x1f6\xf8\\""'",b'h\xe3\x13@\x15\x85_h',b'\xed\xd0\xed\xb9\xe4\xa1S\x87',2021.10.11.08.31.07_veh-50_01750_01948/MergedPointCloud/0dbba58095695656.pcd,1633943033300131
b'j\x0fh\xa8!.Q\xaa',b'R\x1bF\x02\xd2U\\*',b'\r\xbb\xa5\x80\x95iVV',b'\xfdV\xf0\xeb\xccE_Z',b'h\xe3\x13@\x15\x85_h',b'\xed\xd0\xed\xb9\xe4\xa1S\x87',2021.10.11.08.31.07_veh-50_01750_01948/MergedPointCloud/6a0f68a8212e51aa.pcd,1633943033350141
b'R\x1bF\x02\xd2U\\*',b'\x9b\xb7\xf7?:\xa9Y\x88',b'j\x0fh\xa8!.Q\xaa',b'l\x06n\xbbE\x04TI',b'h\xe3\x13@\x15\x85_h',b'\xed\xd0\xed\xb9\xe4\xa1S\x87',2021.10.11.08.31.07_veh-50_01750_01948/MergedPointCloud/521b4602d2555c2a.pcd,1633943033400148
b'\x9b\xb7\xf7?:\xa9Y\x88',b'\xab\xf14aM.X\xaf',b'R\x1bF\x02\xd2U\\*',b'\xaf\x8a\xcci\xfb\x93_6',b'h\xe3\x13@\x15\x85_h',b'\xed\xd0\xed\xb9\xe4\xa1S\x87',2021.10.11.08.31.07_veh-50_01750_01948/MergedPointCloud/9bb7f73f3aa95988.pcd,1633943033450154
b'\xab\xf14aM.X\xaf',b'\xf9*\xba\x03\x14]V\x88',b'\x9b\xb7\xf7?:\xa9Y\x88',b'\x07\x83$\xb0\x8c\xe9Ws',b'h\xe3\x13@\x15\x85_h',b'\xed\xd0\xed\xb9\xe4\xa1S\x87',2021.10.11.08.31.07_veh-50_01750_01948/MergedPointCloud/abf134614d2e58af.pcd,1633943033500157
b'\xf9*\xba\x03\x14]V\x88',b'\x0c\x83s\xe5m)T&',b'\xab\xf14aM.X\xaf',"b""'\xb5\xeb3X\x1dT\xc9""",b'h\xe3\x13@\x15\x85_h',b'\xed\xd0\xed\xb9\xe4\xa1S\x87',2021.10.11.08.31.07_veh-50_01750_01948/MergedPointCloud/f92aba03145d5688.pcd,1633943033550157
b'\x0c\x83s\xe5m)T&',"b'\xb7\xb0x,\x07\xaaU\x06'",b'\xf9*\xba\x03\x14]V\x88',"b'\x7f\xc5\xa9""\xe6\xb4R\x90'",b'h\xe3\x13@\x15\x85_h',b'\xed\xd0\xed\xb9\xe4\xa1S\x87',2021.10.11.08.31.07_veh-50_01750_01948/MergedPointCloud/0c8373e56d295426.pcd,1633943033600154
"b'\xb7\xb0x,\x07\xaaU\x06'",b'%3g\x1f\xb5\xa0\\\x8f',b'\x0c\x83s\xe5m)T&',b'}n\x90\x01\x1d\x0fX\xc6',b'h\xe3\x13@\x15\x85_h',b'\xed\xd0\xed\xb9\xe4\xa1S\x87',2021.10.11.08.31.07_veh-50_01750_01948/MergedPointCloud/b7b0782c07aa5506.pcd,1633943033650148
b'%3g\x1f\xb5\xa0\\\x8f',b'\x87\x13\xad\x8d\x1b\x05S!',"b'\xb7\xb0x,\x07\xaaU\x06'",b'\xdd*\xf2\xac|\x9c_\xc2',b'h\xe3\x13@\x15\x85_h',b'\xed\xd0\xed\xb9\xe4\xa1S\x87',2021.10.11.08.31.07_veh-50_01750_01948/MergedPointCloud/2533671fb5a05c8f.pcd,1633943033700141
b'\x87\x13\xad\x8d\x1b\x05S!',b'\t\xc7\xc8\xa3\xab\x84\\\xc6',b'%3g\x1f\xb5\xa0\\\x8f',b'\x1a\xf6\x11\xa0\xf9\xb3\\2',b'h\xe3\x13@\x15\x85_h',b'\xed\xd0\xed\xb9\xe4\xa1S\x87',2021.10.11.08.31.07_veh-50_01750_01948/MergedPointCloud/8713ad8d1b055321.pcd,1633943033750133
b'\t\xc7\xc8\xa3\xab\x84\\\xc6',b'v\xa4U>\xee7Y\xe9',b'\x87\x13\xad\x8d\x1b\x05S!',b'j\x88\xda\xbe\xf97W\xcb',b'h\xe3\x13@\x15\x85_h',b'\xed\xd0\xed\xb9\xe4\xa1S\x87',2021.10.11.08.31.07_veh-50_01750_01948/MergedPointCloud/09c7c8a3ab845cc6.pcd,1633943033800122
b'v\xa4U>\xee7Y\xe9',b'\x1d8\xb7A\x030U;',b'\t\xc7\xc8\xa3\xab\x84\\\xc6',b'\xbar\xb4\x80\xeb\xb1_\xf5',b'h\xe3\x13@\x15\x85_h',b'\xed\xd0\xed\xb9\xe4\xa1S\x87',2021.10.11.08.31.07_veh-50_01750_01948/MergedPointCloud/76a4553eee3759e9.pcd,1633943033850109
b'\x1d8\xb7A\x030U;',b'\x809P\x00\xd9vS\xb4',b'v\xa4U>\xee7Y\xe9',b')\x11T\xa2\xe7\x87S\x99',b'h\xe3\x13@\x15\x85_h',b'\xed\xd0\xed\xb9\xe4\xa1S\x87',2021.10.11.08.31.07_veh-50_01750_01948/MergedPointCloud/1d38b7410330553b.pcd,1633943033900092
b'\x809P\x00\xd9vS\xb4',b'x\xeb\xbc\xcay\x04Tl',b'\x1d8\xb7A\x030U;',"b""'kHxF\x8c]\xb3""",b'h\xe3\x13@\x15\x85_h',b'\xed\xd0\xed\xb9\xe4\xa1S\x87',2021.10.11.08.31.07_veh-50_01750_01948/MergedPointCloud/80395000d97653b4.pcd,1633943033950071
b'x\xeb\xbc\xcay\x04Tl',b'\xffIc0\xa0kR)',b'\x809P\x00\xd9vS\xb4',b'\xbc\x9c\xbfH\xd2xT\x10',b'h\xe3\x13@\x15\x85_h',b'\xed\xd0\xed\xb9\xe4\xa1S\x87',2021.10.11.08.31.07_veh-50_01750_01948/MergedPointCloud/78ebbcca7904546c.pcd,1633943034000043
b'\xffIc0\xa0kR)',b'\x9f\xca\xfd\xe7\x94\xb5S\xfc',b'x\xeb\xbc\xcay\x04Tl',b'\xec\xbf\xd9\xa1\xa2uTa',b'h\xe3\x13@\x15\x85_h',b'\xed\xd0\xed\xb9\xe4\xa1S\x87',2021.10.11.08.31.07_veh-50_01750_01948/MergedPointCloud/ff496330a06b5229.pcd,1633943034050013
b'\x9f\xca\xfd\xe7\x94\xb5S\xfc',b'\xa3\x1f\xa4\xb9)7SD',b'\xffIc0\xa0kR)',b'\xe6W\x9d\xf1y\xceSU',b'h\xe3\x13@\x15\x85_h',b'\xed\xd0\xed\xb9\xe4\xa1S\x87',2021.10.11.08.31.07_veh-50_01750_01948/MergedPointCloud/9fcafde794b553fc.pcd,1633943034099977
b'\xa3\x1f\xa4\xb9)7SD',b'\xc3\xc0=\xb6\xbf~Z\x92',b'\x9f\xca\xfd\xe7\x94\xb5S\xfc',b'\x15N\x98\x17\xca|\\\x04',b'h\xe3\x13@\x15\x85_h',b'\xed\xd0\xed\xb9\xe4\xa1S\x87',2021.10.11.08.31.07_veh-50_01750_01948/MergedPointCloud/a31fa4b929375344.pcd,1633943034149946
b'\xc3\xc0=\xb6\xbf~Z\x92',b'\xaa{\xbfuS\x97\\\x8e',b'\xa3\x1f\xa4\xb9)7SD',b'7H\x97W+\x87Z\x81',b'h\xe3\x13@\x15\x85_h',b'\xed\xd0\xed\xb9\xe4\xa1S\x87',2021.10.11.08.31.07_veh-50_01750_01948/MergedPointCloud/c3c03db6bf7e5a92.pcd,1633943034199918
b'\xaa{\xbfuS\x97\\\x8e',b'\xc6\x0bR\x9e\xfa\xff^/',b'\xc3\xc0=\xb6\xbf~Z\x92',b'`~\xaf\xa1R\xecR\xd4',b'h\xe3\x13@\x15\x85_h',b'\xed\xd0\xed\xb9\xe4\xa1S\x87',2021.10.11.08.31.07_veh-50_01750_01948/MergedPointCloud/aa7bbf7553975c8e.pcd,1633943034249889
b'\xc6\x0bR\x9e\xfa\xff^/',b'^\xb2\xa6\x00\x93\x0e[C',b'\xaa{\xbfuS\x97\\\x8e',b')\xc2U\r]\x88[E',b'h\xe3\x13@\x15\x85_h',b'\xed\xd0\xed\xb9\xe4\xa1S\x87',2021.10.11.08.31.07_veh-50_01750_01948/MergedPointCloud/c60b529efaff5e2f.pcd,1633943034299861
b'^\xb2\xa6\x00\x93\x0e[C',b'\x96\xcbD\xf3\xd2\x0cY\xa5',b'\xc6\x0bR\x9e\xfa\xff^/',"b'\x83,I\xbd[\xcb\\I'",b'h\xe3\x13@\x15\x85_h',b'\xed\xd0\xed\xb9\xe4\xa1S\x87',2021.10.11.08.31.07_veh-50_01750_01948/MergedPointCloud/5eb2a600930e5b43.pcd,1633943034349833
b'\x96\xcbD\xf3\xd2\x0cY\xa5',b'U\xc9\xbc#\xef\x99T\x8e',b'^\xb2\xa6\x00\x93\x0e[C',b'\x03*P\x1fc\x11V\xa0',b'h\xe3\x13@\x15\x85_h',b'\xed\xd0\xed\xb9\xe4\xa1S\x87',2021.10.11.08.31.07_veh-50_01750_01948/MergedPointCloud/96cb44f3d20c59a5.pcd,1633943034399805
b'U\xc9\xbc#\xef\x99T\x8e',b'\x03#\x844\xb3\\R\x9a',b'\x96\xcbD\xf3\xd2\x0cY\xa5',b'\x05p\x1c\xe0|ZP0',b'h\xe3\x13@\x15\x85_h',b'\xed\xd0\xed\xb9\xe4\xa1S\x87',2021.10.11.08.31.07_veh-50_01750_01948/MergedPointCloud/55c9bc23ef99548e.pcd,1633943034449780
b'\x03#\x844\xb3\\R\x9a',b'`\xeds\xc4\x005V\x84',b'U\xc9\xbc#\xef\x99T\x8e',b'\x83P+z\xcc\x00Sk',b'h\xe3\x13@\x15\x85_h',b'\xed\xd0\xed\xb9\xe4\xa1S\x87',2021.10.11.08.31.07_veh-50_01750_01948/MergedPointCloud/03238434b35c529a.pcd,1633943034499755
b'`\xeds\xc4\x005V\x84',b'\xe4U\xeb\x9f{(_\x94',b'\x03#\x844\xb3\\R\x9a',b'&\xf94\xf4\x98@X\xd4',b'h\xe3\x13@\x15\x85_h',b'\xed\xd0\xed\xb9\xe4\xa1S\x87',2021.10.11.08.31.07_veh-50_01750_01948/MergedPointCloud/60ed73c400355684.pcd,1633943034549730
b'\xe4U\xeb\x9f{(_\x94',b'\xf3\xafEN\xb8;_\xf5',b'`\xeds\xc4\x005V\x84',b'\xad\x1a*\x0b@\xbdX0',b'h\xe3\x13@\x15\x85_h',b'\xed\xd0\xed\xb9\xe4\xa1S\x87',2021.10.11.08.31.07_veh-50_01750_01948/MergedPointCloud/e455eb9f7b285f94.pcd,1633943034599703
b'\xf3\xafEN\xb8;_\xf5',b'B)\x8ay]VRP',b'\xe4U\xeb\x9f{(_\x94',b'\xb2\x96\x92\xe9g\xe0[b',b'h\xe3\x13@\x15\x85_h',b'\xed\xd0\xed\xb9\xe4\xa1S\x87',2021.10.11.08.31.07_veh-50_01750_01948/MergedPointCloud/f3af454eb83b5ff5.pcd,1633943034649674
b'B)\x8ay]VRP',b'\x8e3\xdc\x1b\xc1\xa2U\xe4',b'\xf3\xafEN\xb8;_\xf5',b'\x00:\x0f\xaf\x8a\x1e^\x94',b'h\xe3\x13@\x15\x85_h',b'\xed\xd0\xed\xb9\xe4\xa1S\x87',2021.10.11.08.31.07_veh-50_01750_01948/MergedPointCloud/42298a795d565250.pcd,1633943034699640
b'\x8e3\xdc\x1b\xc1\xa2U\xe4',b'\x03\xbb\x80!\xcb\x07RL',b'B)\x8ay]VRP',b'HkA\x92ht[\x97',b'h\xe3\x13@\x15\x85_h',b'\xed\xd0\xed\xb9\xe4\xa1S\x87',2021.10.11.08.31.07_veh-50_01750_01948/MergedPointCloud/8e33dc1bc1a255e4.pcd,1633943034749607
b'\x03\xbb\x80!\xcb\x07RL',b'\x97?>&x\xd3Q\xb7',b'\x8e3\xdc\x1b\xc1\xa2U\xe4',b'PU}\x1f\xd8MUX',b'h\xe3\x13@\x15\x85_h',b'\xed\xd0\xed\xb9\xe4\xa1S\x87',2021.10.11.08.31.07_veh-50_01750_01948/MergedPointCloud/03bb8021cb07524c.pcd,1633943034799576
b'\x97?>&x\xd3Q\xb7',b'i\xa1\xf85\x10AP\xf8',b'\x03\xbb\x80!\xcb\x07RL',b'\x12\r\xd4E1\r^\x0e',b'h\xe3\x13@\x15\x85_h',b'\xed\xd0\xed\xb9\xe4\xa1S\x87',2021.10.11.08.31.07_veh-50_01750_01948/MergedPointCloud/973f3e2678d351b7.pcd,1633943034849547
b'i\xa1\xf85\x10AP\xf8',b'\xb7(\x058\xd2\xc7Th',b'\x97?>&x\xd3Q\xb7',b'\xf7qs-\xa8\xa2P[',b'h\xe3\x13@\x15\x85_h',b'\xed\xd0\xed\xb9\xe4\xa1S\x87',2021.10.11.08.31.07_veh-50_01750_01948/MergedPointCloud/69a1f835104150f8.pcd,1633943034899516
b'\xb7(\x058\xd2\xc7Th',b'\xee<\xecM\xb7MPv',b'i\xa1\xf85\x10AP\xf8',b'\x9f\x80y:x~]\x9b',b'h\xe3\x13@\x15\x85_h',b'\xed\xd0\xed\xb9\xe4\xa1S\x87',2021.10.11.08.31.07_veh-50_01750_01948/MergedPointCloud/b7280538d2c75468.pcd,1633943034949483
b'\xee<\xecM\xb7MPv',b'%\xc5w\xc8}\x1fSN',b'\xb7(\x058\xd2\xc7Th',b'\x81\xf4\x867\xd5\xfcR\xab',b'h\xe3\x13@\x15\x85_h',b'\xed\xd0\xed\xb9\xe4\xa1S\x87',2021.10.11.08.31.07_veh-50_01750_01948/MergedPointCloud/ee3cec4db74d5076.pcd,1633943034999449
b'%\xc5w\xc8}\x1fSN',b'\x01\xc1\xd3\x95\x93\xd7U7',b'\xee<\xecM\xb7MPv',b'p0+sn\xeeP ',b'h\xe3\x13@\x15\x85_h',b'\xed\xd0\xed\xb9\xe4\xa1S\x87',2021.10.11.08.31.07_veh-50_01750_01948/MergedPointCloud/25c577c87d1f534e.pcd,1633943035049416
b'\x01\xc1\xd3\x95\x93\xd7U7',b'\x11\x9fK\r\xcbT]f',b'%\xc5w\xc8}\x1fSN',b'\x88y\x01\xc8\xf9 T\x83',b'h\xe3\x13@\x15\x85_h',b'\xed\xd0\xed\xb9\xe4\xa1S\x87',2021.10.11.08.31.07_veh-50_01750_01948/MergedPointCloud/01c1d39593d75537.pcd,1633943035099388
b'\x11\x9fK\r\xcbT]f',b'@\xa0\xdb\xbe\x08qX8',b'\x01\xc1\xd3\x95\x93\xd7U7',b'oia\x92\xe9\x9fXN',b'h\xe3\x13@\x15\x85_h',b'\xed\xd0\xed\xb9\xe4\xa1S\x87',2021.10.11.08.31.07_veh-50_01750_01948/MergedPointCloud/119f4b0dcb545d66.pcd,1633943035149365
b'@\xa0\xdb\xbe\x08qX8',b'\x85 \x9a\x9b\xd2w\\A',b'\x11\x9fK\r\xcbT]f',b';\x08\xe9\xf9\xc1\xc3T\x88',b'h\xe3\x13@\x15\x85_h',b'\xed\xd0\xed\xb9\xe4\xa1S\x87',2021.10.11.08.31.07_veh-50_01750_01948/MergedPointCloud/40a0dbbe08715838.pcd,1633943035199346
b'\x85 \x9a\x9b\xd2w\\A',b'\xf2\x0b\x10\x17\xb6D_\x16',b'@\xa0\xdb\xbe\x08qX8',b'Z\x06{\xfeI\x88T\xf9',b'h\xe3\x13@\x15\x85_h',b'\xed\xd0\xed\xb9\xe4\xa1S\x87',2021.10.11.08.31.07_veh-50_01750_01948/MergedPointCloud/85209a9bd2775c41.pcd,1633943035249333
b'\xf2\x0b\x10\x17\xb6D_\x16',b'\xa1S\x95\x87/\xa3W@',b'\x85 \x9a\x9b\xd2w\\A',b'K{[\x1e\x1e\xc3W_',b'h\xe3\x13@\x15\x85_h',b'\xed\xd0\xed\xb9\xe4\xa1S\x87',2021.10.11.08.31.07_veh-50_01750_01948/MergedPointCloud/f20b1017b6445f16.pcd,1633943035299325
b'\xa1S\x95\x87/\xa3W@',b'V\xa6x\x9e&uT\x0e',b'\xf2\x0b\x10\x17\xb6D_\x16',b'\xfb2If\xe9UX\x0e',b'h\xe3\x13@\x15\x85_h',b'\xed\xd0\xed\xb9\xe4\xa1S\x87',2021.10.11.08.31.07_veh-50_01750_01948/MergedPointCloud/a15395872fa35740.pcd,1633943035349323
b'V\xa6x\x9e&uT\x0e',b'\xf9n\xd0\x8c\xf9\x86Q.',b'\xa1S\x95\x87/\xa3W@',b'\xb3d\x1c\xf06)[\x8f',b'h\xe3\x13@\x15\x85_h',b'\xed\xd0\xed\xb9\xe4\xa1S\x87',2021.10.11.08.31.07_veh-50_01750_01948/MergedPointCloud/56a6789e2675540e.pcd,1633943035399322
b'\xf9n\xd0\x8c\xf9\x86Q.',b'\xa05\xd7\xc2z\xc2V(',b'V\xa6x\x9e&uT\x0e',b'\xa3p\x11\xfc\xf3>T\xc8',b'h\xe3\x13@\x15\x85_h',b'\xed\xd0\xed\xb9\xe4\xa1S\x87',2021.10.11.08.31.07_veh-50_01750_01948/MergedPointCloud/f96ed08cf986512e.pcd,1633943035449321
b'\xa05\xd7\xc2z\xc2V(',b'<{\x83yG\xd4\\\xa6',b'\xf9n\xd0\x8c\xf9\x86Q.',b'\x80\xb0\xc0<{\x07]\xdd',b'h\xe3\x13@\x15\x85_h',b'\xed\xd0\xed\xb9\xe4\xa1S\x87',2021.10.11.08.31.07_veh-50_01750_01948/MergedPointCloud/a035d7c27ac25628.pcd,1633943035499319
b'<{\x83yG\xd4\\\xa6',b'\x86h\xb4\x00V\xbdW\x1a',b'\xa05\xd7\xc2z\xc2V(',b'u\x8e\x886\x99\xa9W4',b'h\xe3\x13@\x15\x85_h',b'\xed\xd0\xed\xb9\xe4\xa1S\x87',2021.10.11.08.31.07_veh-50_01750_01948/MergedPointCloud/3c7b837947d45ca6.pcd,1633943035549319
b'\x86h\xb4\x00V\xbdW\x1a',b'e\x87\x92\x80h5U\xca',b'<{\x83yG\xd4\\\xa6',"b'""\x1d\xa6\xe3N\xe1R\xac'",b'h\xe3\x13@\x15\x85_h',b'\xed\xd0\xed\xb9\xe4\xa1S\x87',2021.10.11.08.31.07_veh-50_01750_01948/MergedPointCloud/8668b40056bd571a.pcd,1633943035599323
b'e\x87\x92\x80h5U\xca',b'I\xbc\xc3\xdd\x98\\R\xd5',b'\x86h\xb4\x00V\xbdW\x1a',b'SCV\xf4\xdc\xe0_\x07',b'h\xe3\x13@\x15\x85_h',b'\xed\xd0\xed\xb9\xe4\xa1S\x87',2021.10.11.08.31.07_veh-50_01750_01948/MergedPointCloud/65879280683555ca.pcd,1633943035649331
b'I\xbc\xc3\xdd\x98\\R\xd5',"b""\xef\x91]\x17\x8f[Z'""",b'e\x87\x92\x80h5U\xca',b'E\xe5m\xde8\xe4_!',b'h\xe3\x13@\x15\x85_h',b'\xed\xd0\xed\xb9\xe4\xa1S\x87',2021.10.11.08.31.07_veh-50_01750_01948/MergedPointCloud/49bcc3dd985c52d5.pcd,1633943035699342
"b""\xef\x91]\x17\x8f[Z'""",b'\xbe\xaak?\xe0-]f',b'I\xbc\xc3\xdd\x98\\R\xd5',b'\xd0\xf3\xa5\xca\x1f\xda\\\xd3',b'h\xe3\x13@\x15\x85_h',b'\xed\xd0\xed\xb9\xe4\xa1S\x87',2021.10.11.08.31.07_veh-50_01750_01948/MergedPointCloud/ef915d178f5b5a27.pcd,1633943035749355
b'\xbe\xaak?\xe0-]f',b'\xa7b\x99\xde\xf9\x8bP\x1f',"b""\xef\x91]\x17\x8f[Z'""",b'\xd4\xfc\x18\n 6X-',b'h\xe3\x13@\x15\x85_h',b'\xed\xd0\xed\xb9\xe4\xa1S\x87',2021.10.11.08.31.07_veh-50_01750_01948/MergedPointCloud/beaa6b3fe02d5d66.pcd,1633943035799369
b'\xa7b\x99\xde\xf9\x8bP\x1f',b'U\x80I ^\xecW\xd2',b'\xbe\xaak?\xe0-]f',b'\x85\xec\xee\xbd\xa5\x17Z3',b'h\xe3\x13@\x15\x85_h',b'\xed\xd0\xed\xb9\xe4\xa1S\x87',2021.10.11.08.31.07_veh-50_01750_01948/MergedPointCloud/a76299def98b501f.pcd,1633943035849385
b'U\x80I ^\xecW\xd2',"b""gK\x91\xd4T'V{""",b'\xa7b\x99\xde\xf9\x8bP\x1f',"b'\xeb`\x93\x91,]XL'",b'h\xe3\x13@\x15\x85_h',b'\xed\xd0\xed\xb9\xe4\xa1S\x87',2021.10.11.08.31.07_veh-50_01750_01948/MergedPointCloud/558049205eec57d2.pcd,1633943035899403
"b""gK\x91\xd4T'V{""","b""NB\x16\xc5]\x7f^'""",b'U\x80I ^\xecW\xd2',b'7\xf3&7\xa7\xe1UY',b'h\xe3\x13@\x15\x85_h',b'\xed\xd0\xed\xb9\xe4\xa1S\x87',2021.10.11.08.31.07_veh-50_01750_01948/MergedPointCloud/674b91d45427567b.pcd,1633943035949423
"b""NB\x16\xc5]\x7f^'""",b'\x14Qw3\xce\xfcU\xe4',"b""gK\x91\xd4T'V{""",b'\xc9\xceRU\xe9\xe3Rr',b'h\xe3\x13@\x15\x85_h',b'\xed\xd0\xed\xb9\xe4\xa1S\x87',2021.10.11.08.31.07_veh-50_01750_01948/MergedPointCloud/4e4216c55d7f5e27.pcd,1633943035999448
b'\x14Qw3\xce\xfcU\xe4',b'\xac\x85oY*\x0eS\x88',"b""NB\x16\xc5]\x7f^'""","b's\x89\xfa""^\x9cP*'",b'h\xe3\x13@\x15\x85_h',b'\xed\xd0\xed\xb9\xe4\xa1S\x87',2021.10.11.08.31.07_veh-50_01750_01948/MergedPointCloud/14517733cefc55e4.pcd,1633943036049475
b'\xac\x85oY*\x0eS\x88',b'\xfb\xf9\x85}\xf1\xa4\\b',b'\x14Qw3\xce\xfcU\xe4',b'\xea\x0c\x81Gp\xe4Rc',b'h\xe3\x13@\x15\x85_h',b'\xed\xd0\xed\xb9\xe4\xa1S\x87',2021.10.11.08.31.07_veh-50_01750_01948/MergedPointCloud/ac856f592a0e5388.pcd,1633943036099504
b'\xfb\xf9\x85}\xf1\xa4\\b',"b'\x08,&\x04\x0c\xa5Y\x91'",b'\xac\x85oY*\x0eS\x88',b'0E\xea.\xb4oXw',b'h\xe3\x13@\x15\x85_h',b'\xed\xd0\xed\xb9\xe4\xa1S\x87',2021.10.11.08.31.07_veh-50_01750_01948/MergedPointCloud/fbf9857df1a45c62.pcd,1633943036149531
"b'\x08,&\x04\x0c\xa5Y\x91'",b'\xd3\xcd\xb2\xa2\xe30QD',b'\xfb\xf9\x85}\xf1\xa4\\b',b'E\x05\xa1f.jV\xbb',b'h\xe3\x13@\x15\x85_h',b'\xed\xd0\xed\xb9\xe4\xa1S\x87',2021.10.11.08.31.07_veh-50_01750_01948/MergedPointCloud/082c26040ca55991.pcd,1633943036199559
b'\xd3\xcd\xb2\xa2\xe30QD',b'9\x8c\xe1F\x85:P\xc5',"b'\x08,&\x04\x0c\xa5Y\x91'",b'\xb5\x9a\xb8\xfb\x86GP\x9a',b'h\xe3\x13@\x15\x85_h',b'\xed\xd0\xed\xb9\xe4\xa1S\x87',2021.10.11.08.31.07_veh-50_01750_01948/MergedPointCloud/d3cdb2a2e3305144.pcd,1633943036249584
b'9\x8c\xe1F\x85:P\xc5',b'\xcb\x0b^/\x12\xd2Y\xb2',b'\xd3\xcd\xb2\xa2\xe30QD',b'q\xe7\xe1uo\x9fUO',b'h\xe3\x13@\x15\x85_h',b'\xed\xd0\xed\xb9\xe4\xa1S\x87',2021.10.11.08.31.07_veh-50_01750_01948/MergedPointCloud/398ce146853a50c5.pcd,1633943036299612
b'\xcb\x0b^/\x12\xd2Y\xb2',b'\x04\xfdC\x13\x1c+W\x01',b'9\x8c\xe1F\x85:P\xc5',b'\xb1?\xc1.\xe1{\\\r',b'h\xe3\x13@\x15\x85_h',b'\xed\xd0\xed\xb9\xe4\xa1S\x87',2021.10.11.08.31.07_veh-50_01750_01948/MergedPointCloud/cb0b5e2f12d259b2.pcd,1633943036349639
b'\x04\xfdC\x13\x1c+W\x01',b'\xb3\xac\tA3\xa7]\xe1',b'\xcb\x0b^/\x12\xd2Y\xb2',b'G\x08%;<\xb2S\xd5',b'h\xe3\x13@\x15\x85_h',b'\xed\xd0\xed\xb9\xe4\xa1S\x87',2021.10.11.08.31.07_veh-50_01750_01948/MergedPointCloud/04fd43131c2b5701.pcd,1633943036399667
b'\xb3\xac\tA3\xa7]\xe1',b'\xfa\x03\xfd\x9b\xf6\x8fS\t',b'\x04\xfdC\x13\x1c+W\x01',b'rM \x04=1Q\x12',b'h\xe3\x13@\x15\x85_h',b'\xed\xd0\xed\xb9\xe4\xa1S\x87',2021.10.11.08.31.07_veh-50_01750_01948/MergedPointCloud/b3ac094133a75de1.pcd,1633943036449696
b'\xfa\x03\xfd\x9b\xf6\x8fS\t',b'Mm\xc3v\xcf\x0eR8',b'\xb3\xac\tA3\xa7]\xe1',b'\xd5\xf4\xaaZ\x83\x10T\x0e',b'h\xe3\x13@\x15\x85_h',b'\xed\xd0\xed\xb9\xe4\xa1S\x87',2021.10.11.08.31.07_veh-50_01750_01948/MergedPointCloud/fa03fd9bf68f5309.pcd,1633943036499726
b'Mm\xc3v\xcf\x0eR8',b'\xa5JU#\x0eVT!',b'\xfa\x03\xfd\x9b\xf6\x8fS\t',b'\x92A\x03\xf2V\xa0_|',b'h\xe3\x13@\x15\x85_h',b'\xed\xd0\xed\xb9\xe4\xa1S\x87',2021.10.11.08.31.07_veh-50_01750_01948/MergedPointCloud/4d6dc376cf0e5238.pcd,1633943036549757
b'\xa5JU#\x0eVT!',"b'=a""\xc4\xa2\xa2Ul'",b'Mm\xc3v\xcf\x0eR8',b'F\xae\x8b\xa5\xc5pTH',b'h\xe3\x13@\x15\x85_h',b'\xed\xd0\xed\xb9\xe4\xa1S\x87',2021.10.11.08.31.07_veh-50_01750_01948/MergedPointCloud/a54a55230e565421.pcd,1633943036599790
"b'=a""\xc4\xa2\xa2Ul'",b'<\xe3\xbed\xac\xd8_\x82',b'\xa5JU#\x0eVT!',"b'+""D\xb4T\x94P\xb9'",b'h\xe3\x13@\x15\x85_h',b'\xed\xd0\xed\xb9\xe4\xa1S\x87',2021.10.11.08.31.07_veh-50_01750_01948/MergedPointCloud/3d6122c4a2a2556c.pcd,1633943036649824
b'<\xe3\xbed\xac\xd8_\x82',b'\x91\xf0\x88\x19\xa1\\QH',"b'=a""\xc4\xa2\xa2Ul'",b'\x91\x90\xfbM\x8f\x9a[a',b'h\xe3\x13@\x15\x85_h',b'\xed\xd0\xed\xb9\xe4\xa1S\x87',2021.10.11.08.31.07_veh-50_01750_01948/MergedPointCloud/3ce3be64acd85f82.pcd,1633943036699858
b'\x91\xf0\x88\x19\xa1\\QH',b'I\xeb\x13L\xa0\x9dP\xf0',b'<\xe3\xbed\xac\xd8_\x82',b'\xf9g\xb6\xddh8XJ',b'h\xe3\x13@\x15\x85_h',b'\xed\xd0\xed\xb9\xe4\xa1S\x87',2021.10.11.08.31.07_veh-50_01750_01948/MergedPointCloud/91f08819a15c5148.pcd,1633943036749892
b'I\xeb\x13L\xa0\x9dP\xf0',b'\xec\x1d\x99\xaa\xea*Y\xf7',b'\x91\xf0\x88\x19\xa1\\QH',b'\x19\xcf\xcd\x02w>Y\xaa',b'h\xe3\x13@\x15\x85_h',b'\xed\xd0\xed\xb9\xe4\xa1S\x87',2021.10.11.08.31.07_veh-50_01750_01948/MergedPointCloud/49eb134ca09d50f0.pcd,1633943036799925
b'\xec\x1d\x99\xaa\xea*Y\xf7',b'Q\x91\x13\x07\x1a\xa3XF',b'I\xeb\x13L\xa0\x9dP\xf0',b'\x15\xf8\xf7O{\x91Y\x95',b'h\xe3\x13@\x15\x85_h',b'\xed\xd0\xed\xb9\xe4\xa1S\x87',2021.10.11.08.31.07_veh-50_01750_01948/MergedPointCloud/ec1d99aaea2a59f7.pcd,1633943036849956
b'Q\x91\x13\x07\x1a\xa3XF',b'\xfb\x0e45\xee\x8dU3',b'\xec\x1d\x99\xaa\xea*Y\xf7',b'M\x8d\xf3x\rEX\xc2',b'h\xe3\x13@\x15\x85_h',b'\xed\xd0\xed\xb9\xe4\xa1S\x87',2021.10.11.08.31.07_veh-50_01750_01948/MergedPointCloud/519113071aa35846.pcd,1633943036899989
b'\xfb\x0e45\xee\x8dU3',b'\xb0tmO6\xe7T\xac',b'Q\x91\x13\x07\x1a\xa3XF',b'%\x06k\xfa5\xe5^R',b'h\xe3\x13@\x15\x85_h',b'\xed\xd0\xed\xb9\xe4\xa1S\x87',2021.10.11.08.31.07_veh-50_01750_01948/MergedPointCloud/fb0e3435ee8d5533.pcd,1633943036950022
b'\xb0tmO6\xe7T\xac',b'\xfaH\xf9\xcd\xdc\x9c]\xe2',b'\xfb\x0e45\xee\x8dU3',b'NZ\x9e\xff\xe51Z/',b'h\xe3\x13@\x15\x85_h',b'\xed\xd0\xed\xb9\xe4\xa1S\x87',2021.10.11.08.31.07_veh-50_01750_01948/MergedPointCloud/b0746d4f36e754ac.pcd,1633943037000056
b'\xfaH\xf9\xcd\xdc\x9c]\xe2',b'h$k\x86\xed\xaf\\K',b'\xb0tmO6\xe7T\xac',"b'3\x96""\x15\xdbwY\xa2'",b'h\xe3\x13@\x15\x85_h',b'\xed\xd0\xed\xb9\xe4\xa1S\x87',2021.10.11.08.31.07_veh-50_01750_01948/MergedPointCloud/fa48f9cddc9c5de2.pcd,1633943037050090
b'h$k\x86\xed\xaf\\K',"b',\xf3C\xf6P\xfdQ '",b'\xfaH\xf9\xcd\xdc\x9c]\xe2',b'O\r\x0b\x87\xc1\xd9\\\xd9',b'h\xe3\x13@\x15\x85_h',b'\xed\xd0\xed\xb9\xe4\xa1S\x87',2021.10.11.08.31.07_veh-50_01750_01948/MergedPointCloud/68246b86edaf5c4b.pcd,1633943037100122
"b',\xf3C\xf6P\xfdQ '",b'+\x98\xb1]}TZx',b'h$k\x86\xed\xaf\\K',b'\x90yY\x9eg|_\x04',b'h\xe3\x13@\x15\x85_h',b'\xed\xd0\xed\xb9\xe4\xa1S\x87',2021.10.11.08.31.07_veh-50_01750_01948/MergedPointCloud/2cf343f650fd5120.pcd,1633943037150149
b'+\x98\xb1]}TZx',b'g\xa3\xd5\x843\xdcX\xd7',"b',\xf3C\xf6P\xfdQ '",b'&n+\xb4Q\x1aYY',b'h\xe3\x13@\x15\x85_h',b'\xed\xd0\xed\xb9\xe4\xa1S\x87',2021.10.11.08.31.07_veh-50_01750_01948/MergedPointCloud/2b98b15d7d545a78.pcd,1633943037200168
b'g\xa3\xd5\x843\xdcX\xd7',b'I\xc6\xfe\x98H\xfa]\x16',b'+\x98\xb1]}TZx',b'^?6\x84\x00pY\x93',b'h\xe3\x13@\x15\x85_h',b'\xed\xd0\xed\xb9\xe4\xa1S\x87',2021.10.11.08.31.07_veh-50_01750_01948/MergedPointCloud/67a3d58433dc58d7.pcd,1633943037250181
b'I\xc6\xfe\x98H\xfa]\x16',b'4\x037\rcKV\xa2',b'g\xa3\xd5\x843\xdcX\xd7',b'\\\xc9Q0\xa5`UL',b'h\xe3\x13@\x15\x85_h',b'\xed\xd0\xed\xb9\xe4\xa1S\x87',2021.10.11.08.31.07_veh-50_01750_01948/MergedPointCloud/49c6fe9848fa5d16.pcd,1633943037300190
b'4\x037\rcKV\xa2',b'\xbdK\x9d\xcdt\x8f^(',b'I\xc6\xfe\x98H\xfa]\x16',b'\x81glw\t@T\x13',b'h\xe3\x13@\x15\x85_h',b'\xed\xd0\xed\xb9\xe4\xa1S\x87',2021.10.11.08.31.07_veh-50_01750_01948/MergedPointCloud/3403370d634b56a2.pcd,1633943037350196
b'\xbdK\x9d\xcdt\x8f^(',b'/\xd8<\x0b;\x1aV\xeb',b'4\x037\rcKV\xa2',b'\xec\xff6\xd4\xa3\xd4\\)',b'h\xe3\x13@\x15\x85_h',b'\xed\xd0\xed\xb9\xe4\xa1S\x87',2021.10.11.08.31.07_veh-50_01750_01948/MergedPointCloud/bd4b9dcd748f5e28.pcd,1633943037400198
b'/\xd8<\x0b;\x1aV\xeb',b'\xa9\xdd$m<JW\xf1',b'\xbdK\x9d\xcdt\x8f^(',b'\xec\xb8K\xbb\xb7\x7f^W',b'h\xe3\x13@\x15\x85_h',b'\xed\xd0\xed\xb9\xe4\xa1S\x87',2021.10.11.08.31.07_veh-50_01750_01948/MergedPointCloud/2fd83c0b3b1a56eb.pcd,1633943037450194
b'\xa9\xdd$m<JW\xf1',b'\xce\xafM\xa8V\xcfWZ',b'/\xd8<\x0b;\x1aV\xeb',b'\x1aU\x81\xe3\xc3ASV',b'h\xe3\x13@\x15\x85_h',b'\xed\xd0\xed\xb9\xe4\xa1S\x87',2021.10.11.08.31.07_veh-50_01750_01948/MergedPointCloud/a9dd246d3c4a57f1.pcd,1633943037500186
b'\xce\xafM\xa8V\xcfWZ',b':\x998\xf0\x17\x0eU\xab',b'\xa9\xdd$m<JW\xf1',b'\xa4{\x10\xa1\xa7\xea]\x99',b'h\xe3\x13@\x15\x85_h',b'\xed\xd0\xed\xb9\xe4\xa1S\x87',2021.10.11.08.31.07_veh-50_01750_01948/MergedPointCloud/ceaf4da856cf575a.pcd,1633943037550173
b':\x998\xf0\x17\x0eU\xab',b'\x9d\xae\xa3%]\xcdY\xa1',b'\xce\xafM\xa8V\xcfWZ',b'\x1a\x84rATr_\x89',b'h\xe3\x13@\x15\x85_h',b'\xed\xd0\xed\xb9\xe4\xa1S\x87',2021.10.11.08.31.07_veh-50_01750_01948/MergedPointCloud/3a9938f0170e55ab.pcd,1633943037600157
b'\x9d\xae\xa3%]\xcdY\xa1',b'\xde\x15\xa1\xb2C Z\x06',b':\x998\xf0\x17\x0eU\xab',"b""'\x04\x02\x8b\xec\x15]]""",b'h\xe3\x13@\x15\x85_h',b'\xed\xd0\xed\xb9\xe4\xa1S\x87',2021.10.11.08.31.07_veh-50_01750_01948/MergedPointCloud/9daea3255dcd59a1.pcd,1633943037650141
b'\xde\x15\xa1\xb2C Z\x06',b'\xdc7\x92\x8c)\xecQ\xa1',b'\x9d\xae\xa3%]\xcdY\xa1',b'\xed\xa5\x00\xac\x8c\rP\x9d',b'h\xe3\x13@\x15\x85_h',b'\xed\xd0\xed\xb9\xe4\xa1S\x87',2021.10.11.08.31.07_veh-50_01750_01948/MergedPointCloud/de15a1b243205a06.pcd,1633943037700126
b'\xdc7\x92\x8c)\xecQ\xa1',b'\xa2\x83\xbd\xbe(\xf8T\xc1',b'\xde\x15\xa1\xb2C Z\x06',b'\x19\x88\xfcc\xce\x84[\x0f',b'h\xe3\x13@\x15\x85_h',b'\xed\xd0\xed\xb9\xe4\xa1S\x87',2021.10.11.08.31.07_veh-50_01750_01948/MergedPointCloud/dc37928c29ec51a1.pcd,1633943037750110
b'\xa2\x83\xbd\xbe(\xf8T\xc1',b'\x18\xa9\x1ei\x89%]\x94',b'\xdc7\x92\x8c)\xecQ\xa1',b'\xa5SB\xfe\xa6$W0',b'h\xe3\x13@\x15\x85_h',b'\xed\xd0\xed\xb9\xe4\xa1S\x87',2021.10.11.08.31.07_veh-50_01750_01948/MergedPointCloud/a283bdbe28f854c1.pcd,1633943037800091
b'\x18\xa9\x1ei\x89%]\x94',b'b\x99\xc9j\xc1\xab[\xc0',b'\xa2\x83\xbd\xbe(\xf8T\xc1',b'\xae\x0c#\x080a_\xe1',b'h\xe3\x13@\x15\x85_h',b'\xed\xd0\xed\xb9\xe4\xa1S\x87',2021.10.11.08.31.07_veh-50_01750_01948/MergedPointCloud/18a91e6989255d94.pcd,1633943037850069
b'b\x99\xc9j\xc1\xab[\xc0',b'\x89$\xa0\x8dr\x02T\xf7',b'\x18\xa9\x1ei\x89%]\x94',b'2\xb0I\xfa%\xecR\xa4',b'h\xe3\x13@\x15\x85_h',b'\xed\xd0\xed\xb9\xe4\xa1S\x87',2021.10.11.08.31.07_veh-50_01750_01948/MergedPointCloud/6299c96ac1ab5bc0.pcd,1633943037900045
b'\x89$\xa0\x8dr\x02T\xf7',b'7\xc72\x16\x9c\xd4Z&',b'b\x99\xc9j\xc1\xab[\xc0',b'\xb9\xf4\xcaD\x86$]\x99',b'h\xe3\x13@\x15\x85_h',b'\xed\xd0\xed\xb9\xe4\xa1S\x87',2021.10.11.08.31.07_veh-50_01750_01948/MergedPointCloud/8924a08d720254f7.pcd,1633943037950019
b'7\xc72\x16\x9c\xd4Z&',b'\xe1 \x94\xf5\xd8\xd6Y\xa0',b'\x89$\xa0\x8dr\x02T\xf7',b'\xfc p\x83\xda\x87]\xa0',b'h\xe3\x13@\x15\x85_h',b'\xed\xd0\xed\xb9\xe4\xa1S\x87',2021.10.11.08.31.07_veh-50_01750_01948/MergedPointCloud/37c732169cd45a26.pcd,1633943037999988
b'\xe1 \x94\xf5\xd8\xd6Y\xa0',"b""6\xb3\x89\xac\xc4'W\x85""",b'7\xc72\x16\x9c\xd4Z&',b'\xe1\xac\x0e\xde\r\x8bQ\x0e',b'h\xe3\x13@\x15\x85_h',b'\xed\xd0\xed\xb9\xe4\xa1S\x87',2021.10.11.08.31.07_veh-50_01750_01948/MergedPointCloud/e12094f5d8d659a0.pcd,1633943038049956
"b""6\xb3\x89\xac\xc4'W\x85""",b'\xceL\xf2ah\xf7X\x91',b'\xe1 \x94\xf5\xd8\xd6Y\xa0',b'\xe1\x19s\xf5z\xb8_\xfa',b'h\xe3\x13@\x15\x85_h',b'\xed\xd0\xed\xb9\xe4\xa1S\x87',2021.10.11.08.31.07_veh-50_01750_01948/MergedPointCloud/36b389acc4275785.pcd,1633943038099927
b'\xceL\xf2ah\xf7X\x91',b'\x17\xdbOVu\xc4T\xe1',"b""6\xb3\x89\xac\xc4'W\x85""",b'\xb3i\x90e\xafy_\x8d',b'h\xe3\x13@\x15\x85_h',b'\xed\xd0\xed\xb9\xe4\xa1S\x87',2021.10.11.08.31.07_veh-50_01750_01948/MergedPointCloud/ce4cf26168f75891.pcd,1633943038149900
b'\x17\xdbOVu\xc4T\xe1',b'u\xdd6\xee\xe3\xb0RW',b'\xceL\xf2ah\xf7X\x91',b'R\x1d\x1f\n\n\xbbR\xc9',b'h\xe3\x13@\x15\x85_h',b'\xed\xd0\xed\xb9\xe4\xa1S\x87',2021.10.11.08.31.07_veh-50_01750_01948/MergedPointCloud/17db4f5675c454e1.pcd,1633943038199878
b'u\xdd6\xee\xe3\xb0RW',b'\xb9\xa2\xd3\xa1X\xe5Yj',b'\x17\xdbOVu\xc4T\xe1',b'\xa2| \xd5\xee\xa4]P',b'h\xe3\x13@\x15\x85_h',b'\xed\xd0\xed\xb9\xe4\xa1S\x87',2021.10.11.08.31.07_veh-50_01750_01948/MergedPointCloud/75dd36eee3b05257.pcd,1633943038249860
b'\xb9\xa2\xd3\xa1X\xe5Yj',b'!\x88\xce\xbd\xd8\x15S\x96',b'u\xdd6\xee\xe3\xb0RW',b'T\xf8}\xb7\x1c\\Y\xb9',b'h\xe3\x13@\x15\x85_h',b'\xed\xd0\xed\xb9\xe4\xa1S\x87',2021.10.11.08.31.07_veh-50_01750_01948/MergedPointCloud/b9a2d3a158e5596a.pcd,1633943038299844
b'!\x88\xce\xbd\xd8\x15S\x96',b'\xf2\x1a\xd8\x02_cV\x17',b'\xb9\xa2\xd3\xa1X\xe5Yj',b'@m(\xe3\x0b\xe3P\xf7',b'h\xe3\x13@\x15\x85_h',b'\xed\xd0\xed\xb9\xe4\xa1S\x87',2021.10.11.08.31.07_veh-50_01750_01948/MergedPointCloud/2188cebdd8155396.pcd,1633943038349831
b'\xf2\x1a\xd8\x02_cV\x17',"b""\x9a\xe9\xcc'^\xe7[\xac""",b'!\x88\xce\xbd\xd8\x15S\x96',b'w\xf6:\x86)#^0',b'h\xe3\x13@\x15\x85_h',b'\xed\xd0\xed\xb9\xe4\xa1S\x87',2021.10.11.08.31.07_veh-50_01750_01948/MergedPointCloud/f21ad8025f635617.pcd,1633943038399818
"b""\x9a\xe9\xcc'^\xe7[\xac""","b""d+\xf1\x0c3'Q\xc4""",b'\xf2\x1a\xd8\x02_cV\x17',b'?F\x8b)\xcfKR\x91',b'h\xe3\x13@\x15\x85_h',b'\xed\xd0\xed\xb9\xe4\xa1S\x87',2021.10.11.08.31.07_veh-50_01750_01948/MergedPointCloud/9ae9cc275ee75bac.pcd,1633943038449808
"b""d+\xf1\x0c3'Q\xc4""",b'\x8bW\xb1(\x914]\xe8',"b""\x9a\xe9\xcc'^\xe7[\xac""",b'K$Q4\r<Q\x00',b'h\xe3\x13@\x15\x85_h',b'\xed\xd0\xed\xb9\xe4\xa1S\x87',2021.10.11.08.31.07_veh-50_01750_01948/MergedPointCloud/642bf10c332751c4.pcd,1633943038499801
b'\x8bW\xb1(\x914]\xe8',b'M\xdc\xbb\x8c\xa5\xdbZ[',"b""d+\xf1\x0c3'Q\xc4""",b'P6?\xb8\x0c\x8dW\xd7',b'h\xe3\x13@\x15\x85_h',b'\xed\xd0\xed\xb9\xe4\xa1S\x87',2021.10.11.08.31.07_veh-50_01750_01948/MergedPointCloud/8b57b12891345de8.pcd,1633943038549796
b'M\xdc\xbb\x8c\xa5\xdbZ[',b'\xed8)2\xa5K\\w',b'\x8bW\xb1(\x914]\xe8',"b""\xb3F\xe8\xc2'\x1f^ """,b'h\xe3\x13@\x15\x85_h',b'\xed\xd0\xed\xb9\xe4\xa1S\x87',2021.10.11.08.31.07_veh-50_01750_01948/MergedPointCloud/4ddcbb8ca5db5a5b.pcd,1633943038599792
b'\xed8)2\xa5K\\w',b'\x7f\xd2\x16\xafH\x0b[:',b'M\xdc\xbb\x8c\xa5\xdbZ[',b'Q71\xbcLu_\x8a',b'h\xe3\x13@\x15\x85_h',b'\xed\xd0\xed\xb9\xe4\xa1S\x87',2021.10.11.08.31.07_veh-50_01750_01948/MergedPointCloud/ed382932a54b5c77.pcd,1633943038649786
b'\x7f\xd2\x16\xafH\x0b[:',b'\x07#\xddC\\\x05P\xf3',b'\xed8)2\xa5K\\w',b'\x0f\x82j\xa3\xf9\xb6S\x91',b'h\xe3\x13@\x15\x85_h',b'\xed\xd0\xed\xb9\xe4\xa1S\x87',2021.10.11.08.31.07_veh-50_01750_01948/MergedPointCloud/7fd216af480b5b3a.pcd,1633943038699782
b'\x07#\xddC\\\x05P\xf3',b'\xfdcy\x87\\ASu',b'\x7f\xd2\x16\xafH\x0b[:',b'\xb6\xf8\xa3\x15\xf8%R\xaa',b'h\xe3\x13@\x15\x85_h',b'\xed\xd0\xed\xb9\xe4\xa1S\x87',2021.10.11.08.31.07_veh-50_01750_01948/MergedPointCloud/0723dd435c0550f3.pcd,1633943038749777
b'\xfdcy\x87\\ASu',b'\xe5\x85\xf5\x0f}&]\x12',b'\x07#\xddC\\\x05P\xf3',b'\xf6\xcc\xe6\x98\x88ZQ\xa0',b'h\xe3\x13@\x15\x85_h',b'\xed\xd0\xed\xb9\xe4\xa1S\x87',2021.10.11.08.31.07_veh-50_01750_01948/MergedPointCloud/fd6379875c415375.pcd,1633943038799773
b'\xe5\x85\xf5\x0f}&]\x12',b'D.\xa6\xa1\x93&V\xf3',b'\xfdcy\x87\\ASu',b'\xf2\xa2f\xf9\xb6y^P',b'h\xe3\x13@\x15\x85_h',b'\xed\xd0\xed\xb9\xe4\xa1S\x87',2021.10.11.08.31.07_veh-50_01750_01948/MergedPointCloud/e585f50f7d265d12.pcd,1633943038849773
b'D.\xa6\xa1\x93&V\xf3',b'\x9c\xed\x18.\xc6\xdd]\xf8',b'\xe5\x85\xf5\x0f}&]\x12',b'L\xa9k\x14o\x93Q\x07',b'h\xe3\x13@\x15\x85_h',b'\xed\xd0\xed\xb9\xe4\xa1S\x87',2021.10.11.08.31.07_veh-50_01750_01948/MergedPointCloud/442ea6a1932656f3.pcd,1633943038899774
b'\x9c\xed\x18.\xc6\xdd]\xf8',b'\x84\xc3\n\x9a5\xf0QH',b'D.\xa6\xa1\x93&V\xf3',b'5_s\xd4\x8aWR\x8a',b'h\xe3\x13@\x15\x85_h',b'\xed\xd0\xed\xb9\xe4\xa1S\x87',2021.10.11.08.31.07_veh-50_01750_01948/MergedPointCloud/9ced182ec6dd5df8.pcd,1633943038949778
b'\x84\xc3\n\x9a5\xf0QH',b']\xf6%\x99)\xa6_\xef',b'\x9c\xed\x18.\xc6\xdd]\xf8',b'\x86G\xd6n\xca3Q\xab',b'h\xe3\x13@\x15\x85_h',b'\xed\xd0\xed\xb9\xe4\xa1S\x87',2021.10.11.08.31.07_veh-50_01750_01948/MergedPointCloud/84c30a9a35f05148.pcd,1633943038999780
b']\xf6%\x99)\xa6_\xef',b'\x19\x86\x80\xfb\xb5MU\x9d',b'\x84\xc3\n\x9a5\xf0QH',b'\xa9O\x86\xf3\xf9\xd7_;',b'h\xe3\x13@\x15\x85_h',b'\xed\xd0\xed\xb9\xe4\xa1S\x87',2021.10.11.08.31.07_veh-50_01750_01948/MergedPointCloud/5df6259929a65fef.pcd,1633943039049783
b'\x19\x86\x80\xfb\xb5MU\x9d',b'\x1af&\xb0^\xfdXT',b']\xf6%\x99)\xa6_\xef',b'O\x8c[c>\xbeQ\xfd',b'h\xe3\x13@\x15\x85_h',b'\xed\xd0\xed\xb9\xe4\xa1S\x87',2021.10.11.08.31.07_veh-50_01750_01948/MergedPointCloud/198680fbb54d559d.pcd,1633943039099784
b'\x1af&\xb0^\xfdXT',b'b\x12\xf4q@&PZ',b'\x19\x86\x80\xfb\xb5MU\x9d',b'A\xff\x14\x0f`\xdbY\x14',b'h\xe3\x13@\x15\x85_h',b'\xed\xd0\xed\xb9\xe4\xa1S\x87',2021.10.11.08.31.07_veh-50_01750_01948/MergedPointCloud/1a6626b05efd5854.pcd,1633943039149783
b'b\x12\xf4q@&PZ',b'\x03\x03\xfe\xa0\xcaH[s',b'\x1af&\xb0^\xfdXT',b'\xaf\x905\x88g\x7fQ\x92',b'h\xe3\x13@\x15\x85_h',b'\xed\xd0\xed\xb9\xe4\xa1S\x87',2021.10.11.08.31.07_veh-50_01750_01948/MergedPointCloud/6212f4714026505a.pcd,1633943039199782
b'\x03\x03\xfe\xa0\xcaH[s',b'\x84\xde\x92\xc0T\xbfP2',b'b\x12\xf4q@&PZ',b'F\x81\xcd\x85\xad\x1fP\x87',b'h\xe3\x13@\x15\x85_h',b'\xed\xd0\xed\xb9\xe4\xa1S\x87',2021.10.11.08.31.07_veh-50_01750_01948/MergedPointCloud/0303fea0ca485b73.pcd,1633943039249778
b'\x84\xde\x92\xc0T\xbfP2',b'\xa0\x03\xe4\x9cI\xa1_m',b'\x03\x03\xfe\xa0\xcaH[s',b'\xb6\\\xce\xe87cY\xd0',b'h\xe3\x13@\x15\x85_h',b'\xed\xd0\xed\xb9\xe4\xa1S\x87',2021.10.11.08.31.07_veh-50_01750_01948/MergedPointCloud/84de92c054bf5032.pcd,1633943039299774
b'\xa0\x03\xe4\x9cI\xa1_m',"b'\x11_\xd3\xeb""\xa9X\xff'",b'\x84\xde\x92\xc0T\xbfP2',b'\xa5\x8d\x83\x0c\x1b\x92\\U',b'h\xe3\x13@\x15\x85_h',b'\xed\xd0\xed\xb9\xe4\xa1S\x87',2021.10.11.08.31.07_veh-50_01750_01948/MergedPointCloud/a003e49c49a15f6d.pcd,1633943039349773
"b'\x11_\xd3\xeb""\xa9X\xff'",b's/\xf0\x11\xb7\x1b^G',b'\xa0\x03\xe4\x9cI\xa1_m',b'e\xa9\xf7\x84\x7f\xab^$',b'h\xe3\x13@\x15\x85_h',b'\xed\xd0\xed\xb9\xe4\xa1S\x87',2021.10.11.08.31.07_veh-50_01750_01948/MergedPointCloud/115fd3eb22a958ff.pcd,1633943039399773
b's/\xf0\x11\xb7\x1b^G',b'7\x13\xd3!U\x83^\x80',"b'\x11_\xd3\xeb""\xa9X\xff'",b'f\xf3\xb9\xb0\x0eyR\xeb',b'h\xe3\x13@\x15\x85_h',b'\xed\xd0\xed\xb9\xe4\xa1S\x87',2021.10.11.08.31.07_veh-50_01750_01948/MergedPointCloud/732ff011b71b5e47.pcd,1633943039449771
b'7\x13\xd3!U\x83^\x80',b'\x90\x0f\xa7\xe7\xcc3_\xa9',b's/\xf0\x11\xb7\x1b^G',b'\xf7ON\xa5\x91\xb7[9',b'h\xe3\x13@\x15\x85_h',b'\xed\xd0\xed\xb9\xe4\xa1S\x87',2021.10.11.08.31.07_veh-50_01750_01948/MergedPointCloud/3713d32155835e80.pcd,1633943039499770
b'\x90\x0f\xa7\xe7\xcc3_\xa9',"b'\xe9X,\xc6U\x94R\xfe'",b'7\x13\xd3!U\x83^\x80',b'\x1b\xc7\xef0\x16=Rz',b'h\xe3\x13@\x15\x85_h',b'\xed\xd0\xed\xb9\xe4\xa1S\x87',2021.10.11.08.31.07_veh-50_01750_01948/MergedPointCloud/900fa7e7cc335fa9.pcd,1633943039549766
"b'\xe9X,\xc6U\x94R\xfe'",b'8\xfd\xf5\n\x85 P\xab',b'\x90\x0f\xa7\xe7\xcc3_\xa9',"b'""\xf4\xf3hor[\x95'",b'h\xe3\x13@\x15\x85_h',b'\xed\xd0\xed\xb9\xe4\xa1S\x87',2021.10.11.08.31.07_veh-50_01750_01948/MergedPointCloud/e9582cc6559452fe.pcd,1633943039599760
b'8\xfd\xf5\n\x85 P\xab',b'\xd6\x1e\r\xe7\xe3eWq',"b'\xe9X,\xc6U\x94R\xfe'",b'\x141\xc1\xe0\x98s\\\x14',b'h\xe3\x13@\x15\x85_h',b'\xed\xd0\xed\xb9\xe4\xa1S\x87',2021.10.11.08.31.07_veh-50_01750_01948/MergedPointCloud/38fdf50a852050ab.pcd,1633943039649752
b'\xd6\x1e\r\xe7\xe3eWq',b'H\x90\xd4|\x02\x8dV\x88',b'8\xfd\xf5\n\x85 P\xab',b'gS\x17B\xc2\xa7Yl',b'h\xe3\x13@\x15\x85_h',b'\xed\xd0\xed\xb9\xe4\xa1S\x87',2021.10.11.08.31.07_veh-50_01750_01948/MergedPointCloud/d61e0de7e3655771.pcd,1633943039699741
b'H\x90\xd4|\x02\x8dV\x88',b'\x03\x80\xee\xc5\xb6N[A',b'\xd6\x1e\r\xe7\xe3eWq',b'\x068\xd2\xa6\x9d\xb8RZ',b'h\xe3\x13@\x15\x85_h',b'\xed\xd0\xed\xb9\xe4\xa1S\x87',2021.10.11.08.31.07_veh-50_01750_01948/MergedPointCloud/4890d47c028d5688.pcd,1633943039749725
b'\x03\x80\xee\xc5\xb6N[A',b'\x03\xf26\x1dN\xa3R\xa3',b'H\x90\xd4|\x02\x8dV\x88',b':\x08DV\x801Vy',b'h\xe3\x13@\x15\x85_h',b'\xed\xd0\xed\xb9\xe4\xa1S\x87',2021.10.11.08.31.07_veh-50_01750_01948/MergedPointCloud/0380eec5b64e5b41.pcd,1633943039799711
b'\x03\xf26\x1dN\xa3R\xa3',b'\xb8?\tW;\xb8V\xcd',b'\x03\x80\xee\xc5\xb6N[A',b'={\xe9\xe7\xc3\xdd[E',b'h\xe3\x13@\x15\x85_h',b'\xed\xd0\xed\xb9\xe4\xa1S\x87',2021.10.11.08.31.07_veh-50_01750_01948/MergedPointCloud/03f2361d4ea352a3.pcd,1633943039849696
b'\xb8?\tW;\xb8V\xcd',b'\x7f\xcc\xf3g4NS\xb8',b'\x03\xf26\x1dN\xa3R\xa3',b'\x0f\xe3$\xfd\xe6\x86R\xf9',b'h\xe3\x13@\x15\x85_h',b'\xed\xd0\xed\xb9\xe4\xa1S\x87',2021.10.11.08.31.07_veh-50_01750_01948/MergedPointCloud/b83f09573bb856cd.pcd,1633943039899681
b'\x7f\xcc\xf3g4NS\xb8',b'\x82\x0f\xda\xc7\x95\x99X\x0f',b'\xb8?\tW;\xb8V\xcd',b'rf\xde0\xa1\x98Z8',b'h\xe3\x13@\x15\x85_h',b'\xed\xd0\xed\xb9\xe4\xa1S\x87',2021.10.11.08.31.07_veh-50_01750_01948/MergedPointCloud/7fccf367344e53b8.pcd,1633943039949667
b'\x82\x0f\xda\xc7\x95\x99X\x0f',b']\x84\x9d]\x12\xe4\\f',b'\x7f\xcc\xf3g4NS\xb8',b'\xa7\x08\xf6\x9a\xc9\xa0SD',b'h\xe3\x13@\x15\x85_h',b'\xed\xd0\xed\xb9\xe4\xa1S\x87',2021.10.11.08.31.07_veh-50_01750_01948/MergedPointCloud/820fdac79599580f.pcd,1633943039999657
b']\x84\x9d]\x12\xe4\\f',b'f\xca\xd1\xb3\xd27XM',b'\x82\x0f\xda\xc7\x95\x99X\x0f',b' 7\xdb)/\x13[6',b'h\xe3\x13@\x15\x85_h',b'\xed\xd0\xed\xb9\xe4\xa1S\x87',2021.10.11.08.31.07_veh-50_01750_01948/MergedPointCloud/5d849d5d12e45c66.pcd,1633943040049650
b'f\xca\xd1\xb3\xd27XM',b'\x19 \xbf\x8bc\xd9P\xf6',b']\x84\x9d]\x12\xe4\\f',b'e\x86\x8f\xf0\xce\xaf\\c',b'h\xe3\x13@\x15\x85_h',b'\xed\xd0\xed\xb9\xe4\xa1S\x87',2021.10.11.08.31.07_veh-50_01750_01948/MergedPointCloud/66cad1b3d237584d.pcd,1633943040099646
b'\x19 \xbf\x8bc\xd9P\xf6',b'st\x9b\xc4\xd4 [\xbb',b'f\xca\xd1\xb3\xd27XM',"b'\xc9""\xfa\x9d\xe2\x8a]T'",b'h\xe3\x13@\x15\x85_h',b'\xed\xd0\xed\xb9\xe4\xa1S\x87',2021.10.11.08.31.07_veh-50_01750_01948/MergedPointCloud/1920bf8b63d950f6.pcd,1633943040149645
b'st\x9b\xc4\xd4 [\xbb',b'\xaav\x93\xd59\x93X\x99',b'\x19 \xbf\x8bc\xd9P\xf6',b'J\xb6\x0f=\x1frWN',b'h\xe3\x13@\x15\x85_h',b'\xed\xd0\xed\xb9\xe4\xa1S\x87',2021.10.11.08.31.07_veh-50_01750_01948/MergedPointCloud/73749bc4d4205bbb.pcd,1633943040199648
b'\xaav\x93\xd59\x93X\x99',b'\xd7/\xf7\xe3\xa0jP\xf6',b'st\x9b\xc4\xd4 [\xbb',b'\xc5\xac\xefF\xe0\xf6V\xe9',b'h\xe3\x13@\x15\x85_h',b'\xed\xd0\xed\xb9\xe4\xa1S\x87',2021.10.11.08.31.07_veh-50_01750_01948/MergedPointCloud/aa7693d539935899.pcd,1633943040249652
b'\xd7/\xf7\xe3\xa0jP\xf6',b'\xbd\x8c\xf1~\xe0\xe2S\x10',b'\xaav\x93\xd59\x93X\x99',b'p\x94\x8c{\xb47T\xdc',b'h\xe3\x13@\x15\x85_h',b'_\xb5M\x82\xdb\xefW\xb0',2021.10.11.08.31.07_veh-50_01750_01948/MergedPointCloud/d72ff7e3a06a50f6.pcd,1633943040299656
b'\xbd\x8c\xf1~\xe0\xe2S\x10',b'\xe1y\xc5\x053\xbfP\xef',b'\xd7/\xf7\xe3\xa0jP\xf6',b'\xde\xe0\xef_\xb4\xdeSX',b'h\xe3\x13@\x15\x85_h',b'_\xb5M\x82\xdb\xefW\xb0',2021.10.11.08.31.07_veh-50_01750_01948/MergedPointCloud/bd8cf17ee0e25310.pcd,1633943040349661
b'\xe1y\xc5\x053\xbfP\xef',b')u\x93\x03\xac\xf9_\xbe',b'\xbd\x8c\xf1~\xe0\xe2S\x10',b'\x0ct3\xc2\x85\xdeY\xbe',b'h\xe3\x13@\x15\x85_h',b'_\xb5M\x82\xdb\xefW\xb0',2021.10.11.08.31.07_veh-50_01750_01948/MergedPointCloud/e179c50533bf50ef.pcd,1633943040399668
b')u\x93\x03\xac\xf9_\xbe',b'r\xd7\xd0X=\xddWG',b'\xe1y\xc5\x053\xbfP\xef',b'oDB\xb0\x13#TS',b'h\xe3\x13@\x15\x85_h',b'_\xb5M\x82\xdb\xefW\xb0',2021.10.11.08.31.07_veh-50_01750_01948/MergedPointCloud/29759303acf95fbe.pcd,1633943040449677
b'r\xd7\xd0X=\xddWG',b'\xab\xd3\x93Nv\xadW]',b')u\x93\x03\xac\xf9_\xbe',b'5\xe0\x9a\xdci\xf8W\x81',b'h\xe3\x13@\x15\x85_h',b'_\xb5M\x82\xdb\xefW\xb0',2021.10.11.08.31.07_veh-50_01750_01948/MergedPointCloud/72d7d0583ddd5747.pcd,1633943040499689
b'\xab\xd3\x93Nv\xadW]',b'}\x90%y%TX\xb1',b'r\xd7\xd0X=\xddWG',b'\xfd\xb2\xf4\xc5\xa9\x81[\xc3',b'h\xe3\x13@\x15\x85_h',b'_\xb5M\x82\xdb\xefW\xb0',2021.10.11.08.31.07_veh-50_01750_01948/MergedPointCloud/abd3934e76ad575d.pcd,1633943040549699
b'}\x90%y%TX\xb1',b'\xb79\xbcN;\x0e\\\xc6',b'\xab\xd3\x93Nv\xadW]',b'\x87\t\xbd\x06\xe2\x1f\\\x9d',b'h\xe3\x13@\x15\x85_h',b'_\xb5M\x82\xdb\xefW\xb0',2021.10.11.08.31.07_veh-50_01750_01948/MergedPointCloud/7d902579255458b1.pcd,1633943040599711
b'\xb79\xbcN;\x0e\\\xc6',b'!O\xb6\xf6\xbb7T\xa0',b'}\x90%y%TX\xb1',b'*\x86\xe31\xe7\x94R\xef',b'h\xe3\x13@\x15\x85_h',b'_\xb5M\x82\xdb\xefW\xb0',2021.10.11.08.31.07_veh-50_01750_01948/MergedPointCloud/b739bc4e3b0e5cc6.pcd,1633943040649723
b'!O\xb6\xf6\xbb7T\xa0',b'\xf8\x8b\x0c\xbf\xc7`Z\xd4',b'\xb79\xbcN;\x0e\\\xc6',b'c\xf4\xbe\x03\x19\x9aSA',b'h\xe3\x13@\x15\x85_h',b'_\xb5M\x82\xdb\xefW\xb0',2021.10.11.08.31.07_veh-50_01750_01948/MergedPointCloud/214fb6f6bb3754a0.pcd,1633943040699734
b'\xf8\x8b\x0c\xbf\xc7`Z\xd4',b'\x107\tb^~XK',b'!O\xb6\xf6\xbb7T\xa0',b'\xcaE\xad\xbd\xea\xd5T\xc9',b'h\xe3\x13@\x15\x85_h',b'_\xb5M\x82\xdb\xefW\xb0',2021.10.11.08.31.07_veh-50_01750_01948/MergedPointCloud/f88b0cbfc7605ad4.pcd,1633943040749743
b'\x107\tb^~XK',b'\xach\x03\x96\n\xee_!',b'\xf8\x8b\x0c\xbf\xc7`Z\xd4',b'\x8b\x11\xb0#_\xd4W\x0e',b'h\xe3\x13@\x15\x85_h',b'_\xb5M\x82\xdb\xefW\xb0',2021.10.11.08.31.07_veh-50_01750_01948/MergedPointCloud/103709625e7e584b.pcd,1633943040799749
b'\xach\x03\x96\n\xee_!',b'G+\x90 \xe03Uf',b'\x107\tb^~XK',"b'\xf8\x1b5\xac""\x98VT'",b'h\xe3\x13@\x15\x85_h',b'_\xb5M\x82\xdb\xefW\xb0',2021.10.11.08.31.07_veh-50_01750_01948/MergedPointCloud/ac6803960aee5f21.pcd,1633943040849754
b'G+\x90 \xe03Uf',b'\x18\x8d\x18:n\x1a\\C',b'\xach\x03\x96\n\xee_!',b'\xe9\xc2]\xb0\xbc\xceT^',b'h\xe3\x13@\x15\x85_h',b'_\xb5M\x82\xdb\xefW\xb0',2021.10.11.08.31.07_veh-50_01750_01948/MergedPointCloud/472b9020e0335566.pcd,1633943040899758
b'\x18\x8d\x18:n\x1a\\C',b'{\xcb\xb3\x01\xb0}\\\x1c',b'G+\x90 \xe03Uf',b'=\xff\xd0A\x82\xa7Wz',b'h\xe3\x13@\x15\x85_h',b'_\xb5M\x82\xdb\xefW\xb0',2021.10.11.08.31.07_veh-50_01750_01948/MergedPointCloud/188d183a6e1a5c43.pcd,1633943040949762
b'{\xcb\xb3\x01\xb0}\\\x1c',b'>\xdcAV\x88\xbeY]',b'\x18\x8d\x18:n\x1a\\C',b':P\x80\xc9\x18xSs',b'h\xe3\x13@\x15\x85_h',b'_\xb5M\x82\xdb\xefW\xb0',2021.10.11.08.31.07_veh-50_01750_01948/MergedPointCloud/7bcbb301b07d5c1c.pcd,1633943040999765
b'>\xdcAV\x88\xbeY]',b']\x81\x94\xb9\x99!T\x88',b'{\xcb\xb3\x01\xb0}\\\x1c',b'\x9b\xde\x13\x88\x96\xb8V\x08',b'h\xe3\x13@\x15\x85_h',b'_\xb5M\x82\xdb\xefW\xb0',2021.10.11.08.31.07_veh-50_01750_01948/MergedPointCloud/3edc415688be595d.pcd,1633943041049767
b']\x81\x94\xb9\x99!T\x88',b'\xf9\x90\x02Q\xb3=]\xad',b'>\xdcAV\x88\xbeY]',"b'\xef""\xe8\x04\x91\x01V\x19'",b'h\xe3\x13@\x15\x85_h',b'_\xb5M\x82\xdb\xefW\xb0',2021.10.11.08.31.07_veh-50_01750_01948/MergedPointCloud/5d8194b999215488.pcd,1633943041099769
b'\xf9\x90\x02Q\xb3=]\xad',b'Y\xe6[\xee\x8c\x9a[\xb0',b']\x81\x94\xb9\x99!T\x88',b'syPPy5Z\x08',b'h\xe3\x13@\x15\x85_h',b'_\xb5M\x82\xdb\xefW\xb0',2021.10.11.08.31.07_veh-50_01750_01948/MergedPointCloud/f9900251b33d5dad.pcd,1633943041149771
b'Y\xe6[\xee\x8c\x9a[\xb0',b'\x08?\xc3M\x0e\xecU\r',b'\xf9\x90\x02Q\xb3=]\xad',b'::\xd3\x9c\xd80X0',b'h\xe3\x13@\x15\x85_h',b'_\xb5M\x82\xdb\xefW\xb0',2021.10.11.08.31.07_veh-50_01750_01948/MergedPointCloud/59e65bee8c9a5bb0.pcd,1633943041199770
b'\x08?\xc3M\x0e\xecU\r',b'\xcd\x1c\x9dL\x19\x88T\xf5',b'Y\xe6[\xee\x8c\x9a[\xb0',b'\xe4\xdb\xbd\xe9\x04WS\x1e',b'h\xe3\x13@\x15\x85_h',b'_\xb5M\x82\xdb\xefW\xb0',2021.10.11.08.31.07_veh-50_01750_01948/MergedPointCloud/083fc34d0eec550d.pcd,1633943041249768
b'\xcd\x1c\x9dL\x19\x88T\xf5',b'u\xb9\x00\xd0l\x9aT\x13',b'\x08?\xc3M\x0e\xecU\r',b'~\x9b\x14o\x16\xb0T\xf5',b'h\xe3\x13@\x15\x85_h',b'_\xb5M\x82\xdb\xefW\xb0',2021.10.11.08.31.07_veh-50_01750_01948/MergedPointCloud/cd1c9d4c198854f5.pcd,1633943041299766
b'u\xb9\x00\xd0l\x9aT\x13',b'K\xef\x90\x10O`T\xc5',b'\xcd\x1c\x9dL\x19\x88T\xf5',b'\x8c\xeeY.p\x05T\x8b',b'h\xe3\x13@\x15\x85_h',b'_\xb5M\x82\xdb\xefW\xb0',2021.10.11.08.31.07_veh-50_01750_01948/MergedPointCloud/75b900d06c9a5413.pcd,1633943041349762
b'K\xef\x90\x10O`T\xc5',b'\xb0\x99\x98\x00\xd9\xa8Qk',b'u\xb9\x00\xd0l\x9aT\x13',b'c\xc1\x08\xb3\x07V_!',b'h\xe3\x13@\x15\x85_h',b'_\xb5M\x82\xdb\xefW\xb0',2021.10.11.08.31.07_veh-50_01750_01948/MergedPointCloud/4bef90104f6054c5.pcd,1633943041399755
b'\xb0\x99\x98\x00\xd9\xa8Qk',b'?(\x11\xde|\x03T\x88',b'K\xef\x90\x10O`T\xc5',b'\x1b\xd2\xb0\x87\xbf\x0c_n',b'h\xe3\x13@\x15\x85_h',b'_\xb5M\x82\xdb\xefW\xb0',2021.10.11.08.31.07_veh-50_01750_01948/MergedPointCloud/b0999800d9a8516b.pcd,1633943041449748
b'?(\x11\xde|\x03T\x88',b'\xce\x81A\xc9;}PP',b'\xb0\x99\x98\x00\xd9\xa8Qk',b'L\xe0)\x0fR\xa6Ph',b'h\xe3\x13@\x15\x85_h',b'_\xb5M\x82\xdb\xefW\xb0',2021.10.11.08.31.07_veh-50_01750_01948/MergedPointCloud/3f2811de7c035488.pcd,1633943041499741
b'\xce\x81A\xc9;}PP',b'\xc8\xa9\x05\xd18vR\x96',b'?(\x11\xde|\x03T\x88',b'\xab\x87\xaa:t\xdaV\xc9',b'h\xe3\x13@\x15\x85_h',b'_\xb5M\x82\xdb\xefW\xb0',2021.10.11.08.31.07_veh-50_01750_01948/MergedPointCloud/ce8141c93b7d5050.pcd,1633943041549736
b'\xc8\xa9\x05\xd18vR\x96',b'M\x1b\xa6\xa6\\cP\x93',b'\xce\x81A\xc9;}PP',b'\xc2\xd2\xb2\x84D\xdfTM',b'h\xe3\x13@\x15\x85_h',b'_\xb5M\x82\xdb\xefW\xb0',2021.10.11.08.31.07_veh-50_01750_01948/MergedPointCloud/c8a905d138765296.pcd,1633943041599732
b'M\x1b\xa6\xa6\\cP\x93',b'W\nn\xb5\xd9\xc2Q\x8a',b'\xc8\xa9\x05\xd18vR\x96',b'\xf5$%$\xda\xc3\\\xf1',b'h\xe3\x13@\x15\x85_h',b'_\xb5M\x82\xdb\xefW\xb0',2021.10.11.08.31.07_veh-50_01750_01948/MergedPointCloud/4d1ba6a65c635093.pcd,1633943041649729
b'W\nn\xb5\xd9\xc2Q\x8a',b'=%\xf9\xb6\xef\xc8T\xa5',b'M\x1b\xa6\xa6\\cP\x93',b'\xda\\r\xd1\xa6\xfaU|',b'h\xe3\x13@\x15\x85_h',b'_\xb5M\x82\xdb\xefW\xb0',2021.10.11.08.31.07_veh-50_01750_01948/MergedPointCloud/570a6eb5d9c2518a.pcd,1633943041699728
b'=%\xf9\xb6\xef\xc8T\xa5',b'%\x9b\xd3U\xa2\xa1Z\xf4',b'W\nn\xb5\xd9\xc2Q\x8a',b'D\xf4P!\xaf\x9cW\x8a',b'h\xe3\x13@\x15\x85_h',b'_\xb5M\x82\xdb\xefW\xb0',2021.10.11.08.31.07_veh-50_01750_01948/MergedPointCloud/3d25f9b6efc854a5.pcd,1633943041749727
b'%\x9b\xd3U\xa2\xa1Z\xf4',b'\x14\x7f\xacU2\x11R\xd4',b'=%\xf9\xb6\xef\xc8T\xa5',b'\xcc9\x12\x12\x01GQ\xa0',b'h\xe3\x13@\x15\x85_h',b'_\xb5M\x82\xdb\xefW\xb0',2021.10.11.08.31.07_veh-50_01750_01948/MergedPointCloud/259bd355a2a15af4.pcd,1633943041799725
b'\x14\x7f\xacU2\x11R\xd4',b'\xecL\x1b\xf8\xd9uX\xe9',b'%\x9b\xd3U\xa2\xa1Z\xf4',b'\xa6\xe3\x1fx_\xbe^\xff',b'h\xe3\x13@\x15\x85_h',b'_\xb5M\x82\xdb\xefW\xb0',2021.10.11.08.31.07_veh-50_01750_01948/MergedPointCloud/147fac55321152d4.pcd,1633943041849723
b'\xecL\x1b\xf8\xd9uX\xe9',b'bj3\x94<9\\\xca',b'\x14\x7f\xacU2\x11R\xd4',b'.\xa2\x15\x8a\xbb\xeb_\xc1',b'h\xe3\x13@\x15\x85_h',b'_\xb5M\x82\xdb\xefW\xb0',2021.10.11.08.31.07_veh-50_01750_01948/MergedPointCloud/ec4c1bf8d97558e9.pcd,1633943041899718
b'bj3\x94<9\\\xca',b'e5\xe5s1\x86T;',b'\xecL\x1b\xf8\xd9uX\xe9',b'iD\xe4\x95\x12:Y\xc0',b'h\xe3\x13@\x15\x85_h',b'_\xb5M\x82\xdb\xefW\xb0',2021.10.11.08.31.07_veh-50_01750_01948/MergedPointCloud/626a33943c395cca.pcd,1633943041949711
b'e5\xe5s1\x86T;',b'\x15\xf7\xbc\xed\xe3\x1eS\xcc',b'bj3\x94<9\\\xca',b'\xe6w\x9fR>\xa9S\xa4',b'h\xe3\x13@\x15\x85_h',b'_\xb5M\x82\xdb\xefW\xb0',2021.10.11.08.31.07_veh-50_01750_01948/MergedPointCloud/6535e5733186543b.pcd,1633943041999701
b'\x15\xf7\xbc\xed\xe3\x1eS\xcc',b'{Q}\xed\xeb|]~',b'e5\xe5s1\x86T;',"b'\xae,+ro!]3'",b'h\xe3\x13@\x15\x85_h',b'_\xb5M\x82\xdb\xefW\xb0',2021.10.11.08.31.07_veh-50_01750_01948/MergedPointCloud/15f7bcede31e53cc.pcd,1633943042049688
b'{Q}\xed\xeb|]~',b'\xc6\x9d\xe4T\xb8\xb0S\xab',b'\x15\xf7\xbc\xed\xe3\x1eS\xcc',b'_\x90\xd7/w\x94[\x87',b'h\xe3\x13@\x15\x85_h',b'_\xb5M\x82\xdb\xefW\xb0',2021.10.11.08.31.07_veh-50_01750_01948/MergedPointCloud/7b517dedeb7c5d7e.pcd,1633943042099674
b'\xc6\x9d\xe4T\xb8\xb0S\xab',b'\xec\x10>\x96R\xbb]\x81',b'{Q}\xed\xeb|]~',b'\n\xf878\x7f\xb2\\\xf1',b'h\xe3\x13@\x15\x85_h',b'_\xb5M\x82\xdb\xefW\xb0',2021.10.11.08.31.07_veh-50_01750_01948/MergedPointCloud/c69de454b8b053ab.pcd,1633943042149658
b'\xec\x10>\x96R\xbb]\x81',b'\x8bP\x80*{\xc7_\xea',b'\xc6\x9d\xe4T\xb8\xb0S\xab',b'\xae\x02\xcb\xcbo\x10Y6',b'h\xe3\x13@\x15\x85_h',b'_\xb5M\x82\xdb\xefW\xb0',2021.10.11.08.31.07_veh-50_01750_01948/MergedPointCloud/ec103e9652bb5d81.pcd,1633943042199642
b'\x8bP\x80*{\xc7_\xea',b'8\xbbQ;G{QN',b'\xec\x10>\x96R\xbb]\x81',b'\xd3\xe81\xcc\xa6\xf6S\x84',b'h\xe3\x13@\x15\x85_h',b'_\xb5M\x82\xdb\xefW\xb0',2021.10.11.08.31.07_veh-50_01750_01948/MergedPointCloud/8b50802a7bc75fea.pcd,1633943042249628
b'8\xbbQ;G{QN',b'\x9aO)W\xf4\x1cS\xda',b'\x8bP\x80*{\xc7_\xea',b'C\xdc\xd8\xbf\x9b|U1',b'h\xe3\x13@\x15\x85_h',b'_\xb5M\x82\xdb\xefW\xb0',2021.10.11.08.31.07_veh-50_01750_01948/MergedPointCloud/38bb513b477b514e.pcd,1633943042299614
b'\x9aO)W\xf4\x1cS\xda',b'\xe8\xfd\x8dD\xc3\xe8T\x1c',b'8\xbbQ;G{QN',b'B\xa5\xcbM\xc4\x82[\xfc',b'h\xe3\x13@\x15\x85_h',b'_\xb5M\x82\xdb\xefW\xb0',2021.10.11.08.31.07_veh-50_01750_01948/MergedPointCloud/9a4f2957f41c53da.pcd,1633943042349601
b'\xe8\xfd\x8dD\xc3\xe8T\x1c',b'\xeb1R\xff\xc5>P\xdd',b'\x9aO)W\xf4\x1cS\xda',"b'\xad\x8d\xa2\x9cy""Ug'",b'h\xe3\x13@\x15\x85_h',b'_\xb5M\x82\xdb\xefW\xb0',2021.10.11.08.31.07_veh-50_01750_01948/MergedPointCloud/e8fd8d44c3e8541c.pcd,1633943042399588
b'\xeb1R\xff\xc5>P\xdd',b'|\xc6\x9d\xee\xcd\xbaS=',b'\xe8\xfd\x8dD\xc3\xe8T\x1c',b'\xb7\xe4\xe4M\xde\xdaV\x7f',b'h\xe3\x13@\x15\x85_h',b'_\xb5M\x82\xdb\xefW\xb0',2021.10.11.08.31.07_veh-50_01750_01948/MergedPointCloud/eb3152ffc53e50dd.pcd,1633943042449573
b'|\xc6\x9d\xee\xcd\xbaS=',b'\x15y\xc7z%oV\x93',b'\xeb1R\xff\xc5>P\xdd',b'\x1c1\xab&\nYT\t',b'h\xe3\x13@\x15\x85_h',b'_\xb5M\x82\xdb\xefW\xb0',2021.10.11.08.31.07_veh-50_01750_01948/MergedPointCloud/7cc69deecdba533d.pcd,1633943042499558
b'\x15y\xc7z%oV\x93',b'\xaby\x99N\x9bK\\\x9a',b'|\xc6\x9d\xee\xcd\xbaS=',b'Z<\xf9\x0b\xa4\xc6T!',b'h\xe3\x13@\x15\x85_h',b'_\xb5M\x82\xdb\xefW\xb0',2021.10.11.08.31.07_veh-50_01750_01948/MergedPointCloud/1579c77a256f5693.pcd,1633943042549547
b'\xaby\x99N\x9bK\\\x9a',b'\xae\xe4\x96t\xcf\xb1^\xee',b'\x15y\xc7z%oV\x93',b'\xe88\xfa\x96\x94N[\xe7',b'h\xe3\x13@\x15\x85_h',b'_\xb5M\x82\xdb\xefW\xb0',2021.10.11.08.31.07_veh-50_01750_01948/MergedPointCloud/ab79994e9b4b5c9a.pcd,1633943042599535
b'\xae\xe4\x96t\xcf\xb1^\xee',b'\xce\x14\xf3\xf5\xd7\xe0S7',b'\xaby\x99N\x9bK\\\x9a',b'\x80\xba3evVV^',b'h\xe3\x13@\x15\x85_h',b'_\xb5M\x82\xdb\xefW\xb0',2021.10.11.08.31.07_veh-50_01750_01948/MergedPointCloud/aee49674cfb15eee.pcd,1633943042649522
b'\xce\x14\xf3\xf5\xd7\xe0S7',b'&\x83\xf0S\xd2\x14Y\xde',b'\xae\xe4\x96t\xcf\xb1^\xee',b'\xca\xf0x\x85\xf6\x99])',b'h\xe3\x13@\x15\x85_h',b'_\xb5M\x82\xdb\xefW\xb0',2021.10.11.08.31.07_veh-50_01750_01948/MergedPointCloud/ce14f3f5d7e05337.pcd,1633943042699507
b'&\x83\xf0S\xd2\x14Y\xde',b'Y\x0f\xe1 \x94\x13Tq',b'\xce\x14\xf3\xf5\xd7\xe0S7',"b'\x9e\xd9\xb0,\x17\xd4]f'",b'h\xe3\x13@\x15\x85_h',b'_\xb5M\x82\xdb\xefW\xb0',2021.10.11.08.31.07_veh-50_01750_01948/MergedPointCloud/2683f053d21459de.pcd,1633943042749493
b'Y\x0f\xe1 \x94\x13Tq',b'\xa0\x95\x18\x0f\xe1\xac]\x8f',b'&\x83\xf0S\xd2\x14Y\xde',b'\x89*2\x86\xa4N^\x06',b'h\xe3\x13@\x15\x85_h',b'_\xb5M\x82\xdb\xefW\xb0',2021.10.11.08.31.07_veh-50_01750_01948/MergedPointCloud/590fe12094135471.pcd,1633943042799479
b'\xa0\x95\x18\x0f\xe1\xac]\x8f',"b'\xb3\xc9s\x86\x91<W""'",b'Y\x0f\xe1 \x94\x13Tq',b'\xe1\xd4\xf6I\x9b\x89Y\xb7',b'h\xe3\x13@\x15\x85_h',b'_\xb5M\x82\xdb\xefW\xb0',2021.10.11.08.31.07_veh-50_01750_01948/MergedPointCloud/a095180fe1ac5d8f.pcd,1633943042849467
"b'\xb3\xc9s\x86\x91<W""'","b'\x0f\xbel;\x9e""Sg'",b'\xa0\x95\x18\x0f\xe1\xac]\x8f',b'\xda<\x1c\xc3\xd7\xaeP\xa1',b'h\xe3\x13@\x15\x85_h',b'_\xb5M\x82\xdb\xefW\xb0',2021.10.11.08.31.07_veh-50_01750_01948/MergedPointCloud/b3c97386913c5722.pcd,1633943042899458
"b'\x0f\xbel;\x9e""Sg'",b'C\xe8\x9ch\x8cx]\x06',"b'\xb3\xc9s\x86\x91<W""'",b'\x9by\xc3\xd12:R\t',b'h\xe3\x13@\x15\x85_h',b'_\xb5M\x82\xdb\xefW\xb0',2021.10.11.08.31.07_veh-50_01750_01948/MergedPointCloud/0fbe6c3b9e225367.pcd,1633943042949454
b'C\xe8\x9ch\x8cx]\x06',b'cL$\xbaogV!',"b'\x0f\xbel;\x9e""Sg'",b'\x17\x8c\xf7\x1dm\xe6Q\xfe',b'h\xe3\x13@\x15\x85_h',b'_\xb5M\x82\xdb\xefW\xb0',2021.10.11.08.31.07_veh-50_01750_01948/MergedPointCloud/43e89c688c785d06.pcd,1633943042999451
b'cL$\xbaogV!',b'y\x9fOK>\xedQ\xf0',b'C\xe8\x9ch\x8cx]\x06',b'\xc8\xeb@\x94c\xb4SI',b'h\xe3\x13@\x15\x85_h',b'_\xb5M\x82\xdb\xefW\xb0',2021.10.11.08.31.07_veh-50_01750_01948/MergedPointCloud/634c24ba6f675621.pcd,1633943043049448
b'y\x9fOK>\xedQ\xf0',b'W\xab\x8aXH\xbfV\xe9',b'cL$\xbaogV!',b'\xd6_\x01\xaa\xf8\x04]o',b'h\xe3\x13@\x15\x85_h',b'_\xb5M\x82\xdb\xefW\xb0',2021.10.11.08.31.07_veh-50_01750_01948/MergedPointCloud/799f4f4b3eed51f0.pcd,1633943043099448
b'W\xab\x8aXH\xbfV\xe9',"b'\\\xcd\x06,\x10\x9a]\xaf'",b'y\x9fOK>\xedQ\xf0',b'\xfc\xfe\x97\xbf\xce\xbfPd',b'h\xe3\x13@\x15\x85_h',b'_\xb5M\x82\xdb\xefW\xb0',2021.10.11.08.31.07_veh-50_01750_01948/MergedPointCloud/57ab8a5848bf56e9.pcd,1633943043149449
"b'\\\xcd\x06,\x10\x9a]\xaf'",b'\xcd\xad\xa5\xca\x10\xdaU_',b'W\xab\x8aXH\xbfV\xe9',"b""\xd8\x88\xd7\xfa\xa9\xdbX'""",b'h\xe3\x13@\x15\x85_h',b'_\xb5M\x82\xdb\xefW\xb0',2021.10.11.08.31.07_veh-50_01750_01948/MergedPointCloud/5ccd062c109a5daf.pcd,1633943043199452
b'\xcd\xad\xa5\xca\x10\xdaU_',b'y\x8c\x15\xa0\x1c\x88Q\xf6',"b'\\\xcd\x06,\x10\x9a]\xaf'",b'Y\x95R\xb9pvWo',b'h\xe3\x13@\x15\x85_h',b'_\xb5M\x82\xdb\xefW\xb0',2021.10.11.08.31.07_veh-50_01750_01948/MergedPointCloud/cdada5ca10da555f.pcd,1633943043249458
b'y\x8c\x15\xa0\x1c\x88Q\xf6',b'%\xd1\xba\xc1\x12\xfcS\xaf',b'\xcd\xad\xa5\xca\x10\xdaU_',b'\xe4\xb4\x15\xbc\xc1+^9',b'h\xe3\x13@\x15\x85_h',b'_\xb5M\x82\xdb\xefW\xb0',2021.10.11.08.31.07_veh-50_01750_01948/MergedPointCloud/798c15a01c8851f6.pcd,1633943043299465
b'%\xd1\xba\xc1\x12\xfcS\xaf',b'YCr7P6YG',b'y\x8c\x15\xa0\x1c\x88Q\xf6',b'e\xe7a\xf1\x7fR^\x93',b'h\xe3\x13@\x15\x85_h',b'_\xb5M\x82\xdb\xefW\xb0',2021.10.11.08.31.07_veh-50_01750_01948/MergedPointCloud/25d1bac112fc53af.pcd,1633943043349474
b'YCr7P6YG',b'\x9b\xf4vE\xb6\xbbP\xe3',b'%\xd1\xba\xc1\x12\xfcS\xaf',"b'\xf95\xc0\xcfq\xacV,'",b'h\xe3\x13@\x15\x85_h',b'_\xb5M\x82\xdb\xefW\xb0',2021.10.11.08.31.07_veh-50_01750_01948/MergedPointCloud/5943723750365947.pcd,1633943043399484
b'\x9b\xf4vE\xb6\xbbP\xe3',b'J\xb4oa\xf4|\\)',b'YCr7P6YG',b'\x8a\xaeL32\x82X\xe7',b'h\xe3\x13@\x15\x85_h',b'_\xb5M\x82\xdb\xefW\xb0',2021.10.11.08.31.07_veh-50_01750_01948/MergedPointCloud/9bf47645b6bb50e3.pcd,1633943043449494
b'J\xb4oa\xf4|\\)',b'W}~\xe0\xcf\x8fT\xee',b'\x9b\xf4vE\xb6\xbbP\xe3',b'\xc8+)\xb5\xa4\xe7U\xf3',b'h\xe3\x13@\x15\x85_h',b'_\xb5M\x82\xdb\xefW\xb0',2021.10.11.08.31.07_veh-50_01750_01948/MergedPointCloud/4ab46f61f47c5c29.pcd,1633943043499506
b'W}~\xe0\xcf\x8fT\xee',b'\x82*v\xbe\x98zS\xaa',b'J\xb4oa\xf4|\\)',"b'2{\x18I\xaaEY""'",b'h\xe3\x13@\x15\x85_h',b'_\xb5M\x82\xdb\xefW\xb0',2021.10.11.08.31.07_veh-50_01750_01948/MergedPointCloud/577d7ee0cf8f54ee.pcd,1633943043549519
b'\x82*v\xbe\x98zS\xaa',b'\xae\xe9J$\xf3\xda]\xf1',b'W}~\xe0\xcf\x8fT\xee',b'[C\xef\x1f\xf8\xf8Q\x90',b'h\xe3\x13@\x15\x85_h',b'_\xb5M\x82\xdb\xefW\xb0',2021.10.11.08.31.07_veh-50_01750_01948/MergedPointCloud/822a76be987a53aa.pcd,1633943043599531
b'\xae\xe9J$\xf3\xda]\xf1',b'\x84\x828U\xe1=U\x1c',b'\x82*v\xbe\x98zS\xaa',b'\x19Z$\xa4\x95\x04W\x16',b'h\xe3\x13@\x15\x85_h',b'_\xb5M\x82\xdb\xefW\xb0',2021.10.11.08.31.07_veh-50_01750_01948/MergedPointCloud/aee94a24f3da5df1.pcd,1633943043649543
b'\x84\x828U\xe1=U\x1c',b'J\x15\xc7\x07\xc6\xa2\\\xa6',b'\xae\xe9J$\xf3\xda]\xf1',b';\xfa\xc8\xb6c\x01X\xe5',b'h\xe3\x13@\x15\x85_h',b'_\xb5M\x82\xdb\xefW\xb0',2021.10.11.08.31.07_veh-50_01750_01948/MergedPointCloud/84823855e13d551c.pcd,1633943043699553
b'J\x15\xc7\x07\xc6\xa2\\\xa6',b'c\xf9\xd8&\xa8&]R',b'\x84\x828U\xe1=U\x1c',b'?W\xdc\xb7\r\x16T\xf5',b'h\xe3\x13@\x15\x85_h',b'_\xb5M\x82\xdb\xefW\xb0',2021.10.11.08.31.07_veh-50_01750_01948/MergedPointCloud/4a15c707c6a25ca6.pcd,1633943043749564
b'c\xf9\xd8&\xa8&]R',b'\xc7\xabJm\xf3\xc4T\x96',b'J\x15\xc7\x07\xc6\xa2\\\xa6',b'\xcf\x8fD\xf3\xc7cT5',b'h\xe3\x13@\x15\x85_h',b'_\xb5M\x82\xdb\xefW\xb0',2021.10.11.08.31.07_veh-50_01750_01948/MergedPointCloud/63f9d826a8265d52.pcd,1633943043799579
b'\xc7\xabJm\xf3\xc4T\x96',"b'3,\x07W\xb6\xc6[\x9a'",b'c\xf9\xd8&\xa8&]R',"b""R'\xce@\x0b\xdbUi""",b'h\xe3\x13@\x15\x85_h',b'_\xb5M\x82\xdb\xefW\xb0',2021.10.11.08.31.07_veh-50_01750_01948/MergedPointCloud/c7ab4a6df3c45496.pcd,1633943043849597
"b'3,\x07W\xb6\xc6[\x9a'",b'\x00ddw\r\xc2Q\xf5',b'\xc7\xabJm\xf3\xc4T\x96',"b'\xab|,JFx\\O'",b'h\xe3\x13@\x15\x85_h',b'_\xb5M\x82\xdb\xefW\xb0',2021.10.11.08.31.07_veh-50_01750_01948/MergedPointCloud/332c0757b6c65b9a.pcd,1633943043899617
b'\x00ddw\r\xc2Q\xf5',b'DF\xa6&N\xb3R\xb1',"b'3,\x07W\xb6\xc6[\x9a'",b'=V\xe9\xd3\xb8XT\x15',b'h\xe3\x13@\x15\x85_h',b'_\xb5M\x82\xdb\xefW\xb0',2021.10.11.08.31.07_veh-50_01750_01948/MergedPointCloud/006464770dc251f5.pcd,1633943043949636
b'DF\xa6&N\xb3R\xb1',b'\x874\x9f$\x14!Q\x93',b'\x00ddw\r\xc2Q\xf5',b'\x86G;\x1e\xf7\xfcQ\xaf',b'h\xe3\x13@\x15\x85_h',b'_\xb5M\x82\xdb\xefW\xb0',2021.10.11.08.31.07_veh-50_01750_01948/MergedPointCloud/4446a6264eb352b1.pcd,1633943043999656
b'\x874\x9f$\x14!Q\x93',b'~\xfa\x83\x84\xb1\x07Wu',b'DF\xa6&N\xb3R\xb1',b'J\xcb\xc0w\xb3o[A',b'h\xe3\x13@\x15\x85_h',b'_\xb5M\x82\xdb\xefW\xb0',2021.10.11.08.31.07_veh-50_01750_01948/MergedPointCloud/87349f2414215193.pcd,1633943044049677
b'~\xfa\x83\x84\xb1\x07Wu',b'c\xeb\xee<ViV1',b'\x874\x9f$\x14!Q\x93',b'\xda;\xb4r+\x17[0',b'h\xe3\x13@\x15\x85_h',b'_\xb5M\x82\xdb\xefW\xb0',2021.10.11.08.31.07_veh-50_01750_01948/MergedPointCloud/7efa8384b1075775.pcd,1633943044099697
b'c\xeb\xee<ViV1',b'\xe3\xff\x95+ \x19_\xbf',b'~\xfa\x83\x84\xb1\x07Wu',b'\x80\x17\x8b\x1c|\xb9Z\xae',b'h\xe3\x13@\x15\x85_h',b'_\xb5M\x82\xdb\xefW\xb0',2021.10.11.08.31.07_veh-50_01750_01948/MergedPointCloud/63ebee3c56695631.pcd,1633943044149719
b'\xe3\xff\x95+ \x19_\xbf',b'\xc2\x1c\x9f\xd6\x13W[\xb7',b'c\xeb\xee<ViV1',b'G\x12$\xe4\xba`[\xdb',b'h\xe3\x13@\x15\x85_h',b'_\xb5M\x82\xdb\xefW\xb0',2021.10.11.08.31.07_veh-50_01750_01948/MergedPointCloud/e3ff952b20195fbf.pcd,1633943044199741
b'\xc2\x1c\x9f\xd6\x13W[\xb7',b'\xffrN<\x05\x0eY\xeb',b'\xe3\xff\x95+ \x19_\xbf',b'\xfd\xd8\xe38\xb4\xe1R\xc2',b'h\xe3\x13@\x15\x85_h',b'_\xb5M\x82\xdb\xefW\xb0',2021.10.11.08.31.07_veh-50_01750_01948/MergedPointCloud/c21c9fd613575bb7.pcd,1633943044249764
b'\xffrN<\x05\x0eY\xeb',b'fK\xe5\xcf\x92\xc7[D',b'\xc2\x1c\x9f\xd6\x13W[\xb7',b'\xfa\xc4\t\xf0\xc5[ZK',b'h\xe3\x13@\x15\x85_h',b'_\xb5M\x82\xdb\xefW\xb0',2021.10.11.08.31.07_veh-50_01750_01948/MergedPointCloud/ff724e3c050e59eb.pcd,1633943044299788
b'fK\xe5\xcf\x92\xc7[D',b'\xf4F\xbd\xc9\x06\xecU\x91',b'\xffrN<\x05\x0eY\xeb',b'\xe9\x1d\x83Y\x90]X\xdd',b'h\xe3\x13@\x15\x85_h',b'_\xb5M\x82\xdb\xefW\xb0',2021.10.11.08.31.07_veh-50_01750_01948/MergedPointCloud/664be5cf92c75b44.pcd,1633943044349813
b'\xf4F\xbd\xc9\x06\xecU\x91',"b""p's\xd96\x84_\xac""",b'fK\xe5\xcf\x92\xc7[D',b'*\xecV5Z\xc5S}',b'h\xe3\x13@\x15\x85_h',b'_\xb5M\x82\xdb\xefW\xb0',2021.10.11.08.31.07_veh-50_01750_01948/MergedPointCloud/f446bdc906ec5591.pcd,1633943044399838
"b""p's\xd96\x84_\xac""",b'N\xd0\xad\x1e\xc8\xf1Zb',b'\xf4F\xbd\xc9\x06\xecU\x91',b'\x1b:\x14\xc8\xb8\x0e]\x94',b'h\xe3\x13@\x15\x85_h',b'_\xb5M\x82\xdb\xefW\xb0',2021.10.11.08.31.07_veh-50_01750_01948/MergedPointCloud/702773d936845fac.pcd,1633943044449866
b'N\xd0\xad\x1e\xc8\xf1Zb',b'\xca\x1c\xed6\xb7@\\\x1d',"b""p's\xd96\x84_\xac""",b'\x16\xe4<\x05\xcayZ\xa3',b'h\xe3\x13@\x15\x85_h',b'_\xb5M\x82\xdb\xefW\xb0',2021.10.11.08.31.07_veh-50_01750_01948/MergedPointCloud/4ed0ad1ec8f15a62.pcd,1633943044499894
b'\xca\x1c\xed6\xb7@\\\x1d',b't\x03\x80\xaf\x95\x8cQ\x1a',b'N\xd0\xad\x1e\xc8\xf1Zb',b'\x93\x0c\xc7\xcd;\x8c]@',b'h\xe3\x13@\x15\x85_h',b'_\xb5M\x82\xdb\xefW\xb0',2021.10.11.08.31.07_veh-50_01750_01948/MergedPointCloud/ca1ced36b7405c1d.pcd,1633943044549923
b't\x03\x80\xaf\x95\x8cQ\x1a',b'\xe6\x9fM\xf5\x18\xe7Vn',b'\xca\x1c\xed6\xb7@\\\x1d',"b'\x02\xc9\x1b\xf3,YT.'",b'h\xe3\x13@\x15\x85_h',b'_\xb5M\x82\xdb\xefW\xb0',2021.10.11.08.31.07_veh-50_01750_01948/MergedPointCloud/740380af958c511a.pcd,1633943044599953
b'\xe6\x9fM\xf5\x18\xe7Vn',b'\xca\xea\xebX\xb2g\\Z',b't\x03\x80\xaf\x95\x8cQ\x1a',"b'\xab\xb7\xee\xf9\x8b""S\xc7'",b'h\xe3\x13@\x15\x85_h',b'_\xb5M\x82\xdb\xefW\xb0',2021.10.11.08.31.07_veh-50_01750_01948/MergedPointCloud/e69f4df518e7566e.pcd,1633943044649984
b'\xca\xea\xebX\xb2g\\Z',b'\xb46\x00\xa3\xa8%ZX',b'\xe6\x9fM\xf5\x18\xe7Vn',b'f(!\xd6.\xdb^\x91',b'h\xe3\x13@\x15\x85_h',b'_\xb5M\x82\xdb\xefW\xb0',2021.10.11.08.31.07_veh-50_01750_01948/MergedPointCloud/caeaeb58b2675c5a.pcd,1633943044700015
b'\xb46\x00\xa3\xa8%ZX',b'\x81\xbf\x8e\xd2\x9b0\\\xdc',b'\xca\xea\xebX\xb2g\\Z',b']L\xe9q\x02)]\xd6',b'h\xe3\x13@\x15\x85_h',b'_\xb5M\x82\xdb\xefW\xb0',2021.10.11.08.31.07_veh-50_01750_01948/MergedPointCloud/b43600a3a8255a58.pcd,1633943044750047
b'\x81\xbf\x8e\xd2\x9b0\\\xdc',b'Lc\x1f\x93\xa0JR(',b'\xb46\x00\xa3\xa8%ZX',b'\x19\x18\xff\xf9\xe6\xd6W\x88',b'h\xe3\x13@\x15\x85_h',b'_\xb5M\x82\xdb\xefW\xb0',2021.10.11.08.31.07_veh-50_01750_01948/MergedPointCloud/81bf8ed29b305cdc.pcd,1633943044800079
b'Lc\x1f\x93\xa0JR(',b'\xbb\x87_\xcbi\x14R2',b'\x81\xbf\x8e\xd2\x9b0\\\xdc',b'k\xbdarCHT\xfc',b'h\xe3\x13@\x15\x85_h',b'_\xb5M\x82\xdb\xefW\xb0',2021.10.11.08.31.07_veh-50_01750_01948/MergedPointCloud/4c631f93a04a5228.pcd,1633943044850110
b'\xbb\x87_\xcbi\x14R2',b'.?%7\x03\xa7W\x8c',b'Lc\x1f\x93\xa0JR(',"b""\xbf\xf0'\xa7OoX\x8c""",b'h\xe3\x13@\x15\x85_h',b'_\xb5M\x82\xdb\xefW\xb0',2021.10.11.08.31.07_veh-50_01750_01948/MergedPointCloud/bb875fcb69145232.pcd,1633943044900137
b'.?%7\x03\xa7W\x8c',b'\x1d\xca]\x14qJQ\xed',b'\xbb\x87_\xcbi\x14R2',b'n\x11E\x00`_\\7',b'h\xe3\x13@\x15\x85_h',b'_\xb5M\x82\xdb\xefW\xb0',2021.10.11.08.31.07_veh-50_01750_01948/MergedPointCloud/2e3f253703a7578c.pcd,1633943044950165
b'\x1d\xca]\x14qJQ\xed',b'\xf3\x91\x1csu\xe7_\x1b',b'.?%7\x03\xa7W\x8c',b'B\xbd\x0b\xd3\xc3\x05[$',b'h\xe3\x13@\x15\x85_h',b'_\xb5M\x82\xdb\xefW\xb0',2021.10.11.08.31.07_veh-50_01750_01948/MergedPointCloud/1dca5d14714a51ed.pcd,1633943045000191
b'\xf3\x91\x1csu\xe7_\x1b',b'\xc4m\xbf\xb4d\xeeR\xab',b'\x1d\xca]\x14qJQ\xed',b'l\xc9\x17\xb6P\xd8^\r',b'h\xe3\x13@\x15\x85_h',b'_\xb5M\x82\xdb\xefW\xb0',2021.10.11.08.31.07_veh-50_01750_01948/MergedPointCloud/f3911c7375e75f1b.pcd,1633943045050215
b'\xc4m\xbf\xb4d\xeeR\xab',b't\xa3\xcd\xc0w\x03^\x11',b'\xf3\x91\x1csu\xe7_\x1b',b'\x7fs\r\xf6\xe33\\\xc3',b'h\xe3\x13@\x15\x85_h',b'_\xb5M\x82\xdb\xefW\xb0',2021.10.11.08.31.07_veh-50_01750_01948/MergedPointCloud/c46dbfb464ee52ab.pcd,1633943045100237
b't\xa3\xcd\xc0w\x03^\x11',b'\x8ahd\xe2?iU\xdd',b'\xc4m\xbf\xb4d\xeeR\xab',b'\xc2\x1el\x10\xccE[f',b'h\xe3\x13@\x15\x85_h',b'_\xb5M\x82\xdb\xefW\xb0',2021.10.11.08.31.07_veh-50_01750_01948/MergedPointCloud/74a3cdc077035e11.pcd,1633943045150255
b'\x8ahd\xe2?iU\xdd',b'\x963\x14\xad\x7f8Z/',b't\xa3\xcd\xc0w\x03^\x11',b'\xe2 \x7fy{\xc3S\xbc',b'h\xe3\x13@\x15\x85_h',b'_\xb5M\x82\xdb\xefW\xb0',2021.10.11.08.31.07_veh-50_01750_01948/MergedPointCloud/8a6864e23f6955dd.pcd,1633943045200271
b'\x963\x14\xad\x7f8Z/',b'\xcb\xe5\xbc\x9b\xa2\xfaUg',b'\x8ahd\xe2?iU\xdd',b'\x89\x12\x98\xda\xed\xc9_`',b'h\xe3\x13@\x15\x85_h',b'_\xb5M\x82\xdb\xefW\xb0',2021.10.11.08.31.07_veh-50_01750_01948/MergedPointCloud/963314ad7f385a2f.pcd,1633943045250284
b'\xcb\xe5\xbc\x9b\xa2\xfaUg',b'\xd40;\xdf\x8f\xd0Z\xc3',b'\x963\x14\xad\x7f8Z/',b'i#\xf4\x8e\xa7#[\xc8',b'h\xe3\x13@\x15\x85_h',b'_\xb5M\x82\xdb\xefW\xb0',2021.10.11.08.31.07_veh-50_01750_01948/MergedPointCloud/cbe5bc9ba2fa5567.pcd,1633943045300294
b'\xd40;\xdf\x8f\xd0Z\xc3',"b""\xe8\x0ee'\xb0dP\x9f""",b'\xcb\xe5\xbc\x9b\xa2\xfaUg',b'\x9e\xa6\xc7{G \\\x1f',b'h\xe3\x13@\x15\x85_h',b'_\xb5M\x82\xdb\xefW\xb0',2021.10.11.08.31.07_veh-50_01750_01948/MergedPointCloud/d4303bdf8fd05ac3.pcd,1633943045350301
"b""\xe8\x0ee'\xb0dP\x9f""",b'J\x0cI\x80\x01\xe3XO',b'\xd40;\xdf\x8f\xd0Z\xc3',b'\xf9\x9d\x83?\xc4\xba_\x08',b'h\xe3\x13@\x15\x85_h',b'_\xb5M\x82\xdb\xefW\xb0',2021.10.11.08.31.07_veh-50_01750_01948/MergedPointCloud/e80e6527b064509f.pcd,1633943045400304
b'J\x0cI\x80\x01\xe3XO',b'\xd1\xfa\x9f`M4S\xcc',"b""\xe8\x0ee'\xb0dP\x9f""",b'\x1c/\xc8\xd1[GS\x7f',b'h\xe3\x13@\x15\x85_h',b'_\xb5M\x82\xdb\xefW\xb0',2021.10.11.08.31.07_veh-50_01750_01948/MergedPointCloud/4a0c498001e3584f.pcd,1633943045450305
b'\xd1\xfa\x9f`M4S\xcc',b'\x8c%\xe2\xe8O\xe1^\x1b',b'J\x0cI\x80\x01\xe3XO',b'\xe8v\xe8_\x1f|P\xff',b'h\xe3\x13@\x15\x85_h',b'_\xb5M\x82\xdb\xefW\xb0',2021.10.11.08.31.07_veh-50_01750_01948/MergedPointCloud/d1fa9f604d3453cc.pcd,1633943045500300
b'\x8c%\xe2\xe8O\xe1^\x1b',b'\xaf\xa8\xe5\xea\xbdpW`',b'\xd1\xfa\x9f`M4S\xcc',b'4\x99\xe2\xcf\xbb__L',b'h\xe3\x13@\x15\x85_h',b'_\xb5M\x82\xdb\xefW\xb0',2021.10.11.08.31.07_veh-50_01750_01948/MergedPointCloud/8c25e2e84fe15e1b.pcd,1633943045550290
b'\xaf\xa8\xe5\xea\xbdpW`',"b""\x86\x85\xea\xf8\xdf'Z\x1a""",b'\x8c%\xe2\xe8O\xe1^\x1b',b'rq\x14\xc6I\xbaW\x19',b'h\xe3\x13@\x15\x85_h',b'_\xb5M\x82\xdb\xefW\xb0',2021.10.11.08.31.07_veh-50_01750_01948/MergedPointCloud/afa8e5eabd705760.pcd,1633943045600277
"b""\x86\x85\xea\xf8\xdf'Z\x1a""",b'\xdaV\xb4dB\x93T7',b'\xaf\xa8\xe5\xea\xbdpW`',b'\x8f\xe2>\xb4zoR\xe3',b'h\xe3\x13@\x15\x85_h',b'_\xb5M\x82\xdb\xefW\xb0',2021.10.11.08.31.07_veh-50_01750_01948/MergedPointCloud/8685eaf8df275a1a.pcd,1633943045650263
b'\xdaV\xb4dB\x93T7',b'\xfbuzD\x1c\x8bVi',"b""\x86\x85\xea\xf8\xdf'Z\x1a""",b'!|8\xf5\x10YX\x94',b'h\xe3\x13@\x15\x85_h',b'_\xb5M\x82\xdb\xefW\xb0',2021.10.11.08.31.07_veh-50_01750_01948/MergedPointCloud/da56b46442935437.pcd,1633943045700244
b'\xfbuzD\x1c\x8bVi',b'h\xc0T\xb0\xcelW\xd9',b'\xdaV\xb4dB\x93T7',b'\x90$\x81\xbd\xf6\x98S\xba',b'h\xe3\x13@\x15\x85_h',b'_\xb5M\x82\xdb\xefW\xb0',2021.10.11.08.31.07_veh-50_01750_01948/MergedPointCloud/fb757a441c8b5669.pcd,1633943045750223
b'h\xc0T\xb0\xcelW\xd9',b'\xd2#\x8b>^\x07[+',b'\xfbuzD\x1c\x8bVi',b'J\x01\xa8lWHY4',b'h\xe3\x13@\x15\x85_h',b'_\xb5M\x82\xdb\xefW\xb0',2021.10.11.08.31.07_veh-50_01750_01948/MergedPointCloud/68c054b0ce6c57d9.pcd,1633943045800200
b'\xd2#\x8b>^\x07[+',b'a<\x8b\x03\r\x81PR',b'h\xc0T\xb0\xcelW\xd9',b'\xd6\x03\xea\xc9f\xf1Y\xf8',b'h\xe3\x13@\x15\x85_h',b'_\xb5M\x82\xdb\xefW\xb0',2021.10.11.08.31.07_veh-50_01750_01948/MergedPointCloud/d2238b3e5e075b2b.pcd,1633943045850178
b'a<\x8b\x03\r\x81PR',"b'B,\x84\xd3F\x07[\xfc'",b'\xd2#\x8b>^\x07[+',b'\xd6\x8d\xf4\x9b\x1d+^\x9d',b'h\xe3\x13@\x15\x85_h',b'_\xb5M\x82\xdb\xefW\xb0',2021.10.11.08.31.07_veh-50_01750_01948/MergedPointCloud/613c8b030d815052.pcd,1633943045900155
"b'B,\x84\xd3F\x07[\xfc'",b'\xfa\xe5^\xfc~\xedP\x8c',b'a<\x8b\x03\r\x81PR',b'\x06\xf7\xd3\x1e\xcb\xe4U\xd5',b'h\xe3\x13@\x15\x85_h',b'_\xb5M\x82\xdb\xefW\xb0',2021.10.11.08.31.07_veh-50_01750_01948/MergedPointCloud/422c84d346075bfc.pcd,1633943045950129
b'\xfa\xe5^\xfc~\xedP\x8c',b'/\xf0i\xcaG\x02W\xed',"b'B,\x84\xd3F\x07[\xfc'",b'L\xf4\xe1\xb3\xf0\xc7\\+',b'h\xe3\x13@\x15\x85_h',b'_\xb5M\x82\xdb\xefW\xb0',2021.10.11.08.31.07_veh-50_01750_01948/MergedPointCloud/fae55efc7eed508c.pcd,1633943046000105
b'/\xf0i\xcaG\x02W\xed',b';\xd5d\x17S\x99U\x9f',b'\xfa\xe5^\xfc~\xedP\x8c',b'\xb7\x03x\xfe\x04\xb5[\xdc',b'h\xe3\x13@\x15\x85_h',b'_\xb5M\x82\xdb\xefW\xb0',2021.10.11.08.31.07_veh-50_01750_01948/MergedPointCloud/2ff069ca470257ed.pcd,1633943046050082
b';\xd5d\x17S\x99U\x9f',b'\xdf2\x107>\x1bV\x1c',b'/\xf0i\xcaG\x02W\xed',b'\xe9\x9d\xa9O\xdb\x12Q\xb8',b'h\xe3\x13@\x15\x85_h',b'_\xb5M\x82\xdb\xefW\xb0',2021.10.11.08.31.07_veh-50_01750_01948/MergedPointCloud/3bd564175399559f.pcd,1633943046100060
b'\xdf2\x107>\x1bV\x1c',b'=\x03\x89\xea\x97\x85P\x1e',b';\xd5d\x17S\x99U\x9f',b'q\xcdx7\x92\x17W\x7f',b'h\xe3\x13@\x15\x85_h',b'_\xb5M\x82\xdb\xefW\xb0',2021.10.11.08.31.07_veh-50_01750_01948/MergedPointCloud/df3210373e1b561c.pcd,1633943046150038
b'=\x03\x89\xea\x97\x85P\x1e',b'1}*\x873\xec\\<',b'\xdf2\x107>\x1bV\x1c',b'\x1f#\xdads\x8eZM',b'h\xe3\x13@\x15\x85_h',b'_\xb5M\x82\xdb\xefW\xb0',2021.10.11.08.31.07_veh-50_01750_01948/MergedPointCloud/3d0389ea9785501e.pcd,1633943046200013
b'1}*\x873\xec\\<',b'\xa6_\xa9\x8e\x00\xc5^\xcb',b'=\x03\x89\xea\x97\x85P\x1e',b'\xd7\xa4\xdd\xa17\x9eYE',b'h\xe3\x13@\x15\x85_h',b'_\xb5M\x82\xdb\xefW\xb0',2021.10.11.08.31.07_veh-50_01750_01948/MergedPointCloud/317d2a8733ec5c3c.pcd,1633943046249993
b'\xa6_\xa9\x8e\x00\xc5^\xcb',"b'""p\xb2\xb5.g^p'",b'1}*\x873\xec\\<',b'y\x7f\xb7\x0c9KQ\xd3',b'h\xe3\x13@\x15\x85_h',b'_\xb5M\x82\xdb\xefW\xb0',2021.10.11.08.31.07_veh-50_01750_01948/MergedPointCloud/a65fa98e00c55ecb.pcd,1633943046299976
"b'""p\xb2\xb5.g^p'",b'Z\xf1\xda#\xc8\xec[\x93',b'\xa6_\xa9\x8e\x00\xc5^\xcb',b'\r\x87F\\D\xdcU\xe7',b'h\xe3\x13@\x15\x85_h',b'_\xb5M\x82\xdb\xefW\xb0',2021.10.11.08.31.07_veh-50_01750_01948/MergedPointCloud/2270b2b52e675e70.pcd,1633943046349963
b'Z\xf1\xda#\xc8\xec[\x93',b'\x14F\x12E\xa78V\xb9',"b'""p\xb2\xb5.g^p'",b'E\xcf`2\x90\xfdRH',b'h\xe3\x13@\x15\x85_h',b'_\xb5M\x82\xdb\xefW\xb0',2021.10.11.08.31.07_veh-50_01750_01948/MergedPointCloud/5af1da23c8ec5b93.pcd,1633943046399950
b'\x14F\x12E\xa78V\xb9',b'\xd6\x8b\xa2\x0c\xe4@X\x17',b'Z\xf1\xda#\xc8\xec[\x93',b'\xecg\xab\xfc\x02\x14^\x07',b'h\xe3\x13@\x15\x85_h',b'_\xb5M\x82\xdb\xefW\xb0',2021.10.11.08.31.07_veh-50_01750_01948/MergedPointCloud/14461245a73856b9.pcd,1633943046449937
b'\xd6\x8b\xa2\x0c\xe4@X\x17',b'f\x15\x1d8q\xa6\\\x19',b'\x14F\x12E\xa78V\xb9',b'\xd6%\xff\xfd\xe2\xdc\\\xc2',b'h\xe3\x13@\x15\x85_h',b'_\xb5M\x82\xdb\xefW\xb0',2021.10.11.08.31.07_veh-50_01750_01948/MergedPointCloud/d68ba20ce4405817.pcd,1633943046499925
b'f\x15\x1d8q\xa6\\\x19',b'\x96!7~\xdc\x89R\xbd',b'\xd6\x8b\xa2\x0c\xe4@X\x17',b'W\x05\xe7F\x00\x07W\\',b'h\xe3\x13@\x15\x85_h',b'_\xb5M\x82\xdb\xefW\xb0',2021.10.11.08.31.07_veh-50_01750_01948/MergedPointCloud/66151d3871a65c19.pcd,1633943046549917
b'\x96!7~\xdc\x89R\xbd',b'\xb5\xa1}.\xa1\xdf^\xd9',b'f\x15\x1d8q\xa6\\\x19',b'\xb7w\xc4k\x8f\xbb_X',b'h\xe3\x13@\x15\x85_h',b'_\xb5M\x82\xdb\xefW\xb0',2021.10.11.08.31.07_veh-50_01750_01948/MergedPointCloud/9621377edc8952bd.pcd,1633943046599908
b'\xb5\xa1}.\xa1\xdf^\xd9',b'\xd2\xe4\x07\xdf\xd4LP\xa5',b'\x96!7~\xdc\x89R\xbd',b'\xa4Q9\x06\x8aFR?',b'h\xe3\x13@\x15\x85_h',b'_\xb5M\x82\xdb\xefW\xb0',2021.10.11.08.31.07_veh-50_01750_01948/MergedPointCloud/b5a17d2ea1df5ed9.pcd,1633943046649898
b'\xd2\xe4\x07\xdf\xd4LP\xa5',b'\xd9D\xab\xa3\xc4h_F',b'\xb5\xa1}.\xa1\xdf^\xd9',b'\xe9\xa78\xadI\xf9Q\xa1',b'h\xe3\x13@\x15\x85_h',b'_\xb5M\x82\xdb\xefW\xb0',2021.10.11.08.31.07_veh-50_01750_01948/MergedPointCloud/d2e407dfd44c50a5.pcd,1633943046699887
b'\xd9D\xab\xa3\xc4h_F',b' \x99\x81p\x05{]7',b'\xd2\xe4\x07\xdf\xd4LP\xa5',b'\x82\x1d\xa2[\xa8\x81Z\x17',b'h\xe3\x13@\x15\x85_h',b'_\xb5M\x82\xdb\xefW\xb0',2021.10.11.08.31.07_veh-50_01750_01948/MergedPointCloud/d944aba3c4685f46.pcd,1633943046749875
b' \x99\x81p\x05{]7',b'\x87z[;\n\xa5W\xcd',b'\xd9D\xab\xa3\xc4h_F',b'\xb8\xa5\x1f\x88\xfd\xe3T\x87',b'h\xe3\x13@\x15\x85_h',b'_\xb5M\x82\xdb\xefW\xb0',2021.10.11.08.31.07_veh-50_01750_01948/MergedPointCloud/20998170057b5d37.pcd,1633943046799862
b'\x87z[;\n\xa5W\xcd',b'\x10\xbc\x9f\x8bd\xd4Y\xc3',b' \x99\x81p\x05{]7',b'\xdaBM\xa8\xc3n[8',b'h\xe3\x13@\x15\x85_h',b'_\xb5M\x82\xdb\xefW\xb0',2021.10.11.08.31.07_veh-50_01750_01948/MergedPointCloud/877a5b3b0aa557cd.pcd,1633943046849849
b'\x10\xbc\x9f\x8bd\xd4Y\xc3',b'u\xdb\x8a\xd3\xca#U\xfe',b'\x87z[;\n\xa5W\xcd',b'\xe7\x1b\xdd\xdeZBV#',b'h\xe3\x13@\x15\x85_h',b'_\xb5M\x82\xdb\xefW\xb0',2021.10.11.08.31.07_veh-50_01750_01948/MergedPointCloud/10bc9f8b64d459c3.pcd,1633943046899834
b'u\xdb\x8a\xd3\xca#U\xfe',b'\x11s\xa7\xa0\x8e\xf8_\xf0',b'\x10\xbc\x9f\x8bd\xd4Y\xc3',b'\xa3\xfbQ<u\xf1Tz',b'h\xe3\x13@\x15\x85_h',b'_\xb5M\x82\xdb\xefW\xb0',2021.10.11.08.31.07_veh-50_01750_01948/MergedPointCloud/75db8ad3ca2355fe.pcd,1633943046949819
b'\x11s\xa7\xa0\x8e\xf8_\xf0',b'\x987\xc6\xfb\xaf\xf5Qw',b'u\xdb\x8a\xd3\xca#U\xfe',b'N\x802\x81q\xe8[\xbb',b'h\xe3\x13@\x15\x85_h',b'_\xb5M\x82\xdb\xefW\xb0',2021.10.11.08.31.07_veh-50_01750_01948/MergedPointCloud/1173a7a08ef85ff0.pcd,1633943046999801
b'\x987\xc6\xfb\xaf\xf5Qw',b'\x82\xda\xd1YN\x8cW_',b'\x11s\xa7\xa0\x8e\xf8_\xf0',b'\xfd\x171\xa8\x11qQ\xf7',b'h\xe3\x13@\x15\x85_h',b'_\xb5M\x82\xdb\xefW\xb0',2021.10.11.08.31.07_veh-50_01750_01948/MergedPointCloud/9837c6fbaff55177.pcd,1633943047049780
b'\x82\xda\xd1YN\x8cW_',b'\n\x1c\xfe\xaa\x9a\xe5Y\xd5',b'\x987\xc6\xfb\xaf\xf5Qw',b'\x87\xa4I\xa2\x8e\xf9R\xba',b'h\xe3\x13@\x15\x85_h',b'_\xb5M\x82\xdb\xefW\xb0',2021.10.11.08.31.07_veh-50_01750_01948/MergedPointCloud/82dad1594e8c575f.pcd,1633943047099758
b'\n\x1c\xfe\xaa\x9a\xe5Y\xd5',b'\xd4\xd7\x0b\xb9C\x87_C',b'\x82\xda\xd1YN\x8cW_',b'?\x81T\xf9\x0f\xc1_\xd0',b'h\xe3\x13@\x15\x85_h',b'_\xb5M\x82\xdb\xefW\xb0',2021.10.11.08.31.07_veh-50_01750_01948/MergedPointCloud/0a1cfeaa9ae559d5.pcd,1633943047149737
b'\xd4\xd7\x0b\xb9C\x87_C',b'\x01Hl\x9e\r\x18P\xe5',b'\n\x1c\xfe\xaa\x9a\xe5Y\xd5',b'K\xd7!!\xd3aY\xbb',b'h\xe3\x13@\x15\x85_h',b'_\xb5M\x82\xdb\xefW\xb0',2021.10.11.08.31.07_veh-50_01750_01948/MergedPointCloud/d4d70bb943875f43.pcd,1633943047199716
b'\x01Hl\x9e\r\x18P\xe5',b'\xbb\x8c\x15\xd4\xe31^\x93',b'\xd4\xd7\x0b\xb9C\x87_C',"b""-\x89'\x8d\xa5\xcbV{""",b'h\xe3\x13@\x15\x85_h',b'_\xb5M\x82\xdb\xefW\xb0',2021.10.11.08.31.07_veh-50_01750_01948/MergedPointCloud/01486c9e0d1850e5.pcd,1633943047249699
b'\xbb\x8c\x15\xd4\xe31^\x93',b'\xc4\x7f~l\xd7\xd3[i',b'\x01Hl\x9e\r\x18P\xe5',"b'\xd7R\x83""\x97\x8fW\xa7'",b'h\xe3\x13@\x15\x85_h',b'_\xb5M\x82\xdb\xefW\xb0',2021.10.11.08.31.07_veh-50_01750_01948/MergedPointCloud/bb8c15d4e3315e93.pcd,1633943047299683
b'\xc4\x7f~l\xd7\xd3[i',b'\xe9\x8cW~\x93\x84P\xbc',b'\xbb\x8c\x15\xd4\xe31^\x93',b'\xbfCkr\x81\x1cU\x01',b'h\xe3\x13@\x15\x85_h',b'_\xb5M\x82\xdb\xefW\xb0',2021.10.11.08.31.07_veh-50_01750_01948/MergedPointCloud/c47f7e6cd7d35b69.pcd,1633943047349669
b'\xe9\x8cW~\x93\x84P\xbc',b'\xd1rA\xa6\x93MX\xfc',b'\xc4\x7f~l\xd7\xd3[i',b'\x9a\xd2T\xec+\xad]E',b'h\xe3\x13@\x15\x85_h',b'_\xb5M\x82\xdb\xefW\xb0',2021.10.11.08.31.07_veh-50_01750_01948/MergedPointCloud/e98c577e938450bc.pcd,1633943047399658
b'\xd1rA\xa6\x93MX\xfc',b'-\xbb\x88\xe9&\xbdV\xdf',b'\xe9\x8cW~\x93\x84P\xbc',b'z\xc9\xeep\x8a\xb8W\x9e',b'h\xe3\x13@\x15\x85_h',b'_\xb5M\x82\xdb\xefW\xb0',2021.10.11.08.31.07_veh-50_01750_01948/MergedPointCloud/d17241a6934d58fc.pcd,1633943047449647
b'-\xbb\x88\xe9&\xbdV\xdf',b'?\x8e\xbd\xc5\xc1\\Pe',b'\xd1rA\xa6\x93MX\xfc',b'3\x92\xb6\xd2\xb5oY\x86',b'h\xe3\x13@\x15\x85_h',b'_\xb5M\x82\xdb\xefW\xb0',2021.10.11.08.31.07_veh-50_01750_01948/MergedPointCloud/2dbb88e926bd56df.pcd,1633943047499636
b'?\x8e\xbd\xc5\xc1\\Pe',b'\x92\xa7!\xc7\xd5\x9fWL',b'-\xbb\x88\xe9&\xbdV\xdf',b'\xd0\xf8\xd6\x17\xae\xb2U\xc9',b'h\xe3\x13@\x15\x85_h',b'_\xb5M\x82\xdb\xefW\xb0',2021.10.11.08.31.07_veh-50_01750_01948/MergedPointCloud/3f8ebdc5c15c5065.pcd,1633943047549625
b'\x92\xa7!\xc7\xd5\x9fWL',"b""\xda\xfd\xcd'Ke\\\x16""",b'?\x8e\xbd\xc5\xc1\\Pe',b'\tu\xc7\x8c\x13\x98_M',b'h\xe3\x13@\x15\x85_h',b'_\xb5M\x82\xdb\xefW\xb0',2021.10.11.08.31.07_veh-50_01750_01948/MergedPointCloud/92a721c7d59f574c.pcd,1633943047599616
"b""\xda\xfd\xcd'Ke\\\x16""",b'\x9c+\xaa\xc7\xce\xec_\x8a',b'\x92\xa7!\xc7\xd5\x9fWL',b'\xbf\xa7\xa4\x8a\xf3\xceW\t',b'h\xe3\x13@\x15\x85_h',b'_\xb5M\x82\xdb\xefW\xb0',2021.10.11.08.31.07_veh-50_01750_01948/MergedPointCloud/dafdcd274b655c16.pcd,1633943047649608
b'\x9c+\xaa\xc7\xce\xec_\x8a',b'\xa4\x11X!v`_T',"b""\xda\xfd\xcd'Ke\\\x16""",b'K\x02\xf8\x9c\xb1tZ6',b'h\xe3\x13@\x15\x85_h',b'_\xb5M\x82\xdb\xefW\xb0',2021.10.11.08.31.07_veh-50_01750_01948/MergedPointCloud/9c2baac7ceec5f8a.pcd,1633943047699601
b'\xa4\x11X!v`_T',b'\xb2\x03\xec\xfc\xd6|P\xdf',b'\x9c+\xaa\xc7\xce\xec_\x8a',b'\xab\x80\t\x8cl\t\\/',b'h\xe3\x13@\x15\x85_h',b'_\xb5M\x82\xdb\xefW\xb0',2021.10.11.08.31.07_veh-50_01750_01948/MergedPointCloud/a411582176605f54.pcd,1633943047749594
b'\xb2\x03\xec\xfc\xd6|P\xdf',b'\xa7]\xd2\x0c\xbcHW~',b'\xa4\x11X!v`_T',b'\x07\xeb8R\xc9\xd3U\x91',b'h\xe3\x13@\x15\x85_h',b'_\xb5M\x82\xdb\xefW\xb0',2021.10.11.08.31.07_veh-50_01750_01948/MergedPointCloud/b203ecfcd67c50df.pcd,1633943047799588
b'\xa7]\xd2\x0c\xbcHW~',b'\xf6}\x17\x1c2XP4',b'\xb2\x03\xec\xfc\xd6|P\xdf',b'\xf6.\xd4\x16\x91MV\xa1',b'h\xe3\x13@\x15\x85_h',b'_\xb5M\x82\xdb\xefW\xb0',2021.10.11.08.31.07_veh-50_01750_01948/MergedPointCloud/a75dd20cbc48577e.pcd,1633943047849587
b'\xf6}\x17\x1c2XP4',b'\xc8\x18f\xe9L QX',b'\xa7]\xd2\x0c\xbcHW~',b'\\\x90\xa8K\xef|Y\xc1',b'h\xe3\x13@\x15\x85_h',b'_\xb5M\x82\xdb\xefW\xb0',2021.10.11.08.31.07_veh-50_01750_01948/MergedPointCloud/f67d171c32585034.pcd,1633943047899591
b'\xc8\x18f\xe9L QX',b'\xfa\x95\xa7\xa44cS\xc1',b'\xf6}\x17\x1c2XP4',b'\x8bZ>|\xb95V\xbe',b'h\xe3\x13@\x15\x85_h',b'_\xb5M\x82\xdb\xefW\xb0',2021.10.11.08.31.07_veh-50_01750_01948/MergedPointCloud/c81866e94c205158.pcd,1633943047949597
b'\xfa\x95\xa7\xa44cS\xc1',b'\xf36B\xed:\x16S\x07',b'\xc8\x18f\xe9L QX',b'ZN\xf6j\xe4\xcaR\x0f',b'h\xe3\x13@\x15\x85_h',b'_\xb5M\x82\xdb\xefW\xb0',2021.10.11.08.31.07_veh-50_01750_01948/MergedPointCloud/fa95a7a4346353c1.pcd,1633943047999604
b'\xf36B\xed:\x16S\x07',b'3*\xaal\x19\xb9P\x19',b'\xfa\x95\xa7\xa44cS\xc1',b'/\xb1\x01\xa8\x92`R\xe5',b'h\xe3\x13@\x15\x85_h',b'_\xb5M\x82\xdb\xefW\xb0',2021.10.11.08.31.07_veh-50_01750_01948/MergedPointCloud/f33642ed3a165307.pcd,1633943048049611
b'3*\xaal\x19\xb9P\x19',b'\xdd\xdd\xa9)\x86\xccW\xa0',b'\xf36B\xed:\x16S\x07',b'\xc69\x02`\x02oY.',b'h\xe3\x13@\x15\x85_h',b'_\xb5M\x82\xdb\xefW\xb0',2021.10.11.08.31.07_veh-50_01750_01948/MergedPointCloud/332aaa6c19b95019.pcd,1633943048099622
b'\xdd\xdd\xa9)\x86\xccW\xa0',b'\xed7\xf7l\x02\xb3S\xb6',b'3*\xaal\x19\xb9P\x19',b'!*{\xf7\x1fXS\xf6',b'h\xe3\x13@\x15\x85_h',b'_\xb5M\x82\xdb\xefW\xb0',2021.10.11.08.31.07_veh-50_01750_01948/MergedPointCloud/dddda92986cc57a0.pcd,1633943048149634
b'\xed7\xf7l\x02\xb3S\xb6',b'\xeaD\xaf(\xb2\x08Q\x1d',b'\xdd\xdd\xa9)\x86\xccW\xa0',b'\xc5\xf4t\x918)Q\x81',b'h\xe3\x13@\x15\x85_h',b'_\xb5M\x82\xdb\xefW\xb0',2021.10.11.08.31.07_veh-50_01750_01948/MergedPointCloud/ed37f76c02b353b6.pcd,1633943048199649
b'\xeaD\xaf(\xb2\x08Q\x1d',b'\x92\n\xcc\x89O\xb6]\xa0',b'\xed7\xf7l\x02\xb3S\xb6',b'\\i\x8dFX\x10R*',b'h\xe3\x13@\x15\x85_h',b'_\xb5M\x82\xdb\xefW\xb0',2021.10.11.08.31.07_veh-50_01750_01948/MergedPointCloud/ea44af28b208511d.pcd,1633943048249667
b'\x92\n\xcc\x89O\xb6]\xa0',b'\x9ea\xac\xa1b\x9bXP',b'\xeaD\xaf(\xb2\x08Q\x1d',b'\xdd\x88t\xcf\xb4WQf',b'h\xe3\x13@\x15\x85_h',b'_\xb5M\x82\xdb\xefW\xb0',2021.10.11.08.31.07_veh-50_01750_01948/MergedPointCloud/920acc894fb65da0.pcd,1633943048299684
b'\x9ea\xac\xa1b\x9bXP',b'\xcbHig\xff>^%',b'\x92\n\xcc\x89O\xb6]\xa0',b'H\x96\xe1\x9e\xca\xd6];',b'h\xe3\x13@\x15\x85_h',b'_\xb5M\x82\xdb\xefW\xb0',2021.10.11.08.31.07_veh-50_01750_01948/MergedPointCloud/9e61aca1629b5850.pcd,1633943048349702
b'\xcbHig\xff>^%',b'\x16\xb2\xe2\xe7~\xe3X\x02',b'\x9ea\xac\xa1b\x9bXP',b'\xdb\x8a^\x07\x97\x83_u',b'h\xe3\x13@\x15\x85_h',b'_\xb5M\x82\xdb\xefW\xb0',2021.10.11.08.31.07_veh-50_01750_01948/MergedPointCloud/cb486967ff3e5e25.pcd,1633943048399722
b'\x16\xb2\xe2\xe7~\xe3X\x02',b'\xfa\x88\xd8\xe5\x05qS\x0e',b'\xcbHig\xff>^%',b'\xfe\xf0)i\xfc\x84_O',b'h\xe3\x13@\x15\x85_h',b'_\xb5M\x82\xdb\xefW\xb0',2021.10.11.08.31.07_veh-50_01750_01948/MergedPointCloud/16b2e2e77ee35802.pcd,1633943048449742
b'\xfa\x88\xd8\xe5\x05qS\x0e',b'\x03\xd7|\xee\xb8\xdaTY',b'\x16\xb2\xe2\xe7~\xe3X\x02',b'*\r\x0e\x1bK!\\\xa4',b'h\xe3\x13@\x15\x85_h',b'_\xb5M\x82\xdb\xefW\xb0',2021.10.11.08.31.07_veh-50_01750_01948/MergedPointCloud/fa88d8e50571530e.pcd,1633943048499760
b'\x03\xd7|\xee\xb8\xdaTY',b'k+\x8c\xdet\xb2_\xf8',b'\xfa\x88\xd8\xe5\x05qS\x0e',b'\xaa\x14\xca\xb5J7T\xd4',b'h\xe3\x13@\x15\x85_h',b'_\xb5M\x82\xdb\xefW\xb0',2021.10.11.08.31.07_veh-50_01750_01948/MergedPointCloud/03d77ceeb8da5459.pcd,1633943048549777
b'k+\x8c\xdet\xb2_\xf8',b'2j:\xcf\x82\xb1Q\xa4',b'\x03\xd7|\xee\xb8\xdaTY',b'\xb7\x11\x82\xb4\x83`R|',b'h\xe3\x13@\x15\x85_h',b'_\xb5M\x82\xdb\xefW\xb0',2021.10.11.08.31.07_veh-50_01750_01948/MergedPointCloud/6b2b8cde74b25ff8.pcd,1633943048599792
b'2j:\xcf\x82\xb1Q\xa4',b'|C\x15\xb3\xef\x87P\xb5',b'k+\x8c\xdet\xb2_\xf8',b'M;\xe2q\x9dCW@',b'h\xe3\x13@\x15\x85_h',b'_\xb5M\x82\xdb\xefW\xb0',2021.10.11.08.31.07_veh-50_01750_01948/MergedPointCloud/326a3acf82b151a4.pcd,1633943048649808
b'|C\x15\xb3\xef\x87P\xb5',b'za\x81\x1cmVVd',b'2j:\xcf\x82\xb1Q\xa4',b'\xde|:\xe0\x87\x87_\xcf',b'h\xe3\x13@\x15\x85_h',b'_\xb5M\x82\xdb\xefW\xb0',2021.10.11.08.31.07_veh-50_01750_01948/MergedPointCloud/7c4315b3ef8750b5.pcd,1633943048699824
b'za\x81\x1cmVVd',b'>\xd8t;M\x8d[N',b'|C\x15\xb3\xef\x87P\xb5',b'\x04\xe1SQ\x81hW\x8e',b'h\xe3\x13@\x15\x85_h',b'_\xb5M\x82\xdb\xefW\xb0',2021.10.11.08.31.07_veh-50_01750_01948/MergedPointCloud/7a61811c6d565664.pcd,1633943048749840
b'>\xd8t;M\x8d[N',b'3\xc9 \xca-\xadYw',b'za\x81\x1cmVVd',b'@f\xda\x88\x83\x12U\xbd',b'h\xe3\x13@\x15\x85_h',b'_\xb5M\x82\xdb\xefW\xb0',2021.10.11.08.31.07_veh-50_01750_01948/MergedPointCloud/3ed8743b4d8d5b4e.pcd,1633943048799854
b'3\xc9 \xca-\xadYw',b'53\xaaR~Z\\\x8d',b'>\xd8t;M\x8d[N',b'i\xc8\x8a\xfb\x0e\x9cV\xb8',b'h\xe3\x13@\x15\x85_h',b'_\xb5M\x82\xdb\xefW\xb0',2021.10.11.08.31.07_veh-50_01750_01948/MergedPointCloud/33c920ca2dad5977.pcd,1633943048849866
b'53\xaaR~Z\\\x8d',b'\xa0\x15\r\xb9Y[\\\xc6',b'3\xc9 \xca-\xadYw',b'Q7\xbd\xbaj\xf2X5',b'h\xe3\x13@\x15\x85_h',b'_\xb5M\x82\xdb\xefW\xb0',2021.10.11.08.31.07_veh-50_01750_01948/MergedPointCloud/3533aa527e5a5c8d.pcd,1633943048899876
b'\xa0\x15\r\xb9Y[\\\xc6',b'wTy\xe7\x84n^\x92',b'53\xaaR~Z\\\x8d',"b'$*,b\xf3\x91P\x19'",b'h\xe3\x13@\x15\x85_h',b'_\xb5M\x82\xdb\xefW\xb0',2021.10.11.08.31.07_veh-50_01750_01948/MergedPointCloud/a0150db9595b5cc6.pcd,1633943048949887
b'wTy\xe7\x84n^\x92',b'\x85<\xad\x1e\x80\x18W-',b'\xa0\x15\r\xb9Y[\\\xc6',b'1\xcfrh\xf5a^\xf9',b'h\xe3\x13@\x15\x85_h',b'_\xb5M\x82\xdb\xefW\xb0',2021.10.11.08.31.07_veh-50_01750_01948/MergedPointCloud/775479e7846e5e92.pcd,1633943048999897
b'\x85<\xad\x1e\x80\x18W-',b'U\xc9D\xf9WnYG',b'wTy\xe7\x84n^\x92',b'xz5\xdfKzV\xc0',b'h\xe3\x13@\x15\x85_h',b'_\xb5M\x82\xdb\xefW\xb0',2021.10.11.08.31.07_veh-50_01750_01948/MergedPointCloud/853cad1e8018572d.pcd,1633943049049908
b'U\xc9D\xf9WnYG',b'\xb6\xfa\x81\xd8Y\xd2X\x08',b'\x85<\xad\x1e\x80\x18W-',b'G\xc5:\x94CV_\x08',b'h\xe3\x13@\x15\x85_h',b'_\xb5M\x82\xdb\xefW\xb0',2021.10.11.08.31.07_veh-50_01750_01948/MergedPointCloud/55c944f9576e5947.pcd,1633943049099915
b'\xb6\xfa\x81\xd8Y\xd2X\x08',b'5k\xa5\xff\x04)_\xd5',b'U\xc9D\xf9WnYG',b'7\xb0W\xbf\x89\xe9T\x9a',b'h\xe3\x13@\x15\x85_h',b'_\xb5M\x82\xdb\xefW\xb0',2021.10.11.08.31.07_veh-50_01750_01948/MergedPointCloud/b6fa81d859d25808.pcd,1633943049149920
b'5k\xa5\xff\x04)_\xd5',b'a\x11\x14}\x04<Q\xfc',b'\xb6\xfa\x81\xd8Y\xd2X\x08',b'\t\x16\xef C\x8eP\xc1',b'h\xe3\x13@\x15\x85_h',b'_\xb5M\x82\xdb\xefW\xb0',2021.10.11.08.31.07_veh-50_01750_01948/MergedPointCloud/356ba5ff04295fd5.pcd,1633943049199925
b'a\x11\x14}\x04<Q\xfc',b'\x8d\xecnK$\x12[5',b'5k\xa5\xff\x04)_\xd5',b'80\xd3\xe34\xbcVu',b'h\xe3\x13@\x15\x85_h',b'_\xb5M\x82\xdb\xefW\xb0',2021.10.11.08.31.07_veh-50_01750_01948/MergedPointCloud/6111147d043c51fc.pcd,1633943049249931
b'\x8d\xecnK$\x12[5',b']\x87\xc4g\xec\xc0U-',b'a\x11\x14}\x04<Q\xfc',b'F\xeb\xb9;\\jPX',b'h\xe3\x13@\x15\x85_h',b'_\xb5M\x82\xdb\xefW\xb0',2021.10.11.08.31.07_veh-50_01750_01948/MergedPointCloud/8dec6e4b24125b35.pcd,1633943049299939
b']\x87\xc4g\xec\xc0U-',b'\xa1\xedM\xd0\x04\x00Z\xb6',b'\x8d\xecnK$\x12[5',b'\xdb\x9a\xdd\xd3\xf8.]\xff',b'h\xe3\x13@\x15\x85_h',b'_\xb5M\x82\xdb\xefW\xb0',2021.10.11.08.31.07_veh-50_01750_01948/MergedPointCloud/5d87c467ecc0552d.pcd,1633943049349950
b'\xa1\xedM\xd0\x04\x00Z\xb6',b'z\x12Z\x1biLS\x05',b']\x87\xc4g\xec\xc0U-',b's\n~\xfe6C_\xf8',b'h\xe3\x13@\x15\x85_h',b'_\xb5M\x82\xdb\xefW\xb0',2021.10.11.08.31.07_veh-50_01750_01948/MergedPointCloud/a1ed4dd004005ab6.pcd,1633943049399961
b'z\x12Z\x1biLS\x05',b'\xd5\x83\r\x1frh_&',b'\xa1\xedM\xd0\x04\x00Z\xb6',b'\x02\x0f\xcc8T\xa9XO',b'h\xe3\x13@\x15\x85_h',b'_\xb5M\x82\xdb\xefW\xb0',2021.10.11.08.31.07_veh-50_01750_01948/MergedPointCloud/7a125a1b694c5305.pcd,1633943049449972
b'\xd5\x83\r\x1frh_&',b'5\x16\xfe\xc7\x98\xacZ\xfd',b'z\x12Z\x1biLS\x05',b'\xc3Y\xcb\x91\r\x8fS\x08',b'h\xe3\x13@\x15\x85_h',b'_\xb5M\x82\xdb\xefW\xb0',2021.10.11.08.31.07_veh-50_01750_01948/MergedPointCloud/d5830d1f72685f26.pcd,1633943049499981
b'5\x16\xfe\xc7\x98\xacZ\xfd',b'\x04\x7f\x1b1\x17\xa7S\xac',b'\xd5\x83\r\x1frh_&',b'\xad\xe8)^\xf3\xa7T\x83',b'h\xe3\x13@\x15\x85_h',b'_\xb5M\x82\xdb\xefW\xb0',2021.10.11.08.31.07_veh-50_01750_01948/MergedPointCloud/3516fec798ac5afd.pcd,1633943049549989
b'\x04\x7f\x1b1\x17\xa7S\xac',"b""\x1e7'\x030\x8c_\xe9""",b'5\x16\xfe\xc7\x98\xacZ\xfd',b'\x00\xb3\x8c\xa9\xa2\x1bTL',b'h\xe3\x13@\x15\x85_h',b'_\xb5M\x82\xdb\xefW\xb0',2021.10.11.08.31.07_veh-50_01750_01948/MergedPointCloud/047f1b3117a753ac.pcd,1633943049599996
"b""\x1e7'\x030\x8c_\xe9""","b'\xfbq\xd4\xda,2S\xb3'",b'\x04\x7f\x1b1\x17\xa7S\xac',b'8x\xf3\xe2N\x04WS',b'h\xe3\x13@\x15\x85_h',b'_\xb5M\x82\xdb\xefW\xb0',2021.10.11.08.31.07_veh-50_01750_01948/MergedPointCloud/1e372703308c5fe9.pcd,1633943049650001
"b'\xfbq\xd4\xda,2S\xb3'",b'L\x00Jr<\xa7Y ',"b""\x1e7'\x030\x8c_\xe9""",b'ww\x06\xe0\x95AZ>',b'h\xe3\x13@\x15\x85_h',b'_\xb5M\x82\xdb\xefW\xb0',2021.10.11.08.31.07_veh-50_01750_01948/MergedPointCloud/fb71d4da2c3253b3.pcd,1633943049700002
b'L\x00Jr<\xa7Y ',b'\xb2\xa0\xaf\x16\t.[\x8d',"b'\xfbq\xd4\xda,2S\xb3'",b'\xcfX\xecE\x88\x93X\xdc',b'h\xe3\x13@\x15\x85_h',b'_\xb5M\x82\xdb\xefW\xb0',2021.10.11.08.31.07_veh-50_01750_01948/MergedPointCloud/4c004a723ca75920.pcd,1633943049750001
b'\xb2\xa0\xaf\x16\t.[\x8d',b'\xa3F\x8a\xda\x9d\xdfX\xb0',b'L\x00Jr<\xa7Y ',b'\xa2\xfbS[\xebFU\x8f',b'h\xe3\x13@\x15\x85_h',b'_\xb5M\x82\xdb\xefW\xb0',2021.10.11.08.31.07_veh-50_01750_01948/MergedPointCloud/b2a0af16092e5b8d.pcd,1633943049799994
b'\xa3F\x8a\xda\x9d\xdfX\xb0',b'\x84JIY\x94\xc5V1',b'\xb2\xa0\xaf\x16\t.[\x8d',b'\x93\xa3@+;tU?',b'h\xe3\x13@\x15\x85_h',b'_\xb5M\x82\xdb\xefW\xb0',2021.10.11.08.31.07_veh-50_01750_01948/MergedPointCloud/a3468ada9ddf58b0.pcd,1633943049849984
b'\x84JIY\x94\xc5V1',b'Q\xc4\xabk\x01\x93UU',b'\xa3F\x8a\xda\x9d\xdfX\xb0',b'B\x98\xa9.\x17#TJ',b'h\xe3\x13@\x15\x85_h',b'_\xb5M\x82\xdb\xefW\xb0',2021.10.11.08.31.07_veh-50_01750_01948/MergedPointCloud/844a495994c55631.pcd,1633943049899968
b'Q\xc4\xabk\x01\x93UU',b'\xb5\xbfn\xdc\n\x15WU',b'\x84JIY\x94\xc5V1',b'\xa0\x06;u\xb74R0',b'h\xe3\x13@\x15\x85_h',b'_\xb5M\x82\xdb\xefW\xb0',2021.10.11.08.31.07_veh-50_01750_01948/MergedPointCloud/51c4ab6b01935555.pcd,1633943049949949
b'\xb5\xbfn\xdc\n\x15WU',b'\xb6\t\xb3(\xfaHV\x0f',b'Q\xc4\xabk\x01\x93UU',b'\xf4\xc87\x1b\x0b\xb6Z\xb9',b'h\xe3\x13@\x15\x85_h',b'_\xb5M\x82\xdb\xefW\xb0',2021.10.11.08.31.07_veh-50_01750_01948/MergedPointCloud/b5bf6edc0a155755.pcd,1633943049999927
b'\xb6\t\xb3(\xfaHV\x0f',b'\x93\xbe\x840~hP\xac',b'\xb5\xbfn\xdc\n\x15WU',b'\x1f\xef\x83\x9e06R\xa5',b'h\xe3\x13@\x15\x85_h',b'_\xb5M\x82\xdb\xefW\xb0',2021.10.11.08.31.07_veh-50_01750_01948/MergedPointCloud/b609b328fa48560f.pcd,1633943050049904
b'\x93\xbe\x840~hP\xac',b'\xfbXj\x99|\xedY\xbb',b'\xb6\t\xb3(\xfaHV\x0f',b'o\xc4\xd3%\x0c\x0cU\x94',b'h\xe3\x13@\x15\x85_h',b'_\xb5M\x82\xdb\xefW\xb0',2021.10.11.08.31.07_veh-50_01750_01948/MergedPointCloud/93be84307e6850ac.pcd,1633943050099882
b'\xfbXj\x99|\xedY\xbb',b'~\xde\xc0LS\\Z}',b'\x93\xbe\x840~hP\xac',b'\x8a>\x8b\x04\xb5\xa9^[',b'h\xe3\x13@\x15\x85_h',b'_\xb5M\x82\xdb\xefW\xb0',2021.10.11.08.31.07_veh-50_01750_01948/MergedPointCloud/fb586a997ced59bb.pcd,1633943050149858
b'~\xde\xc0LS\\Z}',b'\xc2\xe6\xba\xda#-P\xc7',b'\xfbXj\x99|\xedY\xbb',b'\x1e\x8d*\xb3\x8f\x00R\xc5',b'h\xe3\x13@\x15\x85_h',b'_\xb5M\x82\xdb\xefW\xb0',2021.10.11.08.31.07_veh-50_01750_01948/MergedPointCloud/7edec04c535c5a7d.pcd,1633943050199833
b'\xc2\xe6\xba\xda#-P\xc7',b'\xb6\xa9g\xf3\x02\xdb\\\xb0',b'~\xde\xc0LS\\Z}',b'\x08\x9f\xec\xcfl%Pr',b'h\xe3\x13@\x15\x85_h',b'_\xb5M\x82\xdb\xefW\xb0',2021.10.11.08.31.07_veh-50_01750_01948/MergedPointCloud/c2e6bada232d50c7.pcd,1633943050249807
b'\xb6\xa9g\xf3\x02\xdb\\\xb0',b'D\x03\xfad\x13\x99V\xa2',b'\xc2\xe6\xba\xda#-P\xc7',b'\xa2\xa4*f\xff\xbf\\<',b'h\xe3\x13@\x15\x85_h',b'_\xb5M\x82\xdb\xefW\xb0',2021.10.11.08.31.07_veh-50_01750_01948/MergedPointCloud/b6a967f302db5cb0.pcd,1633943050299782
b'D\x03\xfad\x13\x99V\xa2',b'1\xcc\x11O\xf8=Ze',b'\xb6\xa9g\xf3\x02\xdb\\\xb0',b'\xa3_\xe5IV\xb6[\x1b',b'h\xe3\x13@\x15\x85_h',b'_\xb5M\x82\xdb\xefW\xb0',2021.10.11.08.31.07_veh-50_01750_01948/MergedPointCloud/4403fa64139956a2.pcd,1633943050349754
b'1\xcc\x11O\xf8=Ze',b'qB\x07\xcf\x11\xe1[\xc5',b'D\x03\xfad\x13\x99V\xa2',b'\xea\x9d\x06\xf5\xb6\x9aP\n',b'h\xe3\x13@\x15\x85_h',b'_\xb5M\x82\xdb\xefW\xb0',2021.10.11.08.31.07_veh-50_01750_01948/MergedPointCloud/31cc114ff83d5a65.pcd,1633943050399724
b'qB\x07\xcf\x11\xe1[\xc5',b'a\x84\r\xc4:3\\@',b'1\xcc\x11O\xf8=Ze',b'm\\\x1c\xe1\xb4HP\x98',b'h\xe3\x13@\x15\x85_h',b'_\xb5M\x82\xdb\xefW\xb0',2021.10.11.08.31.07_veh-50_01750_01948/MergedPointCloud/714207cf11e15bc5.pcd,1633943050449691
b'a\x84\r\xc4:3\\@',"b'\xf6\x82"",\x05\x90^9'",b'qB\x07\xcf\x11\xe1[\xc5',b'Z\x18\xb1\x83v\xa1U\xff',b'h\xe3\x13@\x15\x85_h',b'_\xb5M\x82\xdb\xefW\xb0',2021.10.11.08.31.07_veh-50_01750_01948/MergedPointCloud/61840dc43a335c40.pcd,1633943050499656
"b'\xf6\x82"",\x05\x90^9'",b'\xcc\r@\x9b_\x8cX\xdc',b'a\x84\r\xc4:3\\@',b'\xea(\xbfY\xf3\xa5S?',b'h\xe3\x13@\x15\x85_h',b'_\xb5M\x82\xdb\xefW\xb0',2021.10.11.08.31.07_veh-50_01750_01948/MergedPointCloud/f682222c05905e39.pcd,1633943050549626
b'\xcc\r@\x9b_\x8cX\xdc',b'\x0e\xd8\xc7\x83n+^U',"b'\xf6\x82"",\x05\x90^9'",b'\x13\x886OB\xca^Z',b'h\xe3\x13@\x15\x85_h',b'_\xb5M\x82\xdb\xefW\xb0',2021.10.11.08.31.07_veh-50_01750_01948/MergedPointCloud/cc0d409b5f8c58dc.pcd,1633943050599600
b'\x0e\xd8\xc7\x83n+^U',b'X\xf0\xc8jo\xce^\x9b',b'\xcc\r@\x9b_\x8cX\xdc',b'\xd1\x87Zn\x05\xf8^\x8d',b'h\xe3\x13@\x15\x85_h',b'_\xb5M\x82\xdb\xefW\xb0',2021.10.11.08.31.07_veh-50_01750_01948/MergedPointCloud/0ed8c7836e2b5e55.pcd,1633943050649575
b'X\xf0\xc8jo\xce^\x9b',b'\r\xe7\xda\xab\xe1\xfaT:',b'\x0e\xd8\xc7\x83n+^U',b'h\x92\x02\n*!S\xc9',b'h\xe3\x13@\x15\x85_h',b'_\xb5M\x82\xdb\xefW\xb0',2021.10.11.08.31.07_veh-50_01750_01948/MergedPointCloud/58f0c86a6fce5e9b.pcd,1633943050699551
b'\r\xe7\xda\xab\xe1\xfaT:',b'Vb\xdb\xa36\x00W[',b'X\xf0\xc8jo\xce^\x9b',b'R6\x99\xd7\x88_V\xb5',b'h\xe3\x13@\x15\x85_h',b'_\xb5M\x82\xdb\xefW\xb0',2021.10.11.08.31.07_veh-50_01750_01948/MergedPointCloud/0de7daabe1fa543a.pcd,1633943050749527
b'Vb\xdb\xa36\x00W[',b'\xf4\x9f\xd3\xa3\xe3\xdb[l',b'\r\xe7\xda\xab\xe1\xfaT:',b']\xb3\x15\xd7\x9b\xdfYv',b'h\xe3\x13@\x15\x85_h',b'_\xb5M\x82\xdb\xefW\xb0',2021.10.11.08.31.07_veh-50_01750_01948/MergedPointCloud/5662dba33600575b.pcd,1633943050799506
b'\xf4\x9f\xd3\xa3\xe3\xdb[l',b'\xa5\x86\xfb\xdd<\xf0T\xe9',b'Vb\xdb\xa36\x00W[',b'\xe39\xf8v\x7f\xbaS>',b'h\xe3\x13@\x15\x85_h',b'_\xb5M\x82\xdb\xefW\xb0',2021.10.11.08.31.07_veh-50_01750_01948/MergedPointCloud/f49fd3a3e3db5b6c.pcd,1633943050849486
b'\xa5\x86\xfb\xdd<\xf0T\xe9',b'#\xb3\xed\xdf\x7fn_\xda',b'\xf4\x9f\xd3\xa3\xe3\xdb[l',b'\xb1\r\xda\xf8O\x1dWZ',b'h\xe3\x13@\x15\x85_h',b'_\xb5M\x82\xdb\xefW\xb0',2021.10.11.08.31.07_veh-50_01750_01948/MergedPointCloud/a586fbdd3cf054e9.pcd,1633943050899467
b'#\xb3\xed\xdf\x7fn_\xda',b'\xe4\x89\xa4Y\xcerU.',b'\xa5\x86\xfb\xdd<\xf0T\xe9',b'V\x83\xf2\xe4d|^0',b'h\xe3\x13@\x15\x85_h',b'_\xb5M\x82\xdb\xefW\xb0',2021.10.11.08.31.07_veh-50_01750_01948/MergedPointCloud/23b3eddf7f6e5fda.pcd,1633943050949445
b'\xe4\x89\xa4Y\xcerU.',b'\xce\x08s\xa4\xa3\\YA',b'#\xb3\xed\xdf\x7fn_\xda',b'\xb93\xdbN\xb2\xd7[\x0e',b'h\xe3\x13@\x15\x85_h',b'_\xb5M\x82\xdb\xefW\xb0',2021.10.11.08.31.07_veh-50_01750_01948/MergedPointCloud/e489a459ce72552e.pcd,1633943050999418
b'\xce\x08s\xa4\xa3\\YA',b'C\xe0\x17\xdb\xe1\xadTL',b'\xe4\x89\xa4Y\xcerU.',b'\xb6C\xf8\xc2\xa6&S\t',b'h\xe3\x13@\x15\x85_h',b'_\xb5M\x82\xdb\xefW\xb0',2021.10.11.08.31.07_veh-50_01750_01948/MergedPointCloud/ce0873a4a35c5941.pcd,1633943051049389
b'C\xe0\x17\xdb\xe1\xadTL',b'i\xf2\xbdz\xb4\x82Z|',b'\xce\x08s\xa4\xa3\\YA',b'\xc3\x87+k\x83MV!',b'h\xe3\x13@\x15\x85_h',b'_\xb5M\x82\xdb\xefW\xb0',2021.10.11.08.31.07_veh-50_01750_01948/MergedPointCloud/43e017dbe1ad544c.pcd,1633943051099361
b'i\xf2\xbdz\xb4\x82Z|',b'F\xe4\xc3\n\xff\xc4V\xd6',b'C\xe0\x17\xdb\xe1\xadTL',b'+\xbdDmR\x1eWd',b'h\xe3\x13@\x15\x85_h',b'_\xb5M\x82\xdb\xefW\xb0',2021.10.11.08.31.07_veh-50_01750_01948/MergedPointCloud/69f2bd7ab4825a7c.pcd,1633943051149335
b'F\xe4\xc3\n\xff\xc4V\xd6',b'\xe5\xaaJ\x88\xd5\xa3]\xcc',b'i\xf2\xbdz\xb4\x82Z|',b'&\xdd\x10\xd6?\xdbP\x00',b'h\xe3\x13@\x15\x85_h',b'_\xb5M\x82\xdb\xefW\xb0',2021.10.11.08.31.07_veh-50_01750_01948/MergedPointCloud/46e4c30affc456d6.pcd,1633943051199314
b'\xe5\xaaJ\x88\xd5\xa3]\xcc',b'H\xfb\xf6\xf5\xb6\x81^\x07',b'F\xe4\xc3\n\xff\xc4V\xd6',b'B\xfd\x16\xe1\xc0`T[',b'h\xe3\x13@\x15\x85_h',b'_\xb5M\x82\xdb\xefW\xb0',2021.10.11.08.31.07_veh-50_01750_01948/MergedPointCloud/e5aa4a88d5a35dcc.pcd,1633943051249296
b'H\xfb\xf6\xf5\xb6\x81^\x07',b'\xd1\xa1\x97<+\xf8Sp',b'\xe5\xaaJ\x88\xd5\xa3]\xcc',b'A]w\x99\x93CR\x0c',b'h\xe3\x13@\x15\x85_h',b'_\xb5M\x82\xdb\xefW\xb0',2021.10.11.08.31.07_veh-50_01750_01948/MergedPointCloud/48fbf6f5b6815e07.pcd,1633943051299281
b'\xd1\xa1\x97<+\xf8Sp',b'\r\xd5\x9b\xd2\r\xf4T[',b'H\xfb\xf6\xf5\xb6\x81^\x07',b'\xcd\xbe5\x1f\x81\xccT\xae',b'h\xe3\x13@\x15\x85_h',b'_\xb5M\x82\xdb\xefW\xb0',2021.10.11.08.31.07_veh-50_01750_01948/MergedPointCloud/d1a1973c2bf85370.pcd,1633943051349268
b'\r\xd5\x9b\xd2\r\xf4T[',b'\xd6\x1fz(\x92\xbc_\t',b'\xd1\xa1\x97<+\xf8Sp',"b""\xfb\x15\xa6\x8d\xe6'S\x17""",b'h\xe3\x13@\x15\x85_h',b'_\xb5M\x82\xdb\xefW\xb0',2021.10.11.08.31.07_veh-50_01750_01948/MergedPointCloud/0dd59bd20df4545b.pcd,1633943051399260
b'\xd6\x1fz(\x92\xbc_\t',b'\xc8Q \x9d\xf7\x13])',b'\r\xd5\x9b\xd2\r\xf4T[',"b'\xaf\xfc7""?)Q\xa8'",b'h\xe3\x13@\x15\x85_h',b'_\xb5M\x82\xdb\xefW\xb0',2021.10.11.08.31.07_veh-50_01750_01948/MergedPointCloud/d61f7a2892bc5f09.pcd,1633943051449257
b'\xc8Q \x9d\xf7\x13])',b'\xc0\xbb1y\xdc\x01S\x80',b'\xd6\x1fz(\x92\xbc_\t',b'\x00@1\xacC\xc6[\xe8',b'h\xe3\x13@\x15\x85_h',b'_\xb5M\x82\xdb\xefW\xb0',2021.10.11.08.31.07_veh-50_01750_01948/MergedPointCloud/c851209df7135d29.pcd,1633943051499260
b'\xc0\xbb1y\xdc\x01S\x80',b'\x05x\xd2\xe5\xa0-Z\xcd',b'\xc8Q \x9d\xf7\x13])',b'\x7fc\x7f\xfa\xf8\x83S\xb7',b'h\xe3\x13@\x15\x85_h',b'_\xb5M\x82\xdb\xefW\xb0',2021.10.11.08.31.07_veh-50_01750_01948/MergedPointCloud/c0bb3179dc015380.pcd,1633943051549269
b'\x05x\xd2\xe5\xa0-Z\xcd',b'\x9c>\xedE\xabuST',b'\xc0\xbb1y\xdc\x01S\x80',b'\xd4r\xff\xfeH7S\x14',b'h\xe3\x13@\x15\x85_h',b'_\xb5M\x82\xdb\xefW\xb0',2021.10.11.08.31.07_veh-50_01750_01948/MergedPointCloud/0578d2e5a02d5acd.pcd,1633943051599285
b'\x9c>\xedE\xabuST',b'\xc0\x8bm\xcaZ\xe9W\xfa',b'\x05x\xd2\xe5\xa0-Z\xcd',b'\xa1v_\xd2(\x06S\x15',b'h\xe3\x13@\x15\x85_h',b'_\xb5M\x82\xdb\xefW\xb0',2021.10.11.08.31.07_veh-50_01750_01948/MergedPointCloud/9c3eed45ab755354.pcd,1633943051649304
b'\xc0\x8bm\xcaZ\xe9W\xfa',b'\x9b4\x82\xb1<oS\xe3',b'\x9c>\xedE\xabuST',b' \x9f\xd78E\x17R:',b'h\xe3\x13@\x15\x85_h',b'_\xb5M\x82\xdb\xefW\xb0',2021.10.11.08.31.07_veh-50_01750_01948/MergedPointCloud/c08b6dca5ae957fa.pcd,1633943051699326
b'\x9b4\x82\xb1<oS\xe3',b'l\x00\xc1\xdc\xf2\x86^R',b'\xc0\x8bm\xcaZ\xe9W\xfa',b'\xe0\x96z\xde\xb1\xeeV\xf4',b'h\xe3\x13@\x15\x85_h',b'_\xb5M\x82\xdb\xefW\xb0',2021.10.11.08.31.07_veh-50_01750_01948/MergedPointCloud/9b3482b13c6f53e3.pcd,1633943051749352
b'l\x00\xc1\xdc\xf2\x86^R',b'\xf3\xe0\xf3\xcd\xb6\x12[\x16',b'\x9b4\x82\xb1<oS\xe3',b'Y\x1dJo\xac\x0c[*',b'h\xe3\x13@\x15\x85_h',b'_\xb5M\x82\xdb\xefW\xb0',2021.10.11.08.31.07_veh-50_01750_01948/MergedPointCloud/6c00c1dcf2865e52.pcd,1633943051799380
b'\xf3\xe0\xf3\xcd\xb6\x12[\x16',b'\x06\xedP7\xa72U\x02',b'l\x00\xc1\xdc\xf2\x86^R',b'\xdaW=\xbb<\x7fX\xc0',b'h\xe3\x13@\x15\x85_h',b'_\xb5M\x82\xdb\xefW\xb0',2021.10.11.08.31.07_veh-50_01750_01948/MergedPointCloud/f3e0f3cdb6125b16.pcd,1633943051849410
b'\x06\xedP7\xa72U\x02',b'\t\xfb\xde\x00\xef!Tx',b'\xf3\xe0\xf3\xcd\xb6\x12[\x16',b'\xd2&\xa9\xa4\x10\x0eY\xa1',b'h\xe3\x13@\x15\x85_h',b'_\xb5M\x82\xdb\xefW\xb0',2021.10.11.08.31.07_veh-50_01750_01948/MergedPointCloud/06ed5037a7325502.pcd,1633943051899441
b'\t\xfb\xde\x00\xef!Tx',b'\x90\xe2CX;\xbbS&',b'\x06\xedP7\xa72U\x02',b'\xb7&\xb7>\x95\xa5]\xd8',b'h\xe3\x13@\x15\x85_h',b'_\xb5M\x82\xdb\xefW\xb0',2021.10.11.08.31.07_veh-50_01750_01948/MergedPointCloud/09fbde00ef215478.pcd,1633943051949475
b'\x90\xe2CX;\xbbS&',b'\xfeg\x1b h\xf2Q.',b'\t\xfb\xde\x00\xef!Tx',b'P\xb4\xdc9e\x98Q\xe9',b'h\xe3\x13@\x15\x85_h',b'_\xb5M\x82\xdb\xefW\xb0',2021.10.11.08.31.07_veh-50_01750_01948/MergedPointCloud/90e243583bbb5326.pcd,1633943051999511
b'\xfeg\x1b h\xf2Q.',b'0\xe4m\xe4l\rP\xfd',b'\x90\xe2CX;\xbbS&',b';\x80\xfd%\xfe\x87\\ ',b'h\xe3\x13@\x15\x85_h',b'_\xb5M\x82\xdb\xefW\xb0',2021.10.11.08.31.07_veh-50_01750_01948/MergedPointCloud/fe671b2068f2512e.pcd,1633943052049550
b'0\xe4m\xe4l\rP\xfd',b'6\x80&\xc3eXU)',b'\xfeg\x1b h\xf2Q.',b')@\xf2\xc8\xee\xac^:',b'h\xe3\x13@\x15\x85_h',b'_\xb5M\x82\xdb\xefW\xb0',2021.10.11.08.31.07_veh-50_01750_01948/MergedPointCloud/30e46de46c0d50fd.pcd,1633943052099592
b'6\x80&\xc3eXU)',b'\x9c\xba\xbb]\xc1\x05^\x8b',b'0\xe4m\xe4l\rP\xfd',b'\xbcg\x01\xb0\x7f\xa3\\\x97',b'h\xe3\x13@\x15\x85_h',b'_\xb5M\x82\xdb\xefW\xb0',2021.10.11.08.31.07_veh-50_01750_01948/MergedPointCloud/368026c365585529.pcd,1633943052149638
b'\x9c\xba\xbb]\xc1\x05^\x8b',b'|\x17\xa9\x1d\x0e\\Q\xd2',b'6\x80&\xc3eXU)',b'Xbe\xed2\xa8V\x89',b'h\xe3\x13@\x15\x85_h',b'_\xb5M\x82\xdb\xefW\xb0',2021.10.11.08.31.07_veh-50_01750_01948/MergedPointCloud/9cbabb5dc1055e8b.pcd,1633943052199687
b'|\x17\xa9\x1d\x0e\\Q\xd2',b'\x9b\xda@\xf9\x86yV0',b'\x9c\xba\xbb]\xc1\x05^\x8b',b'\x888\x87x!\\_\x9b',b'h\xe3\x13@\x15\x85_h',b'_\xb5M\x82\xdb\xefW\xb0',2021.10.11.08.31.07_veh-50_01750_01948/MergedPointCloud/7c17a91d0e5c51d2.pcd,1633943052249735
b'\x9b\xda@\xf9\x86yV0',b'\xa4\xe1n\xcfn\xb8\\\xde',b'|\x17\xa9\x1d\x0e\\Q\xd2',b'\xe0<\xa4\xfcs{]@',b'h\xe3\x13@\x15\x85_h',b'_\xb5M\x82\xdb\xefW\xb0',2021.10.11.08.31.07_veh-50_01750_01948/MergedPointCloud/9bda40f986795630.pcd,1633943052299778
b'\xa4\xe1n\xcfn\xb8\\\xde',b'\xa0\x1e\xc92\xb9\x08S\xa8',b'\x9b\xda@\xf9\x86yV0',b'\x12\xb3\xdc\xc20\xeb[\x0b',b'h\xe3\x13@\x15\x85_h',b'_\xb5M\x82\xdb\xefW\xb0',2021.10.11.08.31.07_veh-50_01750_01948/MergedPointCloud/a4e16ecf6eb85cde.pcd,1633943052349818
b'\xa0\x1e\xc92\xb9\x08S\xa8',"b',\x06\x10\xcb\x1a__\x11'",b'\xa4\xe1n\xcfn\xb8\\\xde',"b""'\xbe[\xf4\xaa|U\xb9""",b'h\xe3\x13@\x15\x85_h',b'_\xb5M\x82\xdb\xefW\xb0',2021.10.11.08.31.07_veh-50_01750_01948/MergedPointCloud/a01ec932b90853a8.pcd,1633943052399858
"b',\x06\x10\xcb\x1a__\x11'",b'\x13\xfbx\xe4G\xda_+',b'\xa0\x1e\xc92\xb9\x08S\xa8',b'j\x170\xc1\xe7\xe6^2',b'h\xe3\x13@\x15\x85_h',b'_\xb5M\x82\xdb\xefW\xb0',2021.10.11.08.31.07_veh-50_01750_01948/MergedPointCloud/2c0610cb1a5f5f11.pcd,1633943052449897
b'\x13\xfbx\xe4G\xda_+',b'\xd9\xd2\x13\x90\xb2K\\\xf6',"b',\x06\x10\xcb\x1a__\x11'",b'\x0b]d\x1f\xb2p[F',b'h\xe3\x13@\x15\x85_h',b'_\xb5M\x82\xdb\xefW\xb0',2021.10.11.08.31.07_veh-50_01750_01948/MergedPointCloud/13fb78e447da5f2b.pcd,1633943052499934
b'\xd9\xd2\x13\x90\xb2K\\\xf6',b'\xfc5\xb4\x0f\x0cd]\xc8',b'\x13\xfbx\xe4G\xda_+',b'\xec{\x05\xbd\xa0\x02W\xf7',b'h\xe3\x13@\x15\x85_h',b'_\xb5M\x82\xdb\xefW\xb0',2021.10.11.08.31.07_veh-50_01750_01948/MergedPointCloud/d9d21390b24b5cf6.pcd,1633943052549973
b'\xfc5\xb4\x0f\x0cd]\xc8',"b'\xab\xcd5\x02\xc3,T\x17'",b'\xd9\xd2\x13\x90\xb2K\\\xf6',"b'\x7f\xc0\xb9,\xf6\x94[\xaa'",b'h\xe3\x13@\x15\x85_h',b'_\xb5M\x82\xdb\xefW\xb0',2021.10.11.08.31.07_veh-50_01750_01948/MergedPointCloud/fc35b40f0c645dc8.pcd,1633943052600012
"b'\xab\xcd5\x02\xc3,T\x17'",b'\x7f\x02\xc1\xe6\x16jX\x84',b'\xfc5\xb4\x0f\x0cd]\xc8',b'\x9e>8\xe8\x12lY\x7f',b'h\xe3\x13@\x15\x85_h',b'_\xb5M\x82\xdb\xefW\xb0',2021.10.11.08.31.07_veh-50_01750_01948/MergedPointCloud/abcd3502c32c5417.pcd,1633943052650054
b'\x7f\x02\xc1\xe6\x16jX\x84',b'N\x05\x9d\x01?\x8f_\xbc',"b'\xab\xcd5\x02\xc3,T\x17'",b'\xbd\xa9\x93\\\x88\x8e[\xd7',b'h\xe3\x13@\x15\x85_h',b'_\xb5M\x82\xdb\xefW\xb0',2021.10.11.08.31.07_veh-50_01750_01948/MergedPointCloud/7f02c1e6166a5884.pcd,1633943052700098
b'N\x05\x9d\x01?\x8f_\xbc',b'\xecS\xcc*>f]V',b'\x7f\x02\xc1\xe6\x16jX\x84',b'oXZ\x89\xe4\xe4W\x9e',b'h\xe3\x13@\x15\x85_h',b'_\xb5M\x82\xdb\xefW\xb0',2021.10.11.08.31.07_veh-50_01750_01948/MergedPointCloud/4e059d013f8f5fbc.pcd,1633943052750142
b'\xecS\xcc*>f]V',b't\xbf\xabK\xa4\x1dY\x9e',b'N\x05\x9d\x01?\x8f_\xbc',b'\x1c\x9a\x8eB\n\xd2[\xe1',b'h\xe3\x13@\x15\x85_h',b'_\xb5M\x82\xdb\xefW\xb0',2021.10.11.08.31.07_veh-50_01750_01948/MergedPointCloud/ec53cc2a3e665d56.pcd,1633943052800187
b't\xbf\xabK\xa4\x1dY\x9e',b'\x99\xc5\xbc\xf2}\xdcPq',b'\xecS\xcc*>f]V',b'\x07\xd9\x96\x00\x03\xbeT\xb6',b'h\xe3\x13@\x15\x85_h',b'_\xb5M\x82\xdb\xefW\xb0',2021.10.11.08.31.07_veh-50_01750_01948/MergedPointCloud/74bfab4ba41d599e.pcd,1633943052850233
b'\x99\xc5\xbc\xf2}\xdcPq',b'*\xa2\xf8\xf3\x00\x9fY\t',b't\xbf\xabK\xa4\x1dY\x9e',b'!\xe7\xda(\x95\xf9Y\x83',b'h\xe3\x13@\x15\x85_h',b'_\xb5M\x82\xdb\xefW\xb0',2021.10.11.08.31.07_veh-50_01750_01948/MergedPointCloud/99c5bcf27ddc5071.pcd,1633943052900278
b'*\xa2\xf8\xf3\x00\x9fY\t',b'(W\x17\xec\xabs\\\xe8',b'\x99\xc5\xbc\xf2}\xdcPq',b'P\xad\x05r7\x92W\xe3',b'h\xe3\x13@\x15\x85_h',b'_\xb5M\x82\xdb\xefW\xb0',2021.10.11.08.31.07_veh-50_01750_01948/MergedPointCloud/2aa2f8f3009f5909.pcd,1633943052950324
b'(W\x17\xec\xabs\\\xe8',b'\xf63\x90\x14y\xf0]j',b'*\xa2\xf8\xf3\x00\x9fY\t',b'\x05:4?O\xb1W?',b'h\xe3\x13@\x15\x85_h',b'_\xb5M\x82\xdb\xefW\xb0',2021.10.11.08.31.07_veh-50_01750_01948/MergedPointCloud/285717ecab735ce8.pcd,1633943053000369
b'\xf63\x90\x14y\xf0]j',"b""\xa4\x9aY\x02'\x90[\x8b""",b'(W\x17\xec\xabs\\\xe8',b'\xd3\xb0\xea\x96\x02M^g',b'h\xe3\x13@\x15\x85_h',b'_\xb5M\x82\xdb\xefW\xb0',2021.10.11.08.31.07_veh-50_01750_01948/MergedPointCloud/f633901479f05d6a.pcd,1633943053050413
"b""\xa4\x9aY\x02'\x90[\x8b""",b'\xb5\xca\xa9S\xa7\x1bT`',b'\xf63\x90\x14y\xf0]j',b'\xe7\xb9\xdc\x88\xe7\xdf^\x1d',b'h\xe3\x13@\x15\x85_h',b'_\xb5M\x82\xdb\xefW\xb0',2021.10.11.08.31.07_veh-50_01750_01948/MergedPointCloud/a49a590227905b8b.pcd,1633943053100451
b'\xb5\xca\xa9S\xa7\x1bT`',b'\xe13@\xee\xcf\x02Q\x93',"b""\xa4\x9aY\x02'\x90[\x8b""",b'g3\x8b\x82\xbb5^\x0c',b'h\xe3\x13@\x15\x85_h',b'_\xb5M\x82\xdb\xefW\xb0',2021.10.11.08.31.07_veh-50_01750_01948/MergedPointCloud/b5caa953a71b5460.pcd,1633943053150483
b'\xe13@\xee\xcf\x02Q\x93',b'\x06\x89g\x80\xfe\xa4Q\xba',b'\xb5\xca\xa9S\xa7\x1bT`',"b'\x9d*O\xd3\xa3fZ,'",b'h\xe3\x13@\x15\x85_h',b'_\xb5M\x82\xdb\xefW\xb0',2021.10.11.08.31.07_veh-50_01750_01948/MergedPointCloud/e13340eecf025193.pcd,1633943053200510
b'\x06\x89g\x80\xfe\xa4Q\xba',"b""\x88\xf8d\xb5'\xbbR\xd6""",b'\xe13@\xee\xcf\x02Q\x93',b'\x14Pb\x1b\xf9\xacY~',b'h\xe3\x13@\x15\x85_h',b'_\xb5M\x82\xdb\xefW\xb0',2021.10.11.08.31.07_veh-50_01750_01948/MergedPointCloud/06896780fea451ba.pcd,1633943053250533
"b""\x88\xf8d\xb5'\xbbR\xd6""",b'J+^\x92\xa5O_\n',b'\x06\x89g\x80\xfe\xa4Q\xba',b'=\xb6\x1b\xfe0VY\xd3',b'h\xe3\x13@\x15\x85_h',b'_\xb5M\x82\xdb\xefW\xb0',2021.10.11.08.31.07_veh-50_01750_01948/MergedPointCloud/88f864b527bb52d6.pcd,1633943053300556
b'J+^\x92\xa5O_\n',b'(g$\xe8\xe6\xf5\\\xe5',"b""\x88\xf8d\xb5'\xbbR\xd6""",b'\x1d\x11\xb1 X\xcfU~',b'h\xe3\x13@\x15\x85_h',b'_\xb5M\x82\xdb\xefW\xb0',2021.10.11.08.31.07_veh-50_01750_01948/MergedPointCloud/4a2b5e92a54f5f0a.pcd,1633943053350575
b'(g$\xe8\xe6\xf5\\\xe5',b'\xf7\xdd\xeb\x96\xc6\x89Zu',b'J+^\x92\xa5O_\n',b'/\xc8\xeel\x1b\xdaT.',b'h\xe3\x13@\x15\x85_h',b'_\xb5M\x82\xdb\xefW\xb0',2021.10.11.08.31.07_veh-50_01750_01948/MergedPointCloud/286724e8e6f55ce5.pcd,1633943053400589
b'\xf7\xdd\xeb\x96\xc6\x89Zu',b'\x13\x18\x8e\xf9\n\x96P\x08',b'(g$\xe8\xe6\xf5\\\xe5',b'*/j91BV\x83',b'h\xe3\x13@\x15\x85_h',b'_\xb5M\x82\xdb\xefW\xb0',2021.10.11.08.31.07_veh-50_01750_01948/MergedPointCloud/f7ddeb96c6895a75.pcd,1633943053450595
b'\x13\x18\x8e\xf9\n\x96P\x08',b'\xb2\x80o{\xd9\rV:',b'\xf7\xdd\xeb\x96\xc6\x89Zu',"b'\xe6\x0b\xd1\xa3\xf9,].'",b'h\xe3\x13@\x15\x85_h',b'_\xb5M\x82\xdb\xefW\xb0',2021.10.11.08.31.07_veh-50_01750_01948/MergedPointCloud/13188ef90a965008.pcd,1633943053500595
b'\xb2\x80o{\xd9\rV:',b'_D\x9aO\xb0\xfdW[',b'\x13\x18\x8e\xf9\n\x96P\x08',b'\xdb_\xd5G\xbe!VT',b'h\xe3\x13@\x15\x85_h',b'_\xb5M\x82\xdb\xefW\xb0',2021.10.11.08.31.07_veh-50_01750_01948/MergedPointCloud/b2806f7bd90d563a.pcd,1633943053550590
b'_D\x9aO\xb0\xfdW[',b'\xcfV\xda\xa7\x80Z]k',b'\xb2\x80o{\xd9\rV:',b'\xad\xd7e5\x7f\xc6_\xea',b'h\xe3\x13@\x15\x85_h',b'_\xb5M\x82\xdb\xefW\xb0',2021.10.11.08.31.07_veh-50_01750_01948/MergedPointCloud/5f449a4fb0fd575b.pcd,1633943053600583
b'\xcfV\xda\xa7\x80Z]k',b'\xc0\xb6\xa3\x92\xae\x8dR\xb0',b'_D\x9aO\xb0\xfdW[',b'\xe5\x14\xcc\xbb\xbe\xd6S\xa2',b'h\xe3\x13@\x15\x85_h',b'_\xb5M\x82\xdb\xefW\xb0',2021.10.11.08.31.07_veh-50_01750_01948/MergedPointCloud/cf56daa7805a5d6b.pcd,1633943053650574
b'\xc0\xb6\xa3\x92\xae\x8dR\xb0',b'G7\xbe\x0b\x82\x85Yt',b'\xcfV\xda\xa7\x80Z]k',b'\x11\x9ed4f\x81Q\x8f',b'h\xe3\x13@\x15\x85_h',b'_\xb5M\x82\xdb\xefW\xb0',2021.10.11.08.31.07_veh-50_01750_01948/MergedPointCloud/c0b6a392ae8d52b0.pcd,1633943053700564
b'G7\xbe\x0b\x82\x85Yt',b'd\xe7\x1c=f\xa7[\x0b',b'\xc0\xb6\xa3\x92\xae\x8dR\xb0',b'\x0e\x81\xc5\x0cd\x00Q\x92',b'h\xe3\x13@\x15\x85_h',b'_\xb5M\x82\xdb\xefW\xb0',2021.10.11.08.31.07_veh-50_01750_01948/MergedPointCloud/4737be0b82855974.pcd,1633943053750552
b'd\xe7\x1c=f\xa7[\x0b',b'K\xb5\x89b\xcf\x99T\xe6',b'G7\xbe\x0b\x82\x85Yt',"b'u\xe1d\x00\xf2|X,'",b'h\xe3\x13@\x15\x85_h',b'_\xb5M\x82\xdb\xefW\xb0',2021.10.11.08.31.07_veh-50_01750_01948/MergedPointCloud/64e71c3d66a75b0b.pcd,1633943053800537
b'K\xb5\x89b\xcf\x99T\xe6',b'\x9cUt\x18[+]\xd3',b'd\xe7\x1c=f\xa7[\x0b',b's\x9a\xd0\xa0R\xb1Q\xd9',b'h\xe3\x13@\x15\x85_h',b'_\xb5M\x82\xdb\xefW\xb0',2021.10.11.08.31.07_veh-50_01750_01948/MergedPointCloud/4bb58962cf9954e6.pcd,1633943053850517
b'\x9cUt\x18[+]\xd3',b'F\x9b\x89\xd0\x9a\xd7Q\xd8',b'K\xb5\x89b\xcf\x99T\xe6',b'z\xdb\xf1\xa9\xe11R{',b'h\xe3\x13@\x15\x85_h',b'_\xb5M\x82\xdb\xefW\xb0',2021.10.11.08.31.07_veh-50_01750_01948/MergedPointCloud/9c5574185b2b5dd3.pcd,1633943053900496
b'F\x9b\x89\xd0\x9a\xd7Q\xd8',b'\x1d\xd3X\xe8XJ_\xe3',b'\x9cUt\x18[+]\xd3',b'\x88*\x1b|c]Y\xde',b'h\xe3\x13@\x15\x85_h',b'_\xb5M\x82\xdb\xefW\xb0',2021.10.11.08.31.07_veh-50_01750_01948/MergedPointCloud/469b89d09ad751d8.pcd,1633943053950474
b'\x1d\xd3X\xe8XJ_\xe3',b'\x07\xdc\x82r\xcf\xb8Z\x10',b'F\x9b\x89\xd0\x9a\xd7Q\xd8',b'2\xf2\xc7*D\xa6Y/',b'h\xe3\x13@\x15\x85_h',b'_\xb5M\x82\xdb\xefW\xb0',2021.10.11.08.31.07_veh-50_01750_01948/MergedPointCloud/1dd358e8584a5fe3.pcd,1633943054000448
b'\x07\xdc\x82r\xcf\xb8Z\x10',b'\xec\x8d\xa3d\tp\\\xd9',b'\x1d\xd3X\xe8XJ_\xe3',b'\xfa\xec\xb61\x9a8Y\x85',b'h\xe3\x13@\x15\x85_h',b'_\xb5M\x82\xdb\xefW\xb0',2021.10.11.08.31.07_veh-50_01750_01948/MergedPointCloud/07dc8272cfb85a10.pcd,1633943054050419
b'\xec\x8d\xa3d\tp\\\xd9',b'\xcasD-\xffsWz',b'\x07\xdc\x82r\xcf\xb8Z\x10',b'0<\x8cn\xcd\xb1V\xe2',b'h\xe3\x13@\x15\x85_h',b'_\xb5M\x82\xdb\xefW\xb0',2021.10.11.08.31.07_veh-50_01750_01948/MergedPointCloud/ec8da36409705cd9.pcd,1633943054100387
b'\xcasD-\xffsWz',b'\xb8y\xa7\xa1\x81\x06Q\xa1',b'\xec\x8d\xa3d\tp\\\xd9',b'\\\x17\xe3\x07\xeb\x9cV\xde',b'h\xe3\x13@\x15\x85_h',b'_\xb5M\x82\xdb\xefW\xb0',2021.10.11.08.31.07_veh-50_01750_01948/MergedPointCloud/ca73442dff73577a.pcd,1633943054150353
b'\xb8y\xa7\xa1\x81\x06Q\xa1',"b',\xd9\xd1s\xc0\xc6S9'",b'\xcasD-\xffsWz',b'<\xaf\x08\x94\xd4\x05WG',b'h\xe3\x13@\x15\x85_h',b'_\xb5M\x82\xdb\xefW\xb0',2021.10.11.08.31.07_veh-50_01750_01948/MergedPointCloud/b879a7a1810651a1.pcd,1633943054200314
"b',\xd9\xd1s\xc0\xc6S9'",b'\xd5/\xdf\x01\x06\xc3]\xb5',b'\xb8y\xa7\xa1\x81\x06Q\xa1',b'\x83N\xfaW\xf4HWs',b'h\xe3\x13@\x15\x85_h',b'_\xb5M\x82\xdb\xefW\xb0',2021.10.11.08.31.07_veh-50_01750_01948/MergedPointCloud/2cd9d173c0c65339.pcd,1633943054250274
b'\xd5/\xdf\x01\x06\xc3]\xb5',"b'6\xaf\xc8\xd7\x9f,]\xdc'","b',\xd9\xd1s\xc0\xc6S9'",b'\x95\\t\xf6\xb5\x01P\x18',b'h\xe3\x13@\x15\x85_h',b'_\xb5M\x82\xdb\xefW\xb0',2021.10.11.08.31.07_veh-50_01750_01948/MergedPointCloud/d52fdf0106c35db5.pcd,1633943054300234
"b'6\xaf\xc8\xd7\x9f,]\xdc'",b'\xa2\x06z\xf6\xc0\\R\xfb',b'\xd5/\xdf\x01\x06\xc3]\xb5',b'\x15\xd6XU\x11\xccY\x13',b'h\xe3\x13@\x15\x85_h',b'_\xb5M\x82\xdb\xefW\xb0',2021.10.11.08.31.07_veh-50_01750_01948/MergedPointCloud/36afc8d79f2c5ddc.pcd,1633943054350195
b'\xa2\x06z\xf6\xc0\\R\xfb',b'\xdfV\x19\x84GkV\xdc',"b'6\xaf\xc8\xd7\x9f,]\xdc'",b'\x1dyq\xae\x061Pj',b'h\xe3\x13@\x15\x85_h',b'_\xb5M\x82\xdb\xefW\xb0',2021.10.11.08.31.07_veh-50_01750_01948/MergedPointCloud/a2067af6c05c52fb.pcd,1633943054400160
b'\xdfV\x19\x84GkV\xdc',b'\xcb\xc6\xec \xd9\xb0[\x92',b'\xa2\x06z\xf6\xc0\\R\xfb',b'\x11\xb8\xf5\xc4j\x03]C',b'h\xe3\x13@\x15\x85_h',b'_\xb5M\x82\xdb\xefW\xb0',2021.10.11.08.31.07_veh-50_01750_01948/MergedPointCloud/df561984476b56dc.pcd,1633943054450126
b'\xcb\xc6\xec \xd9\xb0[\x92',b'3\xe0\xea\x97\xe4\xfaZ\x9a',b'\xdfV\x19\x84GkV\xdc',b'oo\t\xd2Y\xa8VE',b'h\xe3\x13@\x15\x85_h',b'_\xb5M\x82\xdb\xefW\xb0',2021.10.11.08.31.07_veh-50_01750_01948/MergedPointCloud/cbc6ec20d9b05b92.pcd,1633943054500092
b'3\xe0\xea\x97\xe4\xfaZ\x9a',b'\xdb\x1aA\x10$pU\x7f',b'\xcb\xc6\xec \xd9\xb0[\x92',b'\xf8T\xd7\xfeE\xafV\xd4',b'h\xe3\x13@\x15\x85_h',b'_\xb5M\x82\xdb\xefW\xb0',2021.10.11.08.31.07_veh-50_01750_01948/MergedPointCloud/33e0ea97e4fa5a9a.pcd,1633943054550061
b'\xdb\x1aA\x10$pU\x7f',b'\xcd\xe1nS\xbe\n[\x84',b'3\xe0\xea\x97\xe4\xfaZ\x9a',b'>\xbb\x0f\xfb\xae\xcfZ\xd7',b'h\xe3\x13@\x15\x85_h',b'_\xb5M\x82\xdb\xefW\xb0',2021.10.11.08.31.07_veh-50_01750_01948/MergedPointCloud/db1a41102470557f.pcd,1633943054600029
b'\xcd\xe1nS\xbe\n[\x84',b'\x8b\xcf\x80\x91\xd6n_\xcf',b'\xdb\x1aA\x10$pU\x7f',b'i\x81J\xdb\xb6\xc3V\x8a',b'h\xe3\x13@\x15\x85_h',b'_\xb5M\x82\xdb\xefW\xb0',2021.10.11.08.31.07_veh-50_01750_01948/MergedPointCloud/cde16e53be0a5b84.pcd,1633943054649997
b'\x8b\xcf\x80\x91\xd6n_\xcf',b'\x1a\x7f\xf6l4>U\x80',b'\xcd\xe1nS\xbe\n[\x84',b'Rrj7\xb2\x0c\\\xb5',b'h\xe3\x13@\x15\x85_h',b'_\xb5M\x82\xdb\xefW\xb0',2021.10.11.08.31.07_veh-50_01750_01948/MergedPointCloud/8bcf8091d66e5fcf.pcd,1633943054699965
b'\x1a\x7f\xf6l4>U\x80',b'J\xa1\x1c!\xde\xd8Z!',b'\x8b\xcf\x80\x91\xd6n_\xcf',b'WB2\xf1\x98\tYz',b'h\xe3\x13@\x15\x85_h',b'_\xb5M\x82\xdb\xefW\xb0',2021.10.11.08.31.07_veh-50_01750_01948/MergedPointCloud/1a7ff66c343e5580.pcd,1633943054749933
b'J\xa1\x1c!\xde\xd8Z!',b'X\xa9\xe5\xe9@.Th',b'\x1a\x7f\xf6l4>U\x80',b'\xc1}\xd68\xab\x8a[\xfe',b'h\xe3\x13@\x15\x85_h',b'_\xb5M\x82\xdb\xefW\xb0',2021.10.11.08.31.07_veh-50_01750_01948/MergedPointCloud/4aa11c21ded85a21.pcd,1633943054799901
b'X\xa9\xe5\xe9@.Th',b'\r\r\x16~\x86\x00Vb',b'J\xa1\x1c!\xde\xd8Z!',b'\x19\x9b\x1a\xc6\xdd\xdcQH',b'h\xe3\x13@\x15\x85_h',b'_\xb5M\x82\xdb\xefW\xb0',2021.10.11.08.31.07_veh-50_01750_01948/MergedPointCloud/58a9e5e9402e5468.pcd,1633943054849868
b'\r\r\x16~\x86\x00Vb',b'\x99\xbc\x0e\x8a\x10\x8aW\x1a',b'X\xa9\xe5\xe9@.Th',"b'\xf1\xea#T""\xc9Y\xf6'",b'h\xe3\x13@\x15\x85_h',b'_\xb5M\x82\xdb\xefW\xb0',2021.10.11.08.31.07_veh-50_01750_01948/MergedPointCloud/0d0d167e86005662.pcd,1633943054899833
b'\x99\xbc\x0e\x8a\x10\x8aW\x1a',"b'\xa1\xaa,]\x97\tT\xef'",b'\r\r\x16~\x86\x00Vb',b'<d_W\xba\x0cW\x1b',b'h\xe3\x13@\x15\x85_h',b'_\xb5M\x82\xdb\xefW\xb0',2021.10.11.08.31.07_veh-50_01750_01948/MergedPointCloud/99bc0e8a108a571a.pcd,1633943054949794
"b'\xa1\xaa,]\x97\tT\xef'",b'\x8f/\xe4if\x16T$',b'\x99\xbc\x0e\x8a\x10\x8aW\x1a',b'\x9f\x1d\xf5{\xab\xeaP\x8f',b'h\xe3\x13@\x15\x85_h',b'_\xb5M\x82\xdb\xefW\xb0',2021.10.11.08.31.07_veh-50_01750_01948/MergedPointCloud/a1aa2c5d970954ef.pcd,1633943054999754
b'\x8f/\xe4if\x16T$',b'\x06\xdcn\x1b\xc9[UJ',"b'\xa1\xaa,]\x97\tT\xef'",b'\xa8\x90\x85\xf9o\xb7W\xee',b'h\xe3\x13@\x15\x85_h',b'_\xb5M\x82\xdb\xefW\xb0',2021.10.11.08.31.07_veh-50_01750_01948/MergedPointCloud/8f2fe46966165424.pcd,1633943055049716
b'\x06\xdcn\x1b\xc9[UJ',b'A|i\x1f\x9e\x9a^t',b'\x8f/\xe4if\x16T$',b'6\xc6\xc7\xcah\xa8Y\xed',b'h\xe3\x13@\x15\x85_h',b'_\xb5M\x82\xdb\xefW\xb0',2021.10.11.08.31.07_veh-50_01750_01948/MergedPointCloud/06dc6e1bc95b554a.pcd,1633943055099681
b'A|i\x1f\x9e\x9a^t',b'd\x80\xd2\xfc\xf6fY\x08',b'\x06\xdcn\x1b\xc9[UJ',"b'\xc3\xd5\x94\xd8\x91\x13U,'",b'h\xe3\x13@\x15\x85_h',b'_\xb5M\x82\xdb\xefW\xb0',2021.10.11.08.31.07_veh-50_01750_01948/MergedPointCloud/417c691f9e9a5e74.pcd,1633943055149652
b'd\x80\xd2\xfc\xf6fY\x08',b'\x8e\x0c\xa6\xec\xf9[[\x9d',b'A|i\x1f\x9e\x9a^t',b'e\xb6\xb30t\xdeW\x04',b'h\xe3\x13@\x15\x85_h',b'_\xb5M\x82\xdb\xefW\xb0',2021.10.11.08.31.07_veh-50_01750_01948/MergedPointCloud/6480d2fcf6665908.pcd,1633943055199626
b'\x8e\x0c\xa6\xec\xf9[[\x9d',b'\xd5\x8c\xf3\x1a\x8c\xb3[h',b'd\x80\xd2\xfc\xf6fY\x08',b'\xcf\r\x13\x1e\xfb\x87U>',b'h\xe3\x13@\x15\x85_h',b'_\xb5M\x82\xdb\xefW\xb0',2021.10.11.08.31.07_veh-50_01750_01948/MergedPointCloud/8e0ca6ecf95b5b9d.pcd,1633943055249603
b'\xd5\x8c\xf3\x1a\x8c\xb3[h',b'1\xae.\x9e\x17bQh',b'\x8e\x0c\xa6\xec\xf9[[\x9d',b'\x07=|\xc3\xfd\xd8W\x0b',b'h\xe3\x13@\x15\x85_h',b'_\xb5M\x82\xdb\xefW\xb0',2021.10.11.08.31.07_veh-50_01750_01948/MergedPointCloud/d58cf31a8cb35b68.pcd,1633943055299582
b'1\xae.\x9e\x17bQh',b'\xc9\x90UrW\x93U\xbc',b'\xd5\x8c\xf3\x1a\x8c\xb3[h',b'!\xc6\xd9\x9e\xa6\x0b]\xdb',b'h\xe3\x13@\x15\x85_h',b'_\xb5M\x82\xdb\xefW\xb0',2021.10.11.08.31.07_veh-50_01750_01948/MergedPointCloud/31ae2e9e17625168.pcd,1633943055349564
b'\xc9\x90UrW\x93U\xbc',b'\xbc^\xab\xad\xb3\x15X\xd3',b'1\xae.\x9e\x17bQh',b'\x92}\xbd\x7f\xeb8S#',b'h\xe3\x13@\x15\x85_h',b'_\xb5M\x82\xdb\xefW\xb0',2021.10.11.08.31.07_veh-50_01750_01948/MergedPointCloud/c9905572579355bc.pcd,1633943055399545
b'\xbc^\xab\xad\xb3\x15X\xd3',b'\xeb\x83F\x8a\xc1K[)',b'\xc9\x90UrW\x93U\xbc',"b'U\x16>\x06""\x0eY\x89'",b'h\xe3\x13@\x15\x85_h',b'_\xb5M\x82\xdb\xefW\xb0',2021.10.11.08.31.07_veh-50_01750_01948/MergedPointCloud/bc5eabadb31558d3.pcd,1633943055449526
b'\xeb\x83F\x8a\xc1K[)',b'\x18c\x19\xeb\x8b\xccQ\xcb',b'\xbc^\xab\xad\xb3\x15X\xd3',"b'_""\x91\xfd\x11nS\x1e'",b'h\xe3\x13@\x15\x85_h',b'_\xb5M\x82\xdb\xefW\xb0',2021.10.11.08.31.07_veh-50_01750_01948/MergedPointCloud/eb83468ac14b5b29.pcd,1633943055499511
b'\x18c\x19\xeb\x8b\xccQ\xcb',b'\xb6\xd3bE\xa2lY\xd2',b'\xeb\x83F\x8a\xc1K[)',"b'_,\x98\x9b\xb8\x8dX""'",b'h\xe3\x13@\x15\x85_h',b'_\xb5M\x82\xdb\xefW\xb0',2021.10.11.08.31.07_veh-50_01750_01948/MergedPointCloud/186319eb8bcc51cb.pcd,1633943055549495
b'\xb6\xd3bE\xa2lY\xd2',b'r[\xdb\xf0i\x1dX\xde',b'\x18c\x19\xeb\x8b\xccQ\xcb',b'\x1aW\xf5\xb5l\xc8]\xa7',b'h\xe3\x13@\x15\x85_h',b'_\xb5M\x82\xdb\xefW\xb0',2021.10.11.08.31.07_veh-50_01750_01948/MergedPointCloud/b6d36245a26c59d2.pcd,1633943055599481
b'r[\xdb\xf0i\x1dX\xde',b'\xc5\xb6\xeb\xba|\xf2S\n',b'\xb6\xd3bE\xa2lY\xd2',b'\xb8\x94\xf46`\x1dZo',b'h\xe3\x13@\x15\x85_h',b'_\xb5M\x82\xdb\xefW\xb0',2021.10.11.08.31.07_veh-50_01750_01948/MergedPointCloud/725bdbf0691d58de.pcd,1633943055649474
b'\xc5\xb6\xeb\xba|\xf2S\n',b'h\x1b\x9a\x02]UV\xcb',b'r[\xdb\xf0i\x1dX\xde',b'\xf5(\x01Q\xdb\xbdP\xdd',b'h\xe3\x13@\x15\x85_h',b'_\xb5M\x82\xdb\xefW\xb0',2021.10.11.08.31.07_veh-50_01750_01948/MergedPointCloud/c5b6ebba7cf2530a.pcd,1633943055699471
b'h\x1b\x9a\x02]UV\xcb',b'\xaf^sY\xd0(_f',b'\xc5\xb6\xeb\xba|\xf2S\n',b'\xca\x96\xa9\xed\x99\xc7^!',b'h\xe3\x13@\x15\x85_h',b'_\xb5M\x82\xdb\xefW\xb0',2021.10.11.08.31.07_veh-50_01750_01948/MergedPointCloud/681b9a025d5556cb.pcd,1633943055749472
b'\xaf^sY\xd0(_f',b'\x9b\xa0Wy\x98\x8cX\x9a',b'h\x1b\x9a\x02]UV\xcb',b'>\xe7(O\xb0\xe9\\h',b'h\xe3\x13@\x15\x85_h',b'_\xb5M\x82\xdb\xefW\xb0',2021.10.11.08.31.07_veh-50_01750_01948/MergedPointCloud/af5e7359d0285f66.pcd,1633943055799478
b'\x9b\xa0Wy\x98\x8cX\x9a',b'\x16\xaa\x94\xf2\x0c\rW}',b'\xaf^sY\xd0(_f',b'\xf7\xc9GG\xa67]\xe8',b'h\xe3\x13@\x15\x85_h',b'_\xb5M\x82\xdb\xefW\xb0',2021.10.11.08.31.07_veh-50_01750_01948/MergedPointCloud/9ba05779988c589a.pcd,1633943055849487
b'\x16\xaa\x94\xf2\x0c\rW}',b'n\xb4\xbfp\xc7mPH',b'\x9b\xa0Wy\x98\x8cX\x9a',b'P\x83f\xb5\xbcq[2',b'h\xe3\x13@\x15\x85_h',b'_\xb5M\x82\xdb\xefW\xb0',2021.10.11.08.31.07_veh-50_01750_01948/MergedPointCloud/16aa94f20c0d577d.pcd,1633943055899499
b'n\xb4\xbfp\xc7mPH',b'\xad\xbc\x04\xb1a\\P<',b'\x16\xaa\x94\xf2\x0c\rW}',b'(\xb4\x85{\xf8\x10Q\x17',b'h\xe3\x13@\x15\x85_h',b'_\xb5M\x82\xdb\xefW\xb0',2021.10.11.08.31.07_veh-50_01750_01948/MergedPointCloud/6eb4bf70c76d5048.pcd,1633943055949514
b'\xad\xbc\x04\xb1a\\P<',b'\xe7\xcd\x1c\x8f&x_\xa4',b'n\xb4\xbfp\xc7mPH',b'\xc5\xe6\x12Q9~T\x10',b'h\xe3\x13@\x15\x85_h',b'_\xb5M\x82\xdb\xefW\xb0',2021.10.11.08.31.07_veh-50_01750_01948/MergedPointCloud/adbc04b1615c503c.pcd,1633943055999533
b'\xe7\xcd\x1c\x8f&x_\xa4',b'\xccVK\x85\xac\xbeVg',b'\xad\xbc\x04\xb1a\\P<',b'\xc3\x15\xad?\xcc:Q(',b'h\xe3\x13@\x15\x85_h',b'_\xb5M\x82\xdb\xefW\xb0',2021.10.11.08.31.07_veh-50_01750_01948/MergedPointCloud/e7cd1c8f26785fa4.pcd,1633943056049556
b'\xccVK\x85\xac\xbeVg',b'\t\xb74\x1fA\xbbP\x9e',b'\xe7\xcd\x1c\x8f&x_\xa4',b'\xd5\x87\xf8\x1a\x0e\x0eX\xcf',b'h\xe3\x13@\x15\x85_h',b'_\xb5M\x82\xdb\xefW\xb0',2021.10.11.08.31.07_veh-50_01750_01948/MergedPointCloud/cc564b85acbe5667.pcd,1633943056099584
b'\t\xb74\x1fA\xbbP\x9e',b'\x8e\x03\xe7\n\xf7\xc3P\xc7',b'\xccVK\x85\xac\xbeVg',b'~} <i0R\x0b',b'h\xe3\x13@\x15\x85_h',b'_\xb5M\x82\xdb\xefW\xb0',2021.10.11.08.31.07_veh-50_01750_01948/MergedPointCloud/09b7341f41bb509e.pcd,1633943056149616
b'\x8e\x03\xe7\n\xf7\xc3P\xc7',b'\xa8\xf4h\xa4\xa2\xbaT\xd9',b'\t\xb74\x1fA\xbbP\x9e',b'\xacF\x12\x12\xa2\xf7Q&',b'h\xe3\x13@\x15\x85_h',b'_\xb5M\x82\xdb\xefW\xb0',2021.10.11.08.31.07_veh-50_01750_01948/MergedPointCloud/8e03e70af7c350c7.pcd,1633943056199652
b'\xa8\xf4h\xa4\xa2\xbaT\xd9',b'\xc5-\xd8\x8e\xee\xf3Q\xa8',b'\x8e\x03\xe7\n\xf7\xc3P\xc7',b'\x8e\x91e\xf1\x93\x02UM',b'h\xe3\x13@\x15\x85_h',b'_\xb5M\x82\xdb\xefW\xb0',2021.10.11.08.31.07_veh-50_01750_01948/MergedPointCloud/a8f468a4a2ba54d9.pcd,1633943056249689
b'\xc5-\xd8\x8e\xee\xf3Q\xa8',b'\x18M1\x96\xf3\xcc[\x15',b'\xa8\xf4h\xa4\xa2\xbaT\xd9',b'MZ\xad\xc6)\x8cU0',b'h\xe3\x13@\x15\x85_h',b'_\xb5M\x82\xdb\xefW\xb0',2021.10.11.08.31.07_veh-50_01750_01948/MergedPointCloud/c52dd88eeef351a8.pcd,1633943056299725
b'\x18M1\x96\xf3\xcc[\x15',b'\xc6\x84\x0eeIX_\x1c',b'\xc5-\xd8\x8e\xee\xf3Q\xa8',b'\xeda\xc0-\xfa=W\t',b'h\xe3\x13@\x15\x85_h',b'_\xb5M\x82\xdb\xefW\xb0',2021.10.11.08.31.07_veh-50_01750_01948/MergedPointCloud/184d3196f3cc5b15.pcd,1633943056349759
b'\xc6\x84\x0eeIX_\x1c',b'\x81\xc0\xf24\xc4\xeePu',b'\x18M1\x96\xf3\xcc[\x15',b'`FG\xdcdrV7',b'h\xe3\x13@\x15\x85_h',b'_\xb5M\x82\xdb\xefW\xb0',2021.10.11.08.31.07_veh-50_01750_01948/MergedPointCloud/c6840e6549585f1c.pcd,1633943056399790
b'\x81\xc0\xf24\xc4\xeePu',b'[<P;z\xfaX\x1a',b'\xc6\x84\x0eeIX_\x1c',b'A\x93\xf7l\x91\xbcVO',b'h\xe3\x13@\x15\x85_h',b'_\xb5M\x82\xdb\xefW\xb0',2021.10.11.08.31.07_veh-50_01750_01948/MergedPointCloud/81c0f234c4ee5075.pcd,1633943056449821
b'[<P;z\xfaX\x1a',b'\x7fbBr\xc0\xb4R&',b'\x81\xc0\xf24\xc4\xeePu',"b'\x85b6?\x81,W\xbd'",b'h\xe3\x13@\x15\x85_h',b'_\xb5M\x82\xdb\xefW\xb0',2021.10.11.08.31.07_veh-50_01750_01948/MergedPointCloud/5b3c503b7afa581a.pcd,1633943056499852
b'\x7fbBr\xc0\xb4R&',b'n\xcd\xd4#Z\xb4Q\xb8',b'[<P;z\xfaX\x1a',b'\x86\xcd9i&\x98SS',b'h\xe3\x13@\x15\x85_h',b'_\xb5M\x82\xdb\xefW\xb0',2021.10.11.08.31.07_veh-50_01750_01948/MergedPointCloud/7f624272c0b45226.pcd,1633943056549883
b'n\xcd\xd4#Z\xb4Q\xb8',b'\x95\xce\x13\x0e@tY\xaf',b'\x7fbBr\xc0\xb4R&',b'h\xa6\xab6v^[(',b'h\xe3\x13@\x15\x85_h',b'_\xb5M\x82\xdb\xefW\xb0',2021.10.11.08.31.07_veh-50_01750_01948/MergedPointCloud/6ecdd4235ab451b8.pcd,1633943056599914
b'\x95\xce\x13\x0e@tY\xaf',b'\xb6\x90\x83\xa2\x1f\xa7SW',b'n\xcd\xd4#Z\xb4Q\xb8',b'\x15\x1ah\x18\xd4\x82^\xc2',b'h\xe3\x13@\x15\x85_h',b'_\xb5M\x82\xdb\xefW\xb0',2021.10.11.08.31.07_veh-50_01750_01948/MergedPointCloud/95ce130e407459af.pcd,1633943056649945
b'\xb6\x90\x83\xa2\x1f\xa7SW',b'j\xaaVS\xb3jZ\x06',b'\x95\xce\x13\x0e@tY\xaf',b'\xe91\x1fM\x89\xe7Q\x8d',b'h\xe3\x13@\x15\x85_h',b'_\xb5M\x82\xdb\xefW\xb0',2021.10.11.08.31.07_veh-50_01750_01948/MergedPointCloud/b69083a21fa75357.pcd,1633943056699977
b'j\xaaVS\xb3jZ\x06',b'\x1ek\x84\xa5\x1b\x93\\\xdf',b'\xb6\x90\x83\xa2\x1f\xa7SW',b'\xc3[\x95\x01;\xf1U\xf8',b'h\xe3\x13@\x15\x85_h',b'_\xb5M\x82\xdb\xefW\xb0',2021.10.11.08.31.07_veh-50_01750_01948/MergedPointCloud/6aaa5653b36a5a06.pcd,1633943056750010
b'\x1ek\x84\xa5\x1b\x93\\\xdf',"b'\xaa{\xb9\xdc,\x1dPs'",b'j\xaaVS\xb3jZ\x06',b'a}*\x9b\xab\x8eU\xa5',b'h\xe3\x13@\x15\x85_h',b'_\xb5M\x82\xdb\xefW\xb0',2021.10.11.08.31.07_veh-50_01750_01948/MergedPointCloud/1e6b84a51b935cdf.pcd,1633943056800042
"b'\xaa{\xb9\xdc,\x1dPs'",b'N\x17\x07klnRh',b'\x1ek\x84\xa5\x1b\x93\\\xdf',b'\xcf?D\x1e\x9a\x9dZ\xa4',b'h\xe3\x13@\x15\x85_h',b'_\xb5M\x82\xdb\xefW\xb0',2021.10.11.08.31.07_veh-50_01750_01948/MergedPointCloud/aa7bb9dc2c1d5073.pcd,1633943056850074
b'N\x17\x07klnRh',b'{>dRZ[T\x9c',"b'\xaa{\xb9\xdc,\x1dPs'",b'Lgk\x04\xe8\xdeU\x8d',b'h\xe3\x13@\x15\x85_h',b'_\xb5M\x82\xdb\xefW\xb0',2021.10.11.08.31.07_veh-50_01750_01948/MergedPointCloud/4e17076b6c6e5268.pcd,1633943056900108
b'{>dRZ[T\x9c',b'*\x14(\xdeF\xf9_o',b'N\x17\x07klnRh',b'?4 >q\x05Y2',b'h\xe3\x13@\x15\x85_h',b'_\xb5M\x82\xdb\xefW\xb0',2021.10.11.08.31.07_veh-50_01750_01948/MergedPointCloud/7b3e64525a5b549c.pcd,1633943056950141
b'*\x14(\xdeF\xf9_o',b'R\x8f\x9d\x15\x9e\xc7Vd',b'{>dRZ[T\x9c',b'\xd1\x02\x10f^\xb4U\xcb',b'h\xe3\x13@\x15\x85_h',b'_\xb5M\x82\xdb\xefW\xb0',2021.10.11.08.31.07_veh-50_01750_01948/MergedPointCloud/2a1428de46f95f6f.pcd,1633943057000175
b'R\x8f\x9d\x15\x9e\xc7Vd',b'Ov+\xfe\x06\xf6S\xe0',b'*\x14(\xdeF\xf9_o',b'\\\xeex\xe3LuR\xb0',b'h\xe3\x13@\x15\x85_h',b'_\xb5M\x82\xdb\xefW\xb0',2021.10.11.08.31.07_veh-50_01750_01948/MergedPointCloud/528f9d159ec75664.pcd,1633943057050209
b'Ov+\xfe\x06\xf6S\xe0',b'\xfa\xf9u\xf4\xf5xV\x8b',b'R\x8f\x9d\x15\x9e\xc7Vd',b'\xbeX\t\xcf\xcd\x0b^\xc5',b'h\xe3\x13@\x15\x85_h',b'_\xb5M\x82\xdb\xefW\xb0',2021.10.11.08.31.07_veh-50_01750_01948/MergedPointCloud/4f762bfe06f653e0.pcd,1633943057100236
b'\xfa\xf9u\xf4\xf5xV\x8b',b'C@\xd1\xb0\x98lU\x12',b'Ov+\xfe\x06\xf6S\xe0',b'\xa6\xe3\x8c1\xf3\xf0Y\x99',b'h\xe3\x13@\x15\x85_h',b'_\xb5M\x82\xdb\xefW\xb0',2021.10.11.08.31.07_veh-50_01750_01948/MergedPointCloud/faf975f4f578568b.pcd,1633943057150256
b'C@\xd1\xb0\x98lU\x12',b'\x11h\xf2\xaey\x8cU\xcf',b'\xfa\xf9u\xf4\xf5xV\x8b',b'\xb2In\x92/\xda]\xe6',b'h\xe3\x13@\x15\x85_h',b'_\xb5M\x82\xdb\xefW\xb0',2021.10.11.08.31.07_veh-50_01750_01948/MergedPointCloud/4340d1b0986c5512.pcd,1633943057200272
b'\x11h\xf2\xaey\x8cU\xcf',b'\xd2*\xacWb|\\\x90',b'C@\xd1\xb0\x98lU\x12',b'\xb8\xdf\x08\x06\x84\xddRv',b'h\xe3\x13@\x15\x85_h',b'_\xb5M\x82\xdb\xefW\xb0',2021.10.11.08.31.07_veh-50_01750_01948/MergedPointCloud/1168f2ae798c55cf.pcd,1633943057250284
b'\xd2*\xacWb|\\\x90',"b'\x9d+^\xf0""\x91Z\''",b'\x11h\xf2\xaey\x8cU\xcf',b'\xf3y\xb8KW\x03[\xa3',b'h\xe3\x13@\x15\x85_h',b'_\xb5M\x82\xdb\xefW\xb0',2021.10.11.08.31.07_veh-50_01750_01948/MergedPointCloud/d22aac57627c5c90.pcd,1633943057300290
"b'\x9d+^\xf0""\x91Z\''",b'\xe2g\x8c\xab\x94#Y\xd6',b'\xd2*\xacWb|\\\x90',b'PBLU\x9dMV\xe8',b'h\xe3\x13@\x15\x85_h',b'_\xb5M\x82\xdb\xefW\xb0',2021.10.11.08.31.07_veh-50_01750_01948/MergedPointCloud/9d2b5ef022915a27.pcd,1633943057350291
b'\xe2g\x8c\xab\x94#Y\xd6',b'\xb8\xab\x16hM\xbeT\xe0',"b'\x9d+^\xf0""\x91Z\''",b'\xa3)\x12t\xcf\xadT\xd9',b'h\xe3\x13@\x15\x85_h',b'_\xb5M\x82\xdb\xefW\xb0',2021.10.11.08.31.07_veh-50_01750_01948/MergedPointCloud/e2678cab942359d6.pcd,1633943057400285
b'\xb8\xab\x16hM\xbeT\xe0',b'\x8e\t\xeeJ(\x9bZK',b'\xe2g\x8c\xab\x94#Y\xd6',b'\x91\xe0 `\xe4\x1cZ|',b'h\xe3\x13@\x15\x85_h',b'_\xb5M\x82\xdb\xefW\xb0',2021.10.11.08.31.07_veh-50_01750_01948/MergedPointCloud/b8ab16684dbe54e0.pcd,1633943057450277
b'\x8e\t\xeeJ(\x9bZK',b'\xea\xc9j|\xb9\xa5Y\x19',b'\xb8\xab\x16hM\xbeT\xe0',b'e\xa5LF\xa8pRw',b'h\xe3\x13@\x15\x85_h',b'_\xb5M\x82\xdb\xefW\xb0',2021.10.11.08.31.07_veh-50_01750_01948/MergedPointCloud/8e09ee4a289b5a4b.pcd,1633943057500266
b'\xea\xc9j|\xb9\xa5Y\x19',b'\xe8+v\xb7\xe09WN',b'\x8e\t\xeeJ(\x9bZK',b'5\xef\x9bo)\x17T\x86',b'h\xe3\x13@\x15\x85_h',b'_\xb5M\x82\xdb\xefW\xb0',2021.10.11.08.31.07_veh-50_01750_01948/MergedPointCloud/eac96a7cb9a55919.pcd,1633943057550252
b'\xe8+v\xb7\xe09WN',b'X\xcc\xcau\x93DQ\xa4',b'\xea\xc9j|\xb9\xa5Y\x19',b'0\xd3\x8c\xd5\xcf\x96R\xed',b'h\xe3\x13@\x15\x85_h',b'_\xb5M\x82\xdb\xefW\xb0',2021.10.11.08.31.07_veh-50_01750_01948/MergedPointCloud/e82b76b7e039574e.pcd,1633943057600235
b'X\xcc\xcau\x93DQ\xa4',b'\xc4Z\x13\x12\x0f\xcb[\xab',b'\xe8+v\xb7\xe09WN',b'P\x08\x8aG\x89\xd8[\x15',b'h\xe3\x13@\x15\x85_h',b'_\xb5M\x82\xdb\xefW\xb0',2021.10.11.08.31.07_veh-50_01750_01948/MergedPointCloud/58ccca75934451a4.pcd,1633943057650215
b'\xc4Z\x13\x12\x0f\xcb[\xab',b'\x87\xdcI\x1d\x0c\xe6X\x02',b'X\xcc\xcau\x93DQ\xa4',b'mt\xed(WTP\xd3',b'h\xe3\x13@\x15\x85_h',b'_\xb5M\x82\xdb\xefW\xb0',2021.10.11.08.31.07_veh-50_01750_01948/MergedPointCloud/c45a13120fcb5bab.pcd,1633943057700194
b'\x87\xdcI\x1d\x0c\xe6X\x02',b'\x05n\xd6\x058(X>',b'\xc4Z\x13\x12\x0f\xcb[\xab',b'\xcc;\\\xca\xab\x98V\x06',b'h\xe3\x13@\x15\x85_h',b'_\xb5M\x82\xdb\xefW\xb0',2021.10.11.08.31.07_veh-50_01750_01948/MergedPointCloud/87dc491d0ce65802.pcd,1633943057750175
b'\x05n\xd6\x058(X>',"b'R2\xd0""o\x91Q2'",b'\x87\xdcI\x1d\x0c\xe6X\x02',b'\xc6T\xb4\xe0U\xba^\xf5',b'h\xe3\x13@\x15\x85_h',b'_\xb5M\x82\xdb\xefW\xb0',2021.10.11.08.31.07_veh-50_01750_01948/MergedPointCloud/056ed6053828583e.pcd,1633943057800157
"b'R2\xd0""o\x91Q2'",b'\xdf4Q\x84\x05\xafR\xb9',b'\x05n\xd6\x058(X>',b'\xb0\x8a\x0b_(\xa2X\xa9',b'h\xe3\x13@\x15\x85_h',b'_\xb5M\x82\xdb\xefW\xb0',2021.10.11.08.31.07_veh-50_01750_01948/MergedPointCloud/5232d0226f915132.pcd,1633943057850136
b'\xdf4Q\x84\x05\xafR\xb9',b'\x9fC\xb4\xdb\x1amT\xf3',"b'R2\xd0""o\x91Q2'",b'\xbb\xea\x86\x06\x88\xb4S\xce',b'h\xe3\x13@\x15\x85_h',b'_\xb5M\x82\xdb\xefW\xb0',2021.10.11.08.31.07_veh-50_01750_01948/MergedPointCloud/df34518405af52b9.pcd,1633943057900116
b'\x9fC\xb4\xdb\x1amT\xf3',b'$\xd3\xf6\xc4\x90\xa6\\\xbf',b'\xdf4Q\x84\x05\xafR\xb9',b'%N\x96m$\xb7[\xc3',b'h\xe3\x13@\x15\x85_h',b'_\xb5M\x82\xdb\xefW\xb0',2021.10.11.08.31.07_veh-50_01750_01948/MergedPointCloud/9f43b4db1a6d54f3.pcd,1633943057950097
b'$\xd3\xf6\xc4\x90\xa6\\\xbf',b'\xcbm\xce2\xff\xda\\\x9a',b'\x9fC\xb4\xdb\x1amT\xf3',b'\x94\x16k\xaf%BX2',b'h\xe3\x13@\x15\x85_h',b'_\xb5M\x82\xdb\xefW\xb0',2021.10.11.08.31.07_veh-50_01750_01948/MergedPointCloud/24d3f6c490a65cbf.pcd,1633943058000078
b'\xcbm\xce2\xff\xda\\\x9a',"b""F/\xce\x7fQ\x1a^'""",b'$\xd3\xf6\xc4\x90\xa6\\\xbf',b'\x83h.\xab\x003]|',b'h\xe3\x13@\x15\x85_h',b'_\xb5M\x82\xdb\xefW\xb0',2021.10.11.08.31.07_veh-50_01750_01948/MergedPointCloud/cb6dce32ffda5c9a.pcd,1633943058050060
"b""F/\xce\x7fQ\x1a^'""",b'\xbc\x91\x08\x83\xe9\xf5\\\xe4',b'\xcbm\xce2\xff\xda\\\x9a',b'OH\xd1\xdd\xf1\x8bZI',b'h\xe3\x13@\x15\x85_h',b'_\xb5M\x82\xdb\xefW\xb0',2021.10.11.08.31.07_veh-50_01750_01948/MergedPointCloud/462fce7f511a5e27.pcd,1633943058100042
b'\xbc\x91\x08\x83\xe9\xf5\\\xe4',b'\xc8\xf2\xffI\x8c\x7f[\xc6',"b""F/\xce\x7fQ\x1a^'""",b'\xbe\xd2_\rlEZ\xf1',b'h\xe3\x13@\x15\x85_h',b'_\xb5M\x82\xdb\xefW\xb0',2021.10.11.08.31.07_veh-50_01750_01948/MergedPointCloud/bc910883e9f55ce4.pcd,1633943058150022
b'\xc8\xf2\xffI\x8c\x7f[\xc6',b'\xf9ff\xae\x9f\xf0[\x9d',b'\xbc\x91\x08\x83\xe9\xf5\\\xe4',b'\xe0\xfd;\xb1\xc7.T\x89',b'h\xe3\x13@\x15\x85_h',b'_\xb5M\x82\xdb\xefW\xb0',2021.10.11.08.31.07_veh-50_01750_01948/MergedPointCloud/c8f2ff498c7f5bc6.pcd,1633943058200004
b'\xf9ff\xae\x9f\xf0[\x9d',"b""\x1el\xbc\xf3'AW\xb7""",b'\xc8\xf2\xffI\x8c\x7f[\xc6',"b'\xad\xf7\x80,\xa1\xf0S\x02'",b'h\xe3\x13@\x15\x85_h',b'_\xb5M\x82\xdb\xefW\xb0',2021.10.11.08.31.07_veh-50_01750_01948/MergedPointCloud/f96666ae9ff05b9d.pcd,1633943058249986
"b""\x1el\xbc\xf3'AW\xb7""",b'|j/\xea\xc0\xa4X\xc5',b'\xf9ff\xae\x9f\xf0[\x9d',b'\xc0>\xa71D\xda\\*',b'h\xe3\x13@\x15\x85_h',b'_\xb5M\x82\xdb\xefW\xb0',2021.10.11.08.31.07_veh-50_01750_01948/MergedPointCloud/1e6cbcf3274157b7.pcd,1633943058299968
b'|j/\xea\xc0\xa4X\xc5',b'4\xa2\xbe\x84_\x8f[\x98',"b""\x1el\xbc\xf3'AW\xb7""",b'\xbe\xef\xd2\x9a\x08\xc0]\x07',b'h\xe3\x13@\x15\x85_h',b'_\xb5M\x82\xdb\xefW\xb0',2021.10.11.08.31.07_veh-50_01750_01948/MergedPointCloud/7c6a2feac0a458c5.pcd,1633943058349951
b'4\xa2\xbe\x84_\x8f[\x98',b'i\xc8\xec\x88YAU\x80',b'|j/\xea\xc0\xa4X\xc5',b'\xa34\xf7\xf0\x9f\x03RM',b'h\xe3\x13@\x15\x85_h',b'_\xb5M\x82\xdb\xefW\xb0',2021.10.11.08.31.07_veh-50_01750_01948/MergedPointCloud/34a2be845f8f5b98.pcd,1633943058399933
b'i\xc8\xec\x88YAU\x80',b'vK4\xd7\x0eJS\xd5',b'4\xa2\xbe\x84_\x8f[\x98',b'\xb89|)\x04\x8dU\xd2',b'h\xe3\x13@\x15\x85_h',b'_\xb5M\x82\xdb\xefW\xb0',2021.10.11.08.31.07_veh-50_01750_01948/MergedPointCloud/69c8ec8859415580.pcd,1633943058449915
b'vK4\xd7\x0eJS\xd5',b'\x84\x90\xc8Om~[\x96',b'i\xc8\xec\x88YAU\x80',b'\xde\xb9vI\x7f\xf5\\;',b'h\xe3\x13@\x15\x85_h',b'_\xb5M\x82\xdb\xefW\xb0',2021.10.11.08.31.07_veh-50_01750_01948/MergedPointCloud/764b34d70e4a53d5.pcd,1633943058499896
b'\x84\x90\xc8Om~[\x96',b'(\xd3I\x8f\xb0\xf6Q\x13',b'vK4\xd7\x0eJS\xd5',b'\x81\xb7\x95\xcb[\xed[\xc1',b'h\xe3\x13@\x15\x85_h',b'_\xb5M\x82\xdb\xefW\xb0',2021.10.11.08.31.07_veh-50_01750_01948/MergedPointCloud/8490c84f6d7e5b96.pcd,1633943058549876
b'(\xd3I\x8f\xb0\xf6Q\x13',b'\xe5\xf4\xedY\xfb\x8aQN',b'\x84\x90\xc8Om~[\x96',b'\xa9p\x11\r\xf4vQ\x0b',b'h\xe3\x13@\x15\x85_h',b'_\xb5M\x82\xdb\xefW\xb0',2021.10.11.08.31.07_veh-50_01750_01948/MergedPointCloud/28d3498fb0f65113.pcd,1633943058599857
b'\xe5\xf4\xedY\xfb\x8aQN',b'\xc9\x84\x91\x7f\xbb\xddU(',b'(\xd3I\x8f\xb0\xf6Q\x13',b'G\xb5?Y\xc9<S\x91',b'h\xe3\x13@\x15\x85_h',b'_\xb5M\x82\xdb\xefW\xb0',2021.10.11.08.31.07_veh-50_01750_01948/MergedPointCloud/e5f4ed59fb8a514e.pcd,1633943058649839
b'\xc9\x84\x91\x7f\xbb\xddU(',b'MCv#\x96\xbcT\xd7',b'\xe5\xf4\xedY\xfb\x8aQN',b'\xad\xfc\xa3\x8e-nQ>',b'h\xe3\x13@\x15\x85_h',b'_\xb5M\x82\xdb\xefW\xb0',2021.10.11.08.31.07_veh-50_01750_01948/MergedPointCloud/c984917fbbdd5528.pcd,1633943058699821
b'MCv#\x96\xbcT\xd7',b'\xec\x1b\x11\x9a@6Q\x8d',b'\xc9\x84\x91\x7f\xbb\xddU(',b'2\xc1\x04\xc6\x90\xb9Z\x0f',b'h\xe3\x13@\x15\x85_h',b'_\xb5M\x82\xdb\xefW\xb0',2021.10.11.08.31.07_veh-50_01750_01948/MergedPointCloud/4d43762396bc54d7.pcd,1633943058749802
b'\xec\x1b\x11\x9a@6Q\x8d',"b'i""\x98\xaf\xf8a_\x8c'",b'MCv#\x96\xbcT\xd7',b'\x08*\xcb\xdd\xac5V\xf5',b'h\xe3\x13@\x15\x85_h',b'_\xb5M\x82\xdb\xefW\xb0',2021.10.11.08.31.07_veh-50_01750_01948/MergedPointCloud/ec1b119a4036518d.pcd,1633943058799782
"b'i""\x98\xaf\xf8a_\x8c'",b'eg\x1dr\xfe\x87^\xef',b'\xec\x1b\x11\x9a@6Q\x8d',b'\xd0\x12n\xa8\xa5\x19\\^',b'h\xe3\x13@\x15\x85_h',b'_\xb5M\x82\xdb\xefW\xb0',2021.10.11.08.31.07_veh-50_01750_01948/MergedPointCloud/692298aff8615f8c.pcd,1633943058849758
b'eg\x1dr\xfe\x87^\xef',b'\x86NI\xe4Y\x01[E',"b'i""\x98\xaf\xf8a_\x8c'",b')\x9c@%\xa1\xf3V\xcc',b'h\xe3\x13@\x15\x85_h',b'_\xb5M\x82\xdb\xefW\xb0',2021.10.11.08.31.07_veh-50_01750_01948/MergedPointCloud/65671d72fe875eef.pcd,1633943058899733
b'\x86NI\xe4Y\x01[E',b'\x9aoH\xe82{V\t',b'eg\x1dr\xfe\x87^\xef',b'\xb8g\xd5)F\xc7Y\xd9',b'h\xe3\x13@\x15\x85_h',b'_\xb5M\x82\xdb\xefW\xb0',2021.10.11.08.31.07_veh-50_01750_01948/MergedPointCloud/864e49e459015b45.pcd,1633943058949708
b'\x9aoH\xe82{V\t',b'\x9f\x8b\xdc\xa3\xb60^\xe9',b'\x86NI\xe4Y\x01[E',b'\xcd\xf30\xb74\x91Zu',b'h\xe3\x13@\x15\x85_h',b'_\xb5M\x82\xdb\xefW\xb0',2021.10.11.08.31.07_veh-50_01750_01948/MergedPointCloud/9a6f48e8327b5609.pcd,1633943058999686
b'\x9f\x8b\xdc\xa3\xb60^\xe9',b'\x9c\x9cQ@\x99\xebS4',b'\x9aoH\xe82{V\t',b'\x84\xc3\x0e\x17\xb0\xe7^0',b'h\xe3\x13@\x15\x85_h',b'_\xb5M\x82\xdb\xefW\xb0',2021.10.11.08.31.07_veh-50_01750_01948/MergedPointCloud/9f8bdca3b6305ee9.pcd,1633943059049666
b'\x9c\x9cQ@\x99\xebS4',b'\xad|\x9aP\x843[\x84',b'\x9f\x8b\xdc\xa3\xb60^\xe9',b'\n\x1e\xc0|eRY\xf1',b'h\xe3\x13@\x15\x85_h',b'_\xb5M\x82\xdb\xefW\xb0',2021.10.11.08.31.07_veh-50_01750_01948/MergedPointCloud/9c9c514099eb5334.pcd,1633943059099647
b'\xad|\x9aP\x843[\x84',b'diE;A\\S\xbf',b'\x9c\x9cQ@\x99\xebS4',b'\x8d\xa5B!B\xb3U\x08',b'h\xe3\x13@\x15\x85_h',b'_\xb5M\x82\xdb\xefW\xb0',2021.10.11.08.31.07_veh-50_01750_01948/MergedPointCloud/ad7c9a5084335b84.pcd,1633943059149633
b'diE;A\\S\xbf',b'L\xec=\x0cQ\x9f[-',b'\xad|\x9aP\x843[\x84',b'*$M\xc9\xdf\xc4S\xa0',b'h\xe3\x13@\x15\x85_h',b'_\xb5M\x82\xdb\xefW\xb0',2021.10.11.08.31.07_veh-50_01750_01948/MergedPointCloud/6469453b415c53bf.pcd,1633943059199626
b'L\xec=\x0cQ\x9f[-',b'\xda\xa5h&\xd5\xaeX\xbf',b'diE;A\\S\xbf',b'\xbayB\xf3\xebN[\x04',b'h\xe3\x13@\x15\x85_h',b'_\xb5M\x82\xdb\xefW\xb0',2021.10.11.08.31.07_veh-50_01750_01948/MergedPointCloud/4cec3d0c519f5b2d.pcd,1633943059249623
b'\xda\xa5h&\xd5\xaeX\xbf',b'u\x86\xf2\xac:O\\o',b'L\xec=\x0cQ\x9f[-',b'U?\xb3\xd6\xa0\xd6S\x99',b'h\xe3\x13@\x15\x85_h',b'_\xb5M\x82\xdb\xefW\xb0',2021.10.11.08.31.07_veh-50_01750_01948/MergedPointCloud/daa56826d5ae58bf.pcd,1633943059299625
b'u\x86\xf2\xac:O\\o',b'\\\x8c*\x83\x95\xcfX\x03',b'\xda\xa5h&\xd5\xaeX\xbf',b'\xf0\x17\x90Py\xadTs',b'h\xe3\x13@\x15\x85_h',b'_\xb5M\x82\xdb\xefW\xb0',2021.10.11.08.31.07_veh-50_01750_01948/MergedPointCloud/7586f2ac3a4f5c6f.pcd,1633943059349629
b'\\\x8c*\x83\x95\xcfX\x03',b'\xbdo\xc76\x0e\xdfXD',b'u\x86\xf2\xac:O\\o',b'\x03\x89\xc5\x99\x99\xb2_\xc5',b'h\xe3\x13@\x15\x85_h',b'_\xb5M\x82\xdb\xefW\xb0',2021.10.11.08.31.07_veh-50_01750_01948/MergedPointCloud/5c8c2a8395cf5803.pcd,1633943059399634
b'\xbdo\xc76\x0e\xdfXD',b'ba\xf5\x95\xae\x11SZ',b'\\\x8c*\x83\x95\xcfX\x03',b'/:\x03\xd3\x90\x1aPT',b'h\xe3\x13@\x15\x85_h',b'_\xb5M\x82\xdb\xefW\xb0',2021.10.11.08.31.07_veh-50_01750_01948/MergedPointCloud/bd6fc7360edf5844.pcd,1633943059449640
b'ba\xf5\x95\xae\x11SZ',"b'\x82 ro,\x8a_\x85'",b'\xbdo\xc76\x0e\xdfXD',b'\xd6\x1fO\xb2`\xe0Q\x92',b'h\xe3\x13@\x15\x85_h',b'_\xb5M\x82\xdb\xefW\xb0',2021.10.11.08.31.07_veh-50_01750_01948/MergedPointCloud/6261f595ae11535a.pcd,1633943059499647
"b'\x82 ro,\x8a_\x85'",b'\x0f\x07\xd54\xba\xb5U\x1d',b'ba\xf5\x95\xae\x11SZ',"b'\xf3,\xf2\xd3\x98\xa3X\xbb'",b'h\xe3\x13@\x15\x85_h',b'_\xb5M\x82\xdb\xefW\xb0',2021.10.11.08.31.07_veh-50_01750_01948/MergedPointCloud/8220726f2c8a5f85.pcd,1633943059549656
b'\x0f\x07\xd54\xba\xb5U\x1d',b'\xe3\xa7\x97\xae\xd6wU\x07',"b'\x82 ro,\x8a_\x85'",b'\xe0s.\x95\xd3\xb0V\xe0',b'h\xe3\x13@\x15\x85_h',b'_\xb5M\x82\xdb\xefW\xb0',2021.10.11.08.31.07_veh-50_01750_01948/MergedPointCloud/0f07d534bab5551d.pcd,1633943059599665
b'\xe3\xa7\x97\xae\xd6wU\x07',b'\xff\xd7\x08\xb5\x88v\\m',b'\x0f\x07\xd54\xba\xb5U\x1d',b'c\x8cD\x9f\xceT\\\xb5',b'h\xe3\x13@\x15\x85_h',b'_\xb5M\x82\xdb\xefW\xb0',2021.10.11.08.31.07_veh-50_01750_01948/MergedPointCloud/e3a797aed6775507.pcd,1633943059649673
b'\xff\xd7\x08\xb5\x88v\\m',b'\x18\xb7\xc0K;MWa',b'\xe3\xa7\x97\xae\xd6wU\x07',b'-\x07b\xe5\x9e\xb2Rn',b'h\xe3\x13@\x15\x85_h',b'_\xb5M\x82\xdb\xefW\xb0',2021.10.11.08.31.07_veh-50_01750_01948/MergedPointCloud/ffd708b588765c6d.pcd,1633943059699682
b'\x18\xb7\xc0K;MWa',b'\xdf\xb6\x87\x9a\x81F]\x0f',b'\xff\xd7\x08\xb5\x88v\\m',b'\xf6\xe0\xaa\x8a\xdf\xcb]>',b'h\xe3\x13@\x15\x85_h',b'_\xb5M\x82\xdb\xefW\xb0',2021.10.11.08.31.07_veh-50_01750_01948/MergedPointCloud/18b7c04b3b4d5761.pcd,1633943059749694
b'\xdf\xb6\x87\x9a\x81F]\x0f',b'ux\x14\xa9g<Sa',b'\x18\xb7\xc0K;MWa',b'M\xbf\x0e\xfc\x17\xe9Rb',b'h\xe3\x13@\x15\x85_h',b'_\xb5M\x82\xdb\xefW\xb0',2021.10.11.08.31.07_veh-50_01750_01948/MergedPointCloud/dfb6879a81465d0f.pcd,1633943059799706
b'ux\x14\xa9g<Sa',"b'\xbeo""\xa9\xde\xb2Z\x9e'",b'\xdf\xb6\x87\x9a\x81F]\x0f',b'5\x124o\x8eGS\xef',b'h\xe3\x13@\x15\x85_h',b'_\xb5M\x82\xdb\xefW\xb0',2021.10.11.08.31.07_veh-50_01750_01948/MergedPointCloud/757814a9673c5361.pcd,1633943059849719
"b'\xbeo""\xa9\xde\xb2Z\x9e'",b'\xafU\xaf\xcc\x85\x14]\xa0',b'ux\x14\xa9g<Sa',b'\xde\n\x95\x07\x97\xd8]\x9f',b'h\xe3\x13@\x15\x85_h',b'_\xb5M\x82\xdb\xefW\xb0',2021.10.11.08.31.07_veh-50_01750_01948/MergedPointCloud/be6f22a9deb25a9e.pcd,1633943059899734
b'\xafU\xaf\xcc\x85\x14]\xa0',b'`\xc2\xa6\xea\xa3`P\x9e',"b'\xbeo""\xa9\xde\xb2Z\x9e'",b'\xf76\xe0#\xb2\x02XR',b'h\xe3\x13@\x15\x85_h',b'_\xb5M\x82\xdb\xefW\xb0',2021.10.11.08.31.07_veh-50_01750_01948/MergedPointCloud/af55afcc85145da0.pcd,1633943059949752
b'`\xc2\xa6\xea\xa3`P\x9e',b'\xcaG1\x9aj\x9cU\x10',b'\xafU\xaf\xcc\x85\x14]\xa0',"b'\xd2W\x937\x02""Zx'",b'h\xe3\x13@\x15\x85_h',b'_\xb5M\x82\xdb\xefW\xb0',2021.10.11.08.31.07_veh-50_01750_01948/MergedPointCloud/60c2a6eaa360509e.pcd,1633943059999770
b'\xcaG1\x9aj\x9cU\x10',b'\xd7@\xef\xc7\xc8*P\x03',b'`\xc2\xa6\xea\xa3`P\x9e',b'\x82\x95!\x00\x11\xa0R\xb5',b'h\xe3\x13@\x15\x85_h',b'_\xb5M\x82\xdb\xefW\xb0',2021.10.11.08.31.07_veh-50_01750_01948/MergedPointCloud/ca47319a6a9c5510.pcd,1633943060049789
b'\xd7@\xef\xc7\xc8*P\x03',b'W\xf2\xc4\xdbt\x0bY\xb5',b'\xcaG1\x9aj\x9cU\x10',"b""\x8a\xefS>'<P\xf7""",b'h\xe3\x13@\x15\x85_h',b'_\xb5M\x82\xdb\xefW\xb0',2021.10.11.08.31.07_veh-50_01750_01948/MergedPointCloud/d740efc7c82a5003.pcd,1633943060099807
b'W\xf2\xc4\xdbt\x0bY\xb5',b'}3\xde\xda!iQ]',b'\xd7@\xef\xc7\xc8*P\x03',b'\x1d\xf8\x8b\xd2\xb9\xdcV\xf9',b'h\xe3\x13@\x15\x85_h',b'_\xb5M\x82\xdb\xefW\xb0',2021.10.11.08.31.07_veh-50_01750_01948/MergedPointCloud/57f2c4db740b59b5.pcd,1633943060149823
b'}3\xde\xda!iQ]',b'\x91\x87:\xb54\xb1W\xeb',b'W\xf2\xc4\xdbt\x0bY\xb5',"b""Kz\xef$:\xf7Z'""",b'h\xe3\x13@\x15\x85_h',b'_\xb5M\x82\xdb\xefW\xb0',2021.10.11.08.31.07_veh-50_01750_01948/MergedPointCloud/7d33deda2169515d.pcd,1633943060199839
b'\x91\x87:\xb54\xb1W\xeb',b'x\x88*\xcf\xd7%[\x82',b'}3\xde\xda!iQ]',b'\x87\xc5\xdb\xf4\x1cL]\x90',b'h\xe3\x13@\x15\x85_h',b'_\xb5M\x82\xdb\xefW\xb0',2021.10.11.08.31.07_veh-50_01750_01948/MergedPointCloud/91873ab534b157eb.pcd,1633943060249857
b'x\x88*\xcf\xd7%[\x82',b'C\xe6<0\x95DTJ',b'\x91\x87:\xb54\xb1W\xeb',b'\xedoco\x0f\xb6]\x00',b'h\xe3\x13@\x15\x85_h',b'\x8af\xd3Yn\x82]\x81',2021.10.11.08.31.07_veh-50_01750_01948/MergedPointCloud/78882acfd7255b82.pcd,1633943060299875
b'C\xe6<0\x95DTJ',b'\xb5\x97\xaa\x9f\xfb\xdcWb',b'x\x88*\xcf\xd7%[\x82',b'?re\xb5\xda\x04VT',b'h\xe3\x13@\x15\x85_h',b'\x8af\xd3Yn\x82]\x81',2021.10.11.08.31.07_veh-50_01750_01948/MergedPointCloud/43e63c309544544a.pcd,1633943060349896
b'\xb5\x97\xaa\x9f\xfb\xdcWb',b'\x8c\xaal\x89\xc0{TJ',b'C\xe6<0\x95DTJ',b':\xde\x1f\xb5\xc4\xaeP\xd9',b'h\xe3\x13@\x15\x85_h',b'\x8af\xd3Yn\x82]\x81',2021.10.11.08.31.07_veh-50_01750_01948/MergedPointCloud/b597aa9ffbdc5762.pcd,1633943060399915
b'\x8c\xaal\x89\xc0{TJ',"b""?c\x9b\x92'sZ\x14""",b'\xb5\x97\xaa\x9f\xfb\xdcWb',b'\xfb1\x85\x8c\x02DV\xa5',b'h\xe3\x13@\x15\x85_h',b'\x8af\xd3Yn\x82]\x81',2021.10.11.08.31.07_veh-50_01750_01948/MergedPointCloud/8caa6c89c07b544a.pcd,1633943060449933
"b""?c\x9b\x92'sZ\x14""",b'\x18\x8e\x82\xc6m\x7fW\x18',b'\x8c\xaal\x89\xc0{TJ',b's\xadN\xf3\xbbrU}',b'h\xe3\x13@\x15\x85_h',b'\x8af\xd3Yn\x82]\x81',2021.10.11.08.31.07_veh-50_01750_01948/MergedPointCloud/3f639b9227735a14.pcd,1633943060499950
b'\x18\x8e\x82\xc6m\x7fW\x18',b'q}D\x8c\xf1\xe2_M',"b""?c\x9b\x92'sZ\x14""",b'%\xa27\x12*\x9c[\\',b'h\xe3\x13@\x15\x85_h',b'\x8af\xd3Yn\x82]\x81',2021.10.11.08.31.07_veh-50_01750_01948/MergedPointCloud/188e82c66d7f5718.pcd,1633943060549970
b'q}D\x8c\xf1\xe2_M',"b""\xd5\xab\x1a\xee'ZS=""",b'\x18\x8e\x82\xc6m\x7fW\x18',b'\x92\x1b\x12h\xa8\xc5Y]',b'h\xe3\x13@\x15\x85_h',b'\x8af\xd3Yn\x82]\x81',2021.10.11.08.31.07_veh-50_01750_01948/MergedPointCloud/717d448cf1e25f4d.pcd,1633943060599993
"b""\xd5\xab\x1a\xee'ZS=""","b'K\xc4\x81""\x8f\x03\\\xbc'",b'q}D\x8c\xf1\xe2_M',b'\x8b\xe2T\xec\x80`U\xc7',b'h\xe3\x13@\x15\x85_h',b'\x8af\xd3Yn\x82]\x81',2021.10.11.08.31.07_veh-50_01750_01948/MergedPointCloud/d5ab1aee275a533d.pcd,1633943060650020
"b'K\xc4\x81""\x8f\x03\\\xbc'",b'\xc9\rN\x9d\x83\x9bS\x89',"b""\xd5\xab\x1a\xee'ZS=""",b'<\xa5\xd2K\x10\xceX\xe2',b'h\xe3\x13@\x15\x85_h',b'\x8af\xd3Yn\x82]\x81',2021.10.11.08.31.07_veh-50_01750_01948/MergedPointCloud/4bc481228f035cbc.pcd,1633943060700049
b'\xc9\rN\x9d\x83\x9bS\x89',"b""&\x18\xed\xdc'/V\xe1""","b'K\xc4\x81""\x8f\x03\\\xbc'",b'X\xb4\x1f\xcf\x1c\xea\\\x80',b'h\xe3\x13@\x15\x85_h',b'\x8af\xd3Yn\x82]\x81',2021.10.11.08.31.07_veh-50_01750_01948/MergedPointCloud/c90d4e9d839b5389.pcd,1633943060750076
"b""&\x18\xed\xdc'/V\xe1""",b'_^\x06\xb2\xec\xb9X\xfa',b'\xc9\rN\x9d\x83\x9bS\x89',b'+U\xd1\x86n>T4',b'h\xe3\x13@\x15\x85_h',b'\x8af\xd3Yn\x82]\x81',2021.10.11.08.31.07_veh-50_01750_01948/MergedPointCloud/2618eddc272f56e1.pcd,1633943060800102
b'_^\x06\xb2\xec\xb9X\xfa',b'\xed~X\xd9\xb3qYI',"b""&\x18\xed\xdc'/V\xe1""",b'\xb2\xaa\xbd\x14@RS\x16',b'h\xe3\x13@\x15\x85_h',b'\x8af\xd3Yn\x82]\x81',2021.10.11.08.31.07_veh-50_01750_01948/MergedPointCloud/5f5e06b2ecb958fa.pcd,1633943060850129
b'\xed~X\xd9\xb3qYI',b'\xad+S\xd0\x8bQ_\xb9',b'_^\x06\xb2\xec\xb9X\xfa',b'\xe2$\xbd\x08}\xb3Q\xe7',b'h\xe3\x13@\x15\x85_h',b'\x8af\xd3Yn\x82]\x81',2021.10.11.08.31.07_veh-50_01750_01948/MergedPointCloud/ed7e58d9b3715949.pcd,1633943060900157
b'\xad+S\xd0\x8bQ_\xb9',b'\xca\x04\x97\xe9\xef?QR',b'\xed~X\xd9\xb3qYI',b')^\t\x8dQ\x1e]E',b'h\xe3\x13@\x15\x85_h',b'\x8af\xd3Yn\x82]\x81',2021.10.11.08.31.07_veh-50_01750_01948/MergedPointCloud/ad2b53d08b515fb9.pcd,1633943060950186
b'\xca\x04\x97\xe9\xef?QR',b'\x10\xc5\x18_5\xe4[\xe2',b'\xad+S\xd0\x8bQ_\xb9',b';\xe7:\xd7.\x15Xr',b'h\xe3\x13@\x15\x85_h',b'\x8af\xd3Yn\x82]\x81',2021.10.11.08.31.07_veh-50_01750_01948/MergedPointCloud/ca0497e9ef3f5152.pcd,1633943061000209
b'\x10\xc5\x18_5\xe4[\xe2',b'\x981\xa6\xd8\x87\xbeZH',b'\xca\x04\x97\xe9\xef?QR',b'\x0c\x18\xc4\xb2X\x06W\\',b'h\xe3\x13@\x15\x85_h',b'\x8af\xd3Yn\x82]\x81',2021.10.11.08.31.07_veh-50_01750_01948/MergedPointCloud/10c5185f35e45be2.pcd,1633943061050228
b'\x981\xa6\xd8\x87\xbeZH',b'\x11\xd6\xaa\x7f\xd7tYU',b'\x10\xc5\x18_5\xe4[\xe2',b'\x83[$\xb6\xe7\x14Q\x84',b'h\xe3\x13@\x15\x85_h',b'\x8af\xd3Yn\x82]\x81',2021.10.11.08.31.07_veh-50_01750_01948/MergedPointCloud/9831a6d887be5a48.pcd,1633943061100243
b'\x11\xd6\xaa\x7f\xd7tYU',"b""~'\xe7\xc5\xd5\xf6_'""",b'\x981\xa6\xd8\x87\xbeZH',b'\xb6\xbc\xc6i\xedG^\xcb',b'h\xe3\x13@\x15\x85_h',b'\x8af\xd3Yn\x82]\x81',2021.10.11.08.31.07_veh-50_01750_01948/MergedPointCloud/11d6aa7fd7745955.pcd,1633943061150253
"b""~'\xe7\xc5\xd5\xf6_'""",b'\x9d\x87k\x13\xa0\xf0R4',b'\x11\xd6\xaa\x7f\xd7tYU',"b""\xf8`'|\xea\x94P|""",b'h\xe3\x13@\x15\x85_h',b'\x8af\xd3Yn\x82]\x81',2021.10.11.08.31.07_veh-50_01750_01948/MergedPointCloud/7e27e7c5d5f65f27.pcd,1633943061200260
b'\x9d\x87k\x13\xa0\xf0R4',"b""\x97F'\xe2\x96\x08W\xc7""","b""~'\xe7\xc5\xd5\xf6_'""",b'|\xbe\x8b\x80\xbbx]D',b'h\xe3\x13@\x15\x85_h',b'\x8af\xd3Yn\x82]\x81',2021.10.11.08.31.07_veh-50_01750_01948/MergedPointCloud/9d876b13a0f05234.pcd,1633943061250265
"b""\x97F'\xe2\x96\x08W\xc7""",b'\xb6\x1e\xac~\x0elS\xa9',b'\x9d\x87k\x13\xa0\xf0R4',b'YT\xa1\xaaY4\\\xb0',b'h\xe3\x13@\x15\x85_h',b'\x8af\xd3Yn\x82]\x81',2021.10.11.08.31.07_veh-50_01750_01948/MergedPointCloud/974627e2960857c7.pcd,1633943061300266
b'\xb6\x1e\xac~\x0elS\xa9',b'\x10[%\x14\xefDT\x03',"b""\x97F'\xe2\x96\x08W\xc7""",b'\x18\xb7w.\xae=[\x0c',b'h\xe3\x13@\x15\x85_h',b'\x8af\xd3Yn\x82]\x81',2021.10.11.08.31.07_veh-50_01750_01948/MergedPointCloud/b61eac7e0e6c53a9.pcd,1633943061350264
b'\x10[%\x14\xefDT\x03',b'*j\xd6j\xd1BS\xfd',b'\xb6\x1e\xac~\x0elS\xa9',b'\xd6\x1c6\xaaB/Q\xbe',b'h\xe3\x13@\x15\x85_h',b'\x8af\xd3Yn\x82]\x81',2021.10.11.08.31.07_veh-50_01750_01948/MergedPointCloud/105b2514ef445403.pcd,1633943061400256
b'*j\xd6j\xd1BS\xfd',b'\xc8\x87%N\x836[7',b'\x10[%\x14\xefDT\x03',b'\xc0j\x90\xd3*\xbc]\x11',b'h\xe3\x13@\x15\x85_h',b'\x8af\xd3Yn\x82]\x81',2021.10.11.08.31.07_veh-50_01750_01948/MergedPointCloud/2a6ad66ad14253fd.pcd,1633943061450247
b'\xc8\x87%N\x836[7',b'\xc0C\xa7E\x01\x1e\\\xbd',b'*j\xd6j\xd1BS\xfd',b'P\xcb\xaa\xd3\x9b\xf5]\x7f',b'h\xe3\x13@\x15\x85_h',b'\x8af\xd3Yn\x82]\x81',2021.10.11.08.31.07_veh-50_01750_01948/MergedPointCloud/c887254e83365b37.pcd,1633943061500235
b'\xc0C\xa7E\x01\x1e\\\xbd',b'\xe0%]\xa6\xf3wRj',b'\xc8\x87%N\x836[7',b'9@\x19S\xfb\xd8[\xbf',b'h\xe3\x13@\x15\x85_h',b'\x8af\xd3Yn\x82]\x81',2021.10.11.08.31.07_veh-50_01750_01948/MergedPointCloud/c043a745011e5cbd.pcd,1633943061550222
b'\xe0%]\xa6\xf3wRj',b'I\x9c\x07\xf0%\x0eZ6',b'\xc0C\xa7E\x01\x1e\\\xbd',b'\xb7I\x9a\xad/\xa4]\xb2',b'h\xe3\x13@\x15\x85_h',b'\x8af\xd3Yn\x82]\x81',2021.10.11.08.31.07_veh-50_01750_01948/MergedPointCloud/e0255da6f377526a.pcd,1633943061600206
b'I\x9c\x07\xf0%\x0eZ6',"b'A\xff,\x07o\xac\\h'",b'\xe0%]\xa6\xf3wRj',b'I\xd1\r\xb7\xab&^!',b'h\xe3\x13@\x15\x85_h',b'\x8af\xd3Yn\x82]\x81',2021.10.11.08.31.07_veh-50_01750_01948/MergedPointCloud/499c07f0250e5a36.pcd,1633943061650187
"b'A\xff,\x07o\xac\\h'",b'\xc2\xae\xe8\xe0PBT\xb7',b'I\x9c\x07\xf0%\x0eZ6',b'\xe6PI.3\x90X\xba',b'h\xe3\x13@\x15\x85_h',b'\x8af\xd3Yn\x82]\x81',2021.10.11.08.31.07_veh-50_01750_01948/MergedPointCloud/41ff2c076fac5c68.pcd,1633943061700171
b'\xc2\xae\xe8\xe0PBT\xb7',b'\xf4XqU-\xa2VL',"b'A\xff,\x07o\xac\\h'",b'?\xc5\xdb+*\xd3^\x12',b'h\xe3\x13@\x15\x85_h',b'\x8af\xd3Yn\x82]\x81',2021.10.11.08.31.07_veh-50_01750_01948/MergedPointCloud/c2aee8e0504254b7.pcd,1633943061750152
b'\xf4XqU-\xa2VL',b'@/\x9bYdL^\x15',b'\xc2\xae\xe8\xe0PBT\xb7',b'\xc1\x1e\xa7\x8e\xccKQ\xde',b'h\xe3\x13@\x15\x85_h',b'\x8af\xd3Yn\x82]\x81',2021.10.11.08.31.07_veh-50_01750_01948/MergedPointCloud/f45871552da2564c.pcd,1633943061800136
b'@/\x9bYdL^\x15',b'^\xa2\x0eQ\xb6\x98T\xdd',b'\xf4XqU-\xa2VL',b'\x82\xd9\xb1\x00\x89\xf9So',b'h\xe3\x13@\x15\x85_h',b'\x8af\xd3Yn\x82]\x81',2021.10.11.08.31.07_veh-50_01750_01948/MergedPointCloud/402f9b59644c5e15.pcd,1633943061850117
b'^\xa2\x0eQ\xb6\x98T\xdd',b'\x84\x19}\xb0pqX+',b'@/\x9bYdL^\x15',b'\x02\xc3]7\x01\xbfP\xf9',b'h\xe3\x13@\x15\x85_h',b'\x8af\xd3Yn\x82]\x81',2021.10.11.08.31.07_veh-50_01750_01948/MergedPointCloud/5ea20e51b69854dd.pcd,1633943061900102
b'\x84\x19}\xb0pqX+',b'\x08\x03\x94\xf7\xcd\xf4YV',b'^\xa2\x0eQ\xb6\x98T\xdd',b'\xb2\xe02V\xd8tZ5',b'h\xe3\x13@\x15\x85_h',b'\x8af\xd3Yn\x82]\x81',2021.10.11.08.31.07_veh-50_01750_01948/MergedPointCloud/84197db07071582b.pcd,1633943061950087
b'\x08\x03\x94\xf7\xcd\xf4YV',b'\xf5`\x1f\xe4veU\x05',b'\x84\x19}\xb0pqX+',b'd0.\x0b\xc3\xf6Zu',b'h\xe3\x13@\x15\x85_h',b'\x8af\xd3Yn\x82]\x81',2021.10.11.08.31.07_veh-50_01750_01948/MergedPointCloud/080394f7cdf45956.pcd,1633943062000074
b'\xf5`\x1f\xe4veU\x05',b'\xe5\xf5L\x16+\x9b\\W',b'\x08\x03\x94\xf7\xcd\xf4YV',"b'\xb7\x98T\xb3,jR\xc3'",b'h\xe3\x13@\x15\x85_h',b'\x8af\xd3Yn\x82]\x81',2021.10.11.08.31.07_veh-50_01750_01948/MergedPointCloud/f5601fe476655505.pcd,1633943062050058
b'\xe5\xf5L\x16+\x9b\\W',b'\xed\xafU-Z\xa6P\xbe',b'\xf5`\x1f\xe4veU\x05',b'\xa4Kc\xa8\xd7\x02]7',b'h\xe3\x13@\x15\x85_h',b'\x8af\xd3Yn\x82]\x81',2021.10.11.08.31.07_veh-50_01750_01948/MergedPointCloud/e5f54c162b9b5c57.pcd,1633943062100040
b'\xed\xafU-Z\xa6P\xbe',b'^\x17\xef\n\x1d\x0c_G',b'\xe5\xf5L\x16+\x9b\\W',b'\xff7\x9d\xfb\xf3RT\r',b'h\xe3\x13@\x15\x85_h',b'\x8af\xd3Yn\x82]\x81',2021.10.11.08.31.07_veh-50_01750_01948/MergedPointCloud/edaf552d5aa650be.pcd,1633943062150020
b'^\x17\xef\n\x1d\x0c_G',b'\xdc\x85\xf6\xd8YkT=',b'\xed\xafU-Z\xa6P\xbe',b'e\xc3=\xcahtZ3',b'h\xe3\x13@\x15\x85_h',b'\x8af\xd3Yn\x82]\x81',2021.10.11.08.31.07_veh-50_01750_01948/MergedPointCloud/5e17ef0a1d0c5f47.pcd,1633943062199998
b'\xdc\x85\xf6\xd8YkT=',b'`\xe5@\x80g\xdd_\x85',b'^\x17\xef\n\x1d\x0c_G',b'\x13t\xc0\x85\x9d}P}',b'h\xe3\x13@\x15\x85_h',b'\x8af\xd3Yn\x82]\x81',2021.10.11.08.31.07_veh-50_01750_01948/MergedPointCloud/dc85f6d8596b543d.pcd,1633943062249975
b'`\xe5@\x80g\xdd_\x85',b'i;e\xb6[\x94W\x8a',b'\xdc\x85\xf6\xd8YkT=',b'\x1d\x0e\xc0\xc2\xa6\xedUV',b'h\xe3\x13@\x15\x85_h',b'\x8af\xd3Yn\x82]\x81',2021.10.11.08.31.07_veh-50_01750_01948/MergedPointCloud/60e5408067dd5f85.pcd,1633943062299951
b'i;e\xb6[\x94W\x8a',b'\xee\xc0\xc3 (L]\xf7',b'`\xe5@\x80g\xdd_\x85',b'<\xe9\x8d\x95\x7flVG',b'h\xe3\x13@\x15\x85_h',b'\x8af\xd3Yn\x82]\x81',2021.10.11.08.31.07_veh-50_01750_01948/MergedPointCloud/693b65b65b94578a.pcd,1633943062349923
b'\xee\xc0\xc3 (L]\xf7',b'\x99_\xf1L\x83fPi',b'i;e\xb6[\x94W\x8a',b'\xed\xa4O\xeb\x8c\x12Y5',b'h\xe3\x13@\x15\x85_h',b'\x8af\xd3Yn\x82]\x81',2021.10.11.08.31.07_veh-50_01750_01948/MergedPointCloud/eec0c320284c5df7.pcd,1633943062399895
b'\x99_\xf1L\x83fPi',b'$\x0cjR\x90%_|',b'\xee\xc0\xc3 (L]\xf7',b'E 4{5\xf3]\x00',b'h\xe3\x13@\x15\x85_h',b'\x8af\xd3Yn\x82]\x81',2021.10.11.08.31.07_veh-50_01750_01948/MergedPointCloud/995ff14c83665069.pcd,1633943062449866
b'$\x0cjR\x90%_|',b'\x918\xe2\xe7PRZ\x14',b'\x99_\xf1L\x83fPi',b'\xe4\xc9Dbd+V[',b'h\xe3\x13@\x15\x85_h',b'\x8af\xd3Yn\x82]\x81',2021.10.11.08.31.07_veh-50_01750_01948/MergedPointCloud/240c6a5290255f7c.pcd,1633943062499836
b'\x918\xe2\xe7PRZ\x14',b'\x13\xf6\xc35y\x84^^',b'$\x0cjR\x90%_|',b'\xca\xa9&\xceI\xa4Q\xb2',b'h\xe3\x13@\x15\x85_h',b'\x8af\xd3Yn\x82]\x81',2021.10.11.08.31.07_veh-50_01750_01948/MergedPointCloud/9138e2e750525a14.pcd,1633943062549808
b'\x13\xf6\xc35y\x84^^',b'\x91.fU\xd8\xb6X\xa5',b'\x918\xe2\xe7PRZ\x14',b'\xe4\x0e2\xc7\xcd\x82W\x16',b'h\xe3\x13@\x15\x85_h',b'\x8af\xd3Yn\x82]\x81',2021.10.11.08.31.07_veh-50_01750_01948/MergedPointCloud/13f6c33579845e5e.pcd,1633943062599778
b'\x91.fU\xd8\xb6X\xa5',b't\x04\x9b\xcd\x86\x99X\x17',b'\x13\xf6\xc35y\x84^^',b'\xd69\xdc\xbco\xeaX{',b'h\xe3\x13@\x15\x85_h',b'\x8af\xd3Yn\x82]\x81',2021.10.11.08.31.07_veh-50_01750_01948/MergedPointCloud/912e6655d8b658a5.pcd,1633943062649747
b't\x04\x9b\xcd\x86\x99X\x17',b'#[3pR\xeaT\x88',b'\x91.fU\xd8\xb6X\xa5',b'\x95q6\x1b\xf5c\\\x14',b'h\xe3\x13@\x15\x85_h',b'\x8af\xd3Yn\x82]\x81',2021.10.11.08.31.07_veh-50_01750_01948/MergedPointCloud/74049bcd86995817.pcd,1633943062699719
b'#[3pR\xeaT\x88',b'\xc6\xbcc\xbe_\nZ ',b't\x04\x9b\xcd\x86\x99X\x17',b'\x80\xdb\xae\xf3\xab<^K',b'h\xe3\x13@\x15\x85_h',b'\x8af\xd3Yn\x82]\x81',2021.10.11.08.31.07_veh-50_01750_01948/MergedPointCloud/235b337052ea5488.pcd,1633943062749694
b'\xc6\xbcc\xbe_\nZ ',b'\xb1\x02+_\xe6\xa4^<',b'#[3pR\xeaT\x88',b'X#\x96\xfdx\xb8_\xb9',b'h\xe3\x13@\x15\x85_h',b'\x8af\xd3Yn\x82]\x81',2021.10.11.08.31.07_veh-50_01750_01948/MergedPointCloud/c6bc63be5f0a5a20.pcd,1633943062799674
b'\xb1\x02+_\xe6\xa4^<',b'\xd6\xf8\xca\x0cd3Q\xd8',b'\xc6\xbcc\xbe_\nZ ',b'\x8e\xdb\x8b\xfc\x07\x88Q\x0c',b'h\xe3\x13@\x15\x85_h',b'\x8af\xd3Yn\x82]\x81',2021.10.11.08.31.07_veh-50_01750_01948/MergedPointCloud/b1022b5fe6a45e3c.pcd,1633943062849655
b'\xd6\xf8\xca\x0cd3Q\xd8',b'\xd5\x8c\x0f8\xde\\W[',b'\xb1\x02+_\xe6\xa4^<',b'!\xfb\x1e\x7f;\xe4[\xfb',b'h\xe3\x13@\x15\x85_h',b'\x8af\xd3Yn\x82]\x81',2021.10.11.08.31.07_veh-50_01750_01948/MergedPointCloud/d6f8ca0c643351d8.pcd,1633943062899639
b'\xd5\x8c\x0f8\xde\\W[',b'\xe7\xf1_Zz\xfdW\xa8',b'\xd6\xf8\xca\x0cd3Q\xd8',"b'\x90,\xbdV\xc6_\\\x8b'",b'h\xe3\x13@\x15\x85_h',b'\x8af\xd3Yn\x82]\x81',2021.10.11.08.31.07_veh-50_01750_01948/MergedPointCloud/d58c0f38de5c575b.pcd,1633943062949621
b'\xe7\xf1_Zz\xfdW\xa8',"b'\x8dqpO""\xcf[u'",b'\xd5\x8c\x0f8\xde\\W[',b'\xea<n\xbe\xf2\xe2_q',b'h\xe3\x13@\x15\x85_h',b'\x8af\xd3Yn\x82]\x81',2021.10.11.08.31.07_veh-50_01750_01948/MergedPointCloud/e7f15f5a7afd57a8.pcd,1633943062999604
"b'\x8dqpO""\xcf[u'","b',\xc6\x12\xbd\x8e\x15Y\x82'",b'\xe7\xf1_Zz\xfdW\xa8',b'\x10\xa2\xb5\xc7[\xbc^\x85',b'h\xe3\x13@\x15\x85_h',b'\x8af\xd3Yn\x82]\x81',2021.10.11.08.31.07_veh-50_01750_01948/MergedPointCloud/8d71704f22cf5b75.pcd,1633943063049586
"b',\xc6\x12\xbd\x8e\x15Y\x82'",b'\xec\xe5\xac/\xe1\xa8Q\xa4',"b'\x8dqpO""\xcf[u'",b'\xf0x~<\x07>Z\x16',b'h\xe3\x13@\x15\x85_h',b'\x8af\xd3Yn\x82]\x81',2021.10.11.08.31.07_veh-50_01750_01948/MergedPointCloud/2cc612bd8e155982.pcd,1633943063099570
b'\xec\xe5\xac/\xe1\xa8Q\xa4',b'\x96\x02\x1f@Y\xe6T\x84',"b',\xc6\x12\xbd\x8e\x15Y\x82'",b'X\x8c\x0f\xccH\x80\\R',b'h\xe3\x13@\x15\x85_h',b'\x8af\xd3Yn\x82]\x81',2021.10.11.08.31.07_veh-50_01750_01948/MergedPointCloud/ece5ac2fe1a851a4.pcd,1633943063149552
b'\x96\x02\x1f@Y\xe6T\x84',b'R\x99J\xda\xf71Q5',b'\xec\xe5\xac/\xe1\xa8Q\xa4',b'\x8eY\n\x15\x8aPX\xbd',b'h\xe3\x13@\x15\x85_h',b'\x8af\xd3Yn\x82]\x81',2021.10.11.08.31.07_veh-50_01750_01948/MergedPointCloud/96021f4059e65484.pcd,1633943063199537
b'R\x99J\xda\xf71Q5',b'\xbe\xde\xaf=\x7fvX\xb4',b'\x96\x02\x1f@Y\xe6T\x84',b'\xa8\xa2\xcap\xbc\xe5Yr',b'h\xe3\x13@\x15\x85_h',b'\x8af\xd3Yn\x82]\x81',2021.10.11.08.31.07_veh-50_01750_01948/MergedPointCloud/52994adaf7315135.pcd,1633943063249523
b'\xbe\xde\xaf=\x7fvX\xb4',b'<\xb7\x0b\x7f4\xc9TU',b'R\x99J\xda\xf71Q5',b'_\xd4\x18\x96\x1f\x85P\xb6',b'h\xe3\x13@\x15\x85_h',b'\x8af\xd3Yn\x82]\x81',2021.10.11.08.31.07_veh-50_01750_01948/MergedPointCloud/bedeaf3d7f7658b4.pcd,1633943063299511
b'<\xb7\x0b\x7f4\xc9TU',b'\x93@\xc4&;\xfbP\xc3',b'\xbe\xde\xaf=\x7fvX\xb4',b'?[+\x1d\x12\\Wo',b'h\xe3\x13@\x15\x85_h',b'\x8af\xd3Yn\x82]\x81',2021.10.11.08.31.07_veh-50_01750_01948/MergedPointCloud/3cb70b7f34c95455.pcd,1633943063349499
b'\x93@\xc4&;\xfbP\xc3',b'x-A\xe3\xdcn\\\xf5',b'<\xb7\x0b\x7f4\xc9TU',b'\xb6:\xee\xa9\xc3ZU;',b'h\xe3\x13@\x15\x85_h',b'\x8af\xd3Yn\x82]\x81',2021.10.11.08.31.07_veh-50_01750_01948/MergedPointCloud/9340c4263bfb50c3.pcd,1633943063399491
b'x-A\xe3\xdcn\\\xf5',b'\x0f\xe2\xe2\xf1\x8c\x16R\x12',b'\x93@\xc4&;\xfbP\xc3',b'\xaa\xca7\xe5\x97S\\\x05',b'h\xe3\x13@\x15\x85_h',b'\x8af\xd3Yn\x82]\x81',2021.10.11.08.31.07_veh-50_01750_01948/MergedPointCloud/782d41e3dc6e5cf5.pcd,1633943063449485
b'\x0f\xe2\xe2\xf1\x8c\x16R\x12',b'\xe7\xdd\x16\t\x8bk\\(',b'x-A\xe3\xdcn\\\xf5',b'\x15\xa3\xb1\x14X-W1',b'h\xe3\x13@\x15\x85_h',b'\x8af\xd3Yn\x82]\x81',2021.10.11.08.31.07_veh-50_01750_01948/MergedPointCloud/0fe2e2f18c165212.pcd,1633943063499484
b'\xe7\xdd\x16\t\x8bk\\(',b'\x97\xaa\x94.\x9e\x84Q\x80',b'\x0f\xe2\xe2\xf1\x8c\x16R\x12',b'P<|.\xecDP\x92',b'h\xe3\x13@\x15\x85_h',b'\x8af\xd3Yn\x82]\x81',2021.10.11.08.31.07_veh-50_01750_01948/MergedPointCloud/e7dd16098b6b5c28.pcd,1633943063549488
b'\x97\xaa\x94.\x9e\x84Q\x80',b'[\xc5\n\xdd\x05}[\x00',b'\xe7\xdd\x16\t\x8bk\\(',b'&\xc2\x0fd\xc0\x9bV\xae',b'h\xe3\x13@\x15\x85_h',b'\x8af\xd3Yn\x82]\x81',2021.10.11.08.31.07_veh-50_01750_01948/MergedPointCloud/97aa942e9e845180.pcd,1633943063599498
b'[\xc5\n\xdd\x05}[\x00',b'o;\xf7\xc4-\xcfT\x14',b'\x97\xaa\x94.\x9e\x84Q\x80',b'\xf9\xc0\xdec\xd5\x06S\xe0',b'h\xe3\x13@\x15\x85_h',b'\x8af\xd3Yn\x82]\x81',2021.10.11.08.31.07_veh-50_01750_01948/MergedPointCloud/5bc50add057d5b00.pcd,1633943063649509
b'o;\xf7\xc4-\xcfT\x14',b'a\xeb\xcd\xfb\x0b+V\x99',b'[\xc5\n\xdd\x05}[\x00',b'\x16\xaa\xd0\xdb\x00WTc',b'h\xe3\x13@\x15\x85_h',b'\x8af\xd3Yn\x82]\x81',2021.10.11.08.31.07_veh-50_01750_01948/MergedPointCloud/6f3bf7c42dcf5414.pcd,1633943063699521
b'a\xeb\xcd\xfb\x0b+V\x99',b'\xea\xbbKH\x9f\x0bX\xe7',b'o;\xf7\xc4-\xcfT\x14',b'a(4q\xfb\xb7Q\x1d',b'h\xe3\x13@\x15\x85_h',b'\x8af\xd3Yn\x82]\x81',2021.10.11.08.31.07_veh-50_01750_01948/MergedPointCloud/61ebcdfb0b2b5699.pcd,1633943063749534
b'\xea\xbbKH\x9f\x0bX\xe7',b'\xb1s\xae\xbe\xae\xaf[f',b'a\xeb\xcd\xfb\x0b+V\x99',b'\x8b\t\xaf\xb9\xcf\xa3U]',b'h\xe3\x13@\x15\x85_h',b'\x8af\xd3Yn\x82]\x81',2021.10.11.08.31.07_veh-50_01750_01948/MergedPointCloud/eabb4b489f0b58e7.pcd,1633943063799546
b'\xb1s\xae\xbe\xae\xaf[f',b's\x05QY=\x1cS=',b'\xea\xbbKH\x9f\x0bX\xe7',b'CE~\x17 v]\x8c',b'h\xe3\x13@\x15\x85_h',b'\x8af\xd3Yn\x82]\x81',2021.10.11.08.31.07_veh-50_01750_01948/MergedPointCloud/b173aebeaeaf5b66.pcd,1633943063849559
b's\x05QY=\x1cS=',b'\x9f\x8e\xd1\xdd\x07\xf5Y\xb1',b'\xb1s\xae\xbe\xae\xaf[f',b'\xc1K\xc9\x80&\x01P2',b'h\xe3\x13@\x15\x85_h',b'\x8af\xd3Yn\x82]\x81',2021.10.11.08.31.07_veh-50_01750_01948/MergedPointCloud/730551593d1c533d.pcd,1633943063899572
b'\x9f\x8e\xd1\xdd\x07\xf5Y\xb1',b'\xeb\xcf\xe5\xb7\xea\xe2U\x94',b's\x05QY=\x1cS=',b'\xff\x10\x10\xba\xea\xcdV[',b'h\xe3\x13@\x15\x85_h',b'\x8af\xd3Yn\x82]\x81',2021.10.11.08.31.07_veh-50_01750_01948/MergedPointCloud/9f8ed1dd07f559b1.pcd,1633943063949586
b'\xeb\xcf\xe5\xb7\xea\xe2U\x94',b'\xbf\x92\xfc\xc7f\x89W\x1d',b'\x9f\x8e\xd1\xdd\x07\xf5Y\xb1',b'\xdcX\xf6p\xcfIX\xa8',b'h\xe3\x13@\x15\x85_h',b'\x8af\xd3Yn\x82]\x81',2021.10.11.08.31.07_veh-50_01750_01948/MergedPointCloud/ebcfe5b7eae25594.pcd,1633943063999603
b'\xbf\x92\xfc\xc7f\x89W\x1d',b'T\x8e\x1e2\xb9\x0cS$',b'\xeb\xcf\xe5\xb7\xea\xe2U\x94',b's\xa1\xb5/\x17CP\xcd',b'h\xe3\x13@\x15\x85_h',b'\x8af\xd3Yn\x82]\x81',2021.10.11.08.31.07_veh-50_01750_01948/MergedPointCloud/bf92fcc76689571d.pcd,1633943064049621
b'T\x8e\x1e2\xb9\x0cS$',b'\xd6s\x96\xec\x0c*W#',b'\xbf\x92\xfc\xc7f\x89W\x1d',b';\x8a\xdb\xe5\xd2\x08R!',b'h\xe3\x13@\x15\x85_h',b'\x8af\xd3Yn\x82]\x81',2021.10.11.08.31.07_veh-50_01750_01948/MergedPointCloud/548e1e32b90c5324.pcd,1633943064099645
b'\xd6s\x96\xec\x0c*W#',b'\xea)\x08sXbU\x7f',b'T\x8e\x1e2\xb9\x0cS$',"b""g.x6'`Y\x11""",b'h\xe3\x13@\x15\x85_h',b'\x8af\xd3Yn\x82]\x81',2021.10.11.08.31.07_veh-50_01750_01948/MergedPointCloud/d67396ec0c2a5723.pcd,1633943064149673
b'\xea)\x08sXbU\x7f',b'U\xd0k-\x8bMW\x1d',b'\xd6s\x96\xec\x0c*W#',b'\x19\t>\x87\x18\xf5\\y',b'h\xe3\x13@\x15\x85_h',b'\x8af\xd3Yn\x82]\x81',2021.10.11.08.31.07_veh-50_01750_01948/MergedPointCloud/ea2908735862557f.pcd,1633943064199706
b'U\xd0k-\x8bMW\x1d',b'\x03d#U\xad\x93[\xb1',b'\xea)\x08sXbU\x7f',b'\xc0<\xee_7\x83_\xfb',b'h\xe3\x13@\x15\x85_h',b'\x8af\xd3Yn\x82]\x81',2021.10.11.08.31.07_veh-50_01750_01948/MergedPointCloud/55d06b2d8b4d571d.pcd,1633943064249745
b'\x03d#U\xad\x93[\xb1',b'\xe1\x08\xeb#I\xfcZ\xb4',b'U\xd0k-\x8bMW\x1d',b'\xcbBQFr\x01X\x84',b'h\xe3\x13@\x15\x85_h',b'\x8af\xd3Yn\x82]\x81',2021.10.11.08.31.07_veh-50_01750_01948/MergedPointCloud/03642355ad935bb1.pcd,1633943064299786
b'\xe1\x08\xeb#I\xfcZ\xb4',b'\xa5\x08\x1c\xc9\xd6hQ\xe9',b'\x03d#U\xad\x93[\xb1',b'\x19\xe7\xe0\x81\xd7\xe6W?',b'h\xe3\x13@\x15\x85_h',b'\x8af\xd3Yn\x82]\x81',2021.10.11.08.31.07_veh-50_01750_01948/MergedPointCloud/e108eb2349fc5ab4.pcd,1633943064349831
b'\xa5\x08\x1c\xc9\xd6hQ\xe9',b'\xc5\xb8-4\xbfPX\x19',b'\xe1\x08\xeb#I\xfcZ\xb4',b'\xac\xa0R\x91\xd8\xbfU8',b'h\xe3\x13@\x15\x85_h',b'\x8af\xd3Yn\x82]\x81',2021.10.11.08.31.07_veh-50_01750_01948/MergedPointCloud/a5081cc9d66851e9.pcd,1633943064399874
b'\xc5\xb8-4\xbfPX\x19',b'\xe9\x0b\x0b!\xe3\x96T=',b'\xa5\x08\x1c\xc9\xd6hQ\xe9',b' \xfa\x94l\xa9\xf7[\xd1',b'h\xe3\x13@\x15\x85_h',b'\x8af\xd3Yn\x82]\x81',2021.10.11.08.31.07_veh-50_01750_01948/MergedPointCloud/c5b82d34bf505819.pcd,1633943064449917
b'\xe9\x0b\x0b!\xe3\x96T=',b'\xeb\xdf\x97\x16Da[\xd2',b'\xc5\xb8-4\xbfPX\x19',b'\xd2d\x9d\x99\\pRL',b'h\xe3\x13@\x15\x85_h',b'\x8af\xd3Yn\x82]\x81',2021.10.11.08.31.07_veh-50_01750_01948/MergedPointCloud/e90b0b21e396543d.pcd,1633943064499956
b'\xeb\xdf\x97\x16Da[\xd2',b'\xe8+\xd5\x8f\xd2OS\x9d',b'\xe9\x0b\x0b!\xe3\x96T=',"b'""\xc0\xce\x81\xd2\xd2R\xa8'",b'h\xe3\x13@\x15\x85_h',b'\x8af\xd3Yn\x82]\x81',2021.10.11.08.31.07_veh-50_01750_01948/MergedPointCloud/ebdf971644615bd2.pcd,1633943064549993
b'\xe8+\xd5\x8f\xd2OS\x9d',b'\xe6\xa8\x8a\x11\x97\xffY9',b'\xeb\xdf\x97\x16Da[\xd2',b'\xfa\xeaY\xa2BDV\x8a',b'h\xe3\x13@\x15\x85_h',b'\x8af\xd3Yn\x82]\x81',2021.10.11.08.31.07_veh-50_01750_01948/MergedPointCloud/e82bd58fd24f539d.pcd,1633943064600030
b'\xe6\xa8\x8a\x11\x97\xffY9',b'\x95n;;i\xcbYh',b'\xe8+\xd5\x8f\xd2OS\x9d',b'\x00\x91\x92\xa4=\x98R\xb6',b'h\xe3\x13@\x15\x85_h',b'\x8af\xd3Yn\x82]\x81',2021.10.11.08.31.07_veh-50_01750_01948/MergedPointCloud/e6a88a1197ff5939.pcd,1633943064650068
b'\x95n;;i\xcbYh',b')0<\x81\xcaRY\xcc',b'\xe6\xa8\x8a\x11\x97\xffY9',b'u\xf3\xa2\xd4\x15\xd5Xy',b'h\xe3\x13@\x15\x85_h',b'\x8af\xd3Yn\x82]\x81',2021.10.11.08.31.07_veh-50_01750_01948/MergedPointCloud/956e3b3b69cb5968.pcd,1633943064700103
b')0<\x81\xcaRY\xcc',b'\xe6\xaaL\xf8\x1eQY\x1c',b'\x95n;;i\xcbYh',b'Lv-\xec>JSA',b'h\xe3\x13@\x15\x85_h',b'\x8af\xd3Yn\x82]\x81',2021.10.11.08.31.07_veh-50_01750_01948/MergedPointCloud/29303c81ca5259cc.pcd,1633943064750136
b'\xe6\xaaL\xf8\x1eQY\x1c',b'\x19JY<w\xe5QQ',b')0<\x81\xcaRY\xcc',b'\xba\xbe\xc9)Yo]\xc2',b'h\xe3\x13@\x15\x85_h',b'\x8af\xd3Yn\x82]\x81',2021.10.11.08.31.07_veh-50_01750_01948/MergedPointCloud/e6aa4cf81e51591c.pcd,1633943064800167
b'\x19JY<w\xe5QQ',b';\xe9QH]?Y\xfd',b'\xe6\xaaL\xf8\x1eQY\x1c',b'83ZTl\x14Z\x98',b'h\xe3\x13@\x15\x85_h',b'\x8af\xd3Yn\x82]\x81',2021.10.11.08.31.07_veh-50_01750_01948/MergedPointCloud/194a593c77e55151.pcd,1633943064850201
b';\xe9QH]?Y\xfd',b'\xd2@\xd13\xf4\xa8[+',b'\x19JY<w\xe5QQ',b'\xf9 a\x97\x9d\xb7P\x1a',b'h\xe3\x13@\x15\x85_h',b'\x8af\xd3Yn\x82]\x81',2021.10.11.08.31.07_veh-50_01750_01948/MergedPointCloud/3be951485d3f59fd.pcd,1633943064900235
b'\xd2@\xd13\xf4\xa8[+',b'!k_&-\xc8Z1',b';\xe9QH]?Y\xfd',"b""\xf3uI'\x88\xe8Z\xc3""",b'h\xe3\x13@\x15\x85_h',b'\x8af\xd3Yn\x82]\x81',2021.10.11.08.31.07_veh-50_01750_01948/MergedPointCloud/d240d133f4a85b2b.pcd,1633943064950267
b'!k_&-\xc8Z1',b'\x93Q\xe9\x1d\x00\x0fX\x15',b'\xd2@\xd13\xf4\xa8[+',b'\x08\xdej}]6W\x1e',b'h\xe3\x13@\x15\x85_h',b'\x8af\xd3Yn\x82]\x81',2021.10.11.08.31.07_veh-50_01750_01948/MergedPointCloud/216b5f262dc85a31.pcd,1633943065000297
b'\x93Q\xe9\x1d\x00\x0fX\x15',b'\x7f\xaa0\xe3\xcd\xa4]\x83',b'!k_&-\xc8Z1',"b'\xaf""\x04%\x8a\xedR\xd1'",b'h\xe3\x13@\x15\x85_h',b'\x8af\xd3Yn\x82]\x81',2021.10.11.08.31.07_veh-50_01750_01948/MergedPointCloud/9351e91d000f5815.pcd,1633943065050323
b'\x7f\xaa0\xe3\xcd\xa4]\x83',b'1\x13\x18\x90x\x07U\xf4',b'\x93Q\xe9\x1d\x00\x0fX\x15',b'\x9ex\xcc6\xd3~]\t',b'h\xe3\x13@\x15\x85_h',b'\x8af\xd3Yn\x82]\x81',2021.10.11.08.31.07_veh-50_01750_01948/MergedPointCloud/7faa30e3cda45d83.pcd,1633943065100343
b'1\x13\x18\x90x\x07U\xf4',b'\xf9B\x7f\xaa\xc2|R\xa5',b'\x7f\xaa0\xe3\xcd\xa4]\x83',b'l^\xe1\xb3\xe3S\\\x9b',b'h\xe3\x13@\x15\x85_h',b'\x8af\xd3Yn\x82]\x81',2021.10.11.08.31.07_veh-50_01750_01948/MergedPointCloud/31131890780755f4.pcd,1633943065150357
b'\xf9B\x7f\xaa\xc2|R\xa5',b'\x1c\xa6\xf7\x90t]X\xe4',b'1\x13\x18\x90x\x07U\xf4',b')>\xed\xf0\xba\xe7Z[',b'h\xe3\x13@\x15\x85_h',b'\x8af\xd3Yn\x82]\x81',2021.10.11.08.31.07_veh-50_01750_01948/MergedPointCloud/f9427faac27c52a5.pcd,1633943065200367
b'\x1c\xa6\xf7\x90t]X\xe4',b'\x9a\xcd\xf6\xe6\xbc5Va',b'\xf9B\x7f\xaa\xc2|R\xa5',b'y\xd3>\xb4A\x18[\xfa',b'h\xe3\x13@\x15\x85_h',b'\x8af\xd3Yn\x82]\x81',2021.10.11.08.31.07_veh-50_01750_01948/MergedPointCloud/1ca6f790745d58e4.pcd,1633943065250377
b'\x9a\xcd\xf6\xe6\xbc5Va',b'\x042\x02\x0f\x11\xdf\\v',b'\x1c\xa6\xf7\x90t]X\xe4',b'\x98\xd3Kp@\x96V\xc5',b'h\xe3\x13@\x15\x85_h',b'\x8af\xd3Yn\x82]\x81',2021.10.11.08.31.07_veh-50_01750_01948/MergedPointCloud/9acdf6e6bc355661.pcd,1633943065300386
b'\x042\x02\x0f\x11\xdf\\v',b'\xa5\x05\xa7\x9d?\x9eT\xa2',b'\x9a\xcd\xf6\xe6\xbc5Va',b'<K\xac\xe8lJR\x82',b'h\xe3\x13@\x15\x85_h',b'\x8af\xd3Yn\x82]\x81',2021.10.11.08.31.07_veh-50_01750_01948/MergedPointCloud/0432020f11df5c76.pcd,1633943065350395
b'\xa5\x05\xa7\x9d?\x9eT\xa2',b'\xd7\x7f\xff\xa2\xf2\xb1YZ',b'\x042\x02\x0f\x11\xdf\\v',b'\xfa\xd7\xe36\x1ds[\xde',b'h\xe3\x13@\x15\x85_h',b'\x8af\xd3Yn\x82]\x81',2021.10.11.08.31.07_veh-50_01750_01948/MergedPointCloud/a505a79d3f9e54a2.pcd,1633943065400402
b'\xd7\x7f\xff\xa2\xf2\xb1YZ',b'\x91Y\xb8p\xf9\xdbX\x02',b'\xa5\x05\xa7\x9d?\x9eT\xa2',b'\x9e\xd6\x08\\vHU\x06',b'h\xe3\x13@\x15\x85_h',b'\x8af\xd3Yn\x82]\x81',2021.10.11.08.31.07_veh-50_01750_01948/MergedPointCloud/d77fffa2f2b1595a.pcd,1633943065450404
b'\x91Y\xb8p\xf9\xdbX\x02',b'E\xf0G\xae:\xb9V\xb8',b'\xd7\x7f\xff\xa2\xf2\xb1YZ',"b'\xb0\xfcv\xa7\xf4\x01V,'",b'h\xe3\x13@\x15\x85_h',b'\x8af\xd3Yn\x82]\x81',2021.10.11.08.31.07_veh-50_01750_01948/MergedPointCloud/9159b870f9db5802.pcd,1633943065500400
b'E\xf0G\xae:\xb9V\xb8',b'^(*\xebh\x8eP\xc8',b'\x91Y\xb8p\xf9\xdbX\x02',b'\xe7\x0b@\xaf?|V\x87',b'h\xe3\x13@\x15\x85_h',b'\x8af\xd3Yn\x82]\x81',2021.10.11.08.31.07_veh-50_01750_01948/MergedPointCloud/45f047ae3ab956b8.pcd,1633943065550392
b'^(*\xebh\x8eP\xc8',b'\xc8\x13.\x91\xf8\xe4Q\x8b',b'E\xf0G\xae:\xb9V\xb8',b'B\xac]iC4W\xde',b'h\xe3\x13@\x15\x85_h',b'\x8af\xd3Yn\x82]\x81',2021.10.11.08.31.07_veh-50_01750_01948/MergedPointCloud/5e282aeb688e50c8.pcd,1633943065600379
b'\xc8\x13.\x91\xf8\xe4Q\x8b',b'qv\x1f\xdcP5Z\xc8',b'^(*\xebh\x8eP\xc8',b'\x04\xf5\xc4\x7f\x84DQ\xb2',b'h\xe3\x13@\x15\x85_h',b'\x8af\xd3Yn\x82]\x81',2021.10.11.08.31.07_veh-50_01750_01948/MergedPointCloud/c8132e91f8e4518b.pcd,1633943065650361
b'qv\x1f\xdcP5Z\xc8',b'\x07;\xae@\x9c\xffX\xf0',b'\xc8\x13.\x91\xf8\xe4Q\x8b',"b'^""\xc7\xf28&P\xd3'",b'h\xe3\x13@\x15\x85_h',b'\x8af\xd3Yn\x82]\x81',2021.10.11.08.31.07_veh-50_01750_01948/MergedPointCloud/71761fdc50355ac8.pcd,1633943065700341
b'\x07;\xae@\x9c\xffX\xf0',b'\x00[\x19\xa6\xf7\xadX?',b'qv\x1f\xdcP5Z\xc8',"b'""\xcd\xa2\xe9\x12\x82P*'",b'h\xe3\x13@\x15\x85_h',b'\x8af\xd3Yn\x82]\x81',2021.10.11.08.31.07_veh-50_01750_01948/MergedPointCloud/073bae409cff58f0.pcd,1633943065750318
b'\x00[\x19\xa6\xf7\xadX?',b'd\x1f\xdd\xc9\xd4\xd6W\x8a',b'\x07;\xae@\x9c\xffX\xf0',b'<\xabU\xdb7\xc7]\x8c',b'h\xe3\x13@\x15\x85_h',b'\x8af\xd3Yn\x82]\x81',2021.10.11.08.31.07_veh-50_01750_01948/MergedPointCloud/005b19a6f7ad583f.pcd,1633943065800291
b'd\x1f\xdd\xc9\xd4\xd6W\x8a',b'\x84y\xfbU\xafTV\x8a',b'\x00[\x19\xa6\xf7\xadX?',b'}\x10a\x92\x83\x93Q\xd9',b'h\xe3\x13@\x15\x85_h',b'\x8af\xd3Yn\x82]\x81',2021.10.11.08.31.07_veh-50_01750_01948/MergedPointCloud/641fddc9d4d6578a.pcd,1633943065850263
b'\x84y\xfbU\xafTV\x8a',b'\xa5*dB\xb95Q\xcf',b'd\x1f\xdd\xc9\xd4\xd6W\x8a',b'\xcf\xf1\x9a\x9a\xec\xff]?',b'h\xe3\x13@\x15\x85_h',b'\x8af\xd3Yn\x82]\x81',2021.10.11.08.31.07_veh-50_01750_01948/MergedPointCloud/8479fb55af54568a.pcd,1633943065900231
b'\xa5*dB\xb95Q\xcf',b'C\xc5\x1fd\xf5\xc2T\xed',b'\x84y\xfbU\xafTV\x8a',b'hP\xb9\xa79\xcbX]',b'h\xe3\x13@\x15\x85_h',b'\x8af\xd3Yn\x82]\x81',2021.10.11.08.31.07_veh-50_01750_01948/MergedPointCloud/a52a6442b93551cf.pcd,1633943065950198
b'C\xc5\x1fd\xf5\xc2T\xed',b'\x8f\x1a\x8f\xdc\xedZS\xe7',b'\xa5*dB\xb95Q\xcf',b'\x1f\xa8\x0b\xcf\x19\x96Y\x96',b'h\xe3\x13@\x15\x85_h',b'\x8af\xd3Yn\x82]\x81',2021.10.11.08.31.07_veh-50_01750_01948/MergedPointCloud/43c51f64f5c254ed.pcd,1633943066000166
b'\x8f\x1a\x8f\xdc\xedZS\xe7',b'}\xe3\xda\xdfi\xb5SF',b'C\xc5\x1fd\xf5\xc2T\xed',b'\xdf\xe7\xabM\xb1\xf8Y\x8e',b'h\xe3\x13@\x15\x85_h',b'\x8af\xd3Yn\x82]\x81',2021.10.11.08.31.07_veh-50_01750_01948/MergedPointCloud/8f1a8fdced5a53e7.pcd,1633943066050132
b'}\xe3\xda\xdfi\xb5SF',b'\xcc1\xef\xba\x82jS\x7f',b'\x8f\x1a\x8f\xdc\xedZS\xe7',"b'*8\xd4""\xaa~[m'",b'h\xe3\x13@\x15\x85_h',b'\x8af\xd3Yn\x82]\x81',2021.10.11.08.31.07_veh-50_01750_01948/MergedPointCloud/7de3dadf69b55346.pcd,1633943066100101
b'\xcc1\xef\xba\x82jS\x7f',b'\xdc\x07\x0b\x04\x05\r^\xd2',b'}\xe3\xda\xdfi\xb5SF',b'\x7f\xabb\xcf\xea\xd3\\\xe5',b'h\xe3\x13@\x15\x85_h',b'\x8af\xd3Yn\x82]\x81',2021.10.11.08.31.07_veh-50_01750_01948/MergedPointCloud/cc31efba826a537f.pcd,1633943066150074
b'\xdc\x07\x0b\x04\x05\r^\xd2',b'\xe0\x89\x1fS\xaf\xf6[\xa6',b'\xcc1\xef\xba\x82jS\x7f',b'i\xda\xe8\xcd\x8e\x90[\xde',b'h\xe3\x13@\x15\x85_h',b'\x8af\xd3Yn\x82]\x81',2021.10.11.08.31.07_veh-50_01750_01948/MergedPointCloud/dc070b04050d5ed2.pcd,1633943066200048
b'\xe0\x89\x1fS\xaf\xf6[\xa6',b'J\xf8\xf9\x0b\x87\xbcZ@',b'\xdc\x07\x0b\x04\x05\r^\xd2',b'^\x02\x19\xc53\x8b]M',b'h\xe3\x13@\x15\x85_h',b'\x8af\xd3Yn\x82]\x81',2021.10.11.08.31.07_veh-50_01750_01948/MergedPointCloud/e0891f53aff65ba6.pcd,1633943066250022
b'J\xf8\xf9\x0b\x87\xbcZ@',b'\xe2\xd0\xf0z\xdf\xb0Q\x89',b'\xe0\x89\x1fS\xaf\xf6[\xa6',b'3p\xcc\t_\x01Vn',b'h\xe3\x13@\x15\x85_h',b'\x8af\xd3Yn\x82]\x81',2021.10.11.08.31.07_veh-50_01750_01948/MergedPointCloud/4af8f90b87bc5a40.pcd,1633943066299993
b'\xe2\xd0\xf0z\xdf\xb0Q\x89',b'\xad\xff\xc2\xa5\x87fR\xfb',b'J\xf8\xf9\x0b\x87\xbcZ@',b'Hu\xd2\x9a\x98\x1cT\xf1',b'h\xe3\x13@\x15\x85_h',b'\x8af\xd3Yn\x82]\x81',2021.10.11.08.31.07_veh-50_01750_01948/MergedPointCloud/e2d0f07adfb05189.pcd,1633943066349964
b'\xad\xff\xc2\xa5\x87fR\xfb',b'\x90t\x89f\x14\xb3V\x0f',b'\xe2\xd0\xf0z\xdf\xb0Q\x89',b'\xb0\xfe! \xa4\x03XQ',b'h\xe3\x13@\x15\x85_h',b'\x8af\xd3Yn\x82]\x81',2021.10.11.08.31.07_veh-50_01750_01948/MergedPointCloud/adffc2a5876652fb.pcd,1633943066399933
b'\x90t\x89f\x14\xb3V\x0f',b'\x84N\x8b}o\xae]\x06',b'\xad\xff\xc2\xa5\x87fR\xfb',"b'q,\x8a?PzP\x01'",b'h\xe3\x13@\x15\x85_h',b'\x8af\xd3Yn\x82]\x81',2021.10.11.08.31.07_veh-50_01750_01948/MergedPointCloud/9074896614b3560f.pcd,1633943066449900
b'\x84N\x8b}o\xae]\x06',b'\xe4\x90\x86\x92\x99\xc3R\xc8',b'\x90t\x89f\x14\xb3V\x0f',b'R\xec\xf5w%G]\xbb',b'h\xe3\x13@\x15\x85_h',b'\x8af\xd3Yn\x82]\x81',2021.10.11.08.31.07_veh-50_01750_01948/MergedPointCloud/844e8b7d6fae5d06.pcd,1633943066499864
b'\xe4\x90\x86\x92\x99\xc3R\xc8',b'K\xea\x8f\x9d\xd5>U{',b'\x84N\x8b}o\xae]\x06',b'\xe4\x92\t\x00\x08\x00S\xa6',b'h\xe3\x13@\x15\x85_h',b'\x8af\xd3Yn\x82]\x81',2021.10.11.08.31.07_veh-50_01750_01948/MergedPointCloud/e490869299c352c8.pcd,1633943066549831
b'K\xea\x8f\x9d\xd5>U{',b'9\x03v`3\x9aQ\x9a',b'\xe4\x90\x86\x92\x99\xc3R\xc8',b'\xf3\xa3\xa2~\xaa\xf6Z%',b'h\xe3\x13@\x15\x85_h',b'\x8af\xd3Yn\x82]\x81',2021.10.11.08.31.07_veh-50_01750_01948/MergedPointCloud/4bea8f9dd53e557b.pcd,1633943066599800
b'9\x03v`3\x9aQ\x9a',b'#_\xd5\xb8I\xaaS\xec',b'K\xea\x8f\x9d\xd5>U{',b'\xb5\x9c\xa7\x90\xeb\x9fQR',b'h\xe3\x13@\x15\x85_h',b'\x8af\xd3Yn\x82]\x81',2021.10.11.08.31.07_veh-50_01750_01948/MergedPointCloud/39037660339a519a.pcd,1633943066649773
b'#_\xd5\xb8I\xaaS\xec',b'\xa4\xe7\xe1)\x97\x7f[\xa9',b'9\x03v`3\x9aQ\x9a',b'\x1b2_b\xcc\x98VO',b'h\xe3\x13@\x15\x85_h',b'\x8af\xd3Yn\x82]\x81',2021.10.11.08.31.07_veh-50_01750_01948/MergedPointCloud/235fd5b849aa53ec.pcd,1633943066699745
b'\xa4\xe7\xe1)\x97\x7f[\xa9',b'R\xbe\x96\xbef\x9bZ-',b'#_\xd5\xb8I\xaaS\xec',b'r\xb2\xed\xed\x1a\x1dT\xd7',b'h\xe3\x13@\x15\x85_h',b'\x8af\xd3Yn\x82]\x81',2021.10.11.08.31.07_veh-50_01750_01948/MergedPointCloud/a4e7e129977f5ba9.pcd,1633943066749719
b'R\xbe\x96\xbef\x9bZ-',b'\xc2\xf6\x9a\xb0/\xcbS\x9b',b'\xa4\xe7\xe1)\x97\x7f[\xa9',b'\x8b\xe1\xadg\xb6\xcd_\x9b',b'h\xe3\x13@\x15\x85_h',b'\x8af\xd3Yn\x82]\x81',2021.10.11.08.31.07_veh-50_01750_01948/MergedPointCloud/52be96be669b5a2d.pcd,1633943066799694
b'\xc2\xf6\x9a\xb0/\xcbS\x9b',b'j\xfe\x7f\xdf\x15\xbc\\\x96',b'R\xbe\x96\xbef\x9bZ-',b'm\x8b\xcc\x8a\x8asR\x15',b'h\xe3\x13@\x15\x85_h',b'\x8af\xd3Yn\x82]\x81',2021.10.11.08.31.07_veh-50_01750_01948/MergedPointCloud/c2f69ab02fcb539b.pcd,1633943066849673
b'j\xfe\x7f\xdf\x15\xbc\\\x96',b'\xf3V/ \x81\xf3\\\x99',b'\xc2\xf6\x9a\xb0/\xcbS\x9b',b'X\x8d\xbc\x90\x8a\x8cZ6',b'h\xe3\x13@\x15\x85_h',b'\x8af\xd3Yn\x82]\x81',2021.10.11.08.31.07_veh-50_01750_01948/MergedPointCloud/6afe7fdf15bc5c96.pcd,1633943066899652
b'\xf3V/ \x81\xf3\\\x99',"b'\x1a\x8e\xdb""\x9c\xebP\x01'",b'j\xfe\x7f\xdf\x15\xbc\\\x96',b'e\x15\x9a\x89\xdf\xc9Uc',b'h\xe3\x13@\x15\x85_h',b'\x8af\xd3Yn\x82]\x81',2021.10.11.08.31.07_veh-50_01750_01948/MergedPointCloud/f3562f2081f35c99.pcd,1633943066949630
"b'\x1a\x8e\xdb""\x9c\xebP\x01'",b'\xa0MT\x06T\x1dU\xd1',b'\xf3V/ \x81\xf3\\\x99',b'\xb8\\\xf8\xa0.\xf0P\xac',b'h\xe3\x13@\x15\x85_h',b'\x8af\xd3Yn\x82]\x81',2021.10.11.08.31.07_veh-50_01750_01948/MergedPointCloud/1a8edb229ceb5001.pcd,1633943066999606
b'\xa0MT\x06T\x1dU\xd1',b'r\x08\xf7\xd3\x03%_\xed',"b'\x1a\x8e\xdb""\x9c\xebP\x01'",b's~\xfa\x18\xfa\xdeTB',b'h\xe3\x13@\x15\x85_h',b'\x8af\xd3Yn\x82]\x81',2021.10.11.08.31.07_veh-50_01750_01948/MergedPointCloud/a04d5406541d55d1.pcd,1633943067049580
b'r\x08\xf7\xd3\x03%_\xed',b'\xe5\xadb\xd7y\xb7^\xed',b'\xa0MT\x06T\x1dU\xd1',b'\x10\xed\x9a]\x8e\xc3S\xda',b'h\xe3\x13@\x15\x85_h',b'\x8af\xd3Yn\x82]\x81',2021.10.11.08.31.07_veh-50_01750_01948/MergedPointCloud/7208f7d303255fed.pcd,1633943067099552
b'\xe5\xadb\xd7y\xb7^\xed',b'\xc3\xb8{?y6]\xa0',b'r\x08\xf7\xd3\x03%_\xed',b'\xca/Y\xfa\x13\xaeY\xe5',b'h\xe3\x13@\x15\x85_h',b'\x8af\xd3Yn\x82]\x81',2021.10.11.08.31.07_veh-50_01750_01948/MergedPointCloud/e5ad62d779b75eed.pcd,1633943067149524
b'\xc3\xb8{?y6]\xa0',b'\xa5\x8cu_\x01\x80X(',b'\xe5\xadb\xd7y\xb7^\xed',b'\xf9\xe8\xbc\xb5\xa1ES\xdf',b'h\xe3\x13@\x15\x85_h',b'\x8af\xd3Yn\x82]\x81',2021.10.11.08.31.07_veh-50_01750_01948/MergedPointCloud/c3b87b3f79365da0.pcd,1633943067199497
b'\xa5\x8cu_\x01\x80X(',b'\x14\xc7G\xfc\xd8\x9cY\x9a',b'\xc3\xb8{?y6]\xa0',"b'\xc7""\xd4\x14\xd4\xa1Y<'",b'h\xe3\x13@\x15\x85_h',b'\x8af\xd3Yn\x82]\x81',2021.10.11.08.31.07_veh-50_01750_01948/MergedPointCloud/a58c755f01805828.pcd,1633943067249474
b'\x14\xc7G\xfc\xd8\x9cY\x9a',b'\x0c?\x92\xf5`VY\r',b'\xa5\x8cu_\x01\x80X(',b'^\xa5\x9c\xf0\xe6\xc9T\x00',b'h\xe3\x13@\x15\x85_h',b'\x8af\xd3Yn\x82]\x81',2021.10.11.08.31.07_veh-50_01750_01948/MergedPointCloud/14c747fcd89c599a.pcd,1633943067299454
b'\x0c?\x92\xf5`VY\r',b'\x83\xc3\x08A\x84`XS',b'\x14\xc7G\xfc\xd8\x9cY\x9a',b'\x18\xe1\x00\xaf^\xe1U\x9b',b'h\xe3\x13@\x15\x85_h',b'\x8af\xd3Yn\x82]\x81',2021.10.11.08.31.07_veh-50_01750_01948/MergedPointCloud/0c3f92f56056590d.pcd,1633943067349437
b'\x83\xc3\x08A\x84`XS',b'l?\x13\x830\x8cR\x00',b'\x0c?\x92\xf5`VY\r',"b'\xa4=""\xea\x03`P9'",b'h\xe3\x13@\x15\x85_h',b'\x8af\xd3Yn\x82]\x81',2021.10.11.08.31.07_veh-50_01750_01948/MergedPointCloud/83c3084184605853.pcd,1633943067399424
b'l?\x13\x830\x8cR\x00',b'\x06\x85\xf1\xe8?q[\xe9',b'\x83\xc3\x08A\x84`XS',b'\xd1U\xee\xd6\xfe\x83_\xec',b'h\xe3\x13@\x15\x85_h',b'\x8af\xd3Yn\x82]\x81',2021.10.11.08.31.07_veh-50_01750_01948/MergedPointCloud/6c3f1383308c5200.pcd,1633943067449414
b'\x06\x85\xf1\xe8?q[\xe9',b'\x0c\xa6\xd3uZ\x1a[\xc4',b'l?\x13\x830\x8cR\x00',b'=\xa1^M\xfcQ]\x87',b'h\xe3\x13@\x15\x85_h',b'\x8af\xd3Yn\x82]\x81',2021.10.11.08.31.07_veh-50_01750_01948/MergedPointCloud/0685f1e83f715be9.pcd,1633943067499411
b'\x0c\xa6\xd3uZ\x1a[\xc4',b'\x11i\xbc|*\x99WB',b'\x06\x85\xf1\xe8?q[\xe9',b'\x7f!&d\x13\xa1T\n',b'h\xe3\x13@\x15\x85_h',b'\x8af\xd3Yn\x82]\x81',2021.10.11.08.31.07_veh-50_01750_01948/MergedPointCloud/0ca6d3755a1a5bc4.pcd,1633943067549412
b'\x11i\xbc|*\x99WB',b'\xff\xe1%\xd1]XW\xc3',b'\x0c\xa6\xd3uZ\x1a[\xc4',b'\xfcT\x04\xbd\x91<VV',b'h\xe3\x13@\x15\x85_h',b'\x8af\xd3Yn\x82]\x81',2021.10.11.08.31.07_veh-50_01750_01948/MergedPointCloud/1169bc7c2a995742.pcd,1633943067599418
b'\xff\xe1%\xd1]XW\xc3',b'+\x91Zz\xd6\x82Ue',b'\x11i\xbc|*\x99WB',b'(\xe5+\xb9T\x07S\xa9',b'h\xe3\x13@\x15\x85_h',b'\x8af\xd3Yn\x82]\x81',2021.10.11.08.31.07_veh-50_01750_01948/MergedPointCloud/ffe125d15d5857c3.pcd,1633943067649427
b'+\x91Zz\xd6\x82Ue',b'\xfd\xd5\xf0\xd73\xdeT\x1f',b'\xff\xe1%\xd1]XW\xc3',"b'\x9b"">;\xb7\x1cX\r'",b'h\xe3\x13@\x15\x85_h',b'\x8af\xd3Yn\x82]\x81',2021.10.11.08.31.07_veh-50_01750_01948/MergedPointCloud/2b915a7ad6825565.pcd,1633943067699439
b'\xfd\xd5\xf0\xd73\xdeT\x1f',"b'\xc3\xf4\xac>""iX$'",b'+\x91Zz\xd6\x82Ue',b'\xe5\xb1[\xe8t\xbdT\xcd',b'h\xe3\x13@\x15\x85_h',b'\x8af\xd3Yn\x82]\x81',2021.10.11.08.31.07_veh-50_01750_01948/MergedPointCloud/fdd5f0d733de541f.pcd,1633943067749455
"b'\xc3\xf4\xac>""iX$'",b'\x18\x87\x98\xab#\x1bTq',b'\xfd\xd5\xf0\xd73\xdeT\x1f',b'N\xc1\xcb=\xaaBU\xb6',b'h\xe3\x13@\x15\x85_h',b'\x8af\xd3Yn\x82]\x81',2021.10.11.08.31.07_veh-50_01750_01948/MergedPointCloud/c3f4ac3e22695824.pcd,1633943067799471
b'\x18\x87\x98\xab#\x1bTq',b'\x92\xa0\xdd\xc5\x0e\xc3T\x98',"b'\xc3\xf4\xac>""iX$'",b'H\xf4`#<tW\xc2',b'h\xe3\x13@\x15\x85_h',b'\x8af\xd3Yn\x82]\x81',2021.10.11.08.31.07_veh-50_01750_01948/MergedPointCloud/188798ab231b5471.pcd,1633943067849489
b'\x92\xa0\xdd\xc5\x0e\xc3T\x98',b'\xb5\x06\xc7I\xfb\xc2S\x14',b'\x18\x87\x98\xab#\x1bTq',b'\xdc\x8dG\x8ap\x8cWY',b'h\xe3\x13@\x15\x85_h',b'\x8af\xd3Yn\x82]\x81',2021.10.11.08.31.07_veh-50_01750_01948/MergedPointCloud/92a0ddc50ec35498.pcd,1633943067899509
b'\xb5\x06\xc7I\xfb\xc2S\x14',b'\xf9\xdd\xf7\x11\x19\xd0Y\xfa',b'\x92\xa0\xdd\xc5\x0e\xc3T\x98',"b'\xcd\xa8N\xbd,L[\xaa'",b'h\xe3\x13@\x15\x85_h',b'\x8af\xd3Yn\x82]\x81',2021.10.11.08.31.07_veh-50_01750_01948/MergedPointCloud/b506c749fbc25314.pcd,1633943067949531
b'\xf9\xdd\xf7\x11\x19\xd0Y\xfa',b'.\x8f\xe1\xdd\xae\x8bT\xa8',b'\xb5\x06\xc7I\xfb\xc2S\x14',b'6\xed\xf6\xf1\x0f\x84]\xa6',b'h\xe3\x13@\x15\x85_h',b'\x8af\xd3Yn\x82]\x81',2021.10.11.08.31.07_veh-50_01750_01948/MergedPointCloud/f9ddf71119d059fa.pcd,1633943067999554
b'.\x8f\xe1\xdd\xae\x8bT\xa8',b'\x82vF\x87Y\x1dTr',b'\xf9\xdd\xf7\x11\x19\xd0Y\xfa',b'\x87\x9a\xcc\xabu\x0cT\xa0',b'h\xe3\x13@\x15\x85_h',b'\x8af\xd3Yn\x82]\x81',2021.10.11.08.31.07_veh-50_01750_01948/MergedPointCloud/2e8fe1ddae8b54a8.pcd,1633943068049577
b'\x82vF\x87Y\x1dTr',b'r\xbf7Y\x01\x1bU(',b'.\x8f\xe1\xdd\xae\x8bT\xa8',b'\xffb\x0f\x94\xa7\xadS\xff',b'h\xe3\x13@\x15\x85_h',b'\x8af\xd3Yn\x82]\x81',2021.10.11.08.31.07_veh-50_01750_01948/MergedPointCloud/82764687591d5472.pcd,1633943068099602
b'r\xbf7Y\x01\x1bU(',b'\xde\xd8`\x02\x91\tX\xc1',b'\x82vF\x87Y\x1dTr',b'V%\xa8Uc\x86[\x9a',b'h\xe3\x13@\x15\x85_h',b'\x8af\xd3Yn\x82]\x81',2021.10.11.08.31.07_veh-50_01750_01948/MergedPointCloud/72bf3759011b5528.pcd,1633943068149628
b'\xde\xd8`\x02\x91\tX\xc1',b'\xe1\xc9!\xd6\x14\x18VA',b'r\xbf7Y\x01\x1bU(',b'\xa2\xb8\xf8\x1d9\xaa]]',b'h\xe3\x13@\x15\x85_h',b'\x8af\xd3Yn\x82]\x81',2021.10.11.08.31.07_veh-50_01750_01948/MergedPointCloud/ded86002910958c1.pcd,1633943068199655
b'\xe1\xc9!\xd6\x14\x18VA',b'^\xfco\x83\xc3\x9dRf',b'\xde\xd8`\x02\x91\tX\xc1',"b""\xc2n\xb9\x8b\xf9\x9bX'""",b'h\xe3\x13@\x15\x85_h',b'\x8af\xd3Yn\x82]\x81',2021.10.11.08.31.07_veh-50_01750_01948/MergedPointCloud/e1c921d614185641.pcd,1633943068249686
b'^\xfco\x83\xc3\x9dRf',b'eNFQ\xc0\x1c_/',b'\xe1\xc9!\xd6\x14\x18VA',b'i\r\x1c\xa7H\xac\\\xac',b'h\xe3\x13@\x15\x85_h',b'\x8af\xd3Yn\x82]\x81',2021.10.11.08.31.07_veh-50_01750_01948/MergedPointCloud/5efc6f83c39d5266.pcd,1633943068299722
b'eNFQ\xc0\x1c_/',b'\xaa\xb5q2F3_]',b'^\xfco\x83\xc3\x9dRf',b'8\x1f\xa9+\xdf]W\xcc',b'h\xe3\x13@\x15\x85_h',b'\x8af\xd3Yn\x82]\x81',2021.10.11.08.31.07_veh-50_01750_01948/MergedPointCloud/654e4651c01c5f2f.pcd,1633943068349764
b'\xaa\xb5q2F3_]',b'+\x15\x80\xdf\x8a+P\x81',b'eNFQ\xc0\x1c_/',"b""\x82R\x9f\x82\xb8']N""",b'h\xe3\x13@\x15\x85_h',b'\x8af\xd3Yn\x82]\x81',2021.10.11.08.31.07_veh-50_01750_01948/MergedPointCloud/aab5713246335f5d.pcd,1633943068399808
b'+\x15\x80\xdf\x8a+P\x81',b'\x0b\xb1\x84\x88\xd2\xd4Q\x81',b'\xaa\xb5q2F3_]',b'7\xab\xdf\xdb\xaeAX\x87',b'h\xe3\x13@\x15\x85_h',b'\x8af\xd3Yn\x82]\x81',2021.10.11.08.31.07_veh-50_01750_01948/MergedPointCloud/2b1580df8a2b5081.pcd,1633943068449852
b'\x0b\xb1\x84\x88\xd2\xd4Q\x81',b'\xfaU\xc2#\xc7\xbfR\x81',b'+\x15\x80\xdf\x8a+P\x81',b'\xae){\xe6\xbd\xd6W\xcb',b'h\xe3\x13@\x15\x85_h',b'\x8af\xd3Yn\x82]\x81',2021.10.11.08.31.07_veh-50_01750_01948/MergedPointCloud/0bb18488d2d45181.pcd,1633943068499895
b'\xfaU\xc2#\xc7\xbfR\x81',b'\x1d\xae\xef\x9a\xf2\x1aV\x02',b'\x0b\xb1\x84\x88\xd2\xd4Q\x81',b'\xc4~\t\x15\x1bJVL',b'h\xe3\x13@\x15\x85_h',b'\x8af\xd3Yn\x82]\x81',2021.10.11.08.31.07_veh-50_01750_01948/MergedPointCloud/fa55c223c7bf5281.pcd,1633943068549934
b'\x1d\xae\xef\x9a\xf2\x1aV\x02',b'\x04tW\xc7\x07\x9dXg',b'\xfaU\xc2#\xc7\xbfR\x81',b'\xcf`\xae\x9b\xc1UR\x8b',b'h\xe3\x13@\x15\x85_h',b'\x8af\xd3Yn\x82]\x81',2021.10.11.08.31.07_veh-50_01750_01948/MergedPointCloud/1daeef9af21a5602.pcd,1633943068599972
b'\x04tW\xc7\x07\x9dXg',b'\xc3j\x834kTQ\x11',b'\x1d\xae\xef\x9a\xf2\x1aV\x02',b'\xa5\xe7*\xe8b\xa0]c',b'h\xe3\x13@\x15\x85_h',b'\x8af\xd3Yn\x82]\x81',2021.10.11.08.31.07_veh-50_01750_01948/MergedPointCloud/047457c7079d5867.pcd,1633943068650010
b'\xc3j\x834kTQ\x11',b'N\xc6v\xc0\xfb/R`',b'\x04tW\xc7\x07\x9dXg',b'\x8b.\xd2\xa1I{RQ',b'h\xe3\x13@\x15\x85_h',b'\x8af\xd3Yn\x82]\x81',2021.10.11.08.31.07_veh-50_01750_01948/MergedPointCloud/c36a83346b545111.pcd,1633943068700050
b'N\xc6v\xc0\xfb/R`',b'\xeeT}\x1e\xc7\xaaU1',b'\xc3j\x834kTQ\x11',"b'G5.e4,P\x92'",b'h\xe3\x13@\x15\x85_h',b'\x8af\xd3Yn\x82]\x81',2021.10.11.08.31.07_veh-50_01750_01948/MergedPointCloud/4ec676c0fb2f5260.pcd,1633943068750089
b'\xeeT}\x1e\xc7\xaaU1',b'/\xa1\xdaNM\xefX\xb0',b'N\xc6v\xc0\xfb/R`',b'\x85\x9a\x10\xdd\x0c\xfc\\\x9d',b'h\xe3\x13@\x15\x85_h',b'\x8af\xd3Yn\x82]\x81',2021.10.11.08.31.07_veh-50_01750_01948/MergedPointCloud/ee547d1ec7aa5531.pcd,1633943068800126
b'/\xa1\xdaNM\xefX\xb0',b'\x9e\x05MkF\xecZ\x7f',b'\xeeT}\x1e\xc7\xaaU1',b'`\xe4\xde\xae\xef\xb6W\x8d',b'h\xe3\x13@\x15\x85_h',b'\x8af\xd3Yn\x82]\x81',2021.10.11.08.31.07_veh-50_01750_01948/MergedPointCloud/2fa1da4e4def58b0.pcd,1633943068850162
b'\x9e\x05MkF\xecZ\x7f',b'o\\#\x13\xc8\xa4R\x8e',b'/\xa1\xdaNM\xefX\xb0',b'\x17\x13\x16\x7f\x84=Ql',b'h\xe3\x13@\x15\x85_h',b'\x8af\xd3Yn\x82]\x81',2021.10.11.08.31.07_veh-50_01750_01948/MergedPointCloud/9e054d6b46ec5a7f.pcd,1633943068900199
b'o\\#\x13\xc8\xa4R\x8e',b'D\n\x8a0\xd2-R\xee',b'\x9e\x05MkF\xecZ\x7f',b'$%UD\xf7\x9cZ)',b'h\xe3\x13@\x15\x85_h',b'\x8af\xd3Yn\x82]\x81',2021.10.11.08.31.07_veh-50_01750_01948/MergedPointCloud/6f5c2313c8a4528e.pcd,1633943068950239
b'D\n\x8a0\xd2-R\xee',b'M\xcd\x16\x15\x176]\xbb',b'o\\#\x13\xc8\xa4R\x8e',b'\xd4\x0f\xef;\xd5n\\\x19',b'h\xe3\x13@\x15\x85_h',b'\x8af\xd3Yn\x82]\x81',2021.10.11.08.31.07_veh-50_01750_01948/MergedPointCloud/440a8a30d22d52ee.pcd,1633943069000281
b'M\xcd\x16\x15\x176]\xbb',b'\x90_]\xf7|@T>',b'D\n\x8a0\xd2-R\xee',b'\x82a\xcb\x97\x94\x9a\\e',b'h\xe3\x13@\x15\x85_h',b'\x8af\xd3Yn\x82]\x81',2021.10.11.08.31.07_veh-50_01750_01948/MergedPointCloud/4dcd161517365dbb.pcd,1633943069050320
b'\x90_]\xf7|@T>',b'\x9a\xf5\xfa\x94\x8e\x03Z\x01',b'M\xcd\x16\x15\x176]\xbb',b'\xba\xef\xcf\xa3\x9fwP\xdc',b'h\xe3\x13@\x15\x85_h',b'\x8af\xd3Yn\x82]\x81',2021.10.11.08.31.07_veh-50_01750_01948/MergedPointCloud/905f5df77c40543e.pcd,1633943069100355
b'\x9a\xf5\xfa\x94\x8e\x03Z\x01',,b'\x90_]\xf7|@T>',b'\xb1!\xebk\x81\xe5Xo',b'h\xe3\x13@\x15\x85_h',b'\x8af\xd3Yn\x82]\x81',2021.10.11.08.31.07_veh-50_01750_01948/MergedPointCloud/9af5fa948e035a01.pcd,1633943069150383
