token,lidar_pc_token,type,agent_track_token
b'\xf6a\xfa\xd3\xdb\x17[\x91',"b'\xa2""\x13\xb4\xdd\x88Pr'",high_lateral_acceleration,
b'UO\xa3\xb4\x9fI\\\xc7',b'\x1e\xaf\xd8TR^SI',high_lateral_acceleration,
b']\xf5V\x83\xb0\x8dW\xe0',b'\xe2\xd5>\\\xb1.U\xa4',high_lateral_acceleration,
b'\x14m/\x18\xd9CR\xf1',"b'.\x872""\xe2JP)'",high_lateral_acceleration,
b'\xa6)\xe9\x9e\xae\xd7[\xe3',b'\xaa\xb9\x8a\xf95&P\t',high_lateral_acceleration,
b'\x0f\xe3\xce\x1a\x0b\x14_\xa5',b'\x82\x81\xb5\x99\xde\xa3X\x1e',high_lateral_acceleration,
b'\xbec)\xf4`\x05T\xf4',b'X\x01\x8a\x8e\xec\xf5T\xd2',high_lateral_acceleration,
b'fV\xa9\\\x16y\\\x84',b')8\x91\xdaD\xa4Z\xa2',high_lateral_acceleration,
b'`\xe2\x88Ve\xcaW\x89',b'\x1a\x8e\xce\x90\xd0\xbb_K',high_lateral_acceleration,
"b'\xa7\x1fs\xa1\xe4,Y\xf3'",b'\x1f4e\xa06zS\xd3',high_lateral_acceleration,
b'+\x07\xbd\x86bBY\xe6',b'\x96\x0b\xa5\xc2\xaf\xf3V\xd0',high_lateral_acceleration,
b'3t\xf8\xc1\xc5\x89R1',b'\xc0\xbc^\x03\xff0Q{',high_lateral_acceleration,
b'\x8a\xbb\xe7\x17\\sR\xab',b'\xc5\x8f2\x12H\xfdR\x0b',high_lateral_acceleration,
b'\xaa\xc2%\xcdJuRD',b'\xb2\x92q\x18\xfd\x7f[\x8e',high_lateral_acceleration,
b'r\xb3\xd0\x82\xb9\xe5\\k',b'\x0c2I\xd1Pc_\x13',high_lateral_acceleration,
b'jXB\xb1\x8cbW2',b'lH;o\x0f\xae_{',high_lateral_acceleration,
b'M\xcdnt\x12lV\xd4',b'\x12\xeeV\x86\x1e\xf0^\xbd',high_lateral_acceleration,
b'1\xb0V\xa4\xb7\x91Rv',b'G\xa4\x1a\xab\x82\xceQ\xfc',high_lateral_acceleration,
"b'\xab,u\x9fFuT\xe3'",b'Z\xbb\xbfT\x94\xa4R\xf9',high_lateral_acceleration,
b'\xdd4+k\xca\xc7R\x0f',b'5h\xe6d\xcf\xf8Z\x92',high_lateral_acceleration,
b'\x16C\xae\xbfm\x95R\xde',b'G\xf9\xb9U\x94\xb3Tr',high_lateral_acceleration,
b'I\xcej\xdcciU\xfb',b'PW\x87\x03\x8b\x11[\xf3',high_lateral_acceleration,
b'\x0cyh\x83\xca\xedP\xaa',b'X\xea\xe5d\x16bW(',high_lateral_acceleration,
b'\xba\x90\xbb\xdcx\xf7X]',b'B\xadkD\xa0\xa9Z\x03',high_lateral_acceleration,
b'\xff^5\xa3[\x1fV\xed',b'2\xbc\xee\xd6P\x1d[\xec',high_lateral_acceleration,
b'\x94\x88=\xc7\xadaWi',b'FN\x9fp\xf3VP\xca',high_lateral_acceleration,
"b""\xae1\xacW{'R\xe2""",b'X\x82\x03\xd9\x8cV[\xf7',high_lateral_acceleration,
b'\xa9s\x93\xd6\xf1?_ ',b'\xaa\xb8i.\xb7\xba^i',low_magnitude_speed,
b'}`\x94r\xd4D](',b'\x0c\xd5R\x01\xd2\xadU\xd2',medium_magnitude_speed,
b'\xcb\xd4\r\x11\xa3\xcbUi',b'\xc3}<\xb6\xec\xcaZ\xdd',medium_magnitude_speed,
b'\xf5\xe2:c\xbd\xc8P\x88',b'\xd1\xef\x03r\x9d\xacR\x12',medium_magnitude_speed,
b'\x06\xbfp6\xb6\x07S:',b'l\x14\x06\xea9oV\xe7',medium_magnitude_speed,
b'\xc1_\x8b>\xb6!T\x10',b'\xdf CprIZk',medium_magnitude_speed,
b'\xf6\xfe<\xc8\x19\x92Sc',b'\xb5\xb69b\x03\x9e_\xa8',medium_magnitude_speed,
b'\x95\xf90\xf8% ^\x06',"b'\x06\xa8\x13\x91/uX""'",medium_magnitude_speed,
b'I\xa9\xa7\x7f\x90\xe9Q\xa6',b'\xfa\x93\xc0\x8d\xe5\x12X\x03',medium_magnitude_speed,
b'V\xe7+\xd0\x86VTy',b'\xcd\x85`X\x06\xe0YN',medium_magnitude_speed,
b'f\xbaJE\xd1\xecY\xff',"b'\xc1_\xfcs,\xabSN'",medium_magnitude_speed,
b'\xf66\xcb}\xa0{QX',b'\x8d\x00 uX\xd5Qq',medium_magnitude_speed,
b'^\x7fD\xf64\xf7T\xba',b'\x8d\x7f\xcc\xfaI\xc7V\xc4',medium_magnitude_speed,
b'\xfd\x1a\xbb\x19\xa1\xb5V\xc4',b'\xba\x14\x7f\xa8\x91$ZE',medium_magnitude_speed,
b'i\xeb\xbc\x19\xdb\xd4\\c',b'(\x87\xab\x13\x17\xca\\\xd3',medium_magnitude_speed,
b'\xbb\xbc?\xaa\x9b\x90_\\',b'\xea\x97\xf2\xeamQZF',medium_magnitude_speed,
b'\xcb\xeeX\xd5Y\xffS\xca',b' \x1f3=\xc5\x99T\xa0',medium_magnitude_speed,
b'\xc1\\3dx\xe0P\xf3',b'\x0bZv\x8b!\x8c\\\xa6',medium_magnitude_speed,
b'{\xd4\xc5\x89\xce_[i',b'\xe0\xe3\x17\xc0!\xc6U0',medium_magnitude_speed,
"b'r=\\|\x95,]%'",b'\xcdKL\xcf\xc2~[\xa9',medium_magnitude_speed,
b'}y1P\x91\x9c^\xff',b'XO\x95\xc3`\xa0Rr',medium_magnitude_speed,
b'\xf4\xb9\x1f\x14=\xc1P\x00',b'\xdc\xc9\xeeM\x90\x1eV\n',medium_magnitude_speed,
b'I\t\x16\xc6AmR\x7f',b'\xcf\xea\x1b\xa5cVY\x81',medium_magnitude_speed,
b'\x18\xf9%/\x9d-Z\xba',b'!\x9e\xd7\xff&)Y\x12',medium_magnitude_speed,
b'\xe56\x99|\xeb\x87Z\xdc',b'\xa0x\t\xcf6\x18T\xa7',medium_magnitude_speed,
b'<9C\x8d\xc5X\\\x11',b'\xc0\x95\xd2U\xf1\xb9R\xb5',medium_magnitude_speed,
b'\xb5)\xd3e\xb6iW\t',"b'$.\x07,\x88\x15[V'",medium_magnitude_speed,
b'\xb7{y\xb9}\xef[\x0f',b'\xf9\x99\x82\xf9\x9e\x94U\x81',medium_magnitude_speed,
b'\xc0^\xd2\xbb\xd9\xb4V\\',b'd\x9f:\x0eo^_|',medium_magnitude_speed,
"b'\x1aL\xe3,\xe4\x17Z\xed'",b'^p\x8fv\x9e\x83_\xad',medium_magnitude_speed,
b'\x1dS\xb4\xe79gY\xd5',b'N\xcbC\xbf\x86\xa0U\x1e',medium_magnitude_speed,
b'\x8eO\xea\xd36aY\x93',b'\xb2^_\x0b\xf1TW;',medium_magnitude_speed,
b'\x88\xc5\xcaa\x0c\xa2U\x19',b'\xd9z\x86k\x90\x83Zt',medium_magnitude_speed,
b'\xb0\tD\x83\xac\x19V\xd7',"b'\xf2!(0\x0f,\\\x00'",medium_magnitude_speed,
b'\x1e\xb0\xb2\xc7\x8f\xb2U\x1a',b'\x05FUyZlU\xc1',medium_magnitude_speed,
b'\x86\xf8$\xc8<\x95]\x0e',b'\x1b\x13\x7fn3\x83\\\x1a',medium_magnitude_speed,
b'\xe6E[\xb9h*W\x1c',b'\n\x94\x84yH\x0b]\xb0',medium_magnitude_speed,
"b""\xec\nr'H\x9fQi""",b'\xe5\x19\x10s0\xc7X\xeb',medium_magnitude_speed,
b'Za\xd6S_9Q\x19',b'fN\xec*\xeb\xb1P\xaa',medium_magnitude_speed,
b'\xb73\x1c\xc6\xea\xa2W\x84',b'\xec\xee\xdc\xe7mDYG',medium_magnitude_speed,
b'\xa2\x1c\x83?#S_g',b'\xb5\x1b\xe7\xe9!\xf1W\xa3',medium_magnitude_speed,
b'\xd3\xd7a\x14\xe8\xba_E',b'\xfc\x9fHmX\x9a[f',medium_magnitude_speed,
b'\x15\xa32}\xdd\xebZ)',"b'\xe5O,\x9ew\x91V@'",medium_magnitude_speed,
b'@Z\xa4\x97m\x97Z\xf2',b'8\xe7X\xfbY\x80TV',medium_magnitude_speed,
b'\xa5\xe2\n!\xa1\xe7Y6',b'\xd5\xb4\xf9?\x87\x9a^\x19',medium_magnitude_speed,
"b'p""\x10\xcf\xe53^J'",b'v\xc4\xaco\xfe\xa2W\xe2',medium_magnitude_speed,
b'a\x90\xecN\xaa\xc1Z\xc1',b'm\xa5\x16\n\xbaIP\xd5',medium_magnitude_speed,
b'\xc0\x04w\xf3\xe3\x7f[\xec',b'\xf8\xb5\xa0\xafLh_\xf7',medium_magnitude_speed,
b'\x8c\x87=\xec\x80\x87QX',b'\xd3\xe8\xa1\x15O\x9b\\d',medium_magnitude_speed,
b'\xbe\x11\xf2\xe2\x0b\x07Z\xa3',b'\xec^\xd0Uw\xe4T$',medium_magnitude_speed,
b'\x0f\xea0J\xdd\xdfWw',b'\xa0\xc9Yqx\x1d[\x14',medium_magnitude_speed,
b'\x9e5\xe3\x0c\x9a\rR\xcb',b'r\xa8\x04\xf5\x85xU\xa4',medium_magnitude_speed,
b'\x7fu\x96\xbd\xac\x84_{',b'\x9c\xd4\x11\x11\xdbPX\x1c',medium_magnitude_speed,
b'\xf0\x15\xaa\x92(\x1eP\xcd',b'\x7f\x0c\xaa\xbc\xca\xe0W\xd1',medium_magnitude_speed,
b'\x95\xdb\xc8\x1dg\xf8Xy',b'\x8b\xce\x0e\xb3\xc7\xb6TV',medium_magnitude_speed,
b'$\xfb\x9f\x9dO\xfdR\n',b'\r\xcf\x81\xc5N\xee_)',medium_magnitude_speed,
b'\x0e\xc4\xb2\x07\x1a\x9d\\\xaf',b'Z\x11>\xd0iP_\xa1',medium_magnitude_speed,
b'|2\x1b\xd6\xf5\xa9R\x88',"b'\xd6\xec\xf7c\xff,]3'",medium_magnitude_speed,
b'\xed \xf4Q\xf1SY|',b'P>_\x1d\xde!]\xf5',medium_magnitude_speed,
b'\xbfh\x1c\xfb\t&Q\n',b'\x08(\xa9P\x7f6R\xcc',medium_magnitude_speed,
b'\xc3)Y\xd4\xef|Ss',b'\x00L\xbf\x9a\x0c\x04Q\xfa',medium_magnitude_speed,
b'\xca\x9ex\x87\xcf\xb9_\xee',b'\xab\x7f\x86DSGPh',medium_magnitude_speed,
b'\xe7\xf4\xe1m\xcfj\\a',b'\xa1V\xf1\xc1\xf2\xb0T\xef',medium_magnitude_speed,
b'\n\xa2\x81\xa3\xf7\x9f][',b'\xed\x85\x04\xbe\xaa\xd1V\x81',medium_magnitude_speed,
b'\x07Hb2\xf1\x84UB',b'\x04\xc1)\xc2\xf0\xa0Y\xc5',medium_magnitude_speed,
b'A\x8f\xf2\xf5\xd7<R\xf8',b's\x1c8\xb7\xba)_~',medium_magnitude_speed,
b'DH\x18$\x92\x18T\xd6',b'\xe0[\x87\xf7\xbaKY\x1a',medium_magnitude_speed,
b'\x1b\tI\xe3\x00\x8a_\n',b'?\xbe\xc41\xaaw]\x17',medium_magnitude_speed,
b'p\x8fAF\xc4\xcbQ\x88',b'K\xc5\x08\x04j\xa5U\x1d',medium_magnitude_speed,
b'kM \xbaC\xf6]\xb7',b'\xe1^\xd6=9\x08WQ',medium_magnitude_speed,
b'p\xe2\x87P\x80\xa1Tj',"b""\xc5\n\xe4,\xf4\xf8U'""",medium_magnitude_speed,
b'\x9d\xa6\x0e\x0cuxP\xcb',b'\xaa\xd6\xe5\xc2[\xe3PT',medium_magnitude_speed,
"b""[\x06\xb7R'5S\xf8""",b'\xb1\xa1H=\x15\x16_>',medium_magnitude_speed,
b'%\x17b)\xf50Tj',b'BXqI\xcf\xf9Y\xc4',medium_magnitude_speed,
b'O\xdd\\\xd6\x88SU3',b'x\xe3\x83\x054\x08S\x1e',medium_magnitude_speed,
b'\xfb\xe6s\xf8^\xe4U\x1e',b'qO\xda\x9e*|S\x03',medium_magnitude_speed,
b'<6\xc5\xed\x1d\xc2Rh',b'\xe3\xe8\x1e\xff\x17\xaf^\x13',medium_magnitude_speed,
b'\xe2\xc9\x94\x02\x01\xdb]\xe5',"b'\x96y\x0cR\xad,S\xe7'",medium_magnitude_speed,
b'\xaa\x0b\x1e\xc3?S_8',b'\xc0]\xaf\x9dm9W\xea',medium_magnitude_speed,
b'f\x11\x01\xe9\x1c\xcd_\x9b',b'\xa0\x91\xbd\xf7\xf5\xb8Z\x8c',medium_magnitude_speed,
b'\xe4\xc0\x90\xcfy\x01[\x87',b'q\x85h\xc9\xde&QZ',medium_magnitude_speed,
b'`\xfc\xa9\xd6 @]\x05',b'\xedB\xd1t\x9c\xc7S\x1a',medium_magnitude_speed,
b' \x03\xf8\xab\xe9BX\x8b',b'\xd4z\xe34\xde\x9f[c',medium_magnitude_speed,
b']\x80\xe00\x13bR%',b'\xbeU\t$g[V\xaf',medium_magnitude_speed,
b'Nf\xddM\xe9\xc5U\xd0',b'\xb1\x9c/\xaa-@_\xcd',medium_magnitude_speed,
b'\xe1\xdd\x90\xb0\xf3\xc4WO',b'\xfb\xcc\xcd\x19\x84\xb6Q\x97',medium_magnitude_speed,
b'ra\x01\xd6\xfb5Y\xfb',b'\xc1\xb6\xf8\xed\xb7\xb5Ua',medium_magnitude_speed,
b')\x91\xd6J|\xc3S\x8a',b'/\x1e#M\xb0\x93_\xfa',medium_magnitude_speed,
b'\x91A\xb1\xca\xdd\xc8]{',b'\xf9\xd1(F\x0c\xe6_\x99',medium_magnitude_speed,
b'\xf9\x11\x02;\xe3\xb6PS',b'\xe50E\xff\x0f\x1bVH',medium_magnitude_speed,
b'\xb4\xc4\x18\xd5\x98\xf2X\t',b'\x12\xd8\x05\xed\xc67Z\xd5',medium_magnitude_speed,
b'=6jA\x9d\xdfP\x81',"b'\xe4\xbf\xf5P\xc3""Y\x11'",medium_magnitude_speed,
b'y\xa5.p\x91\xe9V\xd6',b'+^\xd8\x14\xa0\xfc_\xa3',medium_magnitude_speed,
"b'\xfdM\xe6\xa7\x90kP""'","b'Tc,""\x0c/Z-'",medium_magnitude_speed,
b'M\x86\xf7KMDW\xfe',b'-v\xea\xc0\xcf\xb1Q\xd6',medium_magnitude_speed,
"b',\xff\xa4\x8fl\x95Zz'",b'\x99\x9b\x12B\x1b\x9cZm',medium_magnitude_speed,
b';\xea\x9c$\xc0zZ\xdf',"b""/|'@\xba\x83[\xfc""",medium_magnitude_speed,
b'I\xe1\xa0/\x01\xf0T\xc9',b'\x8ei\t\x18<\xfaW`',medium_magnitude_speed,
b'\xd0\xa1\xa0\xaf\x9a\x8dS\xd1',b'\x94\xf8\xcbN5\xbdS\x85',medium_magnitude_speed,
b'\xd1\xbf\t\xc6\xb5\nP\xae',b's\x02\x11\xb3\xa0\xb3_\xd5',medium_magnitude_speed,
"b""'Rv9\x8d\xc8Ys""","b',P6K\xc7\xe9[X'",medium_magnitude_speed,
b'\xe9\xa6+\xf8%~R\xe6',b'H-\xffu\xe4O\\\xfa',medium_magnitude_speed,
b'B@\xea\x97Y\x9d]\xfb',b'\xa5=q\n\x92iXH',medium_magnitude_speed,
b'\xc08{\x0f\xcc\x86Z\x86',b'\xe1\xd7w\xca\xf4\x8eZ\x13',medium_magnitude_speed,
b'\xdeRi\x0c\r\xef]\xe7',b'\xf9\x8a\x9d\n8\xdaP\x00',medium_magnitude_speed,
b'\xbd\r\x06\xf5\x94HV\x8f',b'\x18\xac\xe0\x9f1\xcaX-',medium_magnitude_speed,
b'\xcc\xbe\xa6{\x9cC_<',b'\x18\xeb\xf7\xf2\x1cN^\xc9',medium_magnitude_speed,
b'\xc1\x7f\x8b\x8d)\xeeV\xb3',b'U\xb0aX\xc7uU4',medium_magnitude_speed,
b'\xe4b\x1e\x8d;\x98^F',b'x\xb2\x1aD\xc7\xaaV\n',medium_magnitude_speed,
b'\xfe}\xee\xfe\xb9\xf7_\xbc',b'.N\xd2+\xc7l_\xb6',medium_magnitude_speed,
b'\xa9\x87\xa7\xff>\xcb\\\x99',b'\xccbU\x98R\xfb]\x84',medium_magnitude_speed,
b'a@1\xda\xa9\x1cW\x9c',b'AOK\x17|cPt',medium_magnitude_speed,
b'\xdc%\xa0\xf6\x94\x94^\xba',b'\x97\xb7\x8f\xd5zuP\xa7',medium_magnitude_speed,
b'\x06\xfb\xbe\xb6\xf4A^O',b'\xdc\x9d\x9f<\xb5\xcbU\x01',medium_magnitude_speed,
b'n\x1c\x9d\xcc>\xea_\xdb',b'\x8c`\xe02\x00L[S',medium_magnitude_speed,
b'\x1b\xe4\xfd\x14`7\\\xd0',b'\x9c\xd5%\xf6\xee\xddP\xcc',medium_magnitude_speed,
b'\xf2\x04p X\x0bV\xca',b'7\xc0\xae\x10\x9b[Pg',medium_magnitude_speed,
b'\x80\xff\xc6ZLeU#',b'J\xca\xb47`\xa0\\\x89',medium_magnitude_speed,
b'qt\x9f|\xc9YS\x18',b'\xd4U\xee\x10\xdfXW\x94',medium_magnitude_speed,
b'<WV\xdc\x87\xa1]\xbd',b'\x10\xa8\xe2\xa9\xbd\x98[q',medium_magnitude_speed,
b'\xe7\x82\xae\x1bVUZ\xc1',b'\xedte\xf6\xa3\xd8^\xce',medium_magnitude_speed,
b'8:D\xae?\xb8^O',b'\x8a\x0f\x15\xcb\xcatQ\x98',medium_magnitude_speed,
b'B\xbd:\xc6\xd0U\\o',b'n|\xa0\x95~\xadR\xbe',medium_magnitude_speed,
b'ZS\x90\x88\x02\xfc[F',b'\x8df\xad\xdc\x00\xa4W\xc8',medium_magnitude_speed,
b'S\x17/\xfb\xdbR_\x9b',b'\xe9\x9c\xfd\xa2\xa6yX\x9e',medium_magnitude_speed,
b'\x00\x84e\xc1\x12\xef[\xbe',b'\x02<\x93\xdaU\nX\xc0',medium_magnitude_speed,
b'j\xa2\x15\x1a@zU\x9c',b'^u\xffb\xce\x87X\xea',medium_magnitude_speed,
b'\xc4\xc4\x83\xad\xea:X\x99',b'\xc8\x9a\xe2]1\xa2QE',medium_magnitude_speed,
b'Eh\xe0G\x91YY\xea',"b'z^\xc6\x05\xfa""Y+'",medium_magnitude_speed,
b'C\xf2\x9dc|BV\xca',"b',c\xaf\xdc\xc7oP\xd2'",medium_magnitude_speed,
"b'X\x08\xee""~\xb0X\xcc'",b'\xe3\ny\xe5/\xe6ZE',medium_magnitude_speed,
b'W1\xb0\x9c\xf0%_q',b'\xc4\x04\xe8\xc1\x89\xe2^\xd8',medium_magnitude_speed,
b'\xce#\xd1\xdf?\xf0Vw',b'\xa3v\x0c\x1bi\x90V\xed',medium_magnitude_speed,
b'\xad8\xab\xef\x82LP\x1e',b'\xb6\xa5\xdd\xa7N\x16Tg',medium_magnitude_speed,
b'\xfbS\xbd\xf9:~^g',b'\x19\xc81p\x966U$',medium_magnitude_speed,
b'm-\x85\n)\x00XB',b'.\x17\x96\tx`_\xf5',medium_magnitude_speed,
b'\x80\x9f@\x0eF\xe7Z*',b'\xc47\xd8j\x85TY\xb3',medium_magnitude_speed,
b'\xf0\x08\xf3P36Q\xd4',b'x\x93\xa3j\x16$Sf',medium_magnitude_speed,
b'\x0f\x863\x1e-{R]',b'\xa8\x04y\x07}\xb6Tp',medium_magnitude_speed,
b'\xca\x8f\xf1\x96h\xf0]\x85',b'm\t\xf2G$\xdb]\xb8',medium_magnitude_speed,
b'Z\xe6\x9f$\xd6\x16\\i',b'\xf9(\xe3\xc90\xb2\\\xb6',medium_magnitude_speed,
b'*2\xa7\xe4\x8b\x7fT\x84',b'\xc3t*3\rJXV',medium_magnitude_speed,
b'\x93K\x81M\x92CQ\xa8',b'\xd8K8g\x0c\x9aY1',medium_magnitude_speed,
b'\x92\x17\xf7@\x83\x08RD',"b""'s\xd4\x05\xf7\xed[\xb7""",medium_magnitude_speed,
b' +0\xac-\xf4Y\x19',"b'\xc7JO\x9c,\xa7]\xc7'",medium_magnitude_speed,
b'\xb0\x99\xac\xd8\xdb\xefZw',b'\xc0\x83zF\xde\xcaT\xd6',medium_magnitude_speed,
b'B\xd3<P\xdf\x97Y\x9e',"b'\xccM(M,\x0e^F'",medium_magnitude_speed,
b'Sh\xeeX\x98\x07[{',b'\xc5L\xee\xf9\xcbYQl',medium_magnitude_speed,
b'\rnp}\x070YK',b'c\x1c\x88l\xff\xbbTc',medium_magnitude_speed,
b'W\xa1;<\x98\xddX\xcb',b'\xed\xb0\xdeE[\x82PI',medium_magnitude_speed,
b'\xbe\x0cT\xd9\x98\xfbQ\xbd',b'\x95C\xbav<\x08P\xbc',medium_magnitude_speed,
b'\x1d\x9eH\xa8\x05sS\xc8',"b""'X\xd8k\xa54T\x87""",medium_magnitude_speed,
b'\xd3\x02B\xc9\xb3\xddT\xf7',b'0\x06>\x88\x0f\xedW\xad',medium_magnitude_speed,
b'7\xf4^L\x0e\x97Y\xa0',b'\x8d\x15\x91U|\xb3T2',medium_magnitude_speed,
b'\xb4k\nD\x82\xfeP\xbc',b'\xe1\xc0\xc7@\x8f\x18T\x8b',medium_magnitude_speed,
b'A\xff\xc66d\xbfS9',b'\x06\xe2\x13d\xd0\x8cUN',medium_magnitude_speed,
b'\xad\xda\\\x81\xb8\xb0S\x88',b'\xd8\xc6\x98!k\xe3S\xd9',medium_magnitude_speed,
"b',X%uj\xa8U5'",b'\xfb+\xb3\xea\x9a\x96X\xa7',medium_magnitude_speed,
b'2\xbc\x93NV?U\x80',"b""'\xd4o\x18*\x89S\xe6""",medium_magnitude_speed,
b'\xe18\xab\xc2\x96\xeaS\xb6',b'c\xc6\xd4+\x870X>',medium_magnitude_speed,
b'\x18\x9f\xd9\xc6\xf1\x89[\x11',b'\x1f\xa09\x1b\xecaP\xd7',medium_magnitude_speed,
b'\x8bv\xd0\x0c&QX\x1a',b'F\n\xca\x91C\xf2U\xbe',medium_magnitude_speed,
b'\xe4-@J\xe58V3',b'\xdc\xb5\x19\xab\xe2@T\xf4',medium_magnitude_speed,
b'3\xda\x0b\x8cE\x13P\xc6',b'\xa2\xc1\xdf\x02j.T\xed',medium_magnitude_speed,
b'\x96^)\xc3\xe1\xe1W\xbd',b'\xc1\xc5;\xf1\x1c8Z\xac',medium_magnitude_speed,
b'\x07\x82\xfe\x9db\xb9^=',b'\xf1\xdf\x18H+\x08X\xcf',medium_magnitude_speed,
b'\xb0\x14\xa6\xb1\xb4\xc6W\x91',b'\xc4\xc2\xbdk\xe0\xf2ZH',medium_magnitude_speed,
b'\xf6|\xcc6A\x9aP\xc7',b'Oe\x993{\x8fYt',medium_magnitude_speed,
b'\xf1S\xb89\x94gP\x11',b'\x8a\xd5\x95Q\xca?P\x83',medium_magnitude_speed,
b'\xfdx\x1e\x00d\x87P\x91',b'\xa0A}\xe6\xc7\xf3V[',medium_magnitude_speed,
b'F\r\xe5\x1c\xb3\x04T9',b'Q\xf7O\x94!\xa2S3',medium_magnitude_speed,
b'0jl\xbc\xecsZ|',b'N\x8d5a\xa8\xf6U=',medium_magnitude_speed,
"b""\xda'0\xc3\x01\xcd^\xe0""",b'\xdd\xb0\xcec!\xa2^\xab',medium_magnitude_speed,
b'\xa6\xfd\xc7\x888\xcdPj',b'\xad\xaf\x18JRXZ\x8e',medium_magnitude_speed,
b'\x12\xad*6\x18\x0eV\xd0',b'\x01\xc4\xaa\xd6\xb3nXU',medium_magnitude_speed,
b'\xc6\xc7\x9e%0\xd6[y',b'\x9f\x94\xb2\xf9%\xf1R\x0e',medium_magnitude_speed,
b'\xban\xb3\x8d\xf3\rS\x8c',b'\xd4\xfd*\xf1\xb7Y_\xa4',medium_magnitude_speed,
b'^\x12x\x93k7X\x14',b'\xec\xd5\x176ueW)',medium_magnitude_speed,
b'Y\x03S\xdb|\x15W\x8e',b'\x14\x7fm\x8au\x95V\x9b',medium_magnitude_speed,
b'\xbc\xfe.\x1a|\xe0U#',b'\xdcA\xf5C/VW)',medium_magnitude_speed,
b'q\xa8\xb4=\x03\x81X\xf3',b't\xb7\x08\x13\x90\xeaZ2',medium_magnitude_speed,
b'\xc5\x13\xc6az\x1aQe',b'N8oz\xb0kW\x92',medium_magnitude_speed,
b'\x11\x0ee\xd5T%U\x18',"b'g\xd5\xde\x0fVZX""'",medium_magnitude_speed,
b'6\x13\x0e\x17/\xd9Ux',b'\xd1\xe0E\xa8a[Z\x85',medium_magnitude_speed,
b'mie\x88h\xa6X3',b's_K\x16\xc4\xf9Q\xda',medium_magnitude_speed,
b'\xc6\xe0\x04\x91\x82\x8d^\xd9',b'\x1a\xa6\x95\xd2\xeb\x83S@',medium_magnitude_speed,
b'\xe9R\xc2\xa9\xebO]\xc2',b'[\x9d\xfew\xa1O_$',medium_magnitude_speed,
b'\x16\x8b\x06E*\xf4U\x19',b'\xa2|\x82\xbbO\xcbT\x96',medium_magnitude_speed,
"b'>l\xbd\xf2X,_\xf2'",b'{\xda~\x8a\xdf\xb6Wm',medium_magnitude_speed,
b'7\x07O\xec\xce\xc1PI',b'JD\x84}c\x7fR\x99',medium_magnitude_speed,
b'\xb4\xd7\x98\xdb\x11\x9bR2',b'\x17\x13\xaf\xefu\xb6^a',medium_magnitude_speed,
"b""\xa8\xc0'\x17\x9dz]\xf4""",b'\xe1\x1a9L\xe80]\xc5',medium_magnitude_speed,
b'\xcdP\xc0\x95D\x18R\xec',b'\x12Akcv\x0cZ\x8a',medium_magnitude_speed,
b'\xdeD\xd6Ta\xfcT\xfc',b'\x89\xa54\x17JZZ\xda',medium_magnitude_speed,
b'\xfbu0yIx[\xbf',b'.\xc7\xea\xc3\xb9\nZq',medium_magnitude_speed,
b'\xf4\xc2>\x91\xae9]A',b'L\x1d!i\xcbeW\x8f',medium_magnitude_speed,
b'\xb5\x99\xd3;\xd8\xd4W\x07',b'\xe0\x08=:?\xc9Z\xfd',medium_magnitude_speed,
b'\xbb\xe5Z\xb8q\xfaS8',b'\x9e\xe9\x00\xd6\x15\xd3]~',medium_magnitude_speed,
b'\xffJ\xa9Y\xb6\x90Tu',b'\xdas\x1d\x15\x94eP\x97',medium_magnitude_speed,
b'f\xd3\xda\x7flIW\xa1',b'Y\xab\x13\xf2\xb4\xb2V\x16',medium_magnitude_speed,
b'\x14\x05\\{\xee\x9eT\xdb',b'Xi?U\xe6\x13[1',medium_magnitude_speed,
b'\xb2\xe3\xcc\xc7N\xb5]\xb8',b'\x03\x8fK\xb9\xcdDYI',medium_magnitude_speed,
b'\xde\x04T\x9b\xf4\x93V\xa1',b'F(\x9a\xed\xaa7V[',medium_magnitude_speed,
b'9\xb4\xa2%\x8cqP5',b'8\xcbVb\xf6\x17Q9',medium_magnitude_speed,
b'^y2q\xcd\x9bXm',"b'\xee\x93\xc4,I\xadR\x95'",medium_magnitude_speed,
b'\x86\x18\xa4\xb8\xe3\x1bW\xf7',b'\xf3\xcc\x07C\x0f\xe7\\)',medium_magnitude_speed,
b'2k\x80\x85\xda4U\xa2',b's\x89\x02\x1e\xb3;X\x16',medium_magnitude_speed,
b'NJ\xb4I\x98\xbeX3',b'\xdb\x00\xe4\x8a\xe6\xf9UL',medium_magnitude_speed,
b'I\xe0\xb0\x82\xbe\xbbT\xca',b'\x8a\x8f\xfc\xc1>\x8eY5',medium_magnitude_speed,
b'=\x9e_W)\xd6T\x84',b'\xbb\xa2\xc0\xc7\x9b\xe3V\xf3',medium_magnitude_speed,
b'\x8d\x07\xc3\t\xcc\xd3T\x8a',b'\xb47;B\x18u[n',medium_magnitude_speed,
b'Z\x8d\xde6\x8c\xf5Px',b'\xde\xe3\x02J\xee\xb5Z\xe0',medium_magnitude_speed,
b'w\xd7\xa4\x16\xdf\xc1[y',b'\xf9\x94\t\xa2\xae\x01X{',medium_magnitude_speed,
b'\xdfC\xc2W\xc7\x80X;',b'#\x02\xc5\xff\x99\x8d^\xe5',medium_magnitude_speed,
b'\xef\x99\xca\xcc\xd1\x92U;',b'J\x84\xd6\x88\xff\x81[y',medium_magnitude_speed,
b'\x18*\x8dZI\x11S\xd6',b'N\xda\x90\xb4\x15\x8c\\\xef',medium_magnitude_speed,
b'\xb1\x0f\x8e\x91\x82\x18W\x04',b'\x18o\xf2\xf2\x86C\\\xf2',medium_magnitude_speed,
b'\xe9\xfbM\xd4G\xf6]Q',b'\xe2A\x9d\xe4S\xd5P|',medium_magnitude_speed,
b'\xf3\xe3\xe9\x8c1NWa',b'\x94\xd8&h\xf74X\xc2',medium_magnitude_speed,
b'\xf0\xee\xb0\x86\xf8\xe4_[',b'\x8frmU\xc8\xf6[T',medium_magnitude_speed,
b'\x90#\xed\xe0\x89#T\xaf',b'}\xe6\xe2\xf4\xc1d]%',medium_magnitude_speed,
"b'*\x8c\x11""\x8b\xc0]*'",b't\x17\x89\xcf\x1c\xc7X\xf1',medium_magnitude_speed,
b'\xf4*\x91\x13^\xda_\xac',b'\xf3\xe7\xf2\xe2\xc1\x7fVq',medium_magnitude_speed,
"b'\xd5\xf9&\x8a3\x80Y,'",b'\xad\x83Zf`\xd1V\x0f',medium_magnitude_speed,
b'WYZv{#^\xcd',b'\xcbh\xba[\x1fa\\m',medium_magnitude_speed,
b'\xe4\xb0\xc6\x87\x81\xbfS\x10',b'\xfa\xdc\x9e\xc6\x04O[\xb3',medium_magnitude_speed,
b'[D\x7f\xbd^\xa7[\xc8',b']\xff\x91\xa1\x87\x0bX\xcf',medium_magnitude_speed,
b'\xcfM3W\n\x08Z\xed',b'\xe1\t\x1f\xe9\xe1\x87Xc',medium_magnitude_speed,
b'\xd86\xb5\x00uVX\x95',b'q\x00\x1a /f\\H',medium_magnitude_speed,
b'\xb9\xd4\xab\x8a\xa3\x0bQ\x99',"b""\xd0\x00W3\xb6\xbeP'""",medium_magnitude_speed,
b'14\xfb\xb5\x94\xe5Q\xba',b'\xc8r\x92\xbf\xd9\xe3YQ',medium_magnitude_speed,
b'\xd4\xde\xdf\xef\xdfjWL',b'\xc72\x0f\x99\x90\x0c]6',medium_magnitude_speed,
b'\xb3\xb6$I\xf1\x81P\x13',b'\xb2*KWB\xbeY\xc5',medium_magnitude_speed,
b'\xedL\x882\x8f\t[\x00',b'\xd8\xe3?\xebbKT\xb5',medium_magnitude_speed,
b'\x910\x16\n8[Q\xce',"b""\x18'G\x95\x01[U_""",medium_magnitude_speed,
b'\xeb\rt\\\xd2\xb5]\xb0',b'\xbe>\xed\xde\x9b\x01R\xc5',medium_magnitude_speed,
b')\x1e\x07\x88\xfe\xcd[t',b']v\x03u?sTQ',medium_magnitude_speed,
b'\xb7Z\x9c%I\xecT\xf0',"b""V'\x12\x96\x01aZ\x97""",medium_magnitude_speed,
b'\xc4\xfbe\xb5g\xe5Va',b'\x89/\x1aJ\t\xd8U!',medium_magnitude_speed,
b'\x11u\xe6\xa7p\xb9S\x8c',b'\x91\x83\xfd\x0f\x10\xe3_\xd1',medium_magnitude_speed,
b'\x9bAE\x99\x1f\xaaP5',b'\xebB\xd3K\xe8\xe2Z\x13',medium_magnitude_speed,
b'\x7f\t\xd1\x15\xb7\xe8Pp',b'\xa7\xd0\xf6&\x91 W\x0f',medium_magnitude_speed,
b'\r\x19\x03\xea\xae\x15^\xf0',b'+O\x8d\xb6\xe3\xfd\\\xf6',medium_magnitude_speed,
b'G\xea\xac7\x14\xdeS\xaa',b'e>!\x18\x96uY\x00',medium_magnitude_speed,
b'\x93\x9dk\x03\xf9\xe4R\xac',b';\x17\x19\xe82{Q\xcc',medium_magnitude_speed,
b'\x8e&\x0f\x9b\xc5\xa8P\xfc',b'tG2\xc3\x05C_H',medium_magnitude_speed,
b';\xe9\x81\x18\x07\xedQ\\',b'T\x9cSP\xf9\xb0\\4',medium_magnitude_speed,
b'\xcd\xfcB\x99F\x1b]l',b'\x99\xb2O7JW[\xa7',medium_magnitude_speed,
b'/B4\x0e\xd2lWV',b'\xf3\x8e\x13a0\xc3Q[',medium_magnitude_speed,
b'\x18vcp\x8a*Q\xc4',b'r#\x98s\xca\xd9X\xff',medium_magnitude_speed,
b'+%\xdfq\xb6\xc3VM',b'E\x11\xad:\x90\xb7V\xd9',medium_magnitude_speed,
b'\x97\x1b\xe8\xf8D\xb7W\xa9',b'=\x11r4hsZ7',medium_magnitude_speed,
b'\x16\xd7\x9c\xd5\xc2\xecW\x81',b'\xf2\xc8\xa03\xc5\xfdU\x1a',medium_magnitude_speed,
b'\x1e\xe3d\xd6xgY\xe7',b'\xcb\xaak:c\xe8]0',medium_magnitude_speed,
"b'\xdd\xceP\x8b""\xe3X\xc5'",b'J\xe2\x85q\xa3aS\xb4',medium_magnitude_speed,
b'@\xa1\xae\x82N\x88\\\xae',b'\x84\x17O@\xdf\xd8U\xac',medium_magnitude_speed,
b'\x15\xf1\xd1m\xb3|X\xd0',b'!g\x07\xbf~\xacU\x08',medium_magnitude_speed,
b'U\x05.A\xc3uV\x94',b'\x87j\xc8-\x18\xf1V\xb8',medium_magnitude_speed,
"b'\xcb\r\xc8Y,\xd0]\xa8'",b'\xa9\x92J\xc5O.[p',medium_magnitude_speed,
b'mb%\xb9C\x04[\x99',b'\xdb\x8c\xfc\xf4z\\^\xba',medium_magnitude_speed,
"b'\xc9|K\xf6\x15,W\xf9'",b'\xce.\xef-\xe6Q\\\xf9',medium_magnitude_speed,
b'^\x0e\x13n\xd33_\xf0',"b""$\x1a:\x8d\x9b\x03T'""",medium_magnitude_speed,
b'+%\xd5\xddt\x16[\x84',b'\xce\x80\xe9{\x193SI',medium_magnitude_speed,
b'\xf5eI\xd8g\x0fR\x06',b'\x11\xc1\xc9\xfc\r\x83^l',medium_magnitude_speed,
b'\xfc\xe7Mr\x81\xb6Y\xd8',b'H\x82\x9a\xede\xc6PG',medium_magnitude_speed,
b'\x10iX\x03\x1e2]v',b'8 g\xe3\xe8\xfc\\\xcb',medium_magnitude_speed,
b']v\x0b\xa9\x9dDX\x81',b'\xd7\x83\xfd_\x08*U\xdf',medium_magnitude_speed,
b'O\x14Ad\x9b1Z;',b'\x16\xeb\xc2}\xf9\x11YG',medium_magnitude_speed,
b'\x06\xb8B&\xb20X\xe5',b'\xd3yo\x8b?\x12W\x1a',medium_magnitude_speed,
b'\xac\xee\xa21\xa89S\xfc',b'\x047\xc4\x1es\x1a]\x8d',medium_magnitude_speed,
b'\xe0\xefe\x84\x89\x0b]\x01',b'C\xec\x0c\xaeq\x9eR\xd0',medium_magnitude_speed,
b'\xb0\x18\x84g\xe5\x9cQg',b'0\x0biY\x9d\x0eTG',medium_magnitude_speed,
b'\xfcF\x921\xbd\x8aZ\xf4',b'Z\x92\xbc\x85\xc3\xdeWl',medium_magnitude_speed,
b'\xfd\x8f\xd2\xa6\x99\xa0[O',b'R\x8e[h)ZW\xcd',medium_magnitude_speed,
b'^2\xbc\x9d\x95S^W',b'\x1f\x13\x97\x93\x97\x98V\xa6',medium_magnitude_speed,
b'a\xbf\xaac#\xc2Xg',b'wz7\xd8\xaft[\x85',medium_magnitude_speed,
"b'\x99,\xc5+\xd2y^2'",b'1A\xf7.\xf4`Zy',medium_magnitude_speed,
b'\xaa+\xecnc\x15W2',b'\xff\xdb\xc5Jt\xc6\\\xfa',medium_magnitude_speed,
b'\xac{\xcc>\xa0 _@',b'\x85\xe1&\x94\xd4\xf0_\x8f',medium_magnitude_speed,
b'\xc9k\x7f\xbe\xa4\xe4R\xd2',b'\xb3G\xd10\xd3LW\xb1',medium_magnitude_speed,
b'\xaagp\xc0%\xaeRw',b'\x00\xff\xfd$\x05\xae]\x0b',medium_magnitude_speed,
b'\x06U\xfd\rL\xad\\\x19',b'\xa9\x0cn\xd2\x89\xc3[O',medium_magnitude_speed,
b'\xe5(N\x8b\xcb\xbb]\xd1',b'\x8d\t\tGz\xb8\\\xe5',medium_magnitude_speed,
b'?\xcd\xf4\x01l\xe6P\xf1',b'\xac%\x06\xa5p\tQG',medium_magnitude_speed,
b'\x81\x1d\x99\x82b\nQ\xb3',b'4\xa3*\x15\x05\x9c_\x8e',medium_magnitude_speed,
b'\xd9(\x97T\xe3)W\xab',b'\xce\xfc;\x078\xcbY\xc6',medium_magnitude_speed,
b'\xe8AM\x14=\xaaV\xb6',b'\xdb\xe1\x1a\xee\xe6#U\xc6',medium_magnitude_speed,
b'}>\x07\x0b\x9b3]\xa5',b'\x0fpi\x8f\x90[]_',medium_magnitude_speed,
b'+\xa7rY\x0c\x11VD',b'q\x91\x06\xed\xa2X]\xee',medium_magnitude_speed,
b'\x92$%\x99\x11uU\xe5',b'\xe2\x9fA}v\xefR\xb9',medium_magnitude_speed,
"b""1Y'!\x0b\x12[p""",b'Vk\xed\xd4\x98\xbaQ\x15',medium_magnitude_speed,
b'W2\x00\x12\x9cK[\xff',b'D`\n#~\x80V\xd9',medium_magnitude_speed,
b'\xeeW\xa2\xa1\x8f\xfb]\x96',"b'Xgv,\xd7\xc7^\xe4'",medium_magnitude_speed,
b'N\xa6n\xd1\xce\x9fS\xea',b'4\x1e\x0b\x96\x9f:W\xcb',medium_magnitude_speed,
b'\xd2\x9f\xa05|\x9aZ\x97',b'|\xf37R\xac=U`',medium_magnitude_speed,
"b'T\xd6\xa1\xf1[\x0cY""'",b'E\xc9\x18\xbf!\xa3R\xf2',medium_magnitude_speed,
b'\xad\\`\x0e\xac\x96^k',"b""\xf0dd\x08'VT\x81""",medium_magnitude_speed,
b'\xe1\x86\xda\xe5\xb7\xc0R\xeb',b'sx\xcd\x11\xe8\x8c\\\x13',medium_magnitude_speed,
b'\xe6\xd0\xb2\xdb\xf9\x11S\xca',b' \x97\x0f\x0e\x8c\xcbYt',medium_magnitude_speed,
"b't\r_\x8aW,Z\x94'",b'\xa9\x8d\xffO\xf6\xedYK',medium_magnitude_speed,
b'\xbd\xf6\r\x83\xe7\xae[\x98',b'\xe6\x86F\xf1_W_\x8b',medium_magnitude_speed,
b' \xd4\x87\xdd\xbc\xc6X\x1e',b'\xb72\xa8\xcd\xe2\x07_1',medium_magnitude_speed,
b'\xaf\x16j\xec\xbd\x00S<',b'\xaf\xc6\xbc\xdeZ\x1f]\xf8',medium_magnitude_speed,
b'\xa7\xa5\xd3Y2\xf2^5',b'\xc7\x81\xf5W\x8abVn',medium_magnitude_speed,
b'\xaf\x932\x97)\x84]\xe6',b'\xfa\xd2}%\xbe#X\x9d',medium_magnitude_speed,
b'\x8d^u\xb4\xb9<V\x1a',b'\x15\\\xf5\xa0\xb1\xe8[\xd8',medium_magnitude_speed,
b'\xd9:\x1c\xc9\xab\xba]\xfb',b's\xe4\x83\x94slX\xc3',medium_magnitude_speed,
b'\xcc\xa8A\xa0\xc7j]\xb9',b'\x12D\xd0\xef\xcfEZ\xcd',medium_magnitude_speed,
b'\xc0\xfd\x99\xcd\x80O^\xa9',b'\x12\xfb\xf7\xa8?FR\x9a',medium_magnitude_speed,
b'\xfa\xd3xt\x8d\x81\\\xd5',b'\x1b\xaa\xb6\xf6KHV\xb3',medium_magnitude_speed,
"b'\xdf\xffP\xa5\x19:T,'","b'\xb8_\xee\x1f,\x86P\xb6'",medium_magnitude_speed,
b'P\x1c\x84\xd5C\xf9Y\xca',"b""\x9c\xe0|]\x8b'\\\xa9""",medium_magnitude_speed,
b'\x12o\xa7\xe2\xe2}\\d',b'\xa3\x98m\xb8}\x11Z\xbd',medium_magnitude_speed,
b'\x07\xc7\xd9L\x15bY-',b'M\x8f\x9ed\xa1c^\xed',medium_magnitude_speed,
b'*x\xfb8-rZ\xe0',b'\x185\x92\rbOVI',medium_magnitude_speed,
b'\xd0\x17\xb7+\x9b{W\x94',"b""\x0c\x15\xe5\x94'-Q\x9f""",medium_magnitude_speed,
b'\xacM\xfe\xb8\x82^SN',b'bY\xe5l}\xa2Up',medium_magnitude_speed,
b'\xac\x0e\xab&\xc8\x0e]\xf0',b'Yb{]\xb4\xbe^u',medium_magnitude_speed,
b'\xc5\xab \xa1W\x83]\x11',b'nI\x12\x8e3\x89Z9',medium_magnitude_speed,
b'\x80p\xe8\xcfv\xf1X\xc6',"b',y\xd7\x85\xcb\x11Q\xe7'",medium_magnitude_speed,
b'\x96\xe4Ii\xc7\xaaY\xb7',b'\xbf\xdd#\xf8`\x01Q\xc0',medium_magnitude_speed,
b'\x0bg\x93\xcc\xb4\xbeQJ',b'Rl/\x12\xa7E[\xef',medium_magnitude_speed,
b'\xec\x96.bj!W\x08',b'\xae\x88\x90\xd0DC[ ',medium_magnitude_speed,
b'{\xff\x8f\xb0\x0e\xe7S\x95',b'\xd8^;>J\xf8X\xa8',medium_magnitude_speed,
b'\x06\xce\xb8]R8[%',b'\xa8C\xe6OY\x82\\\xe6',medium_magnitude_speed,
b'\xf5\x98]\xad\xa1sVD',"b'\x81n\x17j\xc3,X|'",medium_magnitude_speed,
b'<\x84|\xdby\x9cXv',b'G\x06|\x15\xa0\xbbP^',medium_magnitude_speed,
b'\x8c1y(\x13MR\xe3',b'vH2\x0fw\x8dY\xfa',medium_magnitude_speed,
b'\xf3\xe2on\xab\x93S\x0e',b'\x04\x03\x8e\x92s\x0fR\xbf',medium_magnitude_speed,
b'\xe4KR\x16\xec\xc1^\x97',b'?\x8a]\xf0\xed\tV\xda',medium_magnitude_speed,
b'!\xb2S\x04\x99\x02]\x11',b'_\xfa\r\x1a\xc3\xe4Q\xba',medium_magnitude_speed,
b'>\x10ja\xc4\x88Q\x82',b'\x9a\x06\xce\x0f\xddBP\x86',medium_magnitude_speed,
b'\x88\xba%\x99\xc8\xbcPd',b'xJ\xcc\x16\xe2\xf6PK',medium_magnitude_speed,
b'7\r;\xfb\x9a\xe5^\x9f',b'N\xf6\xfd\x90BUV\x88',medium_magnitude_speed,
"b'\xb5n\x1f,\xaa\x96Z}'",b'c\x16a\xd1K ^\xd3',medium_magnitude_speed,
b'A\nq\x8fGlR5',b'\xe0n]\n\x93\n\\\xa2',medium_magnitude_speed,
b'\x1d\xf2\x05\xb79\xda[W',b'\x07\x03\xd9\x186NP9',medium_magnitude_speed,
b'f2\x86\x7f\xef\x12_D',b'\x8a=R\xdb\x93:Z\x00',medium_magnitude_speed,
b'\xaf!LA\xc7:Q\xc5',b'\xf5!\xed\x96\x16\xdd[;',medium_magnitude_speed,
b'\xe17\xb3\x046\x1bUn',b'0\x92o\xd5\x85\xf3S\xda',medium_magnitude_speed,
b'\xa5\xd4\xe0\xbeG\xf5Pz',b'&_\x81x\xbdkU\x1e',medium_magnitude_speed,
"b'\xeb\x9f\xb7*""n[\\'",b'\xfe\xeb\xc7\x98vL_\x1a',medium_magnitude_speed,
b'\x1f`\x19\xc8\xa9FQ\xe9',b':\x10Qa\xa8>P\x19',medium_magnitude_speed,
b'G\x82\xa9\x9c\x96\xbcTv',b'+HF\x992\xb1QP',medium_magnitude_speed,
b'\xea!\xf9F\xda\xe6SS',b'\x99$\x8cd\xf1\xc8[C',medium_magnitude_speed,
b'\xf1o\xd7\xd2F\x9cWH',b'I\x14\xe2L8\x11P\xd2',medium_magnitude_speed,
b'UwH&r\x06ZJ',b'\\\xaa\x1d\x0c\xf4\xf0[l',medium_magnitude_speed,
b'\xa1\xc3\x07I\x05\xc2_K',b'\xe9i\r\xb0\xcb\xf0Q2',medium_magnitude_speed,
b'\x1f\xbf\xc7\x1a\x8c\x96[1',b'\x08\r\rl\xdb\xdb\\\x1c',medium_magnitude_speed,
b'\xf2\xfc\x9b\xa2\xafg]%',b'3\xfc\x96\xda#JZ\xe6',medium_magnitude_speed,
b'\x11\xba\x1ef\xcd\x07X\xdf',b'\xefT\x88\x0b\x01\xcd_%',medium_magnitude_speed,
b'\xd3\x85W\x183UT?',b'\x9c\x17\x1c\x8d\xcf\x98V\x87',medium_magnitude_speed,
b'f\xa5\xd3\x91\xda+^k',"b'\t\xdc0G\xbf""QT'",medium_magnitude_speed,
b'\x1f\xc0\xf8\x01\xbc\xa1PS',b'34IeK\x95W\xdf',medium_magnitude_speed,
b'\x868b\xc9\x07\xc2_@',"b""2Vb'\x8bG[G""",medium_magnitude_speed,
b'F\x7f:\x01\x10\xbd\\\x07',b'\x98\xa2A\xa3<\xa6W\x9b',medium_magnitude_speed,
"b'\xa5\xed,K4I\\\xf6'",b'v\x90\xd08{s^X',medium_magnitude_speed,
b'\x90\x82\xe8\x02.\xaeV\x1a',b'%\xd6\xa6_\xd06\\\xf6',medium_magnitude_speed,
b'\x03Q\xf9\x87\xd9\x87_\xa6',b'\x92\x96\xcaGc\xcfP\xd4',medium_magnitude_speed,
b'\x7f\x8f\x94\xc2\x9a\x8eVo',b'y\xb4k\xe2\x04\xf0XZ',medium_magnitude_speed,
b'\xfb\xf2\xd1\xf9\x88<U\x1d',b'\xd7\xb2\xea\xe99vY\x87',medium_magnitude_speed,
b'\xe8A\xc4\x9f\t\xefV\xfb',b'h\xd7\xdf\xf2\xd6\x10^^',medium_magnitude_speed,
b'\x03\xa1a\xfb\xe3\xc0W\xc6',b'7\xc5\xd1l\x92\x04X6',medium_magnitude_speed,
b'\xbf\x92Y\xb1GOX\xfa',b'A\xb0\xab\xf8\x1a\xa3T\xe8',medium_magnitude_speed,
b'\x85\xa3l\x7ff\xb4VB',"b""=`\xa3'r\n[X""",medium_magnitude_speed,
b'\xcf\x9a7\x93\x07\xfaU\t',b'f\x95\xa3\x14R\xfd_:',medium_magnitude_speed,
b'\xa5=\x8d\xf87\xeeR#',b'u_\x9b&\xb9\xa2[\xa7',medium_magnitude_speed,
b'\xb8>\n]$\xa7V.',b'\xb2F\x10!\xd7(Yp',medium_magnitude_speed,
b'y\x955\x03\x83s[\xd1',b'\xda|\xe4>\xc2\xd4]\xf7',medium_magnitude_speed,
b'X\xcb\xc2\x04%\x01Ry',b'_\x047p\xf0\xe5Q\x1b',medium_magnitude_speed,
b'l\xfeD\xcb\x0e\x1bZ3',b'\xbc2A\xf7L\x91Q\x06',medium_magnitude_speed,
b'\xa9\xab\x83\xf1\xdb\x7fZ\x18',b'\x19c\xd5b\xa2\xf8Sn',medium_magnitude_speed,
b'\xfd`\xe4\x18\xc6\x89W\xdd',b'\xe3\xde\x99\x93\xbf\xe1X9',medium_magnitude_speed,
b'd\xe6\x90\x91>1Q\xf4',b'\x8b(\xb0\x95\xa7>V\x7f',medium_magnitude_speed,
b'2\\\x06\xec{\xabU\xa1',b'\xdb2\xa1\xba\x1d\xea_\xac',medium_magnitude_speed,
b'\n\x98\xba\xe0F\x9dXS',b'\xadK(\x0c\xf5IPx',medium_magnitude_speed,
"b'\x00\xe5 \x84\x8bKQ""'","b'\xe5""3\x1e\xbd\xf0P\xa8'",medium_magnitude_speed,
b'\x99-`\x8d\xa4IZ\xa1',b'\xb5\x04\xf5\xfe\xb3\x82Z\xc3',medium_magnitude_speed,
b'\xe5\xbe\xce\xa2F*X\xeb',"b""'\x04S\xca\xae(S\x99""",medium_magnitude_speed,
b'%\x19\xd9y\xe2n]\x16',b'\xe3\x99\x9dT\x92*[\xbf',medium_magnitude_speed,
b'G\x04\xf1\x16\x0c V`',b'\xdc(\xfd\x9a\x8a\x97XT',medium_magnitude_speed,
b'\xe5/\x14K{\xeeY\xeb',b'~\xd9]\xa2i\xe3Y\x0b',medium_magnitude_speed,
b'\x08\xf4\x19M\xa9dTF',b'\x0f\x07\t~\xaf6U\x12',medium_magnitude_speed,
b'b-\xdd\x89\xfe\xe2R\xd0',"b'\x05yL""\xa4\xf6Z\xd0'",medium_magnitude_speed,
b'\x19\xf8a{!hP\xd2',b'\xdd\x19bw\x11\x9f\\S',medium_magnitude_speed,
b'i\xf3&l\x16\xbcWB',b'O\xff\x14\x8fdf[\x8c',medium_magnitude_speed,
b'+\x03Z\xb0d+Y\x08',b'\x88\x18\x08\na\xe1Zr',medium_magnitude_speed,
"b""\xc4!&L\x93\xebZ'""",b'\xa1\x10\xd5\xd2AFS\x82',medium_magnitude_speed,
b'd\xde\xabu\xaf\x94^\xe2',"b'\x17]\xaa\xd1r""S\xa7'",medium_magnitude_speed,
"b'""Ah\xe3y\xbcW\xcc'",b'\x9f\xa6\xa38\x1aXS\xde',medium_magnitude_speed,
b'\x9b:B\xf3pVR\x0b',b'\x12\x9e\x8b\x87:DW\xad',medium_magnitude_speed,
b'\x9279\xeay\xc9]\xa2',b'\x0b\xd9\xddEsHR\xff',medium_magnitude_speed,
b'\x95\x90\n\xf5\x86\xb9^6',b'o\xd2QF\xd4\xef\\\xc8',medium_magnitude_speed,
b'\xd3\x05\xae\x08\x05jYK',b'Q@\xdbk\xb2fV\x98',medium_magnitude_speed,
b'\r\xaa\xdf\x96\xe3m]\x83',"b'\x02\xb9""\xdc\x92\xa2\\\\'",medium_magnitude_speed,
"b'\xb1\xc9\xa6,\x90\x84]\xc1'",b'\xab\\o\x93\xfdT[\xd8',medium_magnitude_speed,
b'\x7fh=\x16\xfdnT\xf3',b'\x888\x05YE\x15T\x90',medium_magnitude_speed,
b'E\xfa\x01i~oSw',b'qt*\xc7kZ\\/',medium_magnitude_speed,
b'\xb6\x80&\x81+mQ\xc0',b'Rx\xee\x88\xef\x18U\xcd',medium_magnitude_speed,
b'\xf0\xf0<0\xa5.U8',b'q\xde\xfaB\x9fpR\x08',medium_magnitude_speed,
b'\xb0$\xff\xb3\xa8\x8fQ\xc2',"b""\xdf'\xfc\xd4XgY\xcc""",medium_magnitude_speed,
b'w\xca_\xa9\xef2Z\xd0',b'\x08\xf8\xa09\x06\xe9XI',medium_magnitude_speed,
b'\x01B\xa6-\xad\xddSl',b'Z\xd9\xb6\x02%\xc8R\x01',medium_magnitude_speed,
b'\xb4\x0e\xf0\xbb\xa5\xccQ)',b't;\xa9\xe2\xefHZ\xbb',medium_magnitude_speed,
b'U\xa3\x0e\xd8\xea\xed^q',b'C\x8f\x82\xafA\x0cV\x1e',medium_magnitude_speed,
b'w\x97\xa3#(\x9cR\x1f',b'\xd4\x85\x9a\xb4\x999_@',medium_magnitude_speed,
b'd^\tz\x12\x8dY7',b'N\xf0\xa2\xdeg.Z;',medium_magnitude_speed,
b'?\x9c}bB\xd2[\xf2',"b'w\x8a/""k\xbbS\x1a'",medium_magnitude_speed,
b':\xb3O)p\x14Wb',b'\x8ag?\xe8\xb5\xac_\xe5',medium_magnitude_speed,
b'M\xf3\xf1\xdc\xd36^\xcb',b'3#r\xc3D\x06]\xee',medium_magnitude_speed,
b'\x93@(\x90\xd6\xcaW\xea',b'\x9a\xd3\x08\xf7\x07\x80\\\xe8',medium_magnitude_speed,
b'\x15\xf3\xcb\x8c\x97\x8b[w',b'\xd6\x83vB-\x7f[\xb2',medium_magnitude_speed,
b'&#(Q\xa9\xf3Z\xed',b'\xd7\x16]\x9f\x8d\x93V_',medium_magnitude_speed,
b'\x1c\xe3\xf4t\xbdxP4',"b""\x1b'oY|\xe6^J""",medium_magnitude_speed,
b'4ZFa>Q^9',b'R\xfaI\xff\xb4OY}',medium_magnitude_speed,
b'\xfd\xb3\xb2\xf7\xf8\x9bX\x95',b'\x84\x8f \xa8W]V\x9e',medium_magnitude_speed,
b'\xcb\xcf\x19\xc9W`XW',b'Ek\x93\\n\xe6Q\xb7',medium_magnitude_speed,
b'\x1d\xaa\xe5\x00\xf5y\\\xc0',b'\xcb^6\x08\x90VQ<',medium_magnitude_speed,
b'\x13\x06G\xb4\xb5;X\xbf',"b'\xcbT#\x7f,\xbe_\xd9'",medium_magnitude_speed,
b'\xab\x96(\xf8\xe9\xbcR\x0f',b'Q\x12I\xbe\x9a\xe0]Y',medium_magnitude_speed,
b'j\xe0\xe9\x86\xe5\xea\\\x8e',b'\xed\x16\x9f\x1fU\xc6_\xa7',medium_magnitude_speed,
b'Bn\xba\xcd\xf3\xb2X/',b'~\x01\xfa\xf4\xd2\xbc[Q',medium_magnitude_speed,
b'\x7f\xa4\xa5gG\xd7]\xec',b'\xec\x13\xde\xbd\x9a\x0fT\xfb',medium_magnitude_speed,
b'a\xad\xcb\xafo\x90\\\xda',b'\xfc\x86\xccU\x94hP\xf1',medium_magnitude_speed,
"b'\xdc\xae\xf5r,s_\xae'",b'\x99:\xa3\xc4\x0f\xa6P\x8f',medium_magnitude_speed,
b'\x9c\xf8\x94\xd2C\xf0Z9',b'\xa9\xb9\xa0\xed.\xdf[\xa3',medium_magnitude_speed,
b'\x85+C\xf8\x81u[+',b'\x88\xc6d\xb7\x91qV\xda',medium_magnitude_speed,
b'!N[(v\xec_\xd2',b'r}n\x84$\xe7P ',medium_magnitude_speed,
b'/\x91\x7f\xbb\x00\x15V8',b'\xdb\x8f\xc8\x89\xab\xfd^\xb0',medium_magnitude_speed,
b'\x1f\xc6p\x19\xc3\xcc])',b'K=\x8a\xe4\xa8\x07U(',medium_magnitude_speed,
b'\xf3G\x8fz\x8e\xfbV\xda',b'\xe3\xa7\xbc\x87\x04\x95Z\xfb',medium_magnitude_speed,
b'\xefo\xf4f\x98{V\xb0',b'k\xdcUao;R\xb2',medium_magnitude_speed,
b'Q_.\xb2\x92\x04Q]',b'q%\x00\x93\x1f\x0b]\x84',medium_magnitude_speed,
b'\xe4\xd5|EB\xc9X\x00',b'\x07KK\x17(sV\x03',medium_magnitude_speed,
b'~n\x10\xe3\xd0\xe9]1',b'u\x94\x88>(L[\xb9',medium_magnitude_speed,
b'\xc4\x9eP9T\xebXe',b'Y=\x94\xf6\xcd)Y\x84',medium_magnitude_speed,
b'\xe2a\xb6R\xb9\xf0R\xc7',b'\x87oVv\x95\x05Z\xb2',medium_magnitude_speed,
b'f?\xe2\xfb8\xb1Vm',b'\xa0\x81\x9eV\x92\x9fS\xd9',medium_magnitude_speed,
b'\xdaD\xed\xe4\x83\x83V\xae',b'\x8e\xee\xa4\t\xaceT\xf3',medium_magnitude_speed,
b'O\xdcwk\xa4\x00S^',"b'\xc0v\x99\xc0\xc6pY""'",medium_magnitude_speed,
b'\xe2\x12\xe8\xeb%zT\xfa',"b'\xa0""K\xa9K\x0cQ\xd0'",medium_magnitude_speed,
b'\xf0\xa3Y}\xc7o^@',b'\x94z{\xef>iZ(',medium_magnitude_speed,
b'\xc2\xcc&>\xe2O^^',b'\x89\x91j]\xe9\x91S\xbe',medium_magnitude_speed,
b'Q\xd1\xbd\xf7\xc7\xaaQW',b'\xaf0\xde\x85y#UE',medium_magnitude_speed,
b'\xd1\x91\xc96Y\xcfV\xfa',b'\xbd\xf8\xa8\xd0\x19\x9fV\x96',medium_magnitude_speed,
b'\xb2\x92\xbck~\x8dY\x1a',b'\xbc\xec\x1d\x01\r\x07_~',medium_magnitude_speed,
"b""\x02\xbc\x7f\xbc\xf1'V\xe2""",b'\xfd\xa6\x7f\xfav\x0fP\xe6',medium_magnitude_speed,
b'2`xXS&S\x15',b'\xdd^j\xa1\x8c\xeeQ<',medium_magnitude_speed,
b'5jb\x0fC*T\x91',b'\xf26\xeb+\x9c\xe8Te',medium_magnitude_speed,
b'~k\xb2\x80\x0bSX\xcb',b'b\xafC7\xbf\xecS%',medium_magnitude_speed,
b'y\xc76g\x13\x04Y2',b'.\x08\xaf\xf7#\xf5]\x08',medium_magnitude_speed,
b'q\x1d\x0f\x8c\x9c\t^\xd9',b'\xd68\x99\x87Q3_\xa2',medium_magnitude_speed,
b'-uU\x82\xf9\xbb]\x8c',b'\xf2\xaa3S\x86XQl',medium_magnitude_speed,
b'\x8d\xa4\x07\n\x19uR\x1c',b'\xd7\xed\xe6^\x05\xccW\xe3',medium_magnitude_speed,
b'\x9f\x9c(\xb9\x84\x8d_=',b'2\xed\xcfu\xb3\xc3V\x13',medium_magnitude_speed,
b'\xf32m\x8b\x9c5^\x97',b'D0\xdc=\x8b\xc7]\x0c',medium_magnitude_speed,
b'$\xf3\x02\xde\xda\x19Rt',b'1\\\xccy\x9bYP\xb2',medium_magnitude_speed,
b'd]1\xf9\x1e\x0b]v',b'\xe1\xafFT(\r]F',medium_magnitude_speed,
b'X\xe3\xfcP\x9f\xbf\\I',b'\x99\x81w\xde\xb1\x15T3',medium_magnitude_speed,
b'\xc8l\x02\x08\xeb\xf6_m',b'\x08\x0c\xffmc\xa9W\xfb',medium_magnitude_speed,
b'\x02\xcd\xefG\xee\x81U1',b'\x0c\xc5\xe5\xf0\x91\xc1\\\x96',medium_magnitude_speed,
b'\xdf\xc6X{\n\xb3^q',b'\x98\x9d%\x03\x8c\xca]m',medium_magnitude_speed,
b'O\xbaE\x0c\x0c\xa7Z6',b'\xf3\x06\xa1\x0e*\xc9Xk',medium_magnitude_speed,
b'\xd2\x8e7n\x19\xe3R\xff',b'\xc8;\xcc\x90\xfe\xafU\xa7',medium_magnitude_speed,
b'\x81T\x0e\x7f\xd1\xaeT\xea',b'\xa0L\x87\xba\xe3/Zl',medium_magnitude_speed,
b'\x952\x8b\x93\xc5KZ\x13',b'[\x91D\xd4sQS\xf5',medium_magnitude_speed,
b'dru7qYS\n',"b""\xa1\x8b\xb4'\xf1\xd2W\xb1""",medium_magnitude_speed,
b'~\x92\xd2\xfe\xed\xadT\xf7',b'->\x9a\xdbF\xf7[\x1f',medium_magnitude_speed,
"b'4\xbb\x0f\xb1""\xc4^\x93'",b'\xba\xd1\x86\xc3m\xb9P\xb7',medium_magnitude_speed,
b'J\x91\x10\x13\x9c\xdcS\xa1',b'\xf34\xfd\xc2\x0b\xdcVx',medium_magnitude_speed,
b'Y\x83\x01:v\x9a]\x96',b'$p\xe5\x8fa\xa2R\xee',medium_magnitude_speed,
b'DB\\\xf0\xdb.[Q',b'\xc5\xe1\xaaP.\xa3V7',medium_magnitude_speed,
b'\x01\x93Ew[\xeaT\xe1',"b'""\x1a+\n\xff\x04ZM'",medium_magnitude_speed,
b'G\xf8\x056\xa8\xc2T6',b'\x1e\x06\n\xb5\xdd\xa4WR',medium_magnitude_speed,
b'\xd3\xd4\x88bB\xeeW\xb7',b'\x0c\xb3\x9b2\x16.X\xb9',medium_magnitude_speed,
b'\x91\xa5w\xd1H\x1bU\x13',b'\xe1\xab3~\x08\x90P\x89',medium_magnitude_speed,
b'v\xf7|\x00\x89gU\x1a',b'\xbd\xf8\x16_\xb61W\xf3',medium_magnitude_speed,
b'DH\xf1Dd\xa2_X',"b'\xa4""\xa4\x86\x18""]\xb1'",medium_magnitude_speed,
b'x\x16\xb0\xad\xc1\x81T%',b'\xd1\x82\xbcm\x8cv^F',medium_magnitude_speed,
b'%\xec\x16\xc3H\xb5YN',b'\x8b`\x16)\xfc5P\xb4',medium_magnitude_speed,
b'\xed\x8f\xa2`\x8c:W\x15',b'x \x8e\xd2\xdc\xca[=',medium_magnitude_speed,
b'E.q\x0c\xc7GW\xb9',b'\xe3P\x8b\xac-\xe2W\n',medium_magnitude_speed,
b'\xa3\xac)\xf6IBXt',b'\x0e\xdc\x97\xa3|\xfeT\xec',medium_magnitude_speed,
b'\x82[8\x97oU^\x16',b'\xec\xf6b\x86\xc2\x84WI',medium_magnitude_speed,
b'T\xc9\x85\x9eN\xcc_a',b'\xa2\xed\xbe\xa0v#X\xc8',medium_magnitude_speed,
b'\x87\xd7]-\xc7X\\Q',b'$\xf5\xae\xac\x9c\x8fT\x92',medium_magnitude_speed,
b'\x87\xeeQ\xa96[Z\xe7',b'3\x0c\xddk\xb5\xa2[\x08',medium_magnitude_speed,
b'\xa4\xb6`\x82\xb8\x05V\xec',b'\xa5\xc1W\xe4\xd9\xaeS\xd4',medium_magnitude_speed,
b'\xf9\x08\xe8|\xdfKSU',b'J\x15\x15Y\x01i\\D',medium_magnitude_speed,
b'R\n\xda\xa7Zv[1',b'n\x7f\xa5\x1anMWA',medium_magnitude_speed,
b'\xb0\xf9X*%\xefU\xed',b'\xfb\xe3\x82\xa6\\\xbeP\x9a',medium_magnitude_speed,
b'\xd5\xaa\x99\x86=\x96]/',b'\x1d\x91N\xa7\xd9%T\x97',medium_magnitude_speed,
b'\x9c\xc2\xac\xab\x9f\x03Z}',b'\x86\xbdJ\xac\xd8\x05\\j',medium_magnitude_speed,
b'\x19\x83\tr\xb2\xbc\\\xae',"b',\x88r\x1d`ZQ\xb3'",medium_magnitude_speed,
b'_\xe2Z\xb2?\x01Q\xd1',b'\xa7}g\xbb\xe3!W\xbe',medium_magnitude_speed,
b'Q\xa9\xb9\xda\xe2\xf7X\x16',b'\xcf\xd2\xd9\x0b g\\\x8e',medium_magnitude_speed,
b'Ka9\x19\xe3\xb6R5',"b""\xb6 ;'\nEU\xb2""",medium_magnitude_speed,
"b""'t\xaa\x9c#\xdf^\r""",b'\x9e\x1b\xbb\xdf\xbd\x11TI',medium_magnitude_speed,
b'!T\xd0\xfcJ7_\xef',b'\xe4\xde.K\x87\x06Q\xba',medium_magnitude_speed,
b'piu$\xceYP\xfd',b'\x11\n\xcd\x08\x93\xc8\\6',medium_magnitude_speed,
b'\xe7av\xa8=F_\t',b'\xb0\x80\xc1\x12\x85bS\x7f',medium_magnitude_speed,
b'=\x18\xde\xb8v\x8e\\\xd1',b'\xdc\xdf\xd7\x85\xdb`[>',medium_magnitude_speed,
b'\xfe\xf3\xbb\xc1\x7f\xceT\x8f',b'\xfb\x90\xfcU\x16[V\xd6',medium_magnitude_speed,
"b""xY\xa2'\xab\xce_\xb3""",b'`\x8d\xd3\xdf\x8eNZ\xc0',medium_magnitude_speed,
b'\xfe\x8f\xae\xc9\xa9\xbb^\xb1',b'T\xfc\xa5/i\xa0[\x0c',medium_magnitude_speed,
b'\xebA&\xd4\x1f\xeb[\xb2',b'A\xc2\xbdB0\x12V\xfe',medium_magnitude_speed,
b'\xb1\xd9W\x0e\xac\xdcP\xfd',b'\xed\xadG\xaf\x7f\xccR\xcc',medium_magnitude_speed,
b'\xc4I\x97\x94=^T\x03',b'\x8d\x86\xeb\xecx\xa6[\xad',medium_magnitude_speed,
b'\x9bL\xd8\x9c\xb8\rT\xcf',b'\xfb-\xe2\xab@\xc2X\x98',medium_magnitude_speed,
b'\xbdN\xb3\xb2d#ZP',b'\xdb\xf7\x0e\xa3\xef\xa2U\x97',medium_magnitude_speed,
b'\x93o\xcb\xee\xd4|S\xff',b'\xc6t\xcd\xfa\x96S^T',medium_magnitude_speed,
b'\x01jV!\x8eZWf',b'X\xaa\x80v\x02\xbbW\xba',medium_magnitude_speed,
b'\xfa\x9fO\xfbK\x1eXh',b'\x80\x9a\xf2\x8cw\xadP\xd8',medium_magnitude_speed,
b'\xdd\x85W\xa4|\x9fX\xe3',b'\xdf\r\x84x\x8ePS\x15',medium_magnitude_speed,
b'\xe1\xb4\xe8\xbd\xa8CQ\xb6',b'~\xc2)\x1b0\xd6U.',medium_magnitude_speed,
b'\xfc\x00\x0eg\x936YM',b'\x8bby\x0b\xf3\xbcZ\x16',medium_magnitude_speed,
b'\x02\x91\xf6\xd5s\xf7Yl',b'I{&\xe7Q\x8b_N',medium_magnitude_speed,
"b',z\xd9\x84\x16h_\xbc'",b'\x01\x97\x80\x1a\xbe\xe2_2',medium_magnitude_speed,
b'\xd9\x8e\xdc<\xad\xbeX\xe5',b'\x07\xbbld\x801T\x8f',medium_magnitude_speed,
b'E\xc9|p\xba\r]x',b'\x07>\x94R\x8f\xb8WU',medium_magnitude_speed,
b'\xae\xf7\x0c\xc0\xee\x8aV\x81',b'\xa9\x86^\xf7t\x12[\x12',medium_magnitude_speed,
b'-\xe8\xcb\xa9\xa7\xd6UT',b'\xfc\xfe\x1b\xa6\xc9\x9e\\\x04',medium_magnitude_speed,
b'4\xe31a\xe2APC',b'\x18\xc4\xbe\x00\x14F_\x9d',medium_magnitude_speed,
b'\xc5\xfe0jPxV\xc8',b'\x0e\x0b\xf0\xb5\x89o^\x15',medium_magnitude_speed,
b'\x13\xc5\xbfn\xd0DVp',b'\xe0D\x9dv\xe7\x1aX\x89',medium_magnitude_speed,
b'N\xeez\x96\xf1\xcfP5',b'\xb4\xba\xba%\xe0\xc6Q?',medium_magnitude_speed,
b'KMR\xdf\xb2[X\xdf',"b'\x83\xb6H""Q2Q\xf4'",medium_magnitude_speed,
b'\xaf\r\xb4\xadmQU\xfd',b'\xdf\xbc\x87\xbf\x96\x97P\xc6',medium_magnitude_speed,
b'r\x83;\x85!*Wx',b' R\xd7\xac;bP\x9e',medium_magnitude_speed,
b'\x11\xea\xe7d\xc6\x05Q@',b'H\xea\xcb\xb9\x98\x85]\x99',medium_magnitude_speed,
b'\xae\xc0\x9d\xcc\x95\x08S\xbb',b'!\xc6\xc6\xc9L\x12Q\x7f',medium_magnitude_speed,
b'\xbdZWA\xa4]]\xdc',b'\xaf&\xcaL\x9b\xfeX\xee',medium_magnitude_speed,
b'\xe5\x9f\xc8X\xafY]\x13',b'\x98V|\xeew\xc8T\xbb',medium_magnitude_speed,
b'\x158w&B|_\x1a',b'4{\x17\xef\x19\xe2U\xe8',medium_magnitude_speed,
b'Y\x89i\xf6\x8e\x02]2',b'\x9e\xcc\xfd\xf5\x11\xb4S\xee',medium_magnitude_speed,
b'\xb3rh\t\x87i[\xb5',b'\x0b\n\xd7\xae1\xdcQ\xca',medium_magnitude_speed,
b'R\x06\xff\xbbp\xe4]\xb9',b'\xfa^\xe7\xfe\xd8\xbc[\x82',medium_magnitude_speed,
b'\xcdG\xc1<@\x93^\x14',b'\xdfm%q\x9e\x19^o',medium_magnitude_speed,
b'\xe9~\x9f\x80\xc7__C',"b""6z\x0e\xeb\xda\x1b['""",medium_magnitude_speed,
b'P\x81P\xb8\x9e(P\x8d',b'\xec\x1bh3\xf0\xfe[\x8e',medium_magnitude_speed,
b'\x8d\xb8\x89\x8f\x0c\xffU\xa0',b'\x7f\xf5g\xaa\xed\xb1Tx',medium_magnitude_speed,
b'D\x0e;\xfa\x02_^*',b'3WS\xaa\xb9e^]',medium_magnitude_speed,
b'2\xd1\xea\xc6\xcd@W\x87',b'@A=Sy\xf4P\x10',medium_magnitude_speed,
b'\xcf-\xda\xf9&\xc7[?',b'D\xb6\x98/\xc0rVl',medium_magnitude_speed,
b'\n\x85x\xc5m\xebT\x12',b'A\xd5\xbd\x98\xf3+]\n',medium_magnitude_speed,
b'\xf8\xa4\x1f\x9eoEU\xf6',b'\x108\xac\xcd7\xb5ZU',medium_magnitude_speed,
b'\n\xd1:gz\xf6_^',b'<\x04\x8a3%\xacR\x9f',medium_magnitude_speed,
b'\xeb\xa6n\x0f\\\xfbS\x14',b'\xc2}\x17\xb8\x9a\xf8\\\xb8',medium_magnitude_speed,
b'\xf6r\xc7\xddG\x8a[\xd5',b'\xae\xe1\x9c\xc40\xd6WY',medium_magnitude_speed,
b'\x1c{\x7f\xc3neT\xbf',b'N\xdc\xbdj\xaa~W\xa1',medium_magnitude_speed,
b'\xa6J\xa2\x8fA\x98\\*',b'\xe3\xd0\x17=\x8f\xd5Q`',medium_magnitude_speed,
"b'\x05\xc5v\xb3A\xefV,'",b'e\x14\x99t~g^\x0f',medium_magnitude_speed,
b'\x83#\x85\x0f\x05\xa6Y\xe5',b')\xea\xfe>0\xc0Z\x0c',medium_magnitude_speed,
b'K&$d\x80\x85W\xd5',b'\n\x18\x140\xbd8U\xfe',medium_magnitude_speed,
"b'\xfbz""d\xddZ^\x8c'",b'\xaa\x9c<h`\x02[\x10',medium_magnitude_speed,
b'\x16\x1cU\xe7\xab\xf1UR',b'\xeb\xf2v\t7\xf6[\xaa',medium_magnitude_speed,
b'\xba\xc4\x15\xa0\x9dz[\xf7',b'\xdb\xc20\xd8\xd4\xa1_\xcb',medium_magnitude_speed,
b'\xbdA\xdf\xaf\x88\xacY\x18',b'^\xfa\xb9C\xf2\x8fW\x0b',medium_magnitude_speed,
b'\xa2~\xae\xa1H\x89Q\x0f',b'\xb8\xaf\x89:\xd9\x88Z\xb9',medium_magnitude_speed,
b'>\x9d\x92W\xf2UR3',b'\x0e\x03\x17\x81\x90\xa3_\xca',medium_magnitude_speed,
b't\xda\xa4c+\x86^5',b';yx\x03\x0c=[\x99',medium_magnitude_speed,
b'|@\x10\xe5\x06:X\xc1',b'\xc2\xcfd\x99\x8dl^\x15',medium_magnitude_speed,
"b""'~=\xf5\xd3\xccQ\xd1""","b""\xfb\xbf\xdc\xed\xe2jR'""",medium_magnitude_speed,
b'\x84\x19\xebg\xe7eS\xfd',b'\xbeq1\xcb\xba\x8dX_',medium_magnitude_speed,
b'\x8b\x00\x00bL\xc5]\xd0',b'@\xcb\xa4\x80\xf8\x0eZ\xfe',medium_magnitude_speed,
b'4g\xa4\x90\x9dJ\\\x93',b'g8r1\xcc\x91S\x9d',medium_magnitude_speed,
b'3\xc4\x0eaJTVg',b'\x8a\xa2\x9c\xae\x1e\x0fQ\xea',medium_magnitude_speed,
b'\xb1\x1aB+\x00\xb7\\[',b'\xb53x\x1ez\x8fSe',medium_magnitude_speed,
b't]?X\x81>Ya',b'\xaenuG\x837Z\xba',medium_magnitude_speed,
b'\xbe\x89[\x7fp\x15S\xe3',b'\x97b\x00A2\xddW\xcd',medium_magnitude_speed,
b'\xac\x10\x84h\xf6\xc6X\x9e',b'\xd2G\x9a\xcfC\x04T\x10',medium_magnitude_speed,
b'}\xd0v~rBZ\xf5',b'\x93\x06jf\xe8\x94Z;',medium_magnitude_speed,
b'$\xc6Hl\xcceR\x1e',b'\x95\xeb\xb7\x8c@=S\xc3',medium_magnitude_speed,
b'yb\xfe\x8c\xe7\x87]x',b':\xee\xc6\x82b\x97\\\xf3',medium_magnitude_speed,
b'\xbd\xeb\x14\xdb&\xaaX4',b'c`\xbd\x10\xd3\xb4Zo',medium_magnitude_speed,
b'\xad\x19\x9aW\xf54]\x93',b'uZ\xdf\x9b?\x1c[\x1c',medium_magnitude_speed,
b'H8\xfb\xae\x84\x02V\x93',b'\x08\xfe5\x91\xcb\x1cT\xca',medium_magnitude_speed,
b'D\xdf\x0e\x8d\xedi]}',b'\xca\x9fgN\xf4;Y\xaf',medium_magnitude_speed,
b'K\x01)\xb94\x1dX\x11',b'\xb4\xbb\xed^\x9b.Q\xdc',medium_magnitude_speed,
b'\x027\xe8r4oS\xaa',b'\x0b\x9dh\x15\xce-_\xda',medium_magnitude_speed,
b'\x12\x1e/c\xf3\x94P\x07',b'\xd9\xa2\x83%\xfcsPH',medium_magnitude_speed,
b'chE\xa6\xd9\xda_\x15',b'\x18\x011\xd4\xfc\x8dR\x87',medium_magnitude_speed,
"b""f\xfc\x04E0'Q\x01""",b'\xa5\xa0\x02\xc3U\xba_\x7f',medium_magnitude_speed,
b'\xe3\x13\xf1\x88\taZ0',"b',\x8f\xa2f\x0e\xc3V\xe6'",medium_magnitude_speed,
b'f\xd7S\xbb\xc1\xd3Sw',"b""\xba(\xf96'\xd5P\xd9""",medium_magnitude_speed,
b'\x9e\x18\xd9?\rVT!',b'\xd8&a\xdc#;R\xbf',medium_magnitude_speed,
"b'\xadr,9=\xa6Ym'","b'I""\xf6$I\x16[\xd3'",medium_magnitude_speed,
b'\xec\x11\xeb\x07t\x11X\x86',b'AD\xd9\xb8Rw\\L',medium_magnitude_speed,
b'\xf2\x0c\xa0(;TP\xd7',b'ym\xe7 \xcb\xf2X\xeb',medium_magnitude_speed,
b'\xa5\xb1\x9ac%\xa1Zx',b'T \x10\xe9\xc5([\x81',medium_magnitude_speed,
b'O\x19\x8b\xe8\xba\xbbU\xc3',b'g\xedA\xa8\x89\xeaQ\xa7',medium_magnitude_speed,
b'`\x94\xf3\x9f\xf6LYx',b'X\xc0\xdf\x8f\x9c\xf8Y\xca',medium_magnitude_speed,
b'\xdcVv\xfd\xa5\x07\\\xe2',b'\x9e|\xf62\x7f\xddQ\x06',medium_magnitude_speed,
b'kg\x8c\xee\xa2mT\x99',b'\xb0\x82\x08\xdb\xb6\x84S\x8b',medium_magnitude_speed,
b'\x9f\xb3\xee\x17\xfeMVX',b'\xc7\xae\x01\xef\x89\xa0P\xea',medium_magnitude_speed,
b'Z\x90\x94y\r~[d',b'\xaahm\xf6[UV\xe8',medium_magnitude_speed,
b'\xd3\x8b7=\xe1tZ ',b'\xa9\xc0D\x97\xfb\x13R?',medium_magnitude_speed,
b'\x8ee\xb5o\xb8\xb8W\xa6',b'x\x15\x15W\xebMX\xed',medium_magnitude_speed,
b'\xbb}$\xa4\xb9\xd3^\xac',b'\xc2\xd4E\xf6\x8d\x1a^\x82',medium_magnitude_speed,
b'\xda\x90\xf8\xfd\x96\xedY\xec',b'\x8eh\xf2I\x93\xa3T(',medium_magnitude_speed,
b'Q\x96\x8d\x15\x00AZ@',b'\xd9|8\xfb\xfe\x9fT\x19',medium_magnitude_speed,
b'\xd1\xd16.6\x02ZO',b'\xb6\xad\xd9\xfc&\xe7P\xb9',medium_magnitude_speed,
b'R\x88[G\x81<Wm',b'\x15L\xbb\x02 \xfeT\xc3',medium_magnitude_speed,
b'\x99s-[\xe5\x86R\xeb',b'\xd80\xd4\x84\xae\xf4Z\xd6',medium_magnitude_speed,
b'\x07\x04%j\xf6\x19V\xdc',b'\xf9\x8d?\xe1\x17J[\x9b',medium_magnitude_speed,
b'\x9b\x96\xa32\xd3\xa8]\xac',b'\xb9\x83/\xcd\xe5o\\\xe2',medium_magnitude_speed,
b' 3\x7fF\x02\x8bV\x94',b'\x85\xa6q#\xdd:^\x18',medium_magnitude_speed,
b'7=\xb4\xef\x07bU\xed',b'@\xf3\xf7\x95Y:T\xcb',medium_magnitude_speed,
b'OA\xf7n_\xa5Y\xd9',b'\x8e\xc5\x81Y\x8aGR\x14',medium_magnitude_speed,
b'\xb56\xf3\x12\x1f\xed\\T',"b'\xdf\xb1""\xc4\xcb\x1d^\xca'",medium_magnitude_speed,
b'\xc8\x8b\xeb\xb1bJU\xef',b'\\\xde\xb5`\x1a\x18\\\x80',medium_magnitude_speed,
b'T\x87\xdd\x96=\x07Vn',b'\x8a\xb4P{\xd9JU\x9f',medium_magnitude_speed,
b'\x1b\xa4\x1cl\xdf\xe4Vt',b'|\x90\x80X\x98\xa1]r',medium_magnitude_speed,
b'\x85)\xe4\xfc\x7fWT\x16',b'\xab\x94\xd7/\x1d\x1fU/',medium_magnitude_speed,
b'\xe5j\xea\x9a\xaeS^\xe8',"b'\x823\r\xb8,\x1b\\y'",medium_magnitude_speed,
b'\x93\xf6\x1d\xed\x0cVPV',b'\xa3?m\xa8;\xd4P\x85',medium_magnitude_speed,
b'm\x1c\x95\xd4\x8aXR\xea',b'\t9t\x16\xe0T^6',medium_magnitude_speed,
b'R\xf8e\xa02\x13R\x83',b'\xc0Ot\xa9\xac\xc5Q\xd4',medium_magnitude_speed,
b'\xd2VW\xa7\xb5\xd2\\x',"b""\x97\xf7%\x93\xc0'\\\xd7""",medium_magnitude_speed,
b'\x8b\xcbt\x87\xfd\xdd^B',b'\x87\x85\xb4\x01veS#',medium_magnitude_speed,
b'k\x021\x8a\xa2/]\xc0',b'\xe8\xa3\x8b\xc1\xdb\xa0Y!',medium_magnitude_speed,
b']\x12+\xfd16T\xd6',b'\xa8\xc7\xa4\x8bp\x1aU\xa2',medium_magnitude_speed,
b'L\xb1\xc0\x9a:\xd3Q7',"b'\xcc^\x93\x97,\x0bQ\xec'",medium_magnitude_speed,
b'\xc9\x1fr\x10\xbc$W]',b'\xd2\x1c+u\xd0\xce^\x9a',medium_magnitude_speed,
b'\xca\xa6\x80\xa0\xaf\xd2Y\x98',b'\x0c>B\xb0\x82/\\]',medium_magnitude_speed,
b'.G\x85c\xfe\xb9T\x16',b'\x8ff\x01\x13A\x92V\x01',medium_magnitude_speed,
b'\x96\xd4\xbc\x01J\x81R+',b'B\xd6\xba`\xb2\x11[R',medium_magnitude_speed,
b'Q6\xd9\xabv\x82Y\xb6',b'\xf3z\xa0\x8f\x96\xddU\x1e',medium_magnitude_speed,
b'\xbe\xf2?\xe6-\xbfQ\\',b'\xee<\xd9\x0e\x84TV]',medium_magnitude_speed,
b'}\x8f\xe1rw\xbbVB',b'\xba\xe8\xc5g\xce\x11V\x90',medium_magnitude_speed,
"b'f\xd0,[\r`]\xe3'",b'\xc2$j\xfa0\xc2_m',medium_magnitude_speed,
b'\xaa\xf7\x96\xdf\x00cQ\xb6',b'\xda\x80\x1e\xb3d\xff_\xe5',medium_magnitude_speed,
b'=\xc5\xea\x1e\xa9\x06T\x81',b'\x90l\x16X@\xcf\\l',medium_magnitude_speed,
b'\x9a\xbf\xdf\xeb\xa4?Q\x18',b'\xa6\x0b\xf8<\xd2(T\xd5',medium_magnitude_speed,
b'1\x86?\xb3\t\x1b[^',b'l\x81\x80\xb7\xe6\x11Z\x18',medium_magnitude_speed,
b'u\x04#\xd0r\xd1S\x1d',b'nX\xdfI\x0b\x87^\xd7',medium_magnitude_speed,
b'\t\\\x7f\xa9K\x8e_\x0e',b'(Eh\xaaLx]\xa9',medium_magnitude_speed,
b'U\x0c\xcf\xb4\xe8\xa9Yg',b'p\xb9f\xa4C*W[',medium_magnitude_speed,
b'\xa7\xd8\x10c\x96eZ\xfb',b'\x952\xb0]\x8crP\xdd',medium_magnitude_speed,
b'\xe3\xc8u\xb7c\xb6P\xb7',b'G\x99\x1a\x19\xf4\xcdZ\xcb',medium_magnitude_speed,
b'^\xa0*\xdf\xe5\x91R\xe5',b'\xcf\xb8\x16\xef\xd2\x19V\x8d',medium_magnitude_speed,
b'c\x8e_\x8aI\xc8P\x02',b'L\x9b\xb8\x02{VSP',medium_magnitude_speed,
b'\xc5:>\x02\xe7&[C',b'Gw\x94\xe5\xa9\x9e]\x1e',medium_magnitude_speed,
b'\xfe\x87\x0cN\xa0YVe',b'\xf8\xd4\x02\t.\xb9^\xf1',medium_magnitude_speed,
b'\x97\nD\x9b\x15\xf8^#',b'\x8c\x00\xf1\x8a8\x8aUP',medium_magnitude_speed,
b'\xec\xdf\xb5\x0f\xea1Y\xb3',b'\xd1\xcd\xae\xcb\xba\xb4Sg',medium_magnitude_speed,
b'm\x95PSI)_\xf7',b'\xa7\xabb\xe8\xe7\x98Q\x8f',medium_magnitude_speed,
b'\x10\x1db\xf1\xd5\x8eX\xbe',b'\x1b]\xc7\xc0\x96;P\x99',medium_magnitude_speed,
b'\x83\x99\x9c\x0b\xe8\xb0Vs',b'\xea\xa5\x93\x7f\xb1\xd6_\xfb',medium_magnitude_speed,
"b'\xbf\xc6$\xb1\x9f,^;'",b'\x1c\x8b\xbbA\xef\x87XB',medium_magnitude_speed,
b'\r\x1b\x02\x02\x04bT\xbd',b'\xcc\xa6\xb9Z\xda\x15\\\x19',medium_magnitude_speed,
b'm\x06\x9b\xac\x9f\x80RT',b'\x96\xac\x07h;\x94U%',medium_magnitude_speed,
b'\x80\xdd\xcb\x91\x0f\xdcP\xee',b'\x82\x9c\xfd%5QXt',medium_magnitude_speed,
b'\xa2\x83\xbe\xcd\x8aBU\xf3',b'\x95\x05\x83\xc5\x89=Y\x94',medium_magnitude_speed,
b'\xf0\xcfY0\xd1I[\xda',b'w\xd9\xc3S\xf4LR\x03',medium_magnitude_speed,
"b""\xfe\xbdJ\xe6\x08\xf4['""",b'\xf2R\xf1\x8f\x0c\x85]*',medium_magnitude_speed,
b':\xa7d<\x82\xa9P\x97',b'2\xb5u\xc3euY\xf1',medium_magnitude_speed,
b'\xd0$\xf5\x9cX-\\\x11',b'+\xf6&mM\xcfXF',medium_magnitude_speed,
b'\xe2b\xa9\xa8T\xfcP\xa5',"b'r\x98\x1e8\x82,\\\xa4'",medium_magnitude_speed,
b'\x94\x86\xd8\x0f\xa9T^M',b'\xe5\x99\x9cB5\xc3Y;',medium_magnitude_speed,
b'\n(w(s\xe9[d',b'\x18\x00\xe9\n^@R\xe9',medium_magnitude_speed,
b'm\x9f\x17\xc6\x1a\xbd]\x13',b'N\xf3G(g\rQN',medium_magnitude_speed,
b'\xf7\xaf\x01\xd7\xbf\xb2S\xf4',b'+\xb6|\x12\xd8\x10X\x9f',medium_magnitude_speed,
b'\xdf/\xc7>e\x18Wu',b'O4\x7f\x9b+\x9fZI',medium_magnitude_speed,
b'\xd1\xf9\xed\xd1\xd4\xaeR\xcb',b'\x0b\xc69\x94\xf8hX~',medium_magnitude_speed,
b'\xfaD\xbf\x89HQ^\x8f',b'\xe7\xdcKrNF\\O',medium_magnitude_speed,
b'\x92L\xbf\xde\x08\xf9Y\x1e',b'\x88v\xb3\x88\xf3\x8eS\xcd',medium_magnitude_speed,
b'i\r\xa9h\x88\x85Sp',b'\x0b^#\xe2}ST\x86',medium_magnitude_speed,
b'\x8aO\xe7\xd7\xef\xa4P\xeb',b'\x00\xb1\xf0\x8bbP[^',medium_magnitude_speed,
b'f\xd3\xe6S\xc0:T\xd6',b'\xeax\r\xbcO\xf8Qc',medium_magnitude_speed,
b'=\xa5\x9cr\xd7\x97VE',b']kp\xe6#\x18]\x07',medium_magnitude_speed,
b'^\x00\x10\x93\x8d9Z\x15',b's\xf2\xd9\x87\x8a-V6',medium_magnitude_speed,
"b'\xado\xc8""\xf4iT\xf6'",b'\xf25\x1a\xa9\x87pV\xd3',medium_magnitude_speed,
b'\xb0\xecJS\xaf1^\x95',"b""'.v\x97\xad\x14W\x03""",medium_magnitude_speed,
b'W\xa2\x87\xa8\xd9uT\xe3',"b"">\xea'\xc28\x04V\x08""",medium_magnitude_speed,
b'\x8c\xff\xd0\x0b-{_j',b'\xa7\xfbE\xfd\x85\xefVS',medium_magnitude_speed,
b'o[a\xff=:^3',b'\xcfJ\x91^d\\W7',medium_magnitude_speed,
b'\xe7[\x11\\6\x9f^\xec',b'Ni\xe0\x8a\xc7\x0bZC',medium_magnitude_speed,
b'\xd5\xc3\xb5\xafo\xa5PL',b'\xfe\x88\x92\xbd_\xd6^\x93',medium_magnitude_speed,
b'\xc4s\xf8\xa8\x8a\xf0Qj',b'SYrU\xf2\x97V\xc5',medium_magnitude_speed,
b'\xc8z\x82\xcdog_a',b'\xcb\xc7Y\xf5\xb9\xd3T\xab',medium_magnitude_speed,
b'\x86\xa1\xac\xfe\xfdt[\xcd',"b'\xd4\x12\xb5Q\xe4""Z\xa1'",medium_magnitude_speed,
"b',9\xc1\xbb\x8e\x9dS}'",b'\xd0mmQYVP\x1c',medium_magnitude_speed,
b'$\x8c\x8f\x87\x83\xd9\\\xca',b'x\xee1\xfeu\x0cS\xad',medium_magnitude_speed,
b'\xd90\x8eO\xc7l^\x00',b'\xb8\xfc\xfbP\xf4@[\xeb',medium_magnitude_speed,
b'\x97W\xbeWSy^\xcc',b'm\xa4B\x1f[\xfeV\xc0',medium_magnitude_speed,
b'\x13\x9bzJ\x92\xdeT\x81',b'\xd3\xc0FPG\xc6W\xb0',medium_magnitude_speed,
b'c\xdbt\xa3M\xf3Y\xd3',b'\xe7\\y>\x88\xae[\x00',medium_magnitude_speed,
b'p$3\xe7y\xc7T_',b'\xf6\xf2\x9dRD=Y\x1a',medium_magnitude_speed,
b'D{\xa7q\xe5\xc3V\xe5',b'\xa6?\xbcr\x05\xe8P\xbb',medium_magnitude_speed,
b'T\xb6S\x95\xa7\x1cX\t',b'+:>I(\xc7Q(',medium_magnitude_speed,
b']!9\x0c#eR\xed',b'o\xb4\x9e\x8cz9R\x8e',medium_magnitude_speed,
b'\xb5\xedX=6\xd0]\xfe',b'\x98\xa2\xb7\xaa1\xa4W\x14',medium_magnitude_speed,
b'}@\xccf\x17\xe3V\x91',b'\x14y\xa74z\xa1[+',medium_magnitude_speed,
b'*\xcd\xe2J\xcb\xb3V\x99',"b'\xb0\x8c)\x9eD\xd6[,'",medium_magnitude_speed,
"b'\xd8,\xd1\x11\x0c\x90U\x1c'",b'wt\x83\x87\xcb\x00_*',medium_magnitude_speed,
b'P\x91\x7f\x1bn\xd0]\xd8',b'\x87\xa1\xfa\xf4S\xa3P^',medium_magnitude_speed,
b'\x98\xbe]\xd4\xc6\xc0W\xbb',b'\xb0\x80\x83m\xe8\x83U\x9b',medium_magnitude_speed,
b'\x90\xda\xbc^\x03C_w',"b'D\xd4,\xec&i[\x1c'",medium_magnitude_speed,
b'\xd6O=\xbf\xca\xd6_\x86',b'Z\xd9\x98\xee`\x17X\xe6',medium_magnitude_speed,
b':vI\xbe61Zw',b'\xb6\xa9\x1d\xbd\xe8tR\xec',medium_magnitude_speed,
b'\xd6h\x0cj\x04 ]\xe1',b'y\xc2bM\xfe\xe1V\x82',medium_magnitude_speed,
b'\xac\xf7B\x89u\x1cVK',b'\x0b\x7f\xfcL|\x9cR8',medium_magnitude_speed,
b'\xf8\xa9\xa9\x1ch\xe2Pq',b'\xee\xf4]\xca\x92;V\x9c',medium_magnitude_speed,
b'|4\x01\xe4\xe2DQ\x17',"b""K]\xdeo'\x11W\xdf""",medium_magnitude_speed,
b';n\xb1CGxW\x02',b'\xa9o6\x83\xba\xaaY\xd3',medium_magnitude_speed,
b'O\x0f\xde\x0e\xecER[',b'\xc9l\x1d\x0c\xb3&[\xe7',medium_magnitude_speed,
b'.\x8d\r-\xba\x92]\xd6',b'\xd1\x93/Y`\x8dR\x0c',medium_magnitude_speed,
"b""m\xec'4\xc9\x0fS\x14""",b'\x8c\xe8\x0c\xce\x92\xc8Z\xe5',medium_magnitude_speed,
b'\xd0o4V\x81t^s',b'\x95\xfa\xcd=YeZ\x8d',medium_magnitude_speed,
b'\x80T\\x\xf0XSB',b'\xc6R\xa4]\xc6mR\x02',medium_magnitude_speed,
b'C\xf5e?\xa3\x9a\\C',b'2[D\xdc\xc1\x14X\\',medium_magnitude_speed,
b'\x12\xffVx\xa46T\xb6',b'm^`\xcb\xa9 ^|',medium_magnitude_speed,
b'\xcby.l\x80\xd3X[',b'G;\x04\xca6HX\xbe',medium_magnitude_speed,
b'\xbc&\xa3D\xfe4[?',b'\xbfywI}\xf6R\xa2',medium_magnitude_speed,
b'A\xa1X.\xba\xceP\xe8',b'\xecH\x1a;{\xf0P\xeb',medium_magnitude_speed,
b'\xb8\xe5\xd7=(S[~',b'\xfbKv*~uW\xbc',medium_magnitude_speed,
b'\x04P=8n\xa4S\x1b',"b'z""la\xedTR\xc8'",medium_magnitude_speed,
b')z\xd2\x81\x9c\xdf](',b'x\xdf\xea\xf5;\xbcR\xb4',medium_magnitude_speed,
b'\x1a\x03r\x824\\P\xc8',b'\xb7\x84\x0f\x16\xeb0T\x99',medium_magnitude_speed,
b'b?\xfe#n\xc9Y\x83',b'\xcb\x0cu\x04\xd1\xa9_*',medium_magnitude_speed,
b'\xc7\xc373\xd3\x93_$',b'\x08\xbd\x1f\xc3\x10WR\xba',medium_magnitude_speed,
b'\x92cib\xcd\xf6WF',b'3U\t\xfb\x90dQU',medium_magnitude_speed,
"b""\n\xc3D\xf2\x82'Z6""",b'I{n\t\xe7^U\xb2',medium_magnitude_speed,
b'C\xab~&\xe1\xb5[\n',b'\x88\x19;\x18\xec\xbc]W',medium_magnitude_speed,
b'\xf0]\xe7\x86\x82\xd9Q\xdc',b'\x06?R\x02\x8f\xb4P ',medium_magnitude_speed,
b'\xa0\x98\xb8\xf1\x8cZZW',b'\x8b\x18\xed\xfe|%W\xc4',medium_magnitude_speed,
b'\xe8p<\xe6\x9a\xee] ',b'\xcf\xff\r+=\x80T\x14',medium_magnitude_speed,
b'\xb7\xd9\x97\xf4\xc7\x8eW\xdc',b'\xc5\x8cy`\xaf{^p',medium_magnitude_speed,
b'\x9bfd-b\xf1W\xb2',b'\xfc\xba\x8e\xb3\xa4\xf1]\xcb',medium_magnitude_speed,
b'>\xe5\xa9\xaa-*Pz',b'Q\xfc\xd4O[\xa6]5',medium_magnitude_speed,
b'\xe5P\x19bf\xb3Qe',b'\xe1P\x99\xf9\x8d*^!',medium_magnitude_speed,
b'\xccNO\n!\x8fQ\xe2',b'\x95\xf73\x8b\r\xdb]5',medium_magnitude_speed,
b'\xbbz\xb4%N\xd1[\xf6',b'\xb3`\xd8\x18<\x1eT\xa9',medium_magnitude_speed,
b'\x18\x99B\xad\xf8\x17Q\xb5',b'\x85G\x11\xb8n\xf3[B',medium_magnitude_speed,
b'D\xb5]\x7f=\r^\xa8',b'\xd3\xee\xd4\\\xe3vU>',medium_magnitude_speed,
"b'""40\xa4blXq'",b'5\xcc\xe7\x02\xde\x99[!',medium_magnitude_speed,
b'\xff*\xf8\xed<\xd2Z\x94',b'\x9f\xd0\xc6\x07\xea\xf1Zh',medium_magnitude_speed,
b'b\xded\x06\xfanX\xd3',"b'\xc49""""YX_Z'",medium_magnitude_speed,
"b""\x9bp\x0e'\x9f\xb2]A""",b'\xe9\xf3B\xba\x9b\xccP\xb1',medium_magnitude_speed,
b'\xf8z\xf9\xef\xf4.R\xf8',b'QY\xb3B\xd8#Pd',medium_magnitude_speed,
b'd\x88)\x16&\x97]\x9f',b'^\xda\xb4K\x1e\x07_\xfd',medium_magnitude_speed,
b'\xb3\x7f}\xc9\xfe\x1e^\x84',b'm\xaa5\xea\xdc\xbcT0',medium_magnitude_speed,
b'V3d\xae&z_u',b'\x8c\x16\xf1\x9a\x8e\xefT\xa7',medium_magnitude_speed,
b'\xcb\x1aY\xe9\x9c\x0bQ\x1b',b'%\xe9\xe2\xbaa4U\x9c',medium_magnitude_speed,
"b'\xd7OM""y\xa2V\x03'",b'\xd9{\xaa|\xfc\xd1[\xc3',medium_magnitude_speed,
b'\xc3\x01F\x02\xdd/R\xc2',"b'm\xca\xb8""epY\xdd'",medium_magnitude_speed,
b'\xbf\xf7\xd9\x82+\x9aR\x13',b'\x81\xec\xed\xa6\xf0\xcfX\xc5',medium_magnitude_speed,
b'\xde\x974\xe6\xe22Y\x81',b'B\x98JJ\xafV\\\xf9',medium_magnitude_speed,
b'\xae\x87T \xb3\x0c\\\xe8',"b'H\xa7,\xaf\xf2\xbf[T'",medium_magnitude_speed,
b'\xadiy\xb7\xc9\x82\\\x01',b'\xa3\xb2\xc6\x8a\x96\x9dT\xad',medium_magnitude_speed,
b'pv\x06Q\x02\x1fS\x08',b'\n\x0fKT\xe2\xef_\xe3',medium_magnitude_speed,
b'/\xb1/Ra\xa2Q[',b'T\x03\x11\xe9l\x02[\xad',medium_magnitude_speed,
b'\xbb\xecQ\xf5\xba\x1aP\xcd',b'2\xf0\xf3\xf8d\x1a^%',medium_magnitude_speed,
b'99\xa6;\xe4\x04^\xe6',b'\xf7\xbb\x11\x1bs\xcdP%',medium_magnitude_speed,
b'\x84\xa8\xbd\xe1@\xb1Uv',b'\xe3\x98\x85\x82\xf5\xa1U\xeb',medium_magnitude_speed,
b'\xdb\x961)\xc6\xaa^P',"b',\xbc\t\xd9\x8e""^i'",medium_magnitude_speed,
b'\xcd:\x02\xcd\xd7GS\xb6',b'3B\xc3\xd5\x8b\x97\\G',medium_magnitude_speed,
b'WHl:\xc1\x95_f',"b""|\xa7e'(\x0bRA""",medium_magnitude_speed,
b'\xd2\x80\xbe\xe4n\x0e]\xf9',b'x5\x0ez\xe2\xc3]\x06',medium_magnitude_speed,
b'}\xb1p\xa3\x93\x14S^',b'9\xfb\xb0\x9e\xf4\xa0X\x8f',medium_magnitude_speed,
"b""\xbe\xee\x172'\x0c[\x9e""",b'3\x03\xa0\x86\x08\x88]\xcd',medium_magnitude_speed,
b'\xe1\x0cP\xe1\xcb\x9dS&',"b""Q'3\x84\x06xS\x82""",medium_magnitude_speed,
b'\xfc\xe4\xe4\xd6l\x88^H',b'\xdao\x98m\x06s[\xbc',medium_magnitude_speed,
b'\xf39\xb7\x91XM[\xba',b'\x19z5\t\x9c\xecU}',medium_magnitude_speed,
b'\xcd\xa0]\xe7\xff\x1e[\xab',b'\xfe\x9d\x87d\xb9\xad\\\xda',medium_magnitude_speed,
b'q\xe5\xe7\xe1?K\\\xb7',b'&|\xb8\xa3\x8b\xffX\x1a',medium_magnitude_speed,
"b'ZqK\xfbd""\\\xa1'",b'\r\xa8\xba\x86\xb9\xc8[/',medium_magnitude_speed,
b'\xacH\x86\x83!\xcdU\xed',b'EP\xec\x01\x81\xe1Z=',medium_magnitude_speed,
b'\x86\xefL\xc7\xce?T\x80',b'\xa4/\x90\xc2[\x88Y\xbb',medium_magnitude_speed,
b'\xf8\x8f~\xbb\x1c\xdd]\xa3',b'\x99Gu\x93\xe8\\_\x00',medium_magnitude_speed,
b'\xa1k\xa2\x86;\x1bZ\xcf',b'\x18\xa3\xfe\n\xdb\x94U\xd2',medium_magnitude_speed,
b'\xc3\x8el\xcb\r\xfbT\xe6',b'\x95G\xac\xd3Y\xb9W\xb9',medium_magnitude_speed,
b'B\x94\xaf\x07\x0fFZ\x7f',b'j\xc3\x957\xfe\xb9_\x83',medium_magnitude_speed,
b'^\x90N\t?\xa8U\xfc',b'\x0e%\xe5l%|R\xd4',medium_magnitude_speed,
b'\xd0\xe5\xc54{\x99Pg',b'\xb3\xe3\xccLOL\\\x94',medium_magnitude_speed,
b'\xe4\x83g\xa3\x1e\xbaWd',b'\xa9\xa4\x14\xf728]]',medium_magnitude_speed,
b'\x0c\xfc\x8d\x83\x10\xc4\\6',b'~\\;\x86\x94\xc2Xx',medium_magnitude_speed,
b'\xb2pq\xa9\xdf\xe4]\x0e',b'\xa9J\xa7x\xd0\x97Z\xf4',medium_magnitude_speed,
b'\r\xd7@\x1e\x845Y6',b'\xd0s\x86\x04\xd4\xb8Y\xd9',medium_magnitude_speed,
b'{\x1f\xf8\xed]\x00\\7',"b'""\xe1\xdaN\xe4\x8cXh'",medium_magnitude_speed,
b'\xec\x05\xf1\xe4\xba8Z\xcc',b'\xd1\xe8$\xdc\xb2)]|',medium_magnitude_speed,
b'\xf4v\xf4f\xc2\x1d[\x9f',b'$:\xc5rkzX\xdf',medium_magnitude_speed,
b'\x87\xda\xba\x03O]U\x16',b'\x88\xeaY\xb3\xf0#^\x02',medium_magnitude_speed,
b'U\x06\xb7\x98\x96\x0bY\x8b',b'g\xbf\xff>\n\xc5UR',medium_magnitude_speed,
"b'\x86\xc1Ym,\xde]h'",b'\x07\x8er\xa2\x84HV\xc0',medium_magnitude_speed,
"b""'\x01\xcbE;\x0f]\xe3""",b'\xee \r\xa7q\x17_\xb0',medium_magnitude_speed,
"b""'\xe6qjU4Qp""","b'\x05\xc4\x0f\xaem""S\xe3'",medium_magnitude_speed,
b'\xe0\xac\xa4JNwV<',"b'Mq@\xd3,]^p'",medium_magnitude_speed,
"b""z<'\x84\xe5\x92\\ """,b'BB3\xe5E-_\xe1',medium_magnitude_speed,
b'\x94\xcd(B\xc0\xb1R:',b'\x00\xf4\xbeL\x0feY\xea',medium_magnitude_speed,
b'\xe8\xc1\x7fE\xe1\xeeS\xe6',b'\xd9\xf4\xba\xfeKlP\x89',medium_magnitude_speed,
b'T\xb6\x01\xb1\xa5&^\x9e',b'nY\xbb\xe9lW_\x01',medium_magnitude_speed,
b'u\x9d\xf3\xc0\x92?]1',b'\xaa\xe9B\xc6\xa7\xd3Td',medium_magnitude_speed,
b'\x92h9\x17\x14\xbe\\\r',b'\x00\x1d\xa6\xf7\x8a\xd8_\x94',medium_magnitude_speed,
b'\xca\xac\xaa\xf8\xed\x18U!',b'^Q\x11\x19E\xb9^S',medium_magnitude_speed,
b'\x8c\xdd\x83y\x88\xf5Y8',b'\xf9*\xba\x03\x14]V\x88',medium_magnitude_speed,
b'\x1dj\xf8\xad%1U\x9b',b'\x0c\x83s\xe5m)T&',medium_magnitude_speed,
b'\xe2\xfc\xdb\xf4\xa0\xe5R\x08',"b'\xb7\xb0x,\x07\xaaU\x06'",medium_magnitude_speed,
b'g\xe7\x10\xf9cH[\xed',b'%3g\x1f\xb5\xa0\\\x8f',medium_magnitude_speed,
b'B\xbe@\xc4s+Yw',b'\x87\x13\xad\x8d\x1b\x05S!',medium_magnitude_speed,
b'\x07\xc3\x86v}\x10Yo',b'\t\xc7\xc8\xa3\xab\x84\\\xc6',medium_magnitude_speed,
b'h\xdc\xf3>=\xc8]-',b'\x809P\x00\xd9vS\xb4',medium_magnitude_speed,
"b'\xe5Z""S\x13\x80\\\xe9'",b'x\xeb\xbc\xcay\x04Tl',medium_magnitude_speed,
b'\xea\xe4\x0f\x92\xd5pV+',b'\xffIc0\xa0kR)',medium_magnitude_speed,
b'\xd7\xc3\xd1\xef\xa6\xefSr',b'\xc3\xc0=\xb6\xbf~Z\x92',medium_magnitude_speed,
b'Op\x19|\x8c\xd5]\x9a',b'\xaa{\xbfuS\x97\\\x8e',medium_magnitude_speed,
b'<\xce\xea\x91VsX\x0b',b'\xc6\x0bR\x9e\xfa\xff^/',medium_magnitude_speed,
b'=\xe5\x85\xd8p\xb1W\xe9',b'^\xb2\xa6\x00\x93\x0e[C',medium_magnitude_speed,
b'\xbe+\x96\x91\xb5\xe0X\x17',b'\x96\xcbD\xf3\xd2\x0cY\xa5',medium_magnitude_speed,
b'\x807\x11-\x0f\x1dW\xa3',b'U\xc9\xbc#\xef\x99T\x8e',medium_magnitude_speed,
b'\xe2\xa9\xa7\xc7\x8c\xa8T\xa1',b'\xf3\xafEN\xb8;_\xf5',medium_magnitude_speed,
"b""\xbe\xf8!M>\xaaY'""",b'B)\x8ay]VRP',medium_magnitude_speed,
b'\xb8\xd90\x92\x0e\x98V\xca',b'\x8e3\xdc\x1b\xc1\xa2U\xe4',medium_magnitude_speed,
b'\xaa\x1dv\x9e%\x94\\O',b'\xce\x14\xf3\xf5\xd7\xe0S7',medium_magnitude_speed,
b'#\xaf\xc9P\xf6\xd6U\xac',b'y\x9fOK>\xedQ\xf0',medium_magnitude_speed,
b'\x0b\xd1\xca\xa6\xa9\xd5XI',"b'\\\xcd\x06,\x10\x9a]\xaf'",medium_magnitude_speed,
b'\xb2\xbd@<8\xb1Zl',b'\xcd\xad\xa5\xca\x10\xdaU_',medium_magnitude_speed,
b'\x00\xee\xc1\xf0\xbf\x97P\xba',b'%\xd1\xba\xc1\x12\xfcS\xaf',medium_magnitude_speed,
b'\x11\xa4\x9f\xb1&+U\x97',b'\x82*v\xbe\x98zS\xaa',medium_magnitude_speed,
b'\xa4b\xaa1\x10\xb3Q\x15',b'\x84\x828U\xe1=U\x1c',medium_magnitude_speed,
b'\xb3\xf5\xf6@\xca\xd8S\x1c',b'\x874\x9f$\x14!Q\x93',medium_magnitude_speed,
b'A\x86\x19\xf8H\x81[\x8b',b'~\xfa\x83\x84\xb1\x07Wu',medium_magnitude_speed,
"b""'\xeb(\xa3x$Z\xc8""",b't\x03\x80\xaf\x95\x8cQ\x1a',medium_magnitude_speed,
b'\x88m\xedo\x9f\xb9Zn',b'\xcb\xe5\xbc\x9b\xa2\xfaUg',medium_magnitude_speed,
b'/\xbf\x08\x979\x01V\xb8',b'\xd1\xfa\x9f`M4S\xcc',medium_magnitude_speed,
b'\x9a\xb2=\x91~\xf2W\xc3',"b""\x86\x85\xea\xf8\xdf'Z\x1a""",medium_magnitude_speed,
b'\x9dr\x109\xfajUb',b'\xdaV\xb4dB\x93T7',medium_magnitude_speed,
b'\xcfS\xc7\xd1\x9ak^\x19',b'\xd6\x8b\xa2\x0c\xe4@X\x17',medium_magnitude_speed,
b'\xe6\x97~\x95\xe3mZi',b'f\x15\x1d8q\xa6\\\x19',medium_magnitude_speed,
b'Y-\x9c\x91\x9bUV\xa3',b' \x99\x81p\x05{]7',medium_magnitude_speed,
b'P\xd6\xbbaxvU<',b'\x87z[;\n\xa5W\xcd',medium_magnitude_speed,
b'\x86k\x80\xd2\x7f\xacVS',b'\x10\xbc\x9f\x8bd\xd4Y\xc3',medium_magnitude_speed,
"b'""\xa1\x99^\xd3\xe4Q8'",b'\x11s\xa7\xa0\x8e\xf8_\xf0',medium_magnitude_speed,
"b""D\xec++'tX\x06""",b'\x987\xc6\xfb\xaf\xf5Qw',medium_magnitude_speed,
b'}M\xf5)\x0e\xb1R\xa0',b'\xd4\xd7\x0b\xb9C\x87_C',medium_magnitude_speed,
b'\x05I\xb7\xbe\xdd\xee]a',b'\xbb\x8c\x15\xd4\xe31^\x93',medium_magnitude_speed,
b'&\xadu+dnZ\xde',b'\xc4\x7f~l\xd7\xd3[i',medium_magnitude_speed,
b'p\x19\x7fu\x85AP2',b'\xb2\x03\xec\xfc\xd6|P\xdf',medium_magnitude_speed,
b'\xd7 -\xb5$\xe4Z\x9b',b'3*\xaal\x19\xb9P\x19',medium_magnitude_speed,
b'\x7f`\xab\xc7\x92\xa5]\x1d',b'\xdd\xdd\xa9)\x86\xccW\xa0',medium_magnitude_speed,
b'!\x15+\x08\xe2V^\x92',b'\xeaD\xaf(\xb2\x08Q\x1d',medium_magnitude_speed,
b'\xb8]v\x18\xd0\x9aUS',b'\xcbHig\xff>^%',medium_magnitude_speed,
b'S\x0e\xebGw\x9d][',b'\x16\xb2\xe2\xe7~\xe3X\x02',medium_magnitude_speed,
b'\xf8\xa9\xb9E\xe9\x8a]\xd5',b'\xfa\x88\xd8\xe5\x05qS\x0e',medium_magnitude_speed,
b'\xfc/t\x9d\x85\xcb^\xd3',b'\x03\xd7|\xee\xb8\xdaTY',medium_magnitude_speed,
b'LL\xd8\xd2\x02SQE',b'>\xd8t;M\x8d[N',medium_magnitude_speed,
b'\xaa\x1e\t\x90\xb6\xf1SS',b'3\xc9 \xca-\xadYw',medium_magnitude_speed,
b'\xd9\x84\xeb7\xff\x1b_\x86',b'53\xaaR~Z\\\x8d',medium_magnitude_speed,
b'\xe7$\x93\xc9l\x9fPI',b'\x85<\xad\x1e\x80\x18W-',medium_magnitude_speed,
b'!\xd9\x81Vw\x86S|',b'5k\xa5\xff\x04)_\xd5',medium_magnitude_speed,
b'jI\xa2\xcf\xab\x80TK',b'\xa1\xedM\xd0\x04\x00Z\xb6',medium_magnitude_speed,
b'\xf8V\x16k\x8b\xc7P\x95',b'i;e\xb6[\x94W\x8a',medium_magnitude_speed,
b'\x16`\xcd\x8b\xf6qRb',b'\xee\xc0\xc3 (L]\xf7',medium_magnitude_speed,
b'2\xc3E\x16~\xbfR\xfd',b'$\x0cjR\x90%_|',medium_magnitude_speed,
b'\x87Q\xca\xab2\xfeYG',b'\xc6\xbcc\xbe_\nZ ',medium_magnitude_speed,
b'\xf9o\x89&2\xe1RC',"b',\xc6\x12\xbd\x8e\x15Y\x82'",medium_magnitude_speed,
b'6\x9e8\xa4\x85\xc0S\x88',b'R\x99J\xda\xf71Q5',medium_magnitude_speed,
b'.\x07\x11t\xb7lVN',b'<\xb7\x0b\x7f4\xc9TU',medium_magnitude_speed,
b'kGer)\x85Y\xac',b'\x93@\xc4&;\xfbP\xc3',medium_magnitude_speed,
b'\xf0\xa7^Z\x02MX^',b'\x0f\xe2\xe2\xf1\x8c\x16R\x12',medium_magnitude_speed,
b'\xfe\x7fU@/8X\xdd',b'\xe7\xdd\x16\t\x8bk\\(',medium_magnitude_speed,
b'P2G\xf5\xa9\xc8T<',b'\x97\xaa\x94.\x9e\x84Q\x80',medium_magnitude_speed,
b'\xee\x03\xb9\xed\x95\xdeY\x10',b'[\xc5\n\xdd\x05}[\x00',medium_magnitude_speed,
b'\xc0\x91bT\x00\xefW/',b'5\x16\xfe\xc7\x98\xacZ\xfd',high_magnitude_speed,
b'__\xd5C\xab/[u',b'\x04\x7f\x1b1\x17\xa7S\xac',high_magnitude_speed,
b'\xa4j\x06Z-\xfaVG',"b""\x1e7'\x030\x8c_\xe9""",high_magnitude_speed,
b'PK\x87\x18h.S\\',b'Q\xc4\xabk\x01\x93UU',high_magnitude_speed,
b'\xbd\xac;\xc9\x9cv]\x98',b'\xb5\xbfn\xdc\n\x15WU',high_magnitude_speed,
"b""\xd2'j\x88\xc7\xe3R\xd8""",b'\xb6\t\xb3(\xfaHV\x0f',high_magnitude_speed,
"b'\xde\xc6u""\xb0+Q\x00'",b'\x93\xbe\x840~hP\xac',high_magnitude_speed,
b'F(\x0f\x8d/wY\x05',b'\xfbXj\x99|\xedY\xbb',high_magnitude_speed,
"b'\x08\'{G>\xa7Z""'",b'~\xde\xc0LS\\Z}',high_magnitude_speed,
b'Uf\xf3\x00\x16\xca[\x13',b'\xb6\xa9g\xf3\x02\xdb\\\xb0',high_magnitude_speed,
b'\xe7\xc1\x9fl\x87\xce[+',b'D\x03\xfad\x13\x99V\xa2',high_magnitude_speed,
b'w\xf9\x19\xb4t\xd8_z',b'1\xcc\x11O\xf8=Ze',high_magnitude_speed,
b'#/\xff\x89\x12 R\xc6',b'\xcc\r@\x9b_\x8cX\xdc',high_magnitude_speed,
"b'\x87\x85>U\xd8\x01\\,'",b'\x0e\xd8\xc7\x83n+^U',high_magnitude_speed,
b'\x8c\xf8\x9d\xdf\xafT^k',b'X\xf0\xc8jo\xce^\x9b',high_magnitude_speed,
b'\xf2\xa0\x1a\r\x08\x15_\xf9',b'\xe4\x89\xa4Y\xcerU.',high_magnitude_speed,
b':o_\x04dzR\x96',b'\xce\x08s\xa4\xa3\\YA',high_magnitude_speed,
b'\xbb\xd8@\x90\xe9@]z',b'\xd6\x1fz(\x92\xbc_\t',high_magnitude_speed,
b'\xe2\x0c\x89\x84\x88\x19U\xe9',b'\x05x\xd2\xe5\xa0-Z\xcd',high_magnitude_speed,
b'\x8c\xf0\x91\xb0\xd4bY\x95',b'\x9c>\xedE\xabuST',high_magnitude_speed,
b'\xfe\xa1\x1f[\xc3s[\x91',b'\xf3\xe0\xf3\xcd\xb6\x12[\x16',high_magnitude_speed,
b'\xf0\x8a\xfe\xa2+\x08R\xb8',b'\t\xfb\xde\x00\xef!Tx',high_magnitude_speed,
b'\xc0l\x1e\x13\xa4\xd1T\x86',b'\x90\xe2CX;\xbbS&',high_magnitude_speed,
"b'""\x07\xeb\x80\xc6\x18\\\xa2'",b'\xfeg\x1b h\xf2Q.',high_magnitude_speed,
b'6$T\x92\xdefX\x96',b'0\xe4m\xe4l\rP\xfd',high_magnitude_speed,
b'\x0c\xc3\x8c\x9a\x1d\xa6X\x0c',b'6\x80&\xc3eXU)',high_magnitude_speed,
b'x|\xdf{F\xb0T\x01',b'\xa0\x1e\xc92\xb9\x08S\xa8',high_magnitude_speed,
b'/\xf9\xf8\x92;RS9',"b',\x06\x10\xcb\x1a__\x11'",high_magnitude_speed,
"b'\xe4_""\xd71\x90P\xa9'",b'\xd9\xd2\x13\x90\xb2K\\\xf6',high_magnitude_speed,
b'O\xd6:\xdb\xa1B[\x10',"b'\xab\xcd5\x02\xc3,T\x17'",high_magnitude_speed,
b'8\xc9\x8cS \x88]\xe5',b'\x7f\x02\xc1\xe6\x16jX\x84',high_magnitude_speed,
b'\x88\xee*\xed\x81\x9eZ\x90',b'N\x05\x9d\x01?\x8f_\xbc',high_magnitude_speed,
b'\x95\xbd\x10\xe3g\xf0_\x18',b'\xecS\xcc*>f]V',high_magnitude_speed,
b'\xeb\x16\xfe\x99\xbb=R\x88',b'*\xa2\xf8\xf3\x00\x9fY\t',high_magnitude_speed,
b'\rf\xcb\xde\x9a\xacU\x8a',b'(W\x17\xec\xabs\\\xe8',high_magnitude_speed,
b')F\xf9M\xca\xafS\xc3',b'\x06\x89g\x80\xfe\xa4Q\xba',high_magnitude_speed,
b'\xfd\x11\xe5?\xb8)_\xd6',"b""\x88\xf8d\xb5'\xbbR\xd6""",high_magnitude_speed,
b'\xe6O.\x968\x90Xd',b'J+^\x92\xa5O_\n',high_magnitude_speed,
b'\xde\xcf\xa5\xd1T\x89_\x04',b'_D\x9aO\xb0\xfdW[',high_magnitude_speed,
b'6\xbfe\xba\xc63S\x86',b'\xcfV\xda\xa7\x80Z]k',high_magnitude_speed,
b'\xfa:\xd6\x87B\x15TJ',b'\xc0\xb6\xa3\x92\xae\x8dR\xb0',high_magnitude_speed,
b'\xbc\xed\xf9\x10&MZp',b'G7\xbe\x0b\x82\x85Yt',high_magnitude_speed,
b'\xdb\xfd\x0c\xf3i.V\x8f',b'd\xe7\x1c=f\xa7[\x0b',high_magnitude_speed,
b'\t<\x8d\xdc\x9c\xed_\x15',b'K\xb5\x89b\xcf\x99T\xe6',high_magnitude_speed,
b'\xca\x17\xf8_\x14\xa0Z\xa5',b'\x9cUt\x18[+]\xd3',high_magnitude_speed,
b'm\x8b\xa3d\xc3=P\xcf',b'F\x9b\x89\xd0\x9a\xd7Q\xd8',high_magnitude_speed,
b'\x1c6\xeb\x18\xe5hXK',b'\x1d\xd3X\xe8XJ_\xe3',high_magnitude_speed,
"b'\xc0TO\x9c""\x0fP\xca'",b'\x07\xdc\x82r\xcf\xb8Z\x10',high_magnitude_speed,
b'jCy\x07^ ^F',b'\xec\x8d\xa3d\tp\\\xd9',high_magnitude_speed,
b'i;\x1c\xe9\xd7\xaeQA',b'\xcasD-\xffsWz',high_magnitude_speed,
b'\xb9\xb0rcT\x01^\xe8',b'\xb8y\xa7\xa1\x81\x06Q\xa1',high_magnitude_speed,
b'\x94c\xbc\\\xe3\xb1]\xb0',"b',\xd9\xd1s\xc0\xc6S9'",high_magnitude_speed,
b'\xd9\x1e\xef-K\xc6X\xa3',b'\xd5/\xdf\x01\x06\xc3]\xb5',high_magnitude_speed,
b'z\x85:+\x9aIV\xd1',"b'6\xaf\xc8\xd7\x9f,]\xdc'",high_magnitude_speed,
b'\x12\x8e\x91\x92O\x06\\w',b'\xa2\x06z\xf6\xc0\\R\xfb',high_magnitude_speed,
b'Z\x0e\x8d\x03hAR\xce',b'\xdfV\x19\x84GkV\xdc',high_magnitude_speed,
b'\x94\x85\x13\xe0\xcfqX\xe8',b'\xcb\xc6\xec \xd9\xb0[\x92',high_magnitude_speed,
b'\x92\xae\xd2\xad%\xb5]\xf8',b'3\xe0\xea\x97\xe4\xfaZ\x9a',high_magnitude_speed,
b'x\x1bn\xc7I\x9aV\x10',b'\xdb\x1aA\x10$pU\x7f',high_magnitude_speed,
b'\xeb\xb4/Gf5R\x89',b'\xcd\xe1nS\xbe\n[\x84',high_magnitude_speed,
b';\xf1\x848\xd7\x92^\xd5',b'\x8b\xcf\x80\x91\xd6n_\xcf',high_magnitude_speed,
b'\x18\x96G\xaaU\x8dQN',b'\x1a\x7f\xf6l4>U\x80',high_magnitude_speed,
b'K\x00\xdf\xa8\xd78Z\x19',b'J\xa1\x1c!\xde\xd8Z!',high_magnitude_speed,
b'\xd4\x16@\x1e\xa3\x93W\xee',b'X\xa9\xe5\xe9@.Th',high_magnitude_speed,
b'\xfc\x1a \xd2]\xcb^\xf4',b'\r\r\x16~\x86\x00Vb',high_magnitude_speed,
b'\xfc\x92G4-z\\\x1a',b'\x99\xbc\x0e\x8a\x10\x8aW\x1a',high_magnitude_speed,
b'\xc2!\xb1\xad\x85\xf1Y\xec',"b'\xa1\xaa,]\x97\tT\xef'",high_magnitude_speed,
b'6\x13\x8b\xdbA-]\x9d',b'\x8f/\xe4if\x16T$',high_magnitude_speed,
b'\xe0g\x906\xb0\xc2^-',b'\x06\xdcn\x1b\xc9[UJ',high_magnitude_speed,
b'\x89m;\xdc-\xfa]A',b'A|i\x1f\x9e\x9a^t',high_magnitude_speed,
b'E\x1a\xd4\xf8\xde\xb1^\x19',b'd\x80\xd2\xfc\xf6fY\x08',high_magnitude_speed,
b'\x1c\xe2K\xd7\xe8wS\xaa',b'\x8e\x0c\xa6\xec\xf9[[\x9d',high_magnitude_speed,
b'\x94H\x15T\x06_T\xd7',b'\xd5\x8c\xf3\x1a\x8c\xb3[h',high_magnitude_speed,
b'\xfeJ\xcf\tP\xceT\xe4',b'1\xae.\x9e\x17bQh',high_magnitude_speed,
"b""\x1c\xc8's\xbe4U\xf0""",b'\xc9\x90UrW\x93U\xbc',high_magnitude_speed,
b'\xaa\x8b\x960\x1c\xb1Ro',b'\xbc^\xab\xad\xb3\x15X\xd3',high_magnitude_speed,
b'\tn4\\z\x03X\xe6',b'\xeb\x83F\x8a\xc1K[)',high_magnitude_speed,
b'\x85b\xabU/\xb0[\x15',b'\x18c\x19\xeb\x8b\xccQ\xcb',high_magnitude_speed,
b'\t\xf8\x8b\xd4\xbb\nZk',b'\xb6\xd3bE\xa2lY\xd2',high_magnitude_speed,
b'\x8cO3g\xe8\x99]$',b'r[\xdb\xf0i\x1dX\xde',high_magnitude_speed,
b't\xc0\xc15\x87\xad_%',b'\xc5\xb6\xeb\xba|\xf2S\n',high_magnitude_speed,
b'6\x8b\t\xe1\xc5]Y[',b'h\x1b\x9a\x02]UV\xcb',high_magnitude_speed,
b'U\xe4\xca\xe5\x84&X3',b'\xaf^sY\xd0(_f',high_magnitude_speed,
b'evY\xbe\xf56]\xaf',b'\x9b\xa0Wy\x98\x8cX\x9a',high_magnitude_speed,
b'\xd69\x00\x8c\xd6\xcd^\x15',b'\x16\xaa\x94\xf2\x0c\rW}',high_magnitude_speed,
b'3Jp\xb7\xdd\x04P\xaf',b'n\xb4\xbfp\xc7mPH',high_magnitude_speed,
b'\x87\n\r\xcaG\xf3PN',b'\xad\xbc\x04\xb1a\\P<',high_magnitude_speed,
b'\xf8G{\xa9\x94\x05Y\xdb',b'\xe7\xcd\x1c\x8f&x_\xa4',high_magnitude_speed,
b'\xdbt\x1f1\x86\xa1Z\x9e',b'\xccVK\x85\xac\xbeVg',high_magnitude_speed,
b'\x93\x80\xb2\xef\xff\xa5V\t',b'\t\xb74\x1fA\xbbP\x9e',high_magnitude_speed,
b'\x08\xa7\xcd\x1fb`^\xcb',b'\x8e\x03\xe7\n\xf7\xc3P\xc7',high_magnitude_speed,
b'R#\x9e\xb1~\x01]D',b'\xa8\xf4h\xa4\xa2\xbaT\xd9',high_magnitude_speed,
b'S|\xb3\xcb\t\x8e^\xcb',b'\xc5-\xd8\x8e\xee\xf3Q\xa8',high_magnitude_speed,
b'%\xd5\xdb\xe0+\xd6[M',b'[<P;z\xfaX\x1a',high_magnitude_speed,
"b'\x17\xb5OF3\xd7R,'",b'\x7fbBr\xc0\xb4R&',high_magnitude_speed,
b'<6\xcc\xb7DuP\x8b',b'n\xcd\xd4#Z\xb4Q\xb8',high_magnitude_speed,
b'\x01\xc2 >\xe2eX(',b'\x95\xce\x13\x0e@tY\xaf',high_magnitude_speed,
b'\xc6p\xa0\xfa\xe9\xd1]\xa5',b'\x1ek\x84\xa5\x1b\x93\\\xdf',high_magnitude_speed,
"b'#ik,\x0f\xe4Qm'","b'\xaa{\xb9\xdc,\x1dPs'",high_magnitude_speed,
b'%L\xbf\x1b\xd6^\\\x1f',b'N\x17\x07klnRh',high_magnitude_speed,
b'\xfd\xcfa^T\x83\\\x1d',b'{>dRZ[T\x9c',high_magnitude_speed,
b'^\x17@0\xd7@[\x08',b'*\x14(\xdeF\xf9_o',high_magnitude_speed,
"b""\xad'\x1cN1J]\n""",b'Ov+\xfe\x06\xf6S\xe0',high_magnitude_speed,
b'(\xbfM\xa9_\xee]/',b'\x11h\xf2\xaey\x8cU\xcf',high_magnitude_speed,
b'O\x05\x8f\xc7\x82e\\)',b'\xd2*\xacWb|\\\x90',high_magnitude_speed,
b'\xf7\x1aM\xa1f\xca\\\xbd',"b'\x9d+^\xf0""\x91Z\''",high_magnitude_speed,
b'X\xf10\xbf\xce\xb2X!',b'\xea\xc9j|\xb9\xa5Y\x19',high_magnitude_speed,
"b""r\xc5L,j\xecZ'""",b'\xe8+v\xb7\xe09WN',high_magnitude_speed,
b'@k\xd3\xe8\x94\x8a[\xee',b'X\xcc\xcau\x93DQ\xa4',high_magnitude_speed,
b'q\xa1\r\xa6i\xa2]\xc2',"b'R2\xd0""o\x91Q2'",high_magnitude_speed,
b'|<v\n\x06\xa9QX',b'\xdf4Q\x84\x05\xafR\xb9',high_magnitude_speed,
b'\x9a\xe1\x1c\x0b\x88FR\xcd',b'\x9fC\xb4\xdb\x1amT\xf3',high_magnitude_speed,
b'\x03\xec\xc3R?\x1e^!',b'$\xd3\xf6\xc4\x90\xa6\\\xbf',high_magnitude_speed,
b'P5\x95\x07>\x02QP',"b""F/\xce\x7fQ\x1a^'""",high_magnitude_speed,
b'K2\x84\xf0\xa9oV\x02',b'\xbc\x91\x08\x83\xe9\xf5\\\xe4',high_magnitude_speed,
b'\x97\x18\xa5\xb8\xe5\x13P\xaf',b'\xc8\xf2\xffI\x8c\x7f[\xc6',high_magnitude_speed,
b'\xb9\xb3v\t\x80!Z\x81',b'\xf9ff\xae\x9f\xf0[\x9d',high_magnitude_speed,
b'\xf4\x98yk\x84\x92R\xc4',b'i\xc8\xec\x88YAU\x80',high_magnitude_speed,
b'\xfc/4\x93\x06vQI',b'vK4\xd7\x0eJS\xd5',high_magnitude_speed,
b'\x8a_\x83M\x02iWQ',b'\x84\x90\xc8Om~[\x96',high_magnitude_speed,
b'\xa1\xcc\xe8\x18o\xb3\\i',b'(\xd3I\x8f\xb0\xf6Q\x13',high_magnitude_speed,
b'gQl\xb0\xf4\x16W\xa6',b'\xc9\x84\x91\x7f\xbb\xddU(',high_magnitude_speed,
b'B\x9f\xe8\xdb\x9d\xb9Y\xe6',b'MCv#\x96\xbcT\xd7',high_magnitude_speed,
b'\xe9c6x\x00\xf8R\xea',b'\xec\x1b\x11\x9a@6Q\x8d',high_magnitude_speed,
b'\x1d\x8e\xa5f2\xc0R`',"b'i""\x98\xaf\xf8a_\x8c'",high_magnitude_speed,
b'\xe6\xcb\x8c/\xa29T[',b'eg\x1dr\xfe\x87^\xef',high_magnitude_speed,
b'V$G\x17l\x9eP4',b'\x9aoH\xe82{V\t',high_magnitude_speed,
b'\xf8(\xa77!\xcfQu',b'\x9f\x8b\xdc\xa3\xb60^\xe9',high_magnitude_speed,
b'Q\xba\x99\x19uCU\x1a',b'\x9c\x9cQ@\x99\xebS4',high_magnitude_speed,
b'\xe7\xc33w\x08\xfeY(',b'\xad|\x9aP\x843[\x84',high_magnitude_speed,
b'\r?\xc6r1\xb5R\x81',b'diE;A\\S\xbf',high_magnitude_speed,
b'*\xd3\xee$v\x15ZT',b'\xda\xa5h&\xd5\xaeX\xbf',high_magnitude_speed,
b'\xe4\xa3 \xf1V\xddT\xa5',b'u\x86\xf2\xac:O\\o',high_magnitude_speed,
b'+\xa2#F\xd2\x9fYq',b'\xbdo\xc76\x0e\xdfXD',high_magnitude_speed,
b'\x8d\xc55\xb5^\x0bY0',b'ba\xf5\x95\xae\x11SZ',high_magnitude_speed,
b'\x9c\xbaN\xc1\x8b7T\xaf',"b'\x82 ro,\x8a_\x85'",high_magnitude_speed,
b'\x04\xe3dm\t\xb3_\xc7',b'\xe3\xa7\x97\xae\xd6wU\x07',high_magnitude_speed,
b'\xb8\xd0\x97\xf5\r7Y\xee',b'\xff\xd7\x08\xb5\x88v\\m',high_magnitude_speed,
b'{H:\xbd\xe6;Q\xa9',b'`\xc2\xa6\xea\xa3`P\x9e',high_magnitude_speed,
b'\x9d\xb5%\xac\xb3 SW',b'\xb5\x97\xaa\x9f\xfb\xdcWb',high_magnitude_speed,
b'{\xa8\x1d\xe32\x18^7',b'\x18\x8e\x82\xc6m\x7fW\x18',high_magnitude_speed,
b'\x11\xa9\xa3\x1aA\x11V\xd5',"b""\xd5\xab\x1a\xee'ZS=""",high_magnitude_speed,
b'\x8dF\xec\xd9\xee\x0e]\xb2',"b""&\x18\xed\xdc'/V\xe1""",high_magnitude_speed,
b'\xb1\xfcF\x83\xd1_\\\x84',b'_^\x06\xb2\xec\xb9X\xfa',high_magnitude_speed,
b'\x7fN6:\xa0IY\xa9',b'\xad+S\xd0\x8bQ_\xb9',high_magnitude_speed,
b'\xda\x1f\x94\xbd\xdc\x87Tv',b'*j\xd6j\xd1BS\xfd',high_magnitude_speed,
b'7\x9f\x829x\x1b\\:',b'\xc8\x87%N\x836[7',high_magnitude_speed,
b'\xec\x04\x00\x87\xc1\xabZ\xab',b'\xc2\xae\xe8\xe0PBT\xb7',high_magnitude_speed,
b'm\x1d\xdb\xad\xda\x83X\xc6',b'@/\x9bYdL^\x15',high_magnitude_speed,
b'\xa8\xac\xe7\xf8\x16\xa9Z*',b'^\xa2\x0eQ\xb6\x98T\xdd',high_magnitude_speed,
b'$\xd4I\xea\x15\xf7Z\x06',b'E\xf0G\xae:\xb9V\xb8',high_magnitude_speed,
b'\xc9\xe8\xc1\xbc\xfb\xa6W\x02',b'qv\x1f\xdcP5Z\xc8',high_magnitude_speed,
b'\xe5\x9fgV`nX3',b'\x84y\xfbU\xafTV\x8a',high_magnitude_speed,
b'\xce5\xfe&\xcf\xb1[K',b'\x8f\x1a\x8f\xdc\xedZS\xe7',high_magnitude_speed,
b'\x94hY\x8e\x80\xa8R\x9a',b'}\xe3\xda\xdfi\xb5SF',high_magnitude_speed,
b'\x14\xb9\x95\xaf3}T\xce',b'J\xf8\xf9\x0b\x87\xbcZ@',high_magnitude_speed,
b'\xfe\xc0\xff\xb8WIX\x07',b'\xe2\xd0\xf0z\xdf\xb0Q\x89',high_magnitude_speed,
b'\xe4\xd0\x98VO\xdfR\xb9',b'\x84N\x8b}o\xae]\x06',high_magnitude_speed,
"b""\xba\x03'E\x07\x05V\xe0""",b'\xe4\x90\x86\x92\x99\xc3R\xc8',high_magnitude_speed,
b'\xd3J9c\x84GQ\x94',b'K\xea\x8f\x9d\xd5>U{',high_magnitude_speed,
b'P\x87c\xe3a&T\xcd',b'9\x03v`3\x9aQ\x9a',high_magnitude_speed,
b'\xe2\x7f\xc0\xfa\r\x98V\xa6',b'#_\xd5\xb8I\xaaS\xec',high_magnitude_speed,
b'\xbaZ\xb0b\xf8\x98RJ',b'R\xbe\x96\xbef\x9bZ-',high_magnitude_speed,
b'\xa7(\x05{\x10%]k',b'\xc2\xf6\x9a\xb0/\xcbS\x9b',high_magnitude_speed,
"b""\x94\x9d\x16N\xfa\xc8R'""",b'j\xfe\x7f\xdf\x15\xbc\\\x96',high_magnitude_speed,
b'\x11m\x9b\xd8\x80*S\x9e',"b'\x1a\x8e\xdb""\x9c\xebP\x01'",high_magnitude_speed,
b'\xd8c8\xbf}\xa4Ud',b'\xa0MT\x06T\x1dU\xd1',high_magnitude_speed,
b'\x04\xaf\xe7\xaa\rSU\x13',b'r\x08\xf7\xd3\x03%_\xed',high_magnitude_speed,
b'@\xea\xa1Gm\xb9RC',b'\xe5\xadb\xd7y\xb7^\xed',high_magnitude_speed,
b'\x84*\xb4\x8a\x96SS8',b'\x14\xc7G\xfc\xd8\x9cY\x9a',high_magnitude_speed,
b'\x0f\x11\t\xef\x84\x9eW\xf5',b'\x0c?\x92\xf5`VY\r',high_magnitude_speed,
b'\x1d\xeb\x0b1\xe1\xc5T\xdf',b'\x0c\xa6\xd3uZ\x1a[\xc4',high_magnitude_speed,
b'L\xeb65\x15nX\xa8',b'\xf9\xdd\xf7\x11\x19\xd0Y\xfa',high_magnitude_speed,
b'*\xa5\x96\xfbs\x12R\xe5',b'\xde\xd8`\x02\x91\tX\xc1',high_magnitude_speed,
b';\xb2U\xc7|\xe3ZU',b'\xe1\xc9!\xd6\x14\x18VA',high_magnitude_speed,
b'r\xd9\x80\xccOk]x',b'^\xfco\x83\xc3\x9dRf',high_magnitude_speed,
"b""\xf6\x0e\xe9\xa0\xc2'\\\x03""",b'\xaa\xb5q2F3_]',high_magnitude_speed,
b'\xb7|z\xef\xc7\x16W\xd4',b'\x1d\xae\xef\x9a\xf2\x1aV\x02',high_magnitude_speed,
b'\xe3N\x12\xdbp\x0ePP',b'\x04tW\xc7\x07\x9dXg',high_magnitude_speed,
b'\xfb!\x96L\x8d?\\\x8d',b'\xc3j\x834kTQ\x11',high_magnitude_speed,
b'G6\xb2\xc6B\xffP\xf6',b'\xeeT}\x1e\xc7\xaaU1',high_magnitude_speed,
b'X^A\x9a/!T\xc0',b'/\xa1\xdaNM\xefX\xb0',high_magnitude_speed,
b'\xcd\xf6\xe8\xcc/\xad\\\xe6',b'o\\#\x13\xc8\xa4R\x8e',high_magnitude_speed,
b'CV`\xe1\xd21_\x9f',b'D\n\x8a0\xd2-R\xee',high_magnitude_speed,
b'\x93\x87\x1b:\xf15]\x15',b'\x9a\xf5\xfa\x94\x8e\x03Z\x01',high_magnitude_speed,
"b""\x0f\x11'\x19\x99\xbfZc""",b'\xe7\xcd\x1c\x8f&x_\xa4',near_trafficcone_on_driveable,b'^\xad\x90ErIQ\n'
b'\x04\xdaaZ\x06\xc9P\xf7',b'\xccVK\x85\xac\xbeVg',near_trafficcone_on_driveable,b'^\xad\x90ErIQ\n'
b'M\xf6\xa0/\x90\xf9[\xfd',b'\t\xb74\x1fA\xbbP\x9e',near_trafficcone_on_driveable,b'^\xad\x90ErIQ\n'
b'DS\xb5\xe4\xc9(S\n',b'\x8e\x03\xe7\n\xf7\xc3P\xc7',near_trafficcone_on_driveable,b'^\xad\x90ErIQ\n'
b'\xdd\\\xd8\xe9\xd7>Z\xac',b'\xa8\xf4h\xa4\xa2\xbaT\xd9',near_trafficcone_on_driveable,b'^\xad\x90ErIQ\n'
b'\x0c\xcc\x9c\x9ba\x18[\x01',b'\xe9z\xaa\xca^\xf5R[',near_pedestrian_on_crosswalk,b'\x9f\xbeLHr}R\x07'
b'\x9e_[\xab\xb9\x8aV\xa4',b'z@\xd3!\x95\x94W$',near_pedestrian_on_crosswalk,b'\x9f\xbeLHr}R\x07'
b'\xa1W\xef\x12\x1d\x8bW\xc1',b'\x91\xfe\xc1\x1a\x1c%^o',near_pedestrian_on_crosswalk,b'\x9f\xbeLHr}R\x07'
b'jkM\xd0\x01YP\xb3',b'Tm\xef\xf8\x9eCV\x99',near_pedestrian_on_crosswalk,b'\x9f\xbeLHr}R\x07'
b'\x07\xa3\xc2%\x899W\xa3',b'Mq]\xa6A\xedV\xe9',near_pedestrian_on_crosswalk,b'\x9f\xbeLHr}R\x07'
b'\x89\xedy\x02h\xd8Q\xd0',"b'\x85"",\x905\xd1Q<'",near_pedestrian_on_crosswalk,b'\x9f\xbeLHr}R\x07'
b'$\xf9g\xaf&\xdd\\ ',"b'\xb6\xa0,\x7f\xf7\x08_\xd0'",near_pedestrian_on_crosswalk,b'\x9f\xbeLHr}R\x07'
b'\x93\x92AI\xcc\xd2Z\x95',b'\xe5\xd9C@\xf1p[\xb3',near_pedestrian_on_crosswalk,b'\x9f\xbeLHr}R\x07'
b'\x0ex\x07&\xbd\xaa]\xc5',b'\xe3\x1d<v\xd7\x15P\xcf',near_pedestrian_on_crosswalk,b'\x9f\xbeLHr}R\x07'
b'\x9f\x98\x8b\x0eG\xa1XN',b'\xe2~j\xfc+\xbd]\xd4',near_pedestrian_on_crosswalk,b'\x9f\xbeLHr}R\x07'
b'r\x8d\xc7%3\xe9YU',b'[#p\xc0\xcdc[\xbf',near_pedestrian_on_crosswalk,b'\x9f\xbeLHr}R\x07'
b'o4p-M\xbbV\xf9',b'%\xb8\x0bj\x18\xaeX\xea',near_pedestrian_on_crosswalk,b'\x9f\xbeLHr}R\x07'
b'\xe6\n\xc6\xa2Y~U\xbe',b'\x96\xf6\xd9\x16\xaf\xc0Qf',near_pedestrian_on_crosswalk,b'\x9f\xbeLHr}R\x07'
b'\xec\x812f\x98\xc9U\xcc',b'e\x859\xc0\x92\xbeV\xc9',near_pedestrian_on_crosswalk,b'\x9f\xbeLHr}R\x07'
b'\x15O\x149x\xe2R\xab',b'\xdeZ\x84s\xffm]\x1a',near_pedestrian_on_crosswalk,b'\x9f\xbeLHr}R\x07'
b'\xe1\x9en\x00\x06\x90S\x1a',b'\xd7\x7f\x1dit\x12\\\xf5',near_pedestrian_on_crosswalk,b'\x9f\xbeLHr}R\x07'
b'2\xc6SI}\x15T\x88',b'\x99\x06z\xf7\xcb\x18^\x00',near_pedestrian_on_crosswalk,b'\x9f\xbeLHr}R\x07'
b'\xcc\x01vf\x9a>R\xb5',b'\xf6\x04\x89\xef\xd2\x90SI',near_pedestrian_on_crosswalk,b'\x9f\xbeLHr}R\x07'
b'\x1c\xee\x80\xba\x19\xa5\\R',b'P\x8a\xec\n\xaf\xd5Ve',near_pedestrian_on_crosswalk,b'\x9f\xbeLHr}R\x07'
b'\x8f\xf96uy\x08P5',b'\x07\xf6zkB\xc5[\x8c',near_pedestrian_on_crosswalk,b'\x9f\xbeLHr}R\x07'
b'm8\xdbfkRTP',b'\xf9W\xea\xf2\xdc\xcbQ\xfc',near_pedestrian_on_crosswalk,b'\x9f\xbeLHr}R\x07'
b'\xbeA/h\xc7FT\xdb',b'\xec\x89\xe7Z\x80\xa9R\xa8',near_pedestrian_on_crosswalk,b'\x9f\xbeLHr}R\x07'
b'snA\rY\xf0XN',b'4=\xd1M\xc16V\xd4',near_pedestrian_on_crosswalk,b'\x9f\xbeLHr}R\x07'
b'\xa3\x0e\x19\xb3=\xb9]8',b'\xcb\xed\x10\xd5\x93RX4',near_pedestrian_on_crosswalk,b'\x9f\xbeLHr}R\x07'
b'\xaco\xf0\x04\x00\xc4WX',"b'\xbb\xbe,\xcf|\x0c]\x8b'",near_pedestrian_on_crosswalk,b'\x9f\xbeLHr}R\x07'
b'B\xe0\xc2\xb8\xf9\xd2^_',b'\xfd\x81Y\x08\xdfYPH',near_pedestrian_on_crosswalk,b'\x9f\xbeLHr}R\x07'
"b""^\xb0\xa1'\xfd\xfeVi""",b'\xa6\x04w\xca\x91\xcdS\xaa',near_pedestrian_on_crosswalk,b'\x9f\xbeLHr}R\x07'
b'\x8a\xea\x7fV\xda\x08P\xeb',b'E\xba\xe8Sr^_\xf0',near_pedestrian_on_crosswalk,b'\x9f\xbeLHr}R\x07'
b'\xf8\x86\xb1q\xfb\x03P^',b'k\xf5\x9cU\x03$QB',near_pedestrian_on_crosswalk,b'\x9f\xbeLHr}R\x07'
b')w\xc7x\x98FQ\xe5',b'\x82\x90\xc5\xe7U\xc0^t',near_pedestrian_on_crosswalk,b'\x9f\xbeLHr}R\x07'
b'\x9c\xea\xf3\xb5\xb4X]t',b'\xce\xf9\xaf\xbc\x19\xd8[V',near_pedestrian_on_crosswalk,b'\x9f\xbeLHr}R\x07'
"b'dC\x14Y,\xebP\xc1'",b'\x82\x1e\x8c1x\x87\\w',near_pedestrian_on_crosswalk,b'\x9f\xbeLHr}R\x07'
b'\xa1\xde\xe1\xeb)\x0bW\xfe',b'\x91\xaalqm)R\x15',near_pedestrian_on_crosswalk,b'\x9f\xbeLHr}R\x07'
b'\xf2\xff\x9f\x81\xae\xddS?',b'\x00\xde\xa1\xa0\\\xfbQ\xc1',near_pedestrian_on_crosswalk,b'\x9f\xbeLHr}R\x07'
b'\xe8x\x13R\x8d\x90Rz',b'\xb5|\xf5\x16A\xd2Z\xf9',near_pedestrian_on_crosswalk,b'\x9f\xbeLHr}R\x07'
"b'""{\xbd_\xd4\xf2U\''",b'\xa6]\xf2\xa4\xd8 \\\x82',near_pedestrian_on_crosswalk,b'\x9f\xbeLHr}R\x07'
b'^\xdc\x15j\x9d\xafZ#',b'\xaf4\xb3\x012\xcaQ\x99',near_pedestrian_on_crosswalk,b'\x9f\xbeLHr}R\x07'
b'`\xfeks\xc0]^\x92',b'w\x17\xe2p\x8fCV8',near_pedestrian_on_crosswalk,b'\x9f\xbeLHr}R\x07'
b'\xdf \xde6\x9b$Y\xb4',b';\t5K&IW_',near_pedestrian_on_crosswalk,b'\x9f\xbeLHr}R\x07'
b'\xca\xf8\xb4\xf6\xd2\x00S\xc1',b'j\x96\xddd\x0fR\\\x0f',near_pedestrian_on_crosswalk,b'\x9f\xbeLHr}R\x07'
"b'\n\x15\x9b\x15,\xfa_\x16'",b'\x91\xeb\xb2\xf9\x94\x0eZ$',near_pedestrian_on_crosswalk,b'\x9f\xbeLHr}R\x07'
b'\xcb\xf8\x93\xb7^\xc5[\xaf',b'._\x1e\xeam\xb3T\xeb',near_pedestrian_on_crosswalk,b'\x9f\xbeLHr}R\x07'
"b'+,\xc7Q`\xa7]\xbf'",b'\xf2\x8d@\xa7\xfc\x04Zl',near_pedestrian_on_crosswalk,b'\x9f\xbeLHr}R\x07'
b'\x92F\xa9\xad_\xebP\xff',b'\xffC\x94\xb8\x03\xa3T\xe4',near_pedestrian_on_crosswalk,b'\x9f\xbeLHr}R\x07'
b'\x10\xa1q\xa3\x8d\xb7]\xfc',"b'\x17o""\xd58\xef]a'",near_pedestrian_on_crosswalk,b'\x9f\xbeLHr}R\x07'
b'\x01\x10\xfe\xf0+\x19V\xa3',b'\ty?\xe18\xfdW\x18',near_pedestrian_on_crosswalk,b'\x9f\xbeLHr}R\x07'
b'\xd3\x7f{\x93\xea\xfa[\x7f',b'\x1f\x19\xeaA\x84^S:',near_pedestrian_on_crosswalk,b'\x9f\xbeLHr}R\x07'
b'\x05\x02J\x97_\x87_\x9b',b'\xa3\xb2(qqIW\x1a',near_pedestrian_on_crosswalk,b'\x9f\xbeLHr}R\x07'
b'\xd4\x99\xc2\xd7\xb5\xb9\\V',b'%t\xb3\xad\xa60^%',near_pedestrian_on_crosswalk,b'\x9f\xbeLHr}R\x07'
b'\xbc\xe3L\xd0}\xcbU\x05',b'i5\xe9\xee\xd2\xc4Z\x7f',near_pedestrian_on_crosswalk,b'\x9f\xbeLHr}R\x07'
b'8\xee&\x1e\xb1\x00_\xd2',b'\x8d\xab$\xd3U\x12[\xff',near_pedestrian_on_crosswalk,b'\x9f\xbeLHr}R\x07'
"b'\xaf\xbc\x9f\xca,\x8fTp'",b'\xa1\xf3.\x89\x83\t[\xb8',near_pedestrian_on_crosswalk,b'\x9f\xbeLHr}R\x07'
b'[wW\x18:\xc4_\x98',b'\xe3|\x06\x03z7PP',near_pedestrian_on_crosswalk,b'\x9f\xbeLHr}R\x07'
b'\xbc8\x8c\xf1\xe8|]\x8a',b'\xda\xc6\xd6\xd9T\x8d^=',near_pedestrian_on_crosswalk,b'\x9f\xbeLHr}R\x07'
b'c\x93\x9b\xaf%\x83^\x10',b'\xe1s.\x8f\xf7\xd4\\\x92',near_pedestrian_on_crosswalk,b'\x9f\xbeLHr}R\x07'
b'\\\xe9\xbf<\xcc\xf2_\x03',b'H\x03\xac\xa5b\xa9^g',near_pedestrian_on_crosswalk,b'\x9f\xbeLHr}R\x07'
b'_}\xbe\xa5\xa3\xc2_T',b'\xd7>\xf4\x9a\xdc\xcfP\x08',near_pedestrian_on_crosswalk,b'\x9f\xbeLHr}R\x07'
b'\x1c]\xba\xdf\x92\xc4_\xbe',b'R1\x97\xfeU1[\xea',near_pedestrian_on_crosswalk,b'\x9f\xbeLHr}R\x07'
b'`\x05\xca\xd8\xde\x86U\xf4',b'\xd4\xa9\xc9\x01\xe9\x0bP\xa5',waiting_for_pedestrian_to_cross,b'\x9f\xbeLHr}R\x07'
b'P\xd4Uf)\xdb]\xd0',b'\xa0\xc9_\xcb\xc9\xb1_\xaa',waiting_for_pedestrian_to_cross,b'\x9f\xbeLHr}R\x07'
b'\x9a\x04~\xdf\xce\x8bR\xaa',b'\xc5\x8f\xc8\xddEM^\xe3',waiting_for_pedestrian_to_cross,b'\x9f\xbeLHr}R\x07'
b'\xd1\xd2\xec\xe3\x1fkZ\xf3',b'\x1bu\xfc\x10}C]\x12',waiting_for_pedestrian_to_cross,b'\x9f\xbeLHr}R\x07'
"b'A,\xc0\xe3\xfd\xafR\xcd'",b'\xe9z\xaa\xca^\xf5R[',waiting_for_pedestrian_to_cross,b'\x9f\xbeLHr}R\x07'
b'.\x9a\\\xd5t\x0eVq',b'z@\xd3!\x95\x94W$',waiting_for_pedestrian_to_cross,b'\x9f\xbeLHr}R\x07'
b'\xc6\x9c\xa5\x9aY\xebV\xb8',b'\x91\xfe\xc1\x1a\x1c%^o',waiting_for_pedestrian_to_cross,b'\x9f\xbeLHr}R\x07'
b'\x04z\xa9\x87\xa0\xa4S\x90',b'Tm\xef\xf8\x9eCV\x99',waiting_for_pedestrian_to_cross,b'\x9f\xbeLHr}R\x07'
b'\xb5\xfb\xf3\xdaO\x94\\D',b'Mq]\xa6A\xedV\xe9',waiting_for_pedestrian_to_cross,b'\x9f\xbeLHr}R\x07'
b'B\xda\xb1\xe2\xb7\xedR6',"b'\x85"",\x905\xd1Q<'",waiting_for_pedestrian_to_cross,b'\x9f\xbeLHr}R\x07'
b'|\x01aO\xd0\x93U\xc4',"b'\xb6\xa0,\x7f\xf7\x08_\xd0'",waiting_for_pedestrian_to_cross,b'\x9f\xbeLHr}R\x07'
b'\xc8\x83\x9c\xfa\xff\xfaU\x11',b'\xe5\xd9C@\xf1p[\xb3',waiting_for_pedestrian_to_cross,b'\x9f\xbeLHr}R\x07'
"b""\xde\xbf'\x08 \xd6Y\x0f""",b'\xe3\x1d<v\xd7\x15P\xcf',waiting_for_pedestrian_to_cross,b'\x9f\xbeLHr}R\x07'
b'&\xe4\xd9\xbc\xfavYi',b'\xe2~j\xfc+\xbd]\xd4',waiting_for_pedestrian_to_cross,b'\x9f\xbeLHr}R\x07'
b'\x8b\x04\xedWz\xbc^F',b'[#p\xc0\xcdc[\xbf',waiting_for_pedestrian_to_cross,b'\x9f\xbeLHr}R\x07'
b'4\xc0f\x1e-\x9c[h',b'%\xb8\x0bj\x18\xaeX\xea',waiting_for_pedestrian_to_cross,b'\x9f\xbeLHr}R\x07'
b'\x8e\x9a&&\xd3n_^',b'\x96\xf6\xd9\x16\xaf\xc0Qf',waiting_for_pedestrian_to_cross,b'\x9f\xbeLHr}R\x07'
"b'\r\x85""\x88(\xe8^\x8e'",b'e\x859\xc0\x92\xbeV\xc9',waiting_for_pedestrian_to_cross,b'\x9f\xbeLHr}R\x07'
b'\xfd0\x85\x12\n&X\x05',b'\xdeZ\x84s\xffm]\x1a',waiting_for_pedestrian_to_cross,b'\x9f\xbeLHr}R\x07'
b'+\x0b@\x85\x0b\rV\x9f',b'\xd7\x7f\x1dit\x12\\\xf5',waiting_for_pedestrian_to_cross,b'\x9f\xbeLHr}R\x07'
b'9\x8b~\x14\xc8qW\x06',b'\x99\x06z\xf7\xcb\x18^\x00',waiting_for_pedestrian_to_cross,b'\x9f\xbeLHr}R\x07'
b'\xaa\x01R\x99\xf4\xa8Yt',b'\xf6\x04\x89\xef\xd2\x90SI',waiting_for_pedestrian_to_cross,b'\x9f\xbeLHr}R\x07'
b'\xcb\xdf\xbdK7\x91V\x95',b'P\x8a\xec\n\xaf\xd5Ve',waiting_for_pedestrian_to_cross,b'\x9f\xbeLHr}R\x07'
b'\xc9p\xf4\n\x0f\x95U]',b'\x07\xf6zkB\xc5[\x8c',waiting_for_pedestrian_to_cross,b'\x9f\xbeLHr}R\x07'
b'5\xfe\x8d\xa9\xd8yY\xbd',b'\xf9W\xea\xf2\xdc\xcbQ\xfc',waiting_for_pedestrian_to_cross,b'\x9f\xbeLHr}R\x07'
b'O\xfc\xfc\xbf\x8e\x13T\xf2',b'\x96\x0b\xa5\xc2\xaf\xf3V\xd0',on_stopline_crosswalk,
b'p\xf9\xf5\xa9\xd5\xef]\x0b',b'\xc0\xbc^\x03\xff0Q{',on_stopline_crosswalk,
b'\x845\xb3\xa28\xaaWc',b'\xc5\x8f2\x12H\xfdR\x0b',on_stopline_crosswalk,
b'3\x1e\r\xf6\xb5y]\xd8',b'\xb2\x92q\x18\xfd\x7f[\x8e',on_stopline_crosswalk,
b'\xb7hA*\xd7x\\\xd2',b'\x084\xbb\x04\xd2#_.',on_stopline_crosswalk,
b'\x88\xd0\x96k\xf6IV\xc6',b'\x0c2I\xd1Pc_\x13',on_stopline_crosswalk,
b'p\xac\xbf\xcaz\x92Pc',b'lH;o\x0f\xae_{',on_stopline_crosswalk,
b'\x1cyB\xcb\x11\x1d_\xfb',b'\x12\xeeV\x86\x1e\xf0^\xbd',on_stopline_crosswalk,
b'\x88.\xff\xe8*\xd0P\xfd',b'G\xa4\x1a\xab\x82\xceQ\xfc',on_stopline_crosswalk,
b'l\xc5\x9fa\xf4\x15\\8',b'Z\xbb\xbfT\x94\xa4R\xf9',on_stopline_crosswalk,
"b""\xda\xf8\xe3\xd7' ^I""",b'5h\xe6d\xcf\xf8Z\x92',on_stopline_crosswalk,
b'UT\x98l\xb5i[\xaf',b'G\xf9\xb9U\x94\xb3Tr',on_stopline_crosswalk,
b'\xe7\x17<6\xf0\xf1Ya',b'PW\x87\x03\x8b\x11[\xf3',on_stopline_crosswalk,
"b'=c\x97\x19\x8d,T\xd2'",b'X\xea\xe5d\x16bW(',on_stopline_crosswalk,
b'\x86;\xd4d6\xecT1',b'B\xadkD\xa0\xa9Z\x03',on_stopline_crosswalk,
b'1N\xe8{\x17\xa8U\x84',b'2\xbc\xee\xd6P\x1d[\xec',on_stopline_crosswalk,
b'\xa5m\xdf~\x1c]]\x98',b'FN\x9fp\xf3VP\xca',on_stopline_crosswalk,
b'\x1c\xbdr\xdf`9V5',b'X\x82\x03\xd9\x8cV[\xf7',on_stopline_crosswalk,
b'\x15rM\x1c\x8e\xb4\\\xec',b'\xe9\xeb\xdf\xcb\xfd\xb7Tg',on_stopline_crosswalk,
b'[T\xb8R\xc8\xf1Yo',b'\xcd+\x1f\xd6n\xd5S\xe4',on_stopline_crosswalk,
b'\xfe\xf3\xcb\xc5\xb3\xe8UV',b'\x0fm\x81\x8f\t\x0b]{',on_stopline_crosswalk,
b'oA\xc1\xe7\xcd\x96]\xb5',b'\xa3\x03.\xb8\x16\x0eSx',on_stopline_crosswalk,
b'\x12\xd1\xbaa\x9d\xf5Y\xc9',b'\xba}\xc0\x91]\x9cY\xa8',on_stopline_crosswalk,
b'\xb2\xe5\x1cD\xb3}WD',b'\x98\x11\x96\xbc@pTJ',on_stopline_crosswalk,
b'S\xeay\xc6S\xe0Wt',"b""X\xc3&'wBT\xc7""",on_stopline_crosswalk,
b'\xbc\xcc\xf1.\xe1\xaa]\xb6',b'H#\x8b\xd6\x1d\xb6T\x15',on_stopline_crosswalk,
b'\xfd+\xb8\x0b\xed(Z\x92',b'\x88\xfd\xd7Z\xb1\xe3\\p',on_stopline_crosswalk,
b'\x8f\x8e\x931&\xf3R\x85',b'*\xca.\xe6A6Ys',on_stopline_crosswalk,
b'\xe0\xb8\xf0O\r\xa9W\x10',"b'\xef\xfd""\x85\xe2\x8f]l'",on_stopline_crosswalk,
b'\t\xb96\xa2H\xb0\\\xe3',b'%\xf7V\xd3\n\xcb\\\x93',on_stopline_crosswalk,
b'\xc2\x9a\xa9\x93\xa9\x1eSU',"b'\xc2,\xaex\xe8=Q+'",on_stopline_crosswalk,
b'\xd1\xc4\xcb6\xb9\xa5[\xf0',b'\xe2\x8b\x931\x8b\xb2S\x01',on_stopline_crosswalk,
b'HQk\x8f\x834T;',b'\x89f~\xcbI\x07]\xf0',on_stopline_crosswalk,
b'0\xa6\xef+\xbeSSe',b'(\xd4\x079\xcf\xceV!',on_stopline_crosswalk,
b'|\x1eS\x1el<]\xa3',b'\xec\xc3v\x1eZ\xe5^\xa6',on_stopline_crosswalk,
"b'G\xe5,K\xe4uUk'",b'\xd4\xa9\xc9\x01\xe9\x0bP\xa5',on_stopline_crosswalk,
b'l\x8caP\xed\x02S(',b'\xa0\xc9_\xcb\xc9\xb1_\xaa',on_stopline_crosswalk,
b'd\xab\xe2\xe0C?P\xbd',b'\xc5\x8f\xc8\xddEM^\xe3',on_stopline_crosswalk,
b'\xd3\x1a\xf3\x1a\xedOT2',b'\x1bu\xfc\x10}C]\x12',on_stopline_crosswalk,
b'`\xb8e\xef\xeb\x97W\x1c',b'\xe9z\xaa\xca^\xf5R[',on_stopline_crosswalk,
b'BJ\xdbIW\x14P|',b'z@\xd3!\x95\x94W$',on_stopline_crosswalk,
b'\xa5m\xe204\xf1V\xc8',b'\x91\xfe\xc1\x1a\x1c%^o',on_stopline_crosswalk,
b'L\xba\xebo3}]\xe2',b'Tm\xef\xf8\x9eCV\x99',on_stopline_crosswalk,
b'\x86`a\xe4\x17\x1eS:',b'Mq]\xa6A\xedV\xe9',on_stopline_crosswalk,
b'A \xbd\xe6\xafITT',"b'\x85"",\x905\xd1Q<'",on_stopline_crosswalk,
b'\xc6\x10\x94\xbd\rgP\x82',"b'\xb6\xa0,\x7f\xf7\x08_\xd0'",on_stopline_crosswalk,
b'\x97\xfcy\x1f\x80\xbdQO',b'\xe5\xd9C@\xf1p[\xb3',on_stopline_crosswalk,
b'8\x86$\xb9\x86\x90S\xac',b'\xe3\x1d<v\xd7\x15P\xcf',on_stopline_crosswalk,
b'.\xb88\xc1\x19\xdeP\x14',b'\xe2~j\xfc+\xbd]\xd4',on_stopline_crosswalk,
b'v\xd5\xddV\xa9\x9aP\xd7',b'[#p\xc0\xcdc[\xbf',on_stopline_crosswalk,
b'\x96\xb8\xc8\xcbv\x15_c',b'%\xb8\x0bj\x18\xaeX\xea',on_stopline_crosswalk,
b'\xa7\x07<X~\xc5_\xaa',b'\x96\xf6\xd9\x16\xaf\xc0Qf',on_stopline_crosswalk,
b'\xb2u\xf7\xee wV\xc2',b'e\x859\xc0\x92\xbeV\xc9',on_stopline_crosswalk,
b'\xa6_\xd2\x96\xdf}S\xfd',b'\xdeZ\x84s\xffm]\x1a',on_stopline_crosswalk,
b'`\xa5:_\x0e\xcd^\xac',b'\xd7\x7f\x1dit\x12\\\xf5',on_stopline_crosswalk,
b'\x16\x94\xadq\xedpZ\x17',b'\x99\x06z\xf7\xcb\x18^\x00',on_stopline_crosswalk,
b'\x85N\x9f\xd0\xfe\xdcP\xad',b'\xf6\x04\x89\xef\xd2\x90SI',on_stopline_crosswalk,
b'\xc2\xba8T\xc3@_\x99',b'P\x8a\xec\n\xaf\xd5Ve',on_stopline_crosswalk,
b'\xb1\x15\x159\x8a\xfc]\xf7',b'\x07\xf6zkB\xc5[\x8c',on_stopline_crosswalk,
b'm\xe4\xec\xc2C\xe2]\x97',b'\xf9W\xea\xf2\xdc\xcbQ\xfc',on_stopline_crosswalk,
b'\x12;\x18x\x10\x15S\x8e',b'\xec\x89\xe7Z\x80\xa9R\xa8',on_stopline_crosswalk,
"b'\xac,4L;y_='",b'4=\xd1M\xc16V\xd4',on_stopline_crosswalk,
b'x\xe9\xc6\x8d\x00\x8dQI',b'\xcb\xed\x10\xd5\x93RX4',on_stopline_crosswalk,
b'\xff\xa7\xdd\x1d\xc4\xecU\xdd',"b'\xbb\xbe,\xcf|\x0c]\x8b'",on_stopline_crosswalk,
b'\x13\xff!\xc2\x12M]\xb9',b'\xfd\x81Y\x08\xdfYPH',on_stopline_crosswalk,
"b""'wk7\xdb\xc3P\x94""",b'\xa6\x04w\xca\x91\xcdS\xaa',on_stopline_crosswalk,
"b""\x04?<F?'Z\xd5""",b'E\xba\xe8Sr^_\xf0',on_stopline_crosswalk,
b'\xfa\xa8\xcd:\x94\xe7\\*',b'k\xf5\x9cU\x03$QB',on_stopline_crosswalk,
b'\xa5\xb0\xe75\xee/[\x16',b'\x82\x90\xc5\xe7U\xc0^t',on_stopline_crosswalk,
b'\xb6>\x03S\xad\xb3[(',b'\xce\xf9\xaf\xbc\x19\xd8[V',on_stopline_crosswalk,
"b'b,@J\xd1\xa5T\x8d'",b'\x82\x1e\x8c1x\x87\\w',on_stopline_crosswalk,
b'\xd5\xcd7\xdd\xb3\xea[\x80',b'\x91\xaalqm)R\x15',on_stopline_crosswalk,
b'8_\xd5\x0b\\\x8d\\4',b'\x00\xde\xa1\xa0\\\xfbQ\xc1',on_stopline_crosswalk,
b'\xe2-\x14D\x1ay[=',b'\xb5|\xf5\x16A\xd2Z\xf9',on_stopline_crosswalk,
"b'\xb3\xb0\xd0\xd6\xbe,_g'",b'\xa6]\xf2\xa4\xd8 \\\x82',on_stopline_crosswalk,
b'\xb7o\x14\xc9\xb1BV0',b'\xaf4\xb3\x012\xcaQ\x99',on_stopline_crosswalk,
b'\x9bf\xa2.+\xcfRG',b'w\x17\xe2p\x8fCV8',on_stopline_crosswalk,
b'\xda@vv\xe5\x9dY\xb8',b';\t5K&IW_',on_stopline_crosswalk,
b'e\x17tyt~Zv',b'j\x96\xddd\x0fR\\\x0f',on_stopline_crosswalk,
b'\x8c{b\xb6{u[\x18',b'\x91\xeb\xb2\xf9\x94\x0eZ$',on_stopline_crosswalk,
b'WOn(\xaf\x9cX\xed',b'._\x1e\xeam\xb3T\xeb',on_stopline_crosswalk,
"b'\xe5\x1dY\xa3\x87,^h'",b'\xf2\x8d@\xa7\xfc\x04Zl',on_stopline_crosswalk,
b'/m\x8c\xb5\xbf\xf0Qn',b'\xffC\x94\xb8\x03\xa3T\xe4',on_stopline_crosswalk,
b'\x81\xc2x\xe4\xddwR\xb0',"b'\x17o""\xd58\xef]a'",on_stopline_crosswalk,
b' J\xbb.\xe2\xdcYX',b'\ty?\xe18\xfdW\x18',on_stopline_crosswalk,
b'e\x01\x9bs\xe3t]\x1a',b'\x1f\x19\xeaA\x84^S:',on_stopline_crosswalk,
b'Q\xb3\xd9\xf0S}Y8',b'\xa3\xb2(qqIW\x1a',on_stopline_crosswalk,
b'\xcc\x1b\xd9<\xe7\xe4\\\x1d',b'%t\xb3\xad\xa60^%',on_stopline_crosswalk,
b'\x07\x01iH\xc9\x9fY\xd3',b'i5\xe9\xee\xd2\xc4Z\x7f',on_stopline_crosswalk,
b'd\xe5\x1d\xa8\xa4\xddZI',b'\x8d\xab$\xd3U\x12[\xff',on_stopline_crosswalk,
b'\xa0Sd\xb2\x1d\x9bQ\x9e',b'\xa1\xf3.\x89\x83\t[\xb8',on_stopline_crosswalk,
b'5\xba\xc6`\t\x15XW',b'\xe3|\x06\x03z7PP',on_stopline_crosswalk,
b'\xcd[\x05-\xaf\x00RR',b'\xda\xc6\xd6\xd9T\x8d^=',on_stopline_crosswalk,
b'\xad(j\xa7\x97\x96^\xa2',b'\xe1s.\x8f\xf7\xd4\\\x92',on_stopline_crosswalk,
b'\x15VH>\xc0\xd2U\xdd',b'H\x03\xac\xa5b\xa9^g',on_stopline_crosswalk,
b'\xff\xde\xc9\xe0\x17TR_',b'\xd7>\xf4\x9a\xdc\xcfP\x08',on_stopline_crosswalk,
b'\\<\xcb\xc4\xd7\x03WV',b'R1\x97\xfeU1[\xea',on_stopline_crosswalk,
b'\xa0\xe0\x16\xdaz\xcdZU',b'\x90\xd7\xf6\xdf=\xbdY\xb6',on_stopline_crosswalk,
b'\x15\x1c\xf4\x0c|\xd7Y\xee',b'\x7f\x85\x12\xf9\xe1jPc',on_stopline_crosswalk,
b'\xfe\x90\x83\x80\xc2\xefWH',b'\xf0\xb7\xa0\xe4\x17yQC',on_stopline_crosswalk,
b'\xa5% H7\xd9]\xe4',b'\x87\xc6\xf6\xc8i\x7fU\xd3',on_stopline_crosswalk,
b'\x92\xa5C\xda\x8e\x9a_\xc2',b'\xadw\x91\xaf\x90IR\x89',on_stopline_crosswalk,
b'\x81\xce\xec\xf7\xcbRT\x01',b'\xc3`\x19\xa9\xe1jV\x82',on_stopline_crosswalk,
b']\x80\x8b}\xdd\x01R|',b'x\x1fV\x85Y~_N',on_stopline_crosswalk,
b'~\xab\xe2&\xd5x\\H',b'\xd7\xc9\xa8\x82\x174WC',on_stopline_crosswalk,
b'A\x08\x80LX@\\\x8a',b'\xbc\xbf\xcb\n:h]z',on_stopline_crosswalk,
b'\xdf(|\xe2\x8b\xb5Q\x0f',b'@\x88M\xd9b\xedU\x1a',on_stopline_crosswalk,
b'\x1a\x06\xa9\xb4\xe1\xc1[n',b'\x97z\x86\xb7Z\x07W9',on_stopline_crosswalk,
b'\xa5I\x1c\xda\xb9\x97^V',b'\x17[\x97\xd5VhQ\xe3',on_stopline_crosswalk,
b'C\xdf\x82\x89\xfc\x9d]\xa5',b'Hz\x0cA\xd0IZ\xf9',on_stopline_crosswalk,
b'@*7\x9c\xd3\x1aX\xb4',b'\xaa\xb8i.\xb7\xba^i',on_stopline_crosswalk,
b'\xb6C@\\\xe6%ZQ',b'\xb81|\xae\xa5AY\xd4',on_stopline_crosswalk,
b'\x00\xf1\xe2W\x16\xe4R\x89',b'\xa5p\xd8t\xf3\x17\\\xe1',on_stopline_crosswalk,
b'\xf5\xfc\xe2G\xa8W[\xb6',"b""vK\xdd'Y\x7fXd""",on_stopline_crosswalk,
b'\xdd\xb1\x89\x13\r\xd5S\xaa',b'dF\x13f\xc5#[l',on_stopline_crosswalk,
b'\xd8\x82\xb1\x12\xbe\xda^\x06',b'!Mq]2\x88X\x97',on_stopline_crosswalk,
b'\x9f\xc3\xf1H \x8d[\xc2',b'[\xbe\x14\\W\x11P\xfc',on_stopline_crosswalk,
b'\xb5o\xc5E\xe4\x00]W',b'\xd7\xaf!\x85\x1e\xefP\x7f',on_stopline_crosswalk,
b'\xc9\x1bK}\xdcu]\x85',b'k\xcf)=\xad\xac_5',on_stopline_crosswalk,
b':q\xff\xe8\n<S&',b'\xe4\xb4m\x1dx\xdfZ\x9a',on_stopline_crosswalk,
b'\xf0\x82\xe8!\xd7\xb9^>',b'Z~\n\x86\xfbl\\x',on_stopline_crosswalk,
b'\xe9\xb0\xd6p\xcf\x80]\x18',b'\x0b\x0e\n\x00S\xf7V\xce',on_stopline_crosswalk,
b'\xea6\x9a\x0b~\x04R\x85',b'\x0c*\x19\xa6F\xf0Z\xf3',on_stopline_crosswalk,
b'@p~\x1d\n\xfa[m',b'=\x85\x89\xd0\xf3\xfbV\xfd',on_stopline_crosswalk,
b'\x96\xbeh\x8b\xbf\x97Zf',b'\xa7\xbb\x86{D\xbb\\\xf4',on_stopline_crosswalk,
b'\xee\x84\x81\x932\x1eZr',b'/y\x00brOZ)',on_stopline_crosswalk,
"b'e\xb8\xab\xfa\xfc""X\x9c'",b'\xe8\xf7\x08\x8c\x88^V\x80',on_stopline_crosswalk,
b'\xb6\x80\xb0*\xdd\x0bW\x82',b'\xbf\xd8\xff\xe3\xf3\xbbU\xf1',on_stopline_crosswalk,
b'v\xa4\x0f\x00\xf5\xd5Y\xf3',b'\xec\xe9\x1cv-\xd0Z\x05',on_stopline_crosswalk,
b'\x01\xcf\xd4\x8b8\xb4^\xe2',b'L\x19\xca\x99M\xdbW$',on_stopline_crosswalk,
b'\xbb7\x86T\x98\xfc]\xf6',b'Q\xb9]\xb9y\x14X.',on_stopline_crosswalk,
b'\xfeG\xaa=\x84\xbeS0',b'\x8b\xb5\x05\xe97jZ\x11',on_stopline_crosswalk,
b'\xbe\xd6)\xd8et]N',b'\xe0l\xa4\x9d\xaesZ\xc7',on_stopline_crosswalk,
b'5G\x96\x83)\x81R\x8e',b'p\xf5\xc3u)rS\x1b',on_stopline_crosswalk,
b'\xae\x04\x8e\xbf\xa0\x9eV\xf1',"b""\xa3\xff\xb9\x99I\xecU'""",on_stopline_crosswalk,
b'\xac}W&[\xe7ZU',b'\x83f\x0b\x81\x11t^4',on_stopline_crosswalk,
b'\x03\xa9\x8d\xb5b\xbbX~',b'\xa3\x9fk\xfc\xdes\\\x9b',on_stopline_crosswalk,
b'z\xbf\xb74x\x96\\\x1a',b'\x83\x8fK\x9f\x0e\xc8T\x00',on_stopline_crosswalk,
b'-J\xf6\x1c\xaf\xddT\xf6',b'Pp\xc7\xc2gQ^\x88',on_stopline_crosswalk,
b'\xab\xe9V\xf9\xe6\xa4\\W',b'\xfe\x85\x80\xa4\xc6\xd8P\x92',on_stopline_crosswalk,
b'\x99\xb6\x9b\xbe\xb6\x88U\xcc',b'Hz\x8fmo\xc5Y\x01',on_stopline_crosswalk,
b'!\xf8\xf1\xbbT\x85S\xb5',b'\xe6\x0cy\xcb\x8d\xf1Pi',on_stopline_crosswalk,
b'\x10.\xc0+\x83\xc5_{',b'\x8dY\x1ea\x94+P\x19',on_stopline_crosswalk,
b'9\xe6\x11/\xb4\xffZ\x13',b'\xf8(\xfd{%jS\x10',on_stopline_crosswalk,
b'G\x1f\x01\x06\x14\xdb^\xbf',b'\x9bM<_\xec\xcb_\x92',on_stopline_crosswalk,
b'8+UK\xddsPl',b'\x8d-\xcf\x9e\xb2|Vn',on_stopline_crosswalk,
b'\x00v\x81bf\xceTY',b'@\xdaY\xc6\xdd;Z\xba',on_stopline_crosswalk,
b'\x98\xb5I\xc16IQ\x9b',b'q\xd0?4\x1c\x05Z\xcd',on_stopline_traffic_light,
b'\xca\x99!\xac\xae\xfeY\x95',b'\x13\x93\x04|\\\rX\xb8',on_stopline_traffic_light,
b'\xef\xb7\xcf~U\x12Q\xa6',b'\xf3\xc8L\xbcr\xd4]\xa5',on_stopline_traffic_light,
b'\x0ff7\xfcJiT\x93',b'eLC_6uX/',on_stopline_traffic_light,
b'\xbaH\xe7^\x97\xfaX\xbc',b'F\xdcJHOJR\x9c',on_stopline_traffic_light,
b'\xbc.\xe9MmcV\xad',b'Q%\x0e\xa5#kUX',on_stopline_traffic_light,
b'0*\xc1\x7f\xfc\x03Q\x16',b'pvB\xd6\x9f\xb0Z\x8d',on_stopline_traffic_light,
b'G}G\xd3\xf0>Z\xb6',b'x\x1d+\x04\xb0lQi',on_stopline_traffic_light,
"b""\x8d\x06\xf9'\xa8\xc5Q\x13""",b'\x1d\x99(#\xafIS\x96',on_stopline_traffic_light,
b'\xb3\x0e\xe3\x9b\xed\xcbZg',b'\xe4\xae\x87\\3\xb0R\x0e',on_stopline_traffic_light,
b'\x85g\t\xf5!s[\x18',"b""\xa2`m\xabi\x8dR'""",on_stopline_traffic_light,
b'\xe0\xdaW\x14\xa9eY4',b'z\x94\xcf\xf97/Z\x04',on_stopline_traffic_light,
b'\xe4S\xde\xa2*\xf7^\x13',b'X\xc8\x94qq\xafS\x13',on_stopline_traffic_light,
b'\xc0\xa7H\x98\x06fQ\xbf',b'\xa8\x0cR\xa1z\x8b^\r',on_stopline_traffic_light,
b'\xf6\x08\x04V\xbcX[\x1b',b'H?y\x1f\xb8>P\\',on_stopline_traffic_light,
b'\xfatBy\x9c\xc8[\xad',b'\x86\xf0\x85\xf9\x96\x89[\xd2',on_stopline_traffic_light,
b'*\xcb\x8b\x9f\xba\xb7_Y',b'GU\rW\xc1#T\r',on_stopline_traffic_light,
b'Z8\x91\xd5!7]J',b'\x1b\x9f\xfeE1cZ\xbb',on_stopline_traffic_light,
b'\xc2V\xacX>\x03Z\x86',b'<q\x10#\xb8\x0f]k',on_stopline_traffic_light,
b'AVE*\xa57W\x18',"b'""{\x01\xac\xa6\xb1V\xae'",on_stopline_traffic_light,
b'~58\xc9\xebHXR',b'\xf2Mk<\xb2#[k',on_stopline_traffic_light,
b'\\\x1f+{\x85\x06[*',b'\xeb\xef\xf5\x07dMV\xf3',on_stopline_traffic_light,
b'\x9d\x86\xc78\x88\xf3Y\xd8',b'\xfe\x0f(\xbe\xfb\x1a\\4',on_stopline_traffic_light,
b'\x0f\xc5\xc3{ECQK',b'\x8ez\xe2}/\xebY\xdd',on_stopline_traffic_light,
b'\xfeL\x1c\x17>DZ\xba',"b'""\xa2\x99 \x8c\xfa]\xc9'",on_stopline_traffic_light,
"b'w6o\xc8\xaa""[\xb4'",b'\xdf\x04q\xf0\x13\x01S\xf4',on_stopline_traffic_light,
b'\xa8Y\x8e\x02\xc3b\\\x88',b'\xab\xa2\xce\x98rmS\xd5',on_stopline_traffic_light,
b'\x89\xc4xj?\t_\x00',b'0\x02\x91D\xec\x82P2',on_stopline_traffic_light,
b'\xbd\x80=\x1d\xfa(Z*',b'\xc4\xb5\x1f\x94\xd7\xfa]\xc4',on_stopline_traffic_light,
b'\xcd\xec#\x06\xab\xf6U\xa3',b'\xd21\xb7\xc2{T_{',on_stopline_traffic_light,
b'\x93\xe6v/(CP!',b'\x02}\xcd\xf2+D[p',on_stopline_traffic_light,
"b'\tM""e\xc1\xf9Y\x06'",b'\x02\x99|\xc5W\x82Wv',on_stopline_traffic_light,
b'\x16\x1b\xb69g\xe9U9',b'\x18\xfb\x84\x8e\xdbi_\xd1',on_stopline_traffic_light,
b'\x9e\x1b\xbc-\\AZ\x89',b'\xaf\x87\x12\x98`)V\xbe',on_stopline_traffic_light,
b'\xa0\xce \x90E\xd4_\xf8',b'\x96\x9e\x86\x90u\x03Y\xed',on_stopline_traffic_light,
b'\xf0\xf2\xd2#c\xf0Qr',b'\xa9\x8f\n\x02\xe6fYZ',on_stopline_traffic_light,
b'\x88\xeb*\xd3\xc0\xc3T\x1f',b'\r:\x14ol\x1eQ\x16',on_stopline_traffic_light,
b'\xa3\xef\x19L\xeb\xbdX\x1a',b'5v\x94\x98\x8d!Q\x96',on_stopline_traffic_light,
b'X\xbc\r\x05\xb5\x91^;',b'\x02\xea\xf6\x1f\x16O]\xa4',on_stopline_traffic_light,
b'\xc9!\x8e0[\xd0X\x92',b'\xb1`s\xc8 \xf4QY',on_stopline_traffic_light,
"b"")\xcc'K,7X\x97""",b'\xfc6\xf9\x81\x8e\xeaS\xf2',on_stopline_traffic_light,
b'\x92\x80_0\x9c\x9cP\xe0',b'\x96\xf8\x0e\x8bX\xf3_5',on_stopline_traffic_light,
"b'\xe9XO\xfa,\xf3Rd'",b'2\xff\xd3\x9f;\xb7Ze',on_stopline_traffic_light,
b'7\x0e)@n\x11P\xe0',b'\x91&\xcb\xc4#SV\xe6',on_stopline_traffic_light,
b'5\xd4\x82\xa9\x1b\x8fS-',b';\x8d\xff\xa4\xed\xdfR\x13',on_stopline_traffic_light,
b'\x99#\x81u\x0c;S\xef',b'\xb3\xb0G?*nU\x19',on_stopline_traffic_light,
b'\x97|\xe1\xf7eVTa',b'\x8bb@ -;[\x98',on_stopline_traffic_light,
b'\x95\xf4D\xec\xab Xl',b'jFD\x1d\xe3\xb5P!',on_stopline_traffic_light,
b'\xffU\x87f\x19*T\xf1',"b'\xc06\x8b""\xb1;WH'",on_stopline_traffic_light,
b'U\xf4\xc4 \x93pT\xd3',b')\xfa\xc7\x03n\xd3Wv',on_stopline_traffic_light,
b'\xe9\xe3\xd3r\xe6#QZ',b'\x91\x80^\xb4l1^d',on_stopline_traffic_light,
b'\x0b\\fw\x9e\xa1R\xdf',b'\xc6\xa9xy\xa7R\\K',on_stopline_traffic_light,
b'\xd0\xf4\x1a\xce\xbcFR\x1b',b'\xc7\xad\xc7\xcd8\xc8P\x8c',on_stopline_traffic_light,
b'\x0b\xcb\xd0\xd5\xddyW\xb8',b'\xac\x8e\xf4\xae\x9b \\9',on_stopline_traffic_light,
b'iN\x91|phQ\x97',b'\xd7\xb5\xfd\x94#hS\xc6',on_stopline_traffic_light,
b'w\xac\xef\xdd\xdd\xaeV\x82',b'2\x8b\xa6&t\xc8_\x9e',on_stopline_traffic_light,
b'5\xc8}\x0bS\xa9[K',b'\xaa:\xd4\\r\xdc]y',on_stopline_traffic_light,
b'A\xdf\xe6q \x9aQ\x0c',b'\xe3e\xaf\x8c\x84\xe9R\xb3',on_stopline_traffic_light,
b'\xe9\xbb\x8dT\xfd8SL',b'\xe4fY\xe2\x9c\x9d\\\x10',on_stopline_traffic_light,
"b',\xb3\tDl\xd6X\x1d'",b'\x11\x0fh65\xdbY:',on_stopline_traffic_light,
b'\x8e\xb8\x07s\xe6\x97Z2',b'\x12 T\xcbF\xab_q',on_stopline_traffic_light,
b'g+\xc2\x16\xdcKYc',b'\x18\xe5;A\r\x1cR\xee',on_stopline_traffic_light,
b'\x85\x82\xa8\xaa@\xc3^\x82',b'DqN\x86K\x01[\xd0',on_stopline_traffic_light,
b'\xb4\xa6\xa25\xae\xd6_+',b'*\xa3BX\xbe\xbfR\xe6',on_stopline_traffic_light,
b'\xe6\x1e\xfb>R\x95X\xa4',b'\xf6\x8f\x8b\xb34\x03SM',on_stopline_traffic_light,
b'\xc2\x8e\xb5e5#Wu',b'\xea\x1c=\x12\xca\xc8UC',on_stopline_traffic_light,
b'\x10\x86$\xa9\x02hR\n',b'S\xfb\xc3\x06\xb60RV',on_stopline_traffic_light,
b'\xa5\xd7\xccT\x8bz^-',b'\xf6\xf2\x96\xa1\xad\xdaZ\x01',on_stopline_traffic_light,
b'\xf8m@w\xc4d_B',"b""\xc9\x92'\xf6U\xd7W\x81""",on_stopline_traffic_light,
b'\xd8m\xbf\x16c6]\x08',b'\x98/\x00\x19t9X\xda',on_stopline_traffic_light,
b'\xe2\x96\xff\x9a$rV\xe4',b'\x10\xd4\x89\xc3!j_\xad',on_stopline_traffic_light,
b'~\x8b\xcc\x9b\x8eiQ\xf3',b'\x9e\xf9k\xba\xe8\xf9T\x16',on_stopline_traffic_light,
b'\x1azG\xb9\x8e\xf6Y\x9b',b' \xd0CC\x0b\x15^\xc1',on_stopline_traffic_light,
b'Os\tN\xf60]%',b'P\xb9\xf6\xca\x97\xcb_K',on_stopline_traffic_light,
b'Z\x99\xcd\x8e\xb6^Z\x89',b'kc\x9c\xfc\x03\x9f]\xfe',on_stopline_traffic_light,
b'\xdf\xe1\x03ns\xfdWY',b'\xaed\xd6\x92\x88\xfcT\xcd',on_stopline_traffic_light,
b'C#e\xac$3Q\x1b',b'A\xc8=D\xe0\xa1P\x1a',on_stopline_traffic_light,
b'\x9b=6[\xe0\xe2P\xb6',b'\xa6\x9be\xc6~\x99_\x03',on_stopline_traffic_light,
b'\x0eS\xe8\xefT\x9d]L',b'5\x1ca\x91\n\x0c[\x7f',on_stopline_traffic_light,
b'\x112\xa1\xfa\xc2\\Wk',b'\xd9\x81\x11\xd0S.^\xae',on_stopline_traffic_light,
b'\x16X\xf0v\xc3\x8dRC',b'Bd\xa6\xb86zY\xa0',on_stopline_traffic_light,
b'k\x92\x85u\x9b\x8a^\xe8',b'\xdb\xaaP\x12\x15\xb5Y\xb1',on_stopline_traffic_light,
b'P\xd1sG\xbd\x0cW\xb1',b'k&\x16EH\xcbR1',on_stopline_traffic_light,
b'~\x0f\x18\xe3\x06s__',b'\xb6W\xb5\x16#DUE',on_stopline_traffic_light,
b'\x97\xc6\x02\xf6\xafL\\7',b'\xac\xbf|\xbd\x04\x10T\x9c',on_stopline_traffic_light,
b'\xc2\xe3x\xe1X\xb8S\x87',"b""\x05<\x03'z\x9aR\xfb""",on_stopline_traffic_light,
b'\x0c\x02\xf6\x160U]\x9a',b'\xa6T_n\xd0\xa0U|',on_stopline_traffic_light,
b'\x17nhk{gP\xe0',b'\x0fR\xfc!\xf4\x9cQ;',on_stopline_traffic_light,
b'44\x12\xf6\x1a\xa0VX',b'.\xbb\xe5\x8fR\x92^M',on_stopline_traffic_light,
b'q\x91\x01\xf2#\x07^\x84',b'\xb1\xbaO\x81K\x83Z\xbb',on_stopline_traffic_light,
b'\x03\x0f6\xb9\x8e\x0bY\xa4',b't\x88\x01\x80\x86\x19W\x94',on_stopline_traffic_light,
b'\xfb\xd0\x18\xbb\xa6\xf3^>',b'\xba6\x8e\x98\xfd\x19Y\xdb',on_stopline_traffic_light,
b'\x0cL\x9e\x96\xd6\x17S\xfa',b'\xe6\xfa\x7f`m\xc0UV',on_stopline_traffic_light,
"b'""l\xbc\xc0\xe5\x1bR\xf5'",b'\x02K\xbb\xf4\x91\x12^_',on_stopline_traffic_light,
b';\xed\xa6p\x0f\xf6\\\xe9',b'\x18\xf4e.nBV\x15',on_stopline_traffic_light,
b'\xbdj\xabB\xc5BW\xfe',b't\xb5\xd4O\x08\n[\x81',on_stopline_traffic_light,
b'V\xcaj\x97\xadw[\x8e',b';\xbe\xe3\xb3\x19\xf3Wb',on_stopline_traffic_light,
b'\x0c\xb4\xf2O9][\x9d',b'\nQ\xc0\x96w\xa8Wv',on_stopline_traffic_light,
b'\xb1\xf2\xf7d\xb5\xddW~',b'+\x17\xab\xdd\xf51V\xba',on_stopline_traffic_light,
b'^\xc9k\xe0\n\xf7_{',"b'w@,\x91q\xdeTa'",on_stopline_traffic_light,
"b""',\xf3>>\xe7R\xa4""",b'\x97\xe6\xaf\x1f\xb3\xc5W\x10',on_stopline_traffic_light,
b'\x96\xdc\xa7\xcbB\xdeR\x1d',b'\xfc\xf6h\xfa\r\x7f[\xcd',on_stopline_traffic_light,
b'-\xa9GU7\x90]`',b'\x9f-\xe8\xc9(\xa8R\x9c',on_stopline_traffic_light,
b'\x920\xd5>s\xa8U9',b'\xa4\x98\x1c\x9aF]Y\xdc',on_stopline_traffic_light,
"b'""\xf2\xec\xbc\x1e\xd8WA'",b'#f\xa8\x8f\x9d\xc7X\xde',on_stopline_traffic_light,
b'z)I\xba\xfc\x19^\xca',b'\xdf\xcb\xf3BOw^N',on_stopline_traffic_light,
b'\x07\x9f\xcf<\x94\x1f^\x05',"b""q\xecE\xfb\xcf\xa8Z'""",on_stopline_traffic_light,
b'\xc9u\xa1[\xa2g[=',b'[\x88\xdb>\xc4\xacWe',on_stopline_traffic_light,
b'=\x92v\x83\x1d\x9b[\xc9',b'\xa0AO\xaat5R\\',on_stopline_traffic_light,
b'\xe1a\xc7\x82\xd3\x8bW\x97',b'$\xad\xd7E\x9c`\\\xb1',on_stopline_traffic_light,
b'\xba\xaa\xce\xa9\xe8\x95R\x93',b'\xac+z\x82\xbc\x19S\x8a',on_stopline_traffic_light,
b'\xee\xb7\x12\xd4\x90\x94_\x90',b'w\x19\xe7\x16\x82SW\x83',on_stopline_traffic_light,
b'\x9dq\x91\x0f\x16r_\x92',b'g%@eT\x8eZU',on_stopline_traffic_light,
b'\xdf\x8a>\x13\x03zZ\x12',b'o\x7f@z\x0f\xd6T\x91',on_stopline_traffic_light,
b'\x05\xe9L\x8d\xa4\x95W\x10',b'y\xd0~\xda\x10\xa7S:',on_stopline_traffic_light,
b'z\x0f\xc2F\x9e!P\xc2',b'\x15a\xe2\xf6F\x0bT\x1b',on_stopline_traffic_light,
b'\xe3\xcd\xd2\rq\xabR?',b'@\xb1\xc0`m\x05T\xe7',on_stopline_traffic_light,
b'\x8e\xfe\x97\xff`hZ\xa0',b'\x9b\xbd9M\xa5KSB',on_stopline_traffic_light,
b'\xd2:n\x15g\x15S\xdd',b'\xbd\xeb\xd9wcRZ\xfe',on_stopline_traffic_light,
b'\x7f?\x0fu\xc2\\Rg',"b'""\x15""T YPw'",on_stopline_traffic_light,
b'G\xcd\x1b2S\xd8W4',b'\x82\x9fb0QCV\xb4',on_stopline_traffic_light,
b'N7U\xcd\x8f5Q\x87',b'Q\x1bx\xefV%_3',on_stopline_traffic_light,
b'\xfc\xa6\xc7J\xcd\x06W\x80',b'*\xe4\xab\xc2\xebc[\xd0',on_stopline_traffic_light,
b'|l;\x13\xc8\xa6_\x10',b'\x9aB\xac\x0b\xa6\x9aP\xb6',on_stopline_traffic_light,
b'e\xac\x1f\xebPB_p',b'\xde\xcd\xac\xbd\x83\xd5_\x94',on_stopline_traffic_light,
b'\xa5\xefo?D6\\\xc3',b'9\x97\xd0\xaa\xd7S[\xce',on_stopline_traffic_light,
b'\xa3\xc2!4\xf0I_Q',b'O\x13\x8ang\xc2PP',on_stopline_traffic_light,
b'A.`\x98\x10\x98Zq',b'\xe9=\xca\xa23\x01U<',on_stopline_traffic_light,
b'\xf1\x98\x8b\x96\x88\xcbP\x92',b'\x10\xc1\xd6K\xef\x8bUD',on_stopline_traffic_light,
b'\x9a@\x95\xcd\x9a\xdd^\xcd',b'\xbfS\xf2\x91\x15lS7',on_stopline_traffic_light,
b'4\xc8\x95\x94\xcd\xe5T\xa9',b'\x8d\xa4\x89B\x91\xc9[o',on_stopline_traffic_light,
b'\x92v\xf1\x1co\xf4]t',b'Nj\x9e\xfe\xba\x1dRf',on_stopline_traffic_light,
b'\xc9(F\xe4\x81\xdfS\xb6',b'Y\x1a\xe1\x0c#\xd1]\xaf',on_stopline_traffic_light,
b'\x95\xb2\x9a\x03<\x01VI',b'Q8\x9f\xb2\xd7\xcaYE',on_stopline_traffic_light,
b'\xc4\xbe\xd2\xc1OBTp',b'\x13\x1a\xa9%\x9es^\xd1',on_stopline_traffic_light,
b'\x96\xe1\xcc)(;WW',b'\xf8+W\xbb\xb9P[\xcc',on_stopline_traffic_light,
b'?\x90\x11L\x1a\xf9\\\xbc',b'\x18\xcc\xce+\x98g\\\x0b',on_stopline_traffic_light,
b'q\xdd\xc7\xfb\x8e\xc4W\x02',b'\xef\xc1\x1c\x03qlQ7',on_stopline_traffic_light,
b'\xd3f\xe3\xbe%\xac]\xed',b'l\xdd\x16\xc2L\x0eX\xdb',on_stopline_traffic_light,
b'\xad\x10\x19\x95qv^\xd8',b'u\\\xc3\xf0\x86\xcaW\x92',on_stopline_traffic_light,
b'\x81\xa0\x90>$\xa0R\xbc',b'\xaf\xa0SoD\xb9Uf',on_stopline_traffic_light,
b'\xc0\xd21\xa7\xf2\x84QD',"b'\x84\xb4""\xb3\xd6\x86ZE'",on_stopline_traffic_light,
b'\x84>\x83\xcc\xc7\xa9R\x07',b'\x0eT\xe8\xb8\x11FP\x8f',on_stopline_traffic_light,
b'\xf4\xee\xfa/y\x90^\x84',b'B\x7f\xf0\xc9\xc7\xe8W\xa0',on_stopline_traffic_light,
b'9c\x11\x87\x9cT]\x00',b'\xf0\xf7\xcfZ\xd0\xfbQ$',on_stopline_traffic_light,
b'\xc9!\xcf\xf5\x1c\xf9\\l',b'\xff\xcd\xc2\xbf\xb5$Uo',on_stopline_traffic_light,
b'\xef\xe2k-&\xde_M',b'\x9ei\x98\xa8\xb6\xd0W%',on_stopline_traffic_light,
b'\xa8\xc4\xf1\xea{1P{',b'\xc2\x1f(\xb5\x88\xebPc',on_stopline_traffic_light,
b'\x0ei\x98\xb5\xb7\xdcX\x14',b'p~vg\x13M^^',on_stopline_traffic_light,
b'u6\xce\xfa\x14NY\x11',b'B7\x96\xf2\x15\x7fVb',on_stopline_traffic_light,
b'K\x8f\xe9\xc3\x0f%YR',b'\x8bm\xf0\xe8\x1a\x89Z\t',on_stopline_traffic_light,
b'.k\x97\x93\xceeS\x93',b'\xd7\xaeFYJ%_\x07',on_stopline_traffic_light,
b'8\xd4\xda\x10\xcc\xac[m',b'\xdep\xa7\xd6\xf8+[\x9e',on_stopline_traffic_light,
b'\x8e\xc9\xf6\xbfp\xe1X\n',b'H\x02\xa2\xa4j\xb7R\xf8',on_stopline_traffic_light,
b'0\xae=\x1fv)R<',b'9\x9c\xaa\xa0\x85\xa6R\x01',on_stopline_traffic_light,
b'\xb2*`\xd4\xf6\xdbRA',b'\xf9&\x8c\xb23\x88U\x13',on_stopline_traffic_light,
b'vn\xb9!\xa4n[\xe6',b'A<2a\t\x8eX0',on_stopline_traffic_light,
b'\xfe\xab|\xd7\x18\x0cQ\xe9',b'\xa8\xae\x16\t\xe9\xeeY8',on_stopline_traffic_light,
b'\xcfg8\x80x\x14Y\x04',b'St\xa5\x84f\x92Ri',on_stopline_traffic_light,
b'\xb4?M^\xfd\x7fZ@',"b""\x12H\xc5o'$Rs""",on_stopline_traffic_light,
b'(%\xe9\xe5uoT\x10',b'\xdd\x83}\xcf\xd2_U\xd0',on_stopline_traffic_light,
b'\x9cRs\x06g\x9dVt',b'\xe2\x97\xd4\xee\x95yXz',on_stopline_traffic_light,
b'\x92\xc9C\xe0\x9clWv',b'\x07\xb3\xf0A\x93\x10V%',on_stopline_traffic_light,
b'\x1a;\xc1\x98\xd5bV\xa7',b'\x8c\x9bO\x8b\xe8\\V\xa8',on_stopline_traffic_light,
b'c\xd6\xaf\x9e\xb7\nT\xd8',b'\xa3\x06p\x15\xdfg[\xd2',on_stopline_traffic_light,
b';F\xa8x\x18(Xj',b'\xde\x9f9\x99-\xaa_\x92',on_stopline_traffic_light,
b'\xef\xc0\x91O\x9dnX7',b'\xf1\xc0\x01\xdd\xd9{Vm',on_stopline_traffic_light,
b'\xb2+3\xc2\xa7\xef^\xa3',b'\x0fQ \x12?\xceQ\x03',on_stopline_traffic_light,
b'\xabg^\x98\xec\xeeU\x96',b'|\xb7\xf5\x1b\xd9\xa1^\xd2',on_stopline_traffic_light,
b'\xacb\xbc+\x00\x17Q\xac',b'\xaf\xd53!\xaa1Q\xdf',on_stopline_traffic_light,
b'\x86?[\x81\x07<]Z',b'*5\x0bD\x0c\x98Z\x95',on_stopline_traffic_light,
b'\x8a>\xbd\x93\xdd\x1bP\x02',b'r\x83\x01\x97\xae\x16ZP',on_stopline_traffic_light,
b'\xb3A!\x1d5\x14X\xc5',b'\x80\xc9G\xb7\xf1\xd0Q\x88',on_stopline_traffic_light,
b'I\xc1\x81\xa9\x89\x97W\x1c',b'\xa2\x17\x8b\xdb\xac{V*',on_stopline_traffic_light,
b'\xbawW\x1a\xa6.S\xcf',"b""\xa0\x97'\x85m\x05\\\xa5""",on_stopline_traffic_light,
b'\xe9\xe3\x14\xb5\xa4\xc5TT',b'\x9b\x9e\xbe5\xfe\xcc^\x06',on_stopline_traffic_light,
b'8\x0bE~\xf1\xbfQB',b'\x87]\xca!\xc0\xeaTg',on_stopline_traffic_light,
b'\xfc\xc6\x11\xe4\xe8\x85S\xd0',b'\xc2\x80\xc8\x05\xac\xc8P\xd3',on_stopline_traffic_light,
b'\xff[\xdf\x81h\x1eS\x97',"b'N""\x11\x01\x06\xb1R\x16'",on_stopline_traffic_light,
b'm\xaf\xe4\xd6\x1d\xa7X\xa8',b'_\x82\x1du\xbd\xdaZ\xcc',on_stopline_traffic_light,
b'z\x81\xa7~\x8a\xcaV\x81',b'\xc9\xf4\x1d\x98\x0b\x12W\x86',on_stopline_traffic_light,
"b""\xc4\xb2\x12\xdd'\rX\xb8""",b'\x0eq\x046\x90\xd2Y)',on_stopline_traffic_light,
"b'\x18\x97\x88\xf4,\xe3X\xdc'",b'\xc8\xb3\xe3\xee.\xe9^B',on_stopline_traffic_light,
b'!\x17\x19\xa2>0S\xcd',b'\xfd\xea\xd2\x11\xadcR\xe7',on_stopline_traffic_light,
b'\xdf\xfa\x82J\xe62_U',b'\xefM#\x00\x9d\xdeSg',on_stopline_traffic_light,
b'\xb8\x10z\xb8<\xbfX\\',b'\x96\x08\xb4\xf5\xd5\xf8_\xe6',on_stopline_traffic_light,
b'\xf8\x83!\t\xb0OT\xf8',b'I\xb8\xcb\x10\x0cK\\\xf3',on_stopline_traffic_light,
b'\xa3\xe9\xc4\xdc\\\x8cY\xae',b'\xdd\xc4\x81G!\xd2XA',on_stopline_traffic_light,
b'&\xea\x9c\x8f\xe81]6',b'\xc3\xfb\xca\xb6\x9f%V\xf5',on_stopline_traffic_light,
b'\x86\x02\x12\xacF}_\xb7',"b'\x13\xb0\xf8\x93\x85\xe1_""'",on_stopline_traffic_light,
"b'\x9b\xfa\xd2\x02\xea\xdeQ""'",b'\xe8\xabl\xcfE\xf3[A',on_stopline_traffic_light,
b'\xf0\x8e\xb1\xb6\x17\x83Y\xf6',b'\xdc\xbd\xefB\tm[6',on_stopline_traffic_light,
b'X\x95\xeb\xd61VT\xa7',b'\xa6C\xcf\x97\x99Q_C',on_stopline_traffic_light,
b'\xf3\x15iQ\xec.S^',b'\xe0#R\xcf\xf5\x00Z(',on_stopline_traffic_light,
b'\xf4u\x11\x99\x11\x1bU\xc8',b'\n\xbc\x9erI\x0f\\\xe6',on_stopline_traffic_light,
"b'""\xe7\xac\xe4[\xddQ\xdc'",b'\x87\x9e\x10\x13\x8d\xdd[\xe3',on_stopline_traffic_light,
b'\xd6\x02\x84\xa8l\xc7Y\xa2',b'%/\xb2\x11M\xf1\\\xc5',on_stopline_traffic_light,
b'1zi\x80\xe6jZ\x1e',b'\xacB\xaeQY\xa0Q\xfe',on_stopline_traffic_light,
"b'(""\xc3J\xb36Q)'",b'w\xa1\x88\x17G\x93\\\n',on_stopline_traffic_light,
b'\xb3\x97\xa3z\xd0EW\xcb',"b""l\x8b\x83\xfa'\xba]\xa8""",on_stopline_traffic_light,
b'\x0c`\xbf\x96\x16\x97Vz',b'%\xf9o\xdbONT\xff',on_stopline_traffic_light,
b'\x1b\rU\x17\xa9\xa1W\xc0',b'\xf0\x0f\x07\n>KU\xac',on_stopline_traffic_light,
b'x\xb8\xbc\x1fV\xbaU\xf0',b'F\xac\xbe\x97\x80-P\xae',on_stopline_traffic_light,
b'\xb6\xe9\x1cZ\xbb\x81_\x16',b'\xc7^\xe2\xdf;\xdcRb',on_stopline_traffic_light,
b'V\xc3&\r\x04\xb1U6',b'!r|\x18\xae\xf2V\xa7',on_stopline_traffic_light,
b'\x1c\xbd\\\xb0\x0f\x08_}',b'\xd0[\xd8\xf6\xcd.Z\x91',on_stopline_traffic_light,
"b'3""\xfa\xbd\xe2!U\x99'",b'\x8b\x83\xdd\x9a\xc8\xe6P\xd9',on_stopline_traffic_light,
b'\xd1LSY\xc8<^\xbb',b'\xd6\xa5N\x9eUFVx',on_stopline_traffic_light,
"b""\x0ch\xf9:'\x8fR\xee""",b'\xdc\xc9bg\xe9\xbbT\xe2',on_stopline_traffic_light,
b'\x9c\xbcK\xea\x1f#W\x95',b'iUn\xea\xf7\x83_\xb8',on_stopline_traffic_light,
b'\xcd\xe8\xb2\xb7@\xbeV\xd8',b'\x85\x03\xb2k2\xa4^I',on_stopline_traffic_light,
b'[\x93\x7fb.dV\xf7',b'9\xbf)\x00/\xeeW\x81',on_stopline_traffic_light,
b'|\xed\xc6\xa2\xac\xbdR\x90',b'b\x8e\xb7\\r\t[Y',on_stopline_traffic_light,
b'\xac~:E\xa6-X\xb3',b'o\xe9\xa3Y\xdfmQ\x16',on_stopline_traffic_light,
b'\xd7\xa3\xe1\xb7L\xd0W\xa1',b'\xc3fq*\xb4\xd0Q\x8c',on_stopline_traffic_light,
b'\x87AC\xb6\xc9\xe2[\xf0',b'\x0f\x8e\x1b\x86\x00\xc1V\xed',on_stopline_traffic_light,
b'\xc0!\xc6e\x17\xcbS\xf0',b'\xdb\xe5\x1e\xa3\xd0\xc3Zx',on_stopline_traffic_light,
b'\xe2eT\x16\xebrT\x14',b'\xfb\x972\x13#\x9fP\x8a',on_stopline_traffic_light,
b'\xbc\xff\xad~\xda\x80\\<',b'J\x0c\xd6\xaa\xbe\xc4TD',on_stopline_traffic_light,
b'\x8a\x93\x88\n\xe4\x85\\\xc8',b'\x01\xe7\x8f\xc1\xc2\xe3Z\x95',on_stopline_traffic_light,
b'\xff\x02\xab*\xac\xc6_\xd5',b'/\x03\x84\xab\xed\xae]R',on_stopline_traffic_light,
b'\x90\t\xce\x00T\xb8W\xfd',b'}\xb7t\x86\x0e\xfb]\xeb',on_stopline_traffic_light,
b'\xb7/X\x01\xa7JY/',b'\x15\x12PH)\xb7W\xaa',on_stopline_traffic_light,
b'\xea\x15\x92lj3S\xcc',b'<\xab3\x03\x08\xe8U\r',on_stopline_traffic_light,
b'\x94B\x86\xcc\xb0\xbbT\x9b',"b'\x0c.\xd2\x85\x93\xddU""'",on_stopline_traffic_light,
b'\xfdgs?(\xea^y',b'\xcc\xde\xf3\\]#Y\xf4',on_stopline_traffic_light,
b'TNF]\x90[P\xbe',b'\x8b\xc6i\x9a\xeb\xf4]\xa2',on_stopline_traffic_light,
b'\xe72I\xb6\xfc\xfaV\x10',b'8N]\xee+\x02^k',on_stopline_traffic_light,
b'\x00\x16\x8d\x1dA%T\x0b',"b""'\x92\xa2\x01\xf3\x9bZW""",on_stopline_traffic_light,
b'\x00\xb5\xac+;}^\x84',b'x!\xbaj\xcdZWP',on_stopline_traffic_light,
b'\x0f/8\xef\x1aFX\xd1',b'-\xc8\xb2\\\xfa\x80_\xfc',on_stopline_traffic_light,
b'\x15I\x96\x998FR\xda',b'4?)\x8as\x83^<',on_stopline_traffic_light,
b'\xe9\xf2\xb0\xb5`xQ!',b'\xc4\xf2\xf1\xf73\x01Y]',on_stopline_traffic_light,
b'\xf4zK\x1d\xfa\xfa_\xc2',b'\x12\xd6m\xa1t\x9bR\x05',on_stopline_traffic_light,
b'6\xac}\x08\x06iXL',b'\xb99\xe3\x08n\x96P7',on_stopline_traffic_light,
"b'\x12\x8d\xcd\xc4\xe6\x9bS,'",b'\x19\xb3\xdfH\x16-_\xf3',on_stopline_traffic_light,
b'\x94|/\xb5\x809^;',b'e\xf5\xf5^\x18\x86Tp',on_stopline_traffic_light,
b'~\xc3`\r\x0e\x8d]\xa5',b'\xd0\xad\xf4\x1d~JZa',on_stopline_traffic_light,
b'\xbfb\xddc\xbd\xb8TP',b'I4\xde\x15\x1d1]\x94',on_stopline_traffic_light,
b'{SpCo\xeeX\xd2',b'\xf5B\xe5\xeb\x88\xa8Xk',on_stopline_traffic_light,
b'\xff\x89\x04f\x05\xe9[\x9a',b'\xfb\xbf9\x12\xc0\xccT\xac',on_stopline_traffic_light,
b'\t\x86\xa7\xfa\x18+_g',b'g`j\xbbs~_j',on_stopline_traffic_light,
b'\xee\xb2\xcd\xa95\xd5Yk',b'c\x16\xab\xc1\x94\xc0[\xed',on_stopline_traffic_light,
b'\x86V\xe0-\xfaI^\xa8',b'\xaaH\xdf y\x19WD',on_stopline_traffic_light,
b'n\xa5\xd5T\x1b\xab]\x06',b'\x94\x91\x144\xa5\xd7^\xea',on_stopline_traffic_light,
b'\xb3\xc9\xfcT\xc6\xd3U\xab',b'T\x88\xb4$\x849^\xd6',on_stopline_traffic_light,
b'\x07\xe9m\xaf\xf5\xb6Sf',b'\x85\xc3\x97\x19\x83\xe6\\\xb1',on_stopline_traffic_light,
b'\xdf\xad*\x01\x89W]\xea',b'\xee\xd8\xaf\x11\xb5\x02U\t',on_stopline_traffic_light,
"b'\xb7\xca\xe5\xa0,^]\x91'",b'\xe9\xeckk\x1b\xdd_<',on_stopline_traffic_light,
b'\x97\xd8u\x0f{\xadV\x7f',b'\x86\x9f4\xeb\xfcVV\xf3',on_stopline_traffic_light,
b'I0W\xf2\xf0b[\x03',b'\x9d\x08\x94\x8fh^\\\xd6',on_stopline_traffic_light,
b'\x8e\xe7\xd4Y\xd5\x85P\xaa',b'\\\x14D\xe2\xa0\x85]\xa1',on_stopline_traffic_light,
b'\x8b\xdbe$\xd4\xf5X\r',b'\x9b\x89\xe2\xf3:\x99VG',on_stopline_traffic_light,
b'\x94s\xd0\x11\xce;^\xd3',b'}\xed\x06\xb6_\xee]\x86',on_stopline_traffic_light,
b'A\x8eh5\x84\nP]',b' \xcc_7K\xf0T\xdb',on_stopline_traffic_light,
b'i\xf4\xfb\x04I\xbd^)',b'\xf7Q\x05\xbd\xb9\x14Q\x9c',on_stopline_traffic_light,
b'\x96\x02At\xb9\xc8R\xbd',b'icY>Z)U\xc2',on_stopline_traffic_light,
b'[$\x05BU\xf8]p',b'\xe8\xa4\xc5\x01\x81#_Y',on_stopline_traffic_light,
b'7\x88\xc5\x0b\x04sX\x90',b'\xfa\x06\xaf\xe1:\xfa\\N',on_stopline_traffic_light,
b'f=\xe3%\x04\xf2Y\x87',b'\x17s\xbd]\xde!V\xca',on_stopline_traffic_light,
b'\xc4\x0cGW\xa6\xfcT\x14',b'\x04\x06S\n\xd4\xf7\\l',on_stopline_traffic_light,
b'\x9b0 \x1d]\xf3T\xbd',b'\xf3@\xa3\xb5\x95_V_',on_stopline_traffic_light,
b'\x1d\xc3z\xd0I\xc4Y\xf2',b'\xb0\xe5\xbcKj\x83X\xc0',on_stopline_traffic_light,
b'\xda\xc3TS\xce\xc0Y\x12',b'\x10\x94\x9c\xb4\xc4\x82S\xc5',on_stopline_traffic_light,
b'\xd1\x9b\x86d\x90\x1b_\xbe',b'D(R;\xe3#Ra',on_stopline_traffic_light,
b'^\t\xd4XD\xd7]\xd4',b'\x1e\xbf\xd9\xa2V\x1dQ\xcd',on_stopline_traffic_light,
b'\xb8\xaaP\xa6\x12\x1fT\xb7',b'\xe0\x9eG9.\x0b[i',on_stopline_traffic_light,
b'b-\x1b \xd8\x9cU`',b'\xf1\xca\xd3s\xeb\x1fXr',on_stopline_traffic_light,
b'|5\xeb\x9b\xde\xdfRp',b'3~\xc6\xe6\xa0cV\x98',on_stopline_traffic_light,
b'\x8c\x1f\x1b\x95\xb7>\\\xa2',b'3M\x885l\x16T/',on_stopline_traffic_light,
b'\x82cH*#\x85S\x8d',b'\x19\xaet\xf4\xb9`[\xf3',on_stopline_traffic_light,
b'\x92\x0f\x05\xe4\x93\xafQ\xdd',b'\xee\xb2%:\xf3QX\xe6',on_stopline_traffic_light,
b'\x05%>\\\x7f>^?',b'\xd9\x94\xc1e#\xa5[&',on_stopline_traffic_light,
b'\x15\x0e\x86\xe6O\xaaZ\xf5',b'k=\ng&\xacR\xb2',on_stopline_traffic_light,
b'.$\x97\x9f\xa3\xb9SR',b'\x8a\xd36\xd31\xa9Y\xf0',on_stopline_traffic_light,
b'\x8c/7\x06\t\xefY\xdd',b'\xc9\x8b\xf9\x89-\xf8PF',on_stopline_traffic_light,
b'\xbb\x08\x9bwz\xadW\x82',b'\xe0`\xf2\xe0\xf2\x8cT\x80',on_stopline_traffic_light,
b'\xeb\xb7G\x05\x8b\xbdX\xea',b'\x84\xa0\xea|\x89{]\xef',on_stopline_traffic_light,
b'8\xb19Q\xeb\xf2[]',b'\xbf\xe6\xda\x19\xa7\xa9Vc',on_stopline_traffic_light,
b'\xd1\x14\x97|\xbd\xb2R\x0f',b'\xc9\x05\xb4S\x08jZg',on_stopline_traffic_light,
b'\x01.\xcb\x15\xcbZW9',b'T$3N\x0f\xb5\\2',on_stopline_traffic_light,
b'0\xa3\xde\xc4\x8c\xaf^\xf0',b'\xd7\xaa\x9bI;\xc6Q\xa7',on_stopline_traffic_light,
b'\x16\xa1\xfb\xebG6[w',b'\x9d\x08\x07\tD\x9e]\x9a',on_stopline_traffic_light,
b'{\t\x05\xed\xb5\xf3V4',b'M\xe4B\xf3M\xf3V\x13',on_stopline_traffic_light,
b'\xb3\xaeO\x1e\xfd\xc7U\xdd',b'\xfc8\x1d\x11GtTQ',on_stopline_traffic_light,
b's\x08<Ce\xa2^)',b'\xdf\xb5\xa2\xb9\xcdn[B',on_stopline_traffic_light,
b'\xdeR\xde&\xa3s^-',b'd\xfe\xfe\xe5a0Z[',on_stopline_traffic_light,
b'\xe2h\x9b\x98\x97\x8b_~',b'h\xf1F\xf3\xa7FWY',on_stopline_traffic_light,
b'.\xf69A\xee\x1fS%',"b""b\x9d\xd3'^\x15YO""",on_stopline_traffic_light,
b'\x19\xf4\xf2\xceh\xd3S!',b'\xbb\xe6 \xfdN\xb9_9',on_stopline_traffic_light,
b'\xc9\xfcY\x87`\xf8YT',"b'\x17\xe4E\xf8""\xf3_\xeb'",on_stopline_traffic_light,
b'\x009\xd9\xe8\x96\xc2_\xde',b'\xbf\t\xa7p\x18\x7fP\x0c',on_stopline_traffic_light,
b'\xf5ok7\n-V\xc7',b'\x1e\x19\x910\x13j^\xfd',on_stopline_traffic_light,
b'/\xdc\r1u\xcbP\xf0',b'\xe7<#}r\xcc^u',on_stopline_traffic_light,
b'\tm\xffx\xc3\xef^?',b'pC\xc7\xbfB\x9eP\x9b',on_stopline_traffic_light,
b'(\xd5\xa5\x82\xaa\x8f\\\xfc',b'\x9a\xc3\xdf\xd5\x17-_E',on_stopline_traffic_light,
b'%\xde\x02\xba\x12\x7f]\x98',b'\xc7\xd4W\x1fJ\xb2_\xdb',on_stopline_traffic_light,
b'\xc5\xaf\xb8\xca\xdc\x81PO',b'P\xd9\x8f\xed\x0f\xfe^\x94',on_stopline_traffic_light,
b'.yx\x87UvU]',b'\x86\xd9i\xffa\xb3W\xce',on_stopline_traffic_light,
b'\x86\xf7Bu\x12\x15]\x8e',b'C\xb4\xde\x8f\xd0/V\xc9',on_stopline_traffic_light,
b'N\xbc{\xcfD\xe5S\xb7',b'\x181\x06\x05\xdd\xb9Y\x84',on_stopline_traffic_light,
b'\xdd\x15\x96E\x8ayY\xa8',b'+A\x9d\xa4\x11\x9f\\\xe9',on_stopline_traffic_light,
b'\x92\xe1\t\x84\xb7/W\x9c',b'O\x8cO\xde\x9f\xccUk',on_stopline_traffic_light,
b'yT\xd5\xc7\xc8\x13]&',b'\xcb\xe3\x9fB\x15\xf1V\xbb',on_stopline_traffic_light,
b'n\xf3%\x83n\x90T\x90',b'e\x1d\xff\xcc\xdaG^\xe2',on_stopline_traffic_light,
b']1\x0b\xd6u\xdeS\x8b',b'/\x0e\xd6\xec7nPa',on_stopline_traffic_light,
b'\x13\xb6\x9bJ:\x8aW\xd0',"b'\xd7\xc2\x08,\x89\x83\\t'",on_stopline_traffic_light,
b'w\xc2\xael\x8f\xb7Z\xe9',b'\xf2\xd0NTv\xdeY\xd0',on_stopline_traffic_light,
b':\xa7}*\xfe\xb7Y\xe3',b'\x05{\xd7\x85\x93ZZ\xa5',on_stopline_traffic_light,
b'3< \x19\x81B]\x88',b'd\xcf\xb2\xcb\x82\xa5S\xd3',on_stopline_traffic_light,
b'\n\x15\xd3\xd8j)VF',b'H\t\xaaf\xa6j^1',on_stopline_traffic_light,
"b'\xd4\x03\x80\xed\xea,Y\xfd'",b'\x9d\x97\x13w\x90\xabV\xc9',on_stopline_traffic_light,
b'CG\x01\x8aVfSP',b'\x08\x7fc\xafc9X\xdb',on_stopline_traffic_light,
b'\xac\xb7:\x84y\xe0Y\xe4',b'\xbaE\xb2\xbcE\xd5P\xf9',on_stopline_traffic_light,
b'\xda\x15\xa2m;\xf6RT',b'\xf4\x1a\xf3\xaddA[\xe0',on_stopline_traffic_light,
b'\xdb\x04\xd7\xb8\xd5l\\*',b'+D\xd5\xf9\x9c)RN',on_stopline_traffic_light,
b'\xeb\x82\xb6\xced\xa2Y\x92',b'\x1f\xe7s\x9f\x9a\xc3^\xea',on_stopline_traffic_light,
b'\x92\xdb\xf0\xcaf\xd5^\xe7',b'^\xbd\x0e\x92\xafzV\x0b',on_stopline_traffic_light,
b'\xfc\xf3k\xd7\x82b\\\x9b',b'\x88\xda\x1a\x838\x89UH',on_stopline_traffic_light,
"b'b\\\xc1PQpW""'",b'\x12\xfa\x8a\xb76\xfeY\x99',on_stopline_traffic_light,
b'\x93\x1c\xdc\x87\x1c\xdaP\xa0',b'\xdb\xa2\xf5aj\xac^\x8b',on_stopline_traffic_light,
b'\r!HS\xf4?W0',b'Z`\x88\x9a\x7f\x9eU9',on_stopline_traffic_light,
b'\xdd0A\xe5\x8e@P)',"b'J\x06\xc4\xbe""\rZ\x90'",on_stopline_traffic_light,
b'Y\xf7\xb6\x0c\xbb\xf2P\x08',b'\xdd<\xea\x8f\x12qV\x12',on_stopline_traffic_light,
b'\xb5>\xd0\xcfdBU7',b'\xfa\x81\xbbRQHR%',on_stopline_traffic_light,
b'Y\xe1\xcfj\xd5\xba]\xd8',b'X\x97J\xc0`\x05P\xa1',on_stopline_traffic_light,
"b'c\xaf)@\x95*X""'",b'\x80X\x179\x9d\xcc_%',on_stopline_traffic_light,
b'\r\xa3\n\xa23\xfdR\xcc',b'Dj\x08\\\xe7\xdb]\x19',on_stopline_traffic_light,
b'\xea\xe2\xa2G\x0e\xccQ\xee',"b""\x7f\xb2]'\x15\xcaS\xad""",on_stopline_traffic_light,
b'm\xe1+{\xd8\xbaU\x82',b'0f\xd0\x08\xef\xd8Ve',on_stopline_traffic_light,
b'7}\x9e\xfd\xf7\xad\\\t',b'5\x80db\xe3$Ry',on_stopline_traffic_light,
b'\xca\xf9\x9f\x95\xb8{SS',b'\xbe\xea\x0b\x9c\xec7Xb',on_stopline_traffic_light,
b'\x0c\xfdO\xfa\x15t[\x8b',b'\xa1B\xcf\xfa\x16\x06U\xfe',on_stopline_traffic_light,
b'\xab\xd936\xe1[X\x18',b'\xac\x9d\x19\xe9:w]2',on_stopline_traffic_light,
b'v\xfd\\\x0f0\xcaWt',b'Z\x14\xb6%hDU\xb9',on_stopline_traffic_light,
b'{\xbai\x083\x1fUd',b'\xed)L{\xa3\xa1^\xad',on_stopline_traffic_light,
b'hZnp\x97\x8fT\x9e',b'P\xd6\xa2\xb8\xddlQ\xd6',on_stopline_traffic_light,
b'\xddF\xfa\xb6\xc3\x8dP\xaa',b'\x8aU\x8d\xeee\xdeSq',on_stopline_traffic_light,
b'\xf1\x15@\x02\x9f\xe4_\xe6',b'\x8a\xa3\x87\x9f\xad&U\xb9',on_stopline_traffic_light,
b'iU\x05_\xf4\xa5V\x95',b'\xeej\xd8d\xcd+TR',on_stopline_traffic_light,
b'H7\xe0R\xe6P]u',b'q\xc9\xcc\xf9A\xa4P\xf9',on_stopline_traffic_light,
b'\xa3\x80Ec\xdf\x16X\x06',b'\xfd\x92\x805\xc9\xc9_1',on_stopline_traffic_light,
b'\xe3\xaa\xa8\xb25\xddQ\x86',b'\xf8\x82\x1b\xafe\xbaP\x0f',on_stopline_traffic_light,
b'\x80\xfd\x03\x150\xeaZl',b'\xf2\xd3\xa4\\\r\x15[\xaf',on_stopline_traffic_light,
b')\x97p\x82#\x13Z+',b'1\x05\x0b\xa2}\xacR}',on_stopline_traffic_light,
b'Tm\xa5TH\x1eU\xcd',b'J\x8d#\xf5\x87\x02Y\xb9',on_stopline_traffic_light,
b'\x15(1\xea\xe9GRE',b'[(\xedk\xed\xd0Sw',on_stopline_traffic_light,
b'\xce\x91\x1dRZ\xbcU+',b'\x18\xa0\x8c\xe0\xa1\x1aU\xd0',on_stopline_traffic_light,
b'\xc9)\xe1\xd2\xb0SX\xd5',b'\xa4\x0eE\xc3{\xfc]\xba',on_stopline_traffic_light,
b'+\xe1HfQ\x80[5',b'\x8c\\\x9b\xa5K\xf9S\x9b',on_stopline_traffic_light,
b'\x16\x15\xbd=\x8e1QD',b'bS\xba\n\xbaOV\x17',on_stopline_traffic_light,
b'\xe0N\x0b+u#WY',"b""\x7f\x10\xcd\x9e'\tU\x85""",on_stopline_traffic_light,
b'p\xad\x16\\\x83K][',b'\xb3\xba~\xc5(\x9dR\x11',on_stopline_traffic_light,
b'cQ0qH\xb0_\xe0',b'F\xba\xa7\xa1\x0e\xe7V&',on_stopline_traffic_light,
b'\x1f\x0f \xc9\xc1^Uz',b'e\x9e\xa0\x18C\xa1T<',on_stopline_traffic_light,
b'\x15~\x82\xee\x8bH^\xa4',"b""\x96'\xb3\xad@\xf1_*""",on_stopline_traffic_light,
b'E#\xeam\xb8\x08W\xdf',"b'V2\xaaJ\x0b\xe4W,'",on_stopline_traffic_light,
b'\x16\x8c\xe2:\xbc_X\x0e',b'\x92jt\x0b\x1b\xcd[\xc0',on_stopline_traffic_light,
b'\xb8\xcb\xdeAs\x85T*',b'\x83\xbd\xca\xd5\xe0\xe4R\xa2',on_stopline_traffic_light,
b'F\x0b\x8a\x90\xf5\xf8U\xde',b'g\xc3\xc1=G\xe5P\xd5',on_stopline_traffic_light,
b'\xd5\xf3P\xf0F?T\x1e',b'%|\xa3=\xdel\\\x17',on_stopline_traffic_light,
b'\x9d\xe6m0n\xbeQ\xf9',b'B;\x157d\xa5Z\x1e',on_stopline_traffic_light,
b'{\x11\xadP\xba3[\x86',b'\xa1)\xb6+\x14\xbd\\\r',on_stopline_traffic_light,
b'\xc3\xc2\x9a\xf2\x939]\x07',b'c\xe5XF\x0e5T\xb6',on_stopline_traffic_light,
b'C\xa1\x15\xe8-jZ\x9e',b'\xdf\xc8tx\x9aQR\xb4',on_stopline_traffic_light,
b'\x1f\xf1I\x9c\xa8 P\xcd',b'\x17&\x9c\x8bTBU\xf6',on_stopline_traffic_light,
b'\xbc5\xefcy\xa3P\x92',b'\xd4\x8ccE\xfe\x9bP\xc1',on_stopline_traffic_light,
b'=\x9f\xc4\x0e\xaa6R\x1b',b'f\xcf\xed\xb76\x1cV\xff',on_stopline_traffic_light,
b'lAZM\xb9\xe3\\M',b'&\x87J\x16\xa2\xdeV\x07',on_stopline_traffic_light,
b'\x1b8~&#\x8c_\x8d',b'\xc9\x8d8W\xc5\xa7V<',on_stopline_traffic_light,
"b' \x08\xc1J\x06\xa8^,'","b""'G\x19.\xae\xd1S\xa9""",on_stopline_traffic_light,
b'\xf7hS\x9fA\x9fQp',b'\x15a\x8c\x96\x1e>ZK',on_stopline_traffic_light,
b'\xfd7\xfe\xbd\xd7\xedY\x1f',b'\x14\xe2\x8c\xe8\xfa\xcc[j',on_stopline_traffic_light,
b'\x15l\xf8u\xe5\xdaV\xb2',b'\x99\x93\x0cHH<Y\x03',on_stopline_traffic_light,
b'\x91\xe4\xe3\xa3r\xacP)',b'\xcem\xb2W\xf6\xffWm',on_stopline_traffic_light,
b'h\xb1p5\x12uU.',b'\x86~\x99\x1a\xbb\xa8\\\xf0',on_stopline_traffic_light,
b'\xcd\xc3\x14\x03\xfbEP\xad',b'\xf6}\x12\xf6xfV+',on_stopline_traffic_light,
b'D\xef$DB._y',b'r\x8c\xb9\xda\xb1\xf3\\\xcf',on_stopline_traffic_light,
b'H*\x1f\x07\xa7$\\\xd9',b'\xceJ\xaa\xc2[\xce]\xa2',on_stopline_traffic_light,
b'\x86\xd0\xf8\x98\xbd\x13U\xf0',b'^\xb75\xa1\x89(W\xd3',on_stopline_traffic_light,
b'\xd4wI\x1fb\xe0W\xee',b'\xc9\xcfb\n\xe8\xd6R\xfb',on_stopline_traffic_light,
b'&\xdb\xc6TB1P\xfb',b'\x93\xc7\xec_L\x9bS\xc8',on_stopline_traffic_light,
"b'\xdb\xc3\x7f,}\xf7\\*'",b'RC\\\xe6U[XK',on_stopline_traffic_light,
b'\xc8V\x8d\x8f\xf9\x93Y9',b'\xdf\x84\xa4\xb1\xac\x94[p',on_stopline_traffic_light,
b'\x18\x7f\xdbtB\xc6V\x14',b'\x0f\x7f\x11\xb1\x9b\x0f[E',on_stopline_traffic_light,
b'&\x81\x04\xf8\x8a\x1d^!',"b'e,!q\x07rQ\xde'",on_stopline_traffic_light,
b'\xa1E\x9b\xf6%\xc4Z\xc6',b'\xc7i\x9e\xae@\xafT\xe5',on_stopline_traffic_light,
b'\x90]\x90\xea\xaa\xcbUV',b'\xa1O\xe2\xbcF\xdaT\xff',on_stopline_traffic_light,
b'\x83\xf4Qa\xdb9R\xe1',b'\x1c-\xf5\xc9\xc92R\xb7',on_stopline_traffic_light,
b'$\x0c\x94\xc5\xfd\x93Q\xa0',b'y\xc8\xfa\xc5\xb1&\\\xf0',on_stopline_traffic_light,
b'\xa4\xff\xcb\xbc\x96\x15_-',b'\xf4\x8c\x96\x1b!ZXU',on_stopline_traffic_light,
b'\xa0\xb5\xad\x89\xcf9W#',b'\xa7\x81?\xaby\xe3Qq',on_stopline_traffic_light,
b'?\xa2)\xd6U\xfb\\\xdf',b'd 1\xb44\xadZu',on_stopline_traffic_light,
b'\xf5\xf3Q\x17\xd0\x92Xt',b'\xc6\x18-\xb9\xe0AU\x08',on_stopline_traffic_light,
b'\x7f\xd5\x06\xffW~VR',b'\x05\x08\xf6\x85+\x19^O',on_stopline_traffic_light,
"b'\x98\xa9,\x87` P\xa6'",b'\x9f\xedG\x1f\x19\xdf[\x8d',on_stopline_traffic_light,
b'\x93M\xe0\xc4\x0c\x8aQ\x8e',b'h\xe4~\xfew\x1a_\xe1',on_stopline_traffic_light,
b'hl]\xb3\xf1\x1d[~',"b""\xa9\xeefy\x86'[u""",on_stopline_traffic_light,
b'\xea\xb7\xec\xa1\x08DS{',b'\x96x\xcd\x0e\xe2\xe1RK',on_stopline_traffic_light,
b'\xca\xd2\x14WK\xedU\x00',b'\x1e\xbbZ)o\x8cZ\x00',on_stopline_traffic_light,
b'\x9eWD\xb6plZ\xba',b'C\xea\xceI\x18\x80Q\x0b',on_stopline_traffic_light,
b'T\xa2\xc2>\xb2\x7fUf',b'\xa4\x83j\xbd\xfd\xfeY\x87',on_stopline_traffic_light,
b'G\xd7U\xfd\xa7\xf9Sn',b'\xe4\xc8\xc9\x99\xf3\xb7R\xe3',on_stopline_traffic_light,
b'\xd2a\x8c\xbbn\xabP*',b'\xcaO$ \xa0\xa5^\xfe',on_stopline_traffic_light,
b'\x8f\xc4^\xf3\xc1\xe5T\xb9',b'\xe9\xaas\x8dn\x9dV\xd3',on_stopline_traffic_light,
b'\xab\xdd\xf2\x0f5\xbcT\x1f',b'P\xa7(?\xef\xc9Y\x9a',on_stopline_traffic_light,
b'/q\xa7\xdd\xbd\xc5Tt',b'\x8b\xce\xec\xb9\x19\xefX\xa8',on_stopline_traffic_light,
b'\xf4n\x17NgDR/',b'\xacc\xe7\x14\xfdgVW',on_stopline_traffic_light,
b'\x17\x9f\x05\xfc\xcc\xaeZ\xce',b'xy\xe02\xfc\xf8]\xb6',on_stopline_traffic_light,
b'@z\n\xca\x85\xc6P\x88',b'\xe3\xecP\xaf[\xa5UW',on_stopline_traffic_light,
b'j\xbf\x8es\x00dP\x95',"b'\xda\x12""O\x07\xa0P\xfe'",on_stopline_traffic_light,
b'\x18\x83c\x1fW\xab^\x03',b'T\xcc\xdf1K1V4',on_stopline_traffic_light,
b'\x0e8\x83\x041ZS\x8a',b'\xe3\xf6\x88\x91\x12\x9fQN',on_stopline_traffic_light,
b'\x9fE\xec\xfc\xf7\xa7U\x01',b'\xde\xcen\xb0\xa9\xb4S\x8e',on_stopline_traffic_light,
b'j\x8bx\x8e\xe8\x84_\r',b'\x10\xf6\x8c\xb9u\xfcX\x82',on_stopline_traffic_light,
b'\xc7\x9d\xcf\x10\x8e-_|',b'Cw L\x91\xc3P\xf6',on_stopline_traffic_light,
b'\x1ea\xabM\x94\xd2Z\x0f',b'0\xe9\x01U\x899V#',on_stopline_traffic_light,
b'\xa0\xbb\xf2\xa7\xd8\xb1Yg',b'\x07k\xd9~\\\xd2_\x18',on_stopline_traffic_light,
b'\xa1\xb51\r^\xa8_\xd4',b'}\x9f\xa2x\x0cZ\\s',on_stopline_traffic_light,
b'\xb3\x84\xaf\x06\xa4\xdfRf',b'!D\x01\x9cb\xbeR=',on_stopline_traffic_light,
b'U\xc1r\x1b\xae\x92Y\x97',b'\xaf{1\xef\xad\xd6[O',on_stopline_traffic_light,
"b'""2\x12\x13\x81\xe2[L'",b'C\x06\x13\xbc\xdf\xd5R4',on_stopline_traffic_light,
b'KH&\xe3\xa3\xd8V\xc7',b'`\xd3\xef\xe3\xc3*_\xb4',on_stopline_traffic_light,
b'\xe4t\x87\xaa\xa0GRW',b'\xd5|\x1d\x86\xec&[\xfe',on_stopline_traffic_light,
b'\x9d\x97G\xd7\x17\x03T\xf7',b'\xab\xd79\xf1\xe9._\x1c',on_stopline_traffic_light,
b'\xc7Z\xb2\xe6\xef\xa3PU',b'\xedR\x9a*\xd4\xfb\\\xf7',on_stopline_traffic_light,
b'\x13.J\x19\x18-U\x91',b'@\x96a\x83/vR\xb7',on_stopline_traffic_light,
b'\xc9\xdb\x93\x85\x13\xf8T-',"b'\x08\x06.\xdcs\xa0Z,'",on_stopline_traffic_light,
b'\xdc\x89e9\xb0\xe0YD',b'0\xd0\x92\xd3o\x18\\*',on_stopline_traffic_light,
b'L\x18\xb9!G\xd0V\x12',b'v\x9c?I\x06\xcdZ\xbd',on_stopline_traffic_light,
b'kY\xb4\xcej\x9eU\x0c',b'cR\x12dw\xa3\\\xb6',on_stopline_traffic_light,
b'o\xd5\xf5\xbaV\xf8T\x18',b'hX\xb2N\x0bh];',on_stopline_traffic_light,
b'c\xa3^\x91\xa9\xa0R\x0f',"b""UPK\xcc'4Q\xe1""",on_stopline_traffic_light,
b'\xb7I\x8c\xef\xc05P\xb3',b'kQN\t\xf7eR\x9d',on_stopline_traffic_light,
b'\x17\xf6d\xd9\x07\x14S\xf8',b'\xf5b\x97^\xda8R\x87',on_stopline_traffic_light,
b'\x17&\xd5\xc7\xfe\x00WD',b'\xca\x85(\xb1U\xf1_\xbe',on_stopline_traffic_light,
b'\xf5R\x13*B\xfdYa',b'\xaaM\x15\x89a8_o',on_stopline_traffic_light,
"b""(\x1c-'\x95\xfd[3""",b'\xf8l\xde\xc1=\xeeX\xf2',on_stopline_traffic_light,
b'\x0b;n)\xb3eXU',b'\xa3\xaa\xd5\x00\x17\x11U=',on_stopline_traffic_light,
b'\xbf\xe5\x94\xa8\x08\x17S\xe5',b'\xbb[3\xe5\xe3\x14_t',on_stopline_traffic_light,
b'2%E\x80n$S\xdd',b'w l\xd7EmS\x03',on_stopline_traffic_light,
b'o5\xfdA\xe6SS\x85',b'\xd2@\xd13\xf4\xa8[+',on_stopline_traffic_light,
b'\xba\xc0F\x90\xb3\x92U!',b'!k_&-\xc8Z1',on_stopline_traffic_light,
"b'\x0e\xba\xd0""u`[;'",b'\x93Q\xe9\x1d\x00\x0fX\x15',on_stopline_traffic_light,
b'\xcdo>\x80\xb9\xf2^\xa9',b'\x7f\xaa0\xe3\xcd\xa4]\x83',on_stopline_traffic_light,
b'\x013\x80A4:Y&',b'1\x13\x18\x90x\x07U\xf4',on_stopline_traffic_light,
b'8l\x9a\xa4\xbaxU\xa4',b'\xf9B\x7f\xaa\xc2|R\xa5',on_stopline_traffic_light,
b'\xc0\xb8\x19\x15\xea\xc8Y\x8a',b'\x1c\xa6\xf7\x90t]X\xe4',on_stopline_traffic_light,
b'\x84\xfbT3R\xcbV\x03',b'\x9a\xcd\xf6\xe6\xbc5Va',on_stopline_traffic_light,
b'\xfd\x948\xa7/\xfcX6',b'\x042\x02\x0f\x11\xdf\\v',on_stopline_traffic_light,
b'\x8a.\x00L\xb5G_Q',b'\xa5\x05\xa7\x9d?\x9eT\xa2',on_stopline_traffic_light,
b'\x06\xb5\xcbK\xd6}X\xd0',b'\xd7\x7f\xff\xa2\xf2\xb1YZ',on_stopline_traffic_light,
b'\xd1\xd4\xf5QfcR\x80',b'\xbe\x16\x99\xe8\x86<Z\xd6',on_stopline_stop_sign,
b'\xac0}O\r\x85Vc',b'p\xd2O\xff\xa35Y\xc5',on_stopline_stop_sign,
b'\xd4\xd2QB\x00FR\xb0',b'\xb2x\x87\xddZoP\x1d',on_stopline_stop_sign,
b'q\xfca\xf3\x0e}S\xe5',b'\xb6\xcd\x07\x12\x95#U\x98',on_stopline_stop_sign,
b'Y\xab\xe2\xd8\xf0)TV',b'\x81\xa9\xb7\x1e=\xbfZK',on_stopline_stop_sign,
b'\xf3\x90\xfb\xd2+.Rl',b'3e\xbd\x13\xca\xa8ZH',on_stopline_stop_sign,
b'\x9e8a\xfc\xe0\x8aQ\xc5',b'\xaa\xff\xe2\xc8\x07p[&',on_stopline_stop_sign,
b'\xa1s\xd3\x0f\x9eW[\x92',b'\xb2\xf3\xb0\x8c\xaa\x0b\\\xf1',on_stopline_stop_sign,
b'\x92L(4\xf4\xc0XG',b'\xbc\x89\x06\x82\xbb\xf2T/',on_stopline_stop_sign,
b'\xb5\x0b\xefS#\xd7_\x0e',b'\xe2\x91\xbc+_\xe5UH',on_stopline_stop_sign,
b'\x14\xabN\xe5\xc6i\\Q',b'\xeaZ\xfcJ9\xe4Q\xb6',on_stopline_stop_sign,
b'\x84\x9c\xe1\xe6\xdc\xf5R\xc3',b'\xed\xdf\x03\x87\xab\xc3[N',on_stopline_stop_sign,
b'\x84\x0bl/\x9e\xa7P\xf4',"b'KR""\x9a\x9d\x8fZi'",on_stopline_stop_sign,
b'\x9e\xa7\xd5u\xd8\xc7Q\xed',b'g\x9d\xab\x84mdR\x8f',on_stopline_stop_sign,
b'T\xd1\xbd\xc0!=XO',b'\xed\x9f\x05\xf7\xb4?R\xac',on_stopline_stop_sign,
b'?\x89?o\x07\xb3T\x0b',b'J/\xd7^P\xb8U\x03',on_stopline_stop_sign,
b'\xad\xa7\x89oq^X\xa8',b'\xf5K8z\xd5\xcdR\\',on_stopline_stop_sign,
b'\xf6Y\x04\xa4`FS\xfd',b'\xec\xd7\xccj\x04fU%',on_stopline_stop_sign,
b'\xe3~\xed\xb2aSR\x8f',b'\xb0\xb3E\x10B\xa2Vs',on_stopline_stop_sign,
b':\x91}\xc2L\xf6\\\xab',b'\xabAq\x07\xe09Y\xc3',on_stopline_stop_sign,
b'\xb2\x10h\x0bt`VA',b')\x97?\x06\x7f\x08V\x1a',on_stopline_stop_sign,
b'\xdc9\xaep\raT\xa3',b'\xb6\x8c^7~dQ\xb5',on_stopline_stop_sign,
b'\xf5\xd7\xdc(\xd0\xd0_(',b'/\xb5s *Y^W',on_stopline_stop_sign,
b'\xe6\x19I\x13\xa6\xdfZ\xfa',b'\xaa\xc1\xbd\xa1\x11\xecXN',on_stopline_stop_sign,
b'B\xae\xbca\x0b\xfeVp',b'F\xdf\x04\x10\xfeT^5',on_stopline_stop_sign,
"b'\x87\xb1@=\x85\xbbV,'",b'\x88R\x890\xfb\xf1_\xa6',on_stopline_stop_sign,
b'\xa7\x7f\xd2`\xe0\x15]\xef',b'EOnp\xd4>U\xec',on_stopline_stop_sign,
b'\xd6uR\xe2S\xbdT\xbc',b'\x82L\xb7\xc2+\x84X\x94',on_stopline_stop_sign,
b'\xc2R\xe7#\x91\x1aY\xda',b'\x02u\x1b\xa6\x1f\xa6Z\x8f',on_stopline_stop_sign,
b'\x868\x94u\xa9wY\xca',"b'X\xd3""\x94\xcfDT\xc1'",on_stopline_stop_sign,
b')e\xb4\x12\x1c\xef^\x11',b'\x8d\x83\x0e\xe6\x84_[\xa0',on_stopline_stop_sign,
b'\xa6\x1eDB\x07^QK',b'G~\x1a\xc8\x10\xc0S\x07',on_stopline_stop_sign,
b'VR\x1b\xf4\x17\x9e_\x92',"b'2\xff""\x8a{-R\x83'",on_stopline_stop_sign,
b'9{\xa9\xd8B#T\x90',b'\xe7\xa4\x066\x16\xb5V\x02',on_stopline_stop_sign,
b'\x8au\x85\xdf\xac\xf7P\t',b';!DO\xdd\x80^!',on_stopline_stop_sign,
b'q\xa1\xc5\xe9\xf5!RA',b'@\xf0u\r\xef\xb4WJ',on_stopline_stop_sign,
b'\xb4U\x88\xbf)\xc3S2',b'\xdf\xa6\xe8\x11>\x96RY',on_stopline_stop_sign,
b'\xef\xeaZt\xc42X\x06',b'v\xa4v\x1aS\xf5^\xd6',on_stopline_stop_sign,
"b',\x1c(@\x89\x90_\xe8'",b'!\x98Z=`\xcdZx',on_stopline_stop_sign,
"b'""*\x95P\xbe2X\x00'",b'O\xd9\x95\x88N\x86T\xb4',on_stopline_stop_sign,
b'\xdcSu+R5[<',b'\x0e\x85\xc8\x1f\xd2\xe2\\C',on_stopline_stop_sign,
b'\xc1LH\x06Q7\\\x8e',b'\x8e\xb2\xd3-`z_%',on_stopline_stop_sign,
b'\xc0\x1e5I\xab\x85X7',b'\xe7\xba\x07}\xb2\xcfU\xa4',on_stopline_stop_sign,
b'X\xef\x9e\x19\xf7\xc3]\x82',b'\x8e!\xa0\xe2<\xaeY\xa2',on_stopline_stop_sign,
b'3Gt\xb3z\x17U\xfc',b'\xc8\x99\\\x13\xf9\x02R\xff',on_stopline_stop_sign,
b'\x17b\xb0?\xa80S\xc2',"b'mk\xab\x80~HR""'",on_stopline_stop_sign,
b'\x91\xa2F\xdd\xc1OUo',b'v\x94\x13\x8bt\xa4_\x84',on_stopline_stop_sign,
b'^7:R\xbdgUk',b'\xcb\x9f\xab\xdd\xc9\xdeU\xd8',on_stopline_stop_sign,
b'v\x7f\xa8\x10\xa3\xe8Q\n',b'\xc52\xd9\x1c6\xbdX2',on_stopline_stop_sign,
b'0\xadH\xb9\x93\xbaT3',b'k\x94x\xdf\xa7\xf8_f',on_stopline_stop_sign,
b'E1xIt\xbbV\x08',b'\xb5\x99\xce\xdb\x13]V\xf0',on_stopline_stop_sign,
b'\x99&\xa0\x90J\x9aT\xff',b'\x16V\xd9m\x8c\xceWP',on_stopline_stop_sign,
"b""P)\xa7\xae\xa3'^\xe5""",b'\xe1O*\xe9\x9c\xa9V+',on_stopline_stop_sign,
b'\xd2bD[\x95\xb2W\xbb',b'~X\x88W\xb6\x92V\xc7',on_stopline_stop_sign,
b'A\x0b)B\x04\xbbZ\x82',b'R\x91!b\x9e\xa3XA',on_stopline_stop_sign,
b'\xf8\x1d;\xb0\xa2\xbfP0',b' X\xf8\x99\xd5\xc5W\xc9',on_stopline_stop_sign,
b'K\x14\n1\x1b\x04\\8',b'\xe1\x04\xfer\xf1\xb5U\xb9',on_stopline_stop_sign,
"b""AR\xed\xf3\x1eyW'""","b'\xd4""z\x9c\x94}S\x86'",on_stopline_stop_sign,
b'\xa4u\xe5Q\x9e?W\xc1',"b'\x0e\xb0,\x9a.\xf1T\xc9'",on_stopline_stop_sign,
b'l\x98\x83\xa1\xa0\xe4QU',b'\r\x98g\xaas\xefY\xc8',on_stopline_stop_sign,
b'\xcb\xee\xe6ox\xb7P\xc1',b'\xd1\xa0\xbah4IS\x90',on_stopline_stop_sign,
b'\xe7\xf0\xcd\xf9`:_\xad',b'\xe15@;\xc8\xac\\\xdd',on_stopline_stop_sign,
b'\x15\xd7t1\xb62[l',b'\x8b\x88f\x17xj\\\xbb',on_stopline_stop_sign,
b'EQ\x99\x1a|\x87T\xb7',b'8\x12\xbb:\rFQ~',on_stopline_stop_sign,
b'7>\x93\xf1\x06\x83S\x03',b'\xbf\xb1\xfdY\xb1\r]\xb6',on_stopline_stop_sign,
b'0\xa0\xcf\xf4\x92\xc5\\\xaf',"b""1\xdc\xa2\xfe\xb0'RO""",on_stopline_stop_sign,
b'\xf4\x83\xae\\\x00\xbcXa',b'~oCK\xa3\xc5]\x9c',on_stopline_stop_sign,
b'\x89\xed\xbf2X\xb7Ts',b'\xe6e\xad\x9eG\x9bY\x8f',on_stopline_stop_sign,
b'\x1d\x8a\xaa{\x83\x99Q\xc9',b'\x9c9\xf2\xb5C\x9bU\x0f',on_stopline_stop_sign,
b'*\x90\xdc\xa8\xfe\x06]\xcc',b'\x91\x84\x05\xb9\x06\xd1]*',on_stopline_stop_sign,
b'=U\xb9\xe3\xd5\xfdP6',b'\xecJ)h\xa7pY`',on_stopline_stop_sign,
b'\xad\xc3\x935\xe2\xb1_w',b'\xbb\xa4Oh=k\\\x13',on_stopline_stop_sign,
b'\xffZs\xf3\x88\x95PY',b'ONQ4\xc54\\D',on_stopline_stop_sign,
"b""'\x152E\x12\x87V\xa9""",b'\x1e\xf2@\x1fkfX:',on_stopline_stop_sign,
b'\x10\\9\x12\xa1\x98R\x9f',b'\xbfi\xbb&vHP\xa2',on_stopline_stop_sign,
b'\xff^\x8c\x9d5\xdfV\x91',b'\xb4y\x86\xdaH\xd7Z\x17',on_stopline_stop_sign,
b'\xd8\x06\xf9{\xd0\xa9X#',b'\xfc\x11\xe3\xfdm\xf2Y\x95',on_stopline_stop_sign,
b'\x02\x01/WS$U}',b'\xb7F\x91V\x8b\xc0X\xb3',on_stopline_stop_sign,
"b'%\x99Y""$LR\x04'","b'\x10D\x11,\xf3OX\xdf'",on_stopline_stop_sign,
b'\xae\xec$\xf68XQ\x83',b'\x89_\xd0A\xe6bU\x9a',on_stopline_stop_sign,
b'0\xb1\xea\x0bH\x9b\\ ',b'\x92\x96\x89\xd9}\xf9R*',on_stopline_stop_sign,
b'\xa3\x81d\xa8f\xed_\x03',b'I\xce\x91k\x80\xcf]\xde',on_stopline_stop_sign,
b'V\xeb\x03\xba\xadNZ%',b'P\x95\x1b\xfe\xfcqZh',on_stopline_stop_sign,
b'\x00\xa2\x0c\xf3\xbe\x18Z\xfa',b'FP\xec\x14QPZS',on_stopline_stop_sign,
b'm^\xb6\xef\xe8\xc7]\xae',"b'Q2\xc7""z6R\xb7'",on_stopline_stop_sign,
b'\xda\x9f\x8e\xbb\xd1\xb3V\xf3',b'a\xff\xab\xa6.h\\;',on_stopline_stop_sign,
b'\xfa\xebQ0>n\\\xe7',b'\xdd\xdba\xde\x0b\xb8X<',on_stopline_stop_sign,
b'\x1b\xd7\xec*)\x99Vv',b'\xb9@\xf2;\xb6V^\\',on_stopline_stop_sign,
b'\x81\xf3\xeb\xa8\x88dS\x1a',b'<m\xd4\xd7n\xf1W<',on_stopline_stop_sign,
b'`9\x00\x94<\xaeT1',b'\xd0x3\x98\xb5\x9d^\x07',on_stopline_stop_sign,
b'\x7f\x03\x0f:\x88\xbbV\xb6',b'?Z\xcd\xc1\x0e^R\xe5',on_stopline_stop_sign,
b'\xcf:#J\xe2&S:',b'WR\x81\x18\x00B]j',on_stopline_stop_sign,
b'\xd8\xa0\x8c\xc2}\x8e]\x10',b'1I\n\xce]\xdb_\x18',on_stopline_stop_sign,
b'r~x\x0b6\xadP\xb5',b'\xc2\xa5\xae\x02\x944]\xab',on_stopline_stop_sign,
b'\xdfH\xae\x96\x84\xb5X\xd3',b'\xe8\xfb\xa6\xb4j\xf3[\xa9',on_stopline_stop_sign,
b'm\xbc-\xa6n\x9dU\t',b'j\x1d\xb6\xc9\xff\xa0^\xc6',on_stopline_stop_sign,
b'\xb6\x18\xab?_\xb7_\xf5',b'r\xf1>#\x89\xec\\>',on_stopline_stop_sign,
b'\xdd\xbf\x1cBW\xc2W\xfd',b'\x9d\xee}j\xd7\xa5V\x18',on_stopline_stop_sign,
b'1\x15\x960\x90\xa7Z#',b'8\xfe\xb0\xc5\xa2)W\xf5',on_stopline_stop_sign,
b'\x85\x81\xd6\xc2\x8d\xe1R\x83',b')\xf1p\x97\x8e\xe8\\\xae',on_stopline_stop_sign,
b'>\x17\xe2o\x7f\x03S\xa8',b'P\xf0h&A\x96U0',on_stopline_stop_sign,
b'\x0c\xed4IWe_\x12',b'iqM\xa8\xfb\xbaP5',on_stopline_stop_sign,
b'\xd7\xce\xea\x1e\x9c\xca_{',b'\x10\xe3\x86\xef\xb0\x90S`',on_stopline_stop_sign,
b'\x9f\xe1~z\xf8 W\x0e',b'\xff\nK\xa6\x8d\xddPz',on_stopline_stop_sign,
b'\xeb\xda\xaf\xc2\x7f\xe0R\n',b'\xcc\xf7ld\x0b\x16]c',on_stopline_stop_sign,
"b""\xa44@^\xb6\xcbU'""",b'\xe75\xc7\xae\x8crY\x96',on_stopline_stop_sign,
b'\x8f\xeb\xab\x17\xbc\x9b]\xc5',b'\x8f\xfa\xbd\x86[AQb',on_stopline_stop_sign,
b'q^\xd7S\x0e\xe3W\xa1',b'\xca\x03\x0b\x95\xcf>TU',on_stopline_stop_sign,
b'\xee\xb5X\x7fB\x92_Z',b'F\x9e \xd7v\xc2U\xf8',on_stopline_stop_sign,
b'\xb7j\xb0\xb8>\xc6U\xc7',b'Y)\xc6\xe3H\xb4^n',on_stopline_stop_sign,
b'Y\x1bhx\x88\xa8Z\x91',b'QZr|\xeb\xd2[\x04',on_stopline_stop_sign,
"b'@\xd9""f\x9cTP\xde'",b'\x1ex\x0f0\x16\xa6]e',on_stopline_stop_sign,
b'\xd8 \x900\xbd\x17[\x16',b'\xd8\xd2\x15D\x94E\\\xdb',on_stopline_stop_sign,
b'\xc3\xa9X\x02.\x05Rg',b'\t\x07s\x130wS\xc9',on_stopline_stop_sign,
b'\xeb\xa0\x9ch\x92=[\x0f',b'\xdb\xd79o4VT\xf5',on_stopline_stop_sign,
"b'""\x800\xc6\xdf\xa5R8'",b'\xaf`\xbf.}\xe4_\xb0',on_stopline_stop_sign,
b'\x0b\x11\xb8\xc9\x03hP\xaa',b'\xbf\xd9 \xda\xca\xfaPV',on_stopline_stop_sign,
b'j\xa4\xc4\xb1>\x90Q\x15',b'\x1a\xffxu~%Vl',on_stopline_stop_sign,
b'\x1f\x06X\x12\x8co[\t',"b'\xfe\x0f\xe6\xa4""\xf2V|'",on_stopline_stop_sign,
b'2]Z\x95K\xb2S\xc5',b'\xa3\x0f\x948F5Y\xee',on_stopline_stop_sign,
b'\x81Y\x007\xf8\xd0UR',b'y\xdee\x91\xf9\xde^\x90',on_stopline_stop_sign,
b'\xde\xa0\x1e\xef\x18\x18_\xa5',b'\xfe[\xb2\x89F\x17Ph',on_stopline_stop_sign,
b'\x92\xab\x08\x92[\x07V8',b'\xd8|0~\xe3wPl',on_stopline_stop_sign,
b'\xf2\xd9\x85\x84`\x14Z\xe4',b'w\x1d\x18\x14\xd5\x9e\\\xea',on_stopline_stop_sign,
b'\x00T\x93#_\xad\\\xd6',b'&\rEx\x9e\x19V7',on_stopline_stop_sign,
b'\xe6\x99\x84\xef\xf5HR\xa8',b'\xc3!\xea\xdcF\x08S\x80',on_stopline_stop_sign,
b'p\x97Y\xf1vjUG',b'\xe6\x1b$\xc7\xad\xf9Wx',on_stopline_stop_sign,
b'YV\xaf\xf4\xd2e]\x90',b'\x1d\xd5\x01\xb8vEZ\xaa',on_stopline_stop_sign,
b'\x1b7l{\x1f\xfd^\xe0',b'R\xf6\xc8\x8e\xf6\xeeST',on_stopline_stop_sign,
b'\xbc\t\x1f\xe0\xc1\xbdS\x7f',b'\xbb&\x16\xf6o>Q\x0b',on_stopline_stop_sign,
b'\xba\x88\xed\xd0\xa0\xabXx',b'\xae\xb23\x1bx\x06U\xf5',on_stopline_stop_sign,
b'\xca\xb5\xe7\xfb\x9d\xb0Y\xbd',b'c;\xbc^\x19\xa7Z\x1d',on_stopline_stop_sign,
b'\xeb \xd2J5@U\xd8',b'nz\x92\x86\xf0\xa5Ue',on_stopline_stop_sign,
b'\x9c\xfaoh\x99\x9cY\x92',b'D\x80\x8c\x82R=]\xa1',on_stopline_stop_sign,
b'\x86\xec\t\x970N]L',"b'RZ\xee,P\x94Q,'",on_stopline_stop_sign,
b'on\xa7\xf7\xde\x90Vf',b'\xfb\xe1\x94\x8f\t\x7fR\x1a',on_stopline_stop_sign,
b's!\xd6\x88\x11\xe5P\xaf',b'\xee\x83\xa3\xa7_\x92XN',on_stopline_stop_sign,
b'c\x86\t\xdb.\xc2[x',b'kH\\\xfa\xed4Qw',on_stopline_stop_sign,
b'\xe3\x98X\x01\xdf\xd9Y$',b'v\x81\xb1\xa9\x04CZ\xb0',on_stopline_stop_sign,
b'\xd7\x98:\xd9\x0f\xbfS\xf7',b'\x85\x15\xa14\xc9\xb0T\xd1',on_stopline_stop_sign,
b'\xea\xc5\xfe&\x1b\xab\\O',b'\x0f`\xb3G\n8\\!',on_stopline_stop_sign,
b'\xceoG\xeb\x9cH^\x1f',b'\xc0\xe7}\x07\x1c>U\x0b',on_stopline_stop_sign,
b'\xa0l\x1f\x94&K^r',b'/W\xe1\x10\xf5KZ\xdf',on_stopline_stop_sign,
b'\xab\x07\x10\xe01\xb0R\xf7',b'\x1dF\x1f@B\xddX\xc9',on_stopline_stop_sign,
b'\x13\x85\xfbJ\xf6wV-',b'\xdd\xcd\xf8L\x8bjWK',on_stopline_stop_sign,
b'\xe3\x8c\xac~\xcf/_\x1b',"b""\xab\xec\t\xcc'\xa5]\x85""",on_stopline_stop_sign,
b'\x8fx\x93\x1b\x01\xcbV\xfd',b'\x9f\x11\x0c3\xed\xd0YB',on_stopline_stop_sign,
b'n\x05\xf9R\x1c\x7fY\x98',b'\xc3\x0c\x9b\xe73\xae]~',on_stopline_stop_sign,
b'\x98\xcf\x0c\x9b \xa6R\x8a',b'\xa5\x85\xbf\xd0\xe2\xb3Z\xf9',on_stopline_stop_sign,
"b""\x8f:\x98'\xc9\xe8]\\""",b'\xfe\x17=\xc2\xbcr[\x10',on_stopline_stop_sign,
b'\xb8\x84?0\xbf\xc9]\x1d',b'\xd52\t\xfa8\xcdU\xb2',on_stopline_stop_sign,
b'\xca\xa8C\xbb\x12\x91R\xd6',b'h\xaa\x86\xbf\xe8\x90P\x1f',on_stopline_stop_sign,
b'\xcd\x85\xd9\xa5\xc0YY#',b'x)\x10\xf5vUS\xe0',on_stopline_stop_sign,
b'\xe1\xf1\xa2\x0c\xd8\xe0_\xe8',b'4\xf6\x04\x08\xbb@Z\xb9',on_stopline_stop_sign,
b'2\xb5h\x97r\xb2P\x1c',b'\x86\x13@\nB\x18P\xb7',on_stopline_stop_sign,
b'Dqr\n\\\xebP#',b'\xd8\x9f\xbd\xb16\xdd\\\xe7',on_stopline_stop_sign,
b'f1\x10W7w[\x11',b'\xbc\\\xff\x00\x9dM_3',on_stopline_stop_sign,
b'\xc1\\\xfb\xd3x\xc1X\x0e',b'\xb2\xad\x93r\x12\xf8W\x14',on_stopline_stop_sign,
b'*\xa6{?v}U\x8b',b'h`\xbb\x18f\x99Ue',on_stopline_stop_sign,
b'n\xa5\xabj\x91\x7f\\\x7f',b'\xf5\x8f\xe7\x1dD\xd8Z\x00',on_stopline_stop_sign,
b'\x8e\xba\xa3 \n\xca[W',b'\x1e\xb5#\xca\xe2\xc6S\xb7',on_stopline_stop_sign,
b'\xd4\xac\xe9\x9fH\x16Sw',b'j\xacY\xc14KS\xe0',on_stopline_stop_sign,
b'9\xcf)\xf1\x81|P\x99',"b'\x1eA""3\xdf\xc6^f'",on_stopline_stop_sign,
b'\xb5\xd2\x00\xbcc@X\x1a',b'\xcc\xaf!ly\xdbS\x8b',on_stopline_stop_sign,
b'\x8e]\xd3\xb3\xec\x19U\xd1',b'\x8cAQ\xf4\x03NTL',on_stopline_stop_sign,
b'\x19\x84<`\x1d\xc2^\xa6',b'\xc5Z\x98\xc4\x8b\xc0Wq',on_stopline_stop_sign,
b'\xab\x8e\x86\x90|\xceQz',b'\x19f\x14\xc1\xabtR\x91',on_stopline_stop_sign,
b'/d\x99B\x8a\x93V\xa3',b'^\x9e9\xcd\x7f\x8dP\xf9',on_stopline_stop_sign,
b'\xf8>\xe1\xe6\xce\xb0ZX',b'\xc2\xc9\x1a\xb0HVR\xd5',on_stopline_stop_sign,
b'\x9c\t\x89\x88\xd1\xf3^1',b'sr\x17\x12\x0b\x0bR\xf6',on_stopline_stop_sign,
b':Lr\xcb\xc2[]s',b')v2\x7f\xc0\x18Q|',on_stopline_stop_sign,
b'\xaeN\xbd/\x96\xf1[\x84',b'\xe2|G\x00[\xf5\\\xd9',on_stopline_stop_sign,
b'7\x82\xc0\xcc\xfe\x03Q\x17',b'\xb2\x14\xe1\xb9\xcd\xc8[w',on_stopline_stop_sign,
b'\x19\xce\xe7\x9c\x81GR\xbe',b'\xae\xae|\x1c\xd5\xbaQ\xec',on_stopline_stop_sign,
b'=:\xe7S6g]\x84',b'\xfc\x12%~[^Sz',on_stopline_stop_sign,
b'\xd0I\x03\x85\tVZ\x86',b'C\xda\xb2\x92D\x0eW\xb5',on_stopline_stop_sign,
b'\xb9\x82\xbe\xd9\x9d\x9bV\xe0',b'\x02PQ\xd2B\x86T\xaf',on_stopline_stop_sign,
b'\x88v\xe3)&\xfb^|',b'5\x08\x067\x89\xa8Y\xd8',on_stopline_stop_sign,
b'\xd8\x0f\x87L\x97\x95Z\xd9',b'\x96\xfecC\nP\\1',on_stopline_stop_sign,
b'\x80\xa2\xa9\x03\xe9\x1d\\\xd5',b'\x9bu\xee\x1e\xc8\x89Y\xcc',on_stopline_stop_sign,
b's\xdc\xff7\xda6_S',b'?2\rD\xadbQ\x0e',on_stopline_stop_sign,
b'\x11\xefr\xc1b\xc0Tt',b'\xeb-9\x90\xf6\xf9_\x9c',on_stopline_stop_sign,
b'\x17\xff\x1fwQ T\xfd',b'\t\xe6\xd2\xde\xc1lP!',on_stopline_stop_sign,
"b'\xa2v\xa3,RZW\x0e'",b'\x040\xba\x9f\xb9~P\xdc',on_stopline_stop_sign,
b'\xcasuX\xf2\xe6Vf',b'\xde\xa6\x8a\xbb\x1b\x06]v',on_stopline_stop_sign,
b'\x93\xa6\x7f\xb1\xd1\xb7W\xe0',b'\xa005\x9e\x88\xb9X\xe6',on_stopline_stop_sign,
b'%5e\xba\xd8p]y',b'z\x0e\x08\xb9%\x08T\xc5',on_stopline_stop_sign,
b'\x07\xc3\xd7\xf2W\xe7\\\xfb',b'\xbe\xaak?\xe0-]f',on_stopline_stop_sign,
b'\x8c\xe4\x08\xfb\x18j^\xdc',b'\xa7b\x99\xde\xf9\x8bP\x1f',on_stopline_stop_sign,
b'\xb3eN\xa2\xf2rZ\xd1',b'U\x80I ^\xecW\xd2',on_stopline_stop_sign,
b'\xf7\x8b?\x9b\x82\xf9Q\x8d',"b""gK\x91\xd4T'V{""",on_stopline_stop_sign,
b'6<\xd2\xd9\x0fY\\\xeb',"b""NB\x16\xc5]\x7f^'""",on_stopline_stop_sign,
b';\xb3>e\x0f\xa8W\x06',b'\x14Qw3\xce\xfcU\xe4',on_stopline_stop_sign,
b'\xd7B\xc9\xfa\xf6\xf7W|',b'\xac\x85oY*\x0eS\x88',on_stopline_stop_sign,
b'\xff\xa1\xda\x06d\\Uo',b'\xfb\xf9\x85}\xf1\xa4\\b',on_stopline_stop_sign,
"b'\x17\x89\x83#],W\xb8'","b'\x08,&\x04\x0c\xa5Y\x91'",on_stopline_stop_sign,
b'B>\xd7\xcf\xcaoWo',b'\xd3\xcd\xb2\xa2\xe30QD',on_stopline_stop_sign,
b'X\xa3W\x8c@K\\]',b'9\x8c\xe1F\x85:P\xc5',on_stopline_stop_sign,
b'\xf1\xd3\x04\x95\xff\x1aU\xe1',b'\xcb\x0b^/\x12\xd2Y\xb2',on_stopline_stop_sign,
b'{4[\xa6\xe2jY\x85',b'\x04\xfdC\x13\x1c+W\x01',on_stopline_stop_sign,
b'\x9d\xb0\x00\xc2\x81\x1eS\xfb',b'\xb3\xac\tA3\xa7]\xe1',on_stopline_stop_sign,
b'M\x13\x17\x9b\\wQC',b'\xfa\x03\xfd\x9b\xf6\x8fS\t',on_stopline_stop_sign,
b'c\x1a\x84ds\xdc[\xd3',b'Mm\xc3v\xcf\x0eR8',on_stopline_stop_sign,
b'\xf8ba}\x01\xcd[\xef',b'\xa5JU#\x0eVT!',on_stopline_stop_sign,
b'[\xd8\xe0-?jPO',"b'=a""\xc4\xa2\xa2Ul'",on_stopline_stop_sign,
b'\xbc\xf0\x8e-\xec\xf6Q\xdd',b'<\xe3\xbed\xac\xd8_\x82',on_stopline_stop_sign,
b'\xe1\xcf\xc8U\xb7\x12]9',b'\x91\xf0\x88\x19\xa1\\QH',on_stopline_stop_sign,
b'd)\xd1\xf89\x06T\x01',b'I\xeb\x13L\xa0\x9dP\xf0',on_stopline_stop_sign,
"b'\xf9\xac\x00\xfbh\x14Q""'",b'\xec\x1d\x99\xaa\xea*Y\xf7',on_stopline_stop_sign,
b'\xeb\x11\xbe\xb9\x97NW.',b'Q\x91\x13\x07\x1a\xa3XF',on_stopline_stop_sign,
b']\t\xff]\x1a\x0fW\xaf',b'\xfb\x0e45\xee\x8dU3',on_stopline_stop_sign,
b'V\x15-&\x15\x1f^\xf7',b'\xb0tmO6\xe7T\xac',on_stopline_stop_sign,
b'q~[\xd8_\x9a]t',b'\xfaH\xf9\xcd\xdc\x9c]\xe2',on_stopline_stop_sign,
b'\xcc>\x82\xaa\x91\xddW~',b'h$k\x86\xed\xaf\\K',on_stopline_stop_sign,
"b',\xc7>\xa1Q\xde\\\xc8'","b',\xf3C\xf6P\xfdQ '",on_stopline_stop_sign,
b'\x93\x8f\x17\x87\xce\x86Q%',b'+\x98\xb1]}TZx',on_stopline_stop_sign,
b'\xcftm\x98s\xb4S\xd4',b'g\xa3\xd5\x843\xdcX\xd7',on_stopline_stop_sign,
b'@6\x8c5\xebzTo',b'I\xc6\xfe\x98H\xfa]\x16',on_stopline_stop_sign,
b'\xbc\x98\xb6\xb2\x96gQ=',b'4\x037\rcKV\xa2',on_stopline_stop_sign,
b'\xf3\xd1[\x01\x97\x0bY\xf8',b'\x02u\x1b\xa6\x1f\xa6Z\x8f',on_intersection,
b'%\xf4\x93Vz-[\xb3',b'd\xa9w\r[_]x',on_intersection,
b'\x90Y\xa9u\xfb\x80V\xa3',b'\x91V\x804\xcb\xf6Y\xa1',on_intersection,
"b'^%j\xee,pT\xc2'",b'G\xfc\xe8\r\xf8\xceR4',on_intersection,
b'\x13\xfeO\x06\x91\xaf\\\xd0',b'V\xb81\x19\x048Vc',on_intersection,
b'\x89\x18\xc5o\x83\xf0QQ',b'\xa1\x07\x84\xb6\xa8\x11X\xc7',on_intersection,
b'\x83\xc6\xd0\xb6\xcd([q',b'{@\xb4L!\x80X\xa8',on_intersection,
b'\x01\xbfV\xb1\x0c\x05V\xa6',b'\x0f\x07\xff\x8d\xdf\xdeY\x84',on_intersection,
b'pQ\x12\xa9\r\x92_.',b'\xb4=\x0f\xfb<\x98_\x8c',on_intersection,
b'\x14\xc2\xd8\x0c\xc2WU5',b'\x89\x83\x0b2>9S\xc4',on_intersection,
b'\xd8\xca\xa7\x0b!5Z\x12',b'\xbdC\xf2B\x15\xc7U\xa6',on_intersection,
b'ut\xd5=\xd8\\_4',b'\xda\xab\x81\xc8\x1a+U\x88',on_intersection,
b'\xdc\xa5\xc0SF\xa4^%',b'\xe9\x12\xb8\x1f\xc5\x1eX\x8c',on_intersection,
b'g\xbb\xf1\x04\xd4YV\xbe',b'\x92\x13\xa6\xdd\x9a\x9f^1',on_intersection,
b'!\xd1_L\x87\x06Y\x16',b'\x96\xf3\xbeg\x8d\xa2SA',on_intersection,
b'\xaf\xd9\xc1\x1f4\xb6Q_',b'\xbf\xb1\xb6\xe4\x1cy^\xea',on_intersection,
b'\x8c3\x0fd^\xa2Rz',b'\xfa\xd1!\x85\x9e\x86[O',on_intersection,
b'\xe1g7\xc3\xe71P\xf4',b'\x86\x05v\x99\x03zX\xd0',on_intersection,
b'\xdahv59\xd0P\x1a',b'\xbd\x003\x153XQ\xa1',on_intersection,
b'\xf5<{\x18$\x0bRT',b'\n\x8f\x0e\xe3J\x0c[\x05',on_intersection,
b'\xa3\xb4\xa5\xcbS\xcf\\\xce',b'w.\xc1\x01\xe3M]\x81',on_intersection,
b'{\x11{\xf0\n3]\xd4',"b'\xc9\xc4\xb5V\x11,_\xc2'",on_intersection,
b'f\x10\x1e$-\xeaX\x83',b'~\x82\x8b\xee\x7f\tYc',on_intersection,
b'd\xff\xc3P\xa2\x08Zb',b'b\x15hZ4\xd9^\xf3',on_intersection,
b'\x07\x0e\xfd<\xb5\x86\\W',b'\r?\t\xdb\xd1\xf2^\xf4',on_intersection,
b'\xc9D\xe7is\xf3Z^',b'\xfe\x9dc\xb8\x8d%V\x07',on_intersection,
b'\xe3`$\xa7\xbc\xe2\\}',b'I\xd6\xe9\xf7\x93}U0',on_intersection,
"b'\xe5""y\xf2\xed\xc9SE'",b'\x1cP\x85\xb5\x90\x9aXA',on_intersection,
b'=b\x8d#&\x00W}',b'\xa8\xd4\x8a\xe4\xca\x0b_\xee',on_intersection,
b'u\x9e\xec\xe9T\x87_a',b'\x15\xda\xc4^\xa8\x8b\\\xf6',on_intersection,
b']\xc9\xb8a\tO^\xa5',b'P\xdf$\x8f@\xbaT7',on_intersection,
b'K\xceP\xa5~3VB',b'\x19\xb8\x94\x18W\x85[J',on_intersection,
b'W2\xd1\x8c\x1b\xc6Q\x94',b'@it\t\x88\xdaVX',on_intersection,
b'\x12\x83Q\xd1;RWW',b'\xf6\xf1\xe0Ju\x1eR\xcb',on_intersection,
b'H\xdb\xe2\xc5\x8f\xb1U`',b'\xc1\xba\x81\x12\xberVk',on_intersection,
b'\x98\xce.\x1c\x8b\x9cW4',b'\x1e\x0c=6\xf8OQ;',on_intersection,
b'\xf2\xc1\x8a\x93\x1f\xc3\\\xef',b'0\xee\x88\x00}zZZ',on_intersection,
b'\x0f\x06*\xc6\x81\x1dYA',b'\x1a_\x98\xedc\xcdW^',on_intersection,
b'\xe4Y\xe8C\xcc\xb9Yq',b'W\xb5\xdetc\x84[\xfa',on_intersection,
b'!+U1Q\x02S4',b'\x10NM%\xef\xcf_!',on_intersection,
b'\xb4\x9e\xf5\xed\x19\xef^\xda',b'\x84\xce\x96j\x05B\\\xc0',on_intersection,
b'\xfa\\\x83\x97\xae\xa6PH',b'\x1c\xde\x98%y|Wg',on_intersection,
b' \xda\x84x\x84\xd2^\xdd',b'\xff\xcf\xc5\xb0\x08JWN',on_intersection,
"b""O\xd5`'[\xfd^F""",b'8\x90\xdd>)/].',on_intersection,
b'\xe0\xa0}\x04neVn',b'\x94\xc8\xe8\xe0\xf9\xd4PN',on_intersection,
b'\xca\nk\xc8FX^\x8f',b'm\xbe!\x94\xbf#Z\xd2',on_intersection,
b'yI\xae\xc0c\xc5S9',b'\xfe\xf4\xe1\x14KXRN',on_intersection,
b'1\xc3\x95\x9aW`Z\x16',b'\xf6\x14\x02\x8b\x98\xad^\x11',on_intersection,
b'\x0c^\xd1\xb8\xaf\x87Y\x0f',b'\x8f\xa2\xc6\xc6{\xe8W\x02',on_intersection,
b'h\xab\xe0bE\xf6Q\xa4',b'\xb5l\x14W\xc9 \\\x0c',on_intersection,
b'\xc3\xd0\xca#\xbc\x02T\xbb',b'\xa7z\x1d:1\xc5V)',on_intersection,
b'rw_i\x0f\xaeXo',b'\xa32t\xe0\xa1\x00\\w',on_intersection,
b'\xaf&\xb6s\x04\xe9X\x8f',b'c5\xec\x02\x8e0Q\xe1',on_intersection,
b'\x19\xde(\x1aJ\x97_n',b'\x94\xfe\xcb\xe7(;]\xc4',on_intersection,
b'?\x1d\x8f\x0c\xdbxP\xc5',b'\x99\x8d\xcb\xa1\xa0\xf6Pz',on_intersection,
b'5\x92\xfd-\xd8\x8cV\xa4',b'}_\xd02\xac\x95U\xc5',on_intersection,
b'\n\x0e\xf5\xeb\xd0\x1bQb',b'{m\x9d\xdee\xf5W\xb3',on_intersection,
b'\r\x04\x87p\xadcRM',b'KDq\xa1!\xceXR',on_intersection,
b']z\xeb\xeaY\x93[m',b'r\x8f5O|wVl',on_intersection,
b'\x03VGO\x06\xe9U\xfd',b'\xfb(\xe1\x11\x96\xeaS&',on_intersection,
b'J\xbd\x00f\xea\x90_\x14',b'=f\xb1\x18\x9b\xd1\\T',on_intersection,
b'\x08u\xc0\xbc\xf1\xadUY',b'\x0f\xe2\x18RY\x19]\x08',on_intersection,
b'\x90\x14\xaf\xd0\xb8\x92R\x9b',b'\xdb\xd3\xa0_\x9e\x98Q\r',on_intersection,
b'T\xcd\xf9\x16)IQ\x13',b'\xe4ep\xbeu\x82Q\xc0',on_intersection,
b'\xcf\xd2U\xc2q\xba]E',b'\x06Q0\xe9\xd8\xa8WN',on_intersection,
b'\xd05\xaf\xb0\xba\xc3\\\xe4',"b'\xb6\xac\xbf\x10$""W\xbb'",on_intersection,
b'\x1e\xdf\xeb\xa2\xfd.]\xdb',b'\x8d\xd5DV\x98\x10[z',on_intersection,
b'\xa3\x1d\\c\nFW\x82',b'=\x96\x1b\xa7{\x95UB',on_intersection,
b'\x15=I\xc9:\xb9Z\xa5',"b""\x90\xc9\xf6\x0c'vY\x1b""",on_intersection,
b'{M@y\x92\x94Z-',b'\x15+\xc3)\x84\x97P\x86',on_intersection,
b'\xad\xca\x96mZ(X\x15',b'2r\xd5\xc3c\x86_\x81',on_intersection,
b'\xda\xe7\x9c\x1b\xa5\xd8Q\xd3',b'\\|\x92\xc9\xaf\xccR ',on_intersection,
b'Q:\x8ds\xcb\x97]B',b'\xc4\x89%in\rR\x8e',on_intersection,
b'\xd0`\xeb<\x9dTT\x0c',b'm\xf9\xe7\xedp9Y\x0b',on_intersection,
"b'\xa7\xfc\xf7]\xa9\xc2]""'","b'\xf4\x13,:\x92\xf4Q\x9e'",on_intersection,
b'\xe7\x10\xe5H\xc4\x1eQ\xd6',b'd\xc4D\xde\xe5 Z\x81',on_intersection,
b'\xdfX\x02\xd6\x8d\x17U\xf2',b'\xfc\x04^\xd0\x7f\x9cP9',on_intersection,
b'\x1am\x97\xd7\x9c\x00[\xb8',b'\x07Z!\x85wbR@',on_intersection,
b'j\xb3\xc3\xc5.\xe9]M',b'(\x87\xab\x13\x17\xca\\\xd3',on_intersection,
b't79\x18l\xf7]\xec',b'\xea\x97\xf2\xeamQZF',on_intersection,
b'\x05\xbe\xfcL\xf9%U\x98',b' \x1f3=\xc5\x99T\xa0',on_intersection,
b'\xe9\x8d\xa0\xbf\x0c\x8cW\x0c',b'\x0bZv\x8b!\x8c\\\xa6',on_intersection,
"b'2\xfe,\xb2\xa6\xdbR\xff'",b'\xde\xa2\xaa\xc8A\xe5Q\x85',on_intersection,
b'\xcb\x0f2\x1e\xcfVV\x8e',b'\xe0\xe3\x17\xc0!\xc6U0',on_intersection,
b'\xf1\x17\xee\xa9\xf4jZX',b'\xcdKL\xcf\xc2~[\xa9',on_intersection,
b'\xa5?\xe7d\x82\xc9WS',b'XO\x95\xc3`\xa0Rr',on_intersection,
b'Z\xaehO\xa2\x1c_\xd8',b'\xdc\xc9\xeeM\x90\x1eV\n',on_intersection,
b'\x97\x91\x82\x9a_\xb3W}',b'\xcf\xea\x1b\xa5cVY\x81',on_intersection,
b'&\xbeg\xee\x90\xfcY\xd5',b'!\x9e\xd7\xff&)Y\x12',on_intersection,
b'\x08\xc9\x13\x9c\xa5\xf3^\xf1',b'\xa0x\t\xcf6\x18T\xa7',on_intersection,
b'?3b\xbd\x87\x1b[D',b'\xc0\x95\xd2U\xf1\xb9R\xb5',on_intersection,
b'\x87\x95)\xc9W\xa3Z\x84',"b'$.\x07,\x88\x15[V'",on_intersection,
b'\xa9\xa5\xf7\xab\xb8\xebY\xee',b'\xf9\x99\x82\xf9\x9e\x94U\x81',on_intersection,
b'\x84\xf1\xfe\x9f\xe8\x17U\xe2',b'd\x9f:\x0eo^_|',on_intersection,
b'\xe4\x91\xf9}Q\xd1W%',b'^p\x8fv\x9e\x83_\xad',on_intersection,
b't\xc9\x06\x12\xe5DZm',b'N\xcbC\xbf\x86\xa0U\x1e',on_intersection,
b'\x83#]?\xf6\xdeX\x0f',b'\xb2^_\x0b\xf1TW;',on_intersection,
b'\x10\xdc-\x130\xf1X\xad',b'\xd9z\x86k\x90\x83Zt',on_intersection,
b'\xd7\x91\x99\xf0{\x93X\x18',b'\xc6\xf0\x10\x9b\x82?]\x95',on_intersection,
b'\x87\xa6f\xe3\x1e\xa0_<',"b'\xf2!(0\x0f,\\\x00'",on_intersection,
b'\xe0q\x9e\x05\xec\x85Y\x0c',b'\x05FUyZlU\xc1',on_intersection,
"b'BR\x1b\xeb"">Z1'",b'\x1b\x13\x7fn3\x83\\\x1a',on_intersection,
b'\xc1\x9e-\xbf{\x05[\xb0',b'\n\x94\x84yH\x0b]\xb0',on_intersection,
b'\x90\xa0\xd8+\xba\xe4Pz',b'\xe5\x19\x10s0\xc7X\xeb',on_intersection,
b'\xd5|}\xec\x04\xba_\xa2',b'fN\xec*\xeb\xb1P\xaa',on_intersection,
b'&Z;\x0c\x0c\xd1Y\xc0',b'\xec\xee\xdc\xe7mDYG',on_intersection,
b'q\x84R~`\xe7Zc',b'\xb5\x1b\xe7\xe9!\xf1W\xa3',on_intersection,
b'\x01\x9e]l6oQ\x83',b'\xfc\x9fHmX\x9a[f',on_intersection,
b'\x1fT\x1c\xba\xfe\x07Pn',"b'\xe5O,\x9ew\x91V@'",on_intersection,
b'\xf9\\A\x02\x7f\xbd[\x98',b'8\xe7X\xfbY\x80TV',on_intersection,
b'\x7f\xddMFTj]\x17',b'\xd5\xb4\xf9?\x87\x9a^\x19',on_intersection,
b'\xd4\x15E\xe6lVS\x1c',b'v\xc4\xaco\xfe\xa2W\xe2',on_intersection,
b'1\xffZ\x85\xc16Q\xab',b'm\xa5\x16\n\xbaIP\xd5',on_intersection,
b'\xfe\xbdD\xdd\xb1\xfeZ\x9d',b'\xf8\xb5\xa0\xafLh_\xf7',on_intersection,
b'\xc9[\xd0\xbe\xb2\xe8[P',b'\xd3\xe8\xa1\x15O\x9b\\d',on_intersection,
b'\xa5\xe6\xc2\xd7b\x16Q\xea',b'\xec^\xd0Uw\xe4T$',on_intersection,
b'\x11\x1e\x048\x17\x15X\xc8',b'\xa0\xc9Yqx\x1d[\x14',on_intersection,
b'\xf2\x0c\x9e\x0b>\x1bWZ',b'D+\xb8\x9b\xb1bY\x92',on_intersection,
b'j{\x0bjT\xecU4',b'1\x12y\x84\x18!]\x8c',on_intersection,
b'i\x1b\r\xae<D^\x92',b'r\xa8\x04\xf5\x85xU\xa4',on_intersection,
b'\xeehpF1\xd4[\xf2',b'\x9c\xd4\x11\x11\xdbPX\x1c',on_intersection,
b'C:Fe/\x9bPl',b'\x7f\x0c\xaa\xbc\xca\xe0W\xd1',on_intersection,
b'\xa7\xc8\xa0\xebR\xb1V1',b'\x8b\xce\x0e\xb3\xc7\xb6TV',on_intersection,
b'^K\xcf\xdcYiS%',b'\r\xcf\x81\xc5N\xee_)',on_intersection,
b'@K9\xa6\xaeAZ\xd6',b'\x16\xca3\x1b\xd7\xbc\\\n',on_intersection,
b'\xe3\xcai\x16\x14\xdcUj',b'\x13X}\xd2;\xc5W\x9c',on_intersection,
b'\x08]\xec\xfaY\x1fUr',b'Z\x11>\xd0iP_\xa1',on_intersection,
b's\xbc\xc8\x1eL\x93]\x1d',"b'\xd6\xec\xf7c\xff,]3'",on_intersection,
b'\xf9y3&:\xa1S\x1e',b'P>_\x1d\xde!]\xf5',on_intersection,
b'\xfdM.0\xb8\xc9]\xa0',b'\xdb\x00\xe4\x8a\xe6\xf9UL',on_intersection,
b'\xb8\x1b\xb3\xab^\xa7X\xe8',b'V\xf9\xdc\xa8\xd6\xc9[\xc2',on_intersection,
b'\xa3\xa5f\xac\x8b\xa6W\x95',b'\x8a\x8f\xfc\xc1>\x8eY5',on_intersection,
b'\xf6\xffP\xec9\x94W\x16',b'\xc6\xe7j\xaf\xdd\xc5\\\x15',on_intersection,
b'\xc0\xa6\xcc\x0be\xc4[\xe7',b'Fh\xcf\xf8\xe0\xf0X\x19',on_intersection,
b'\x97y\x99EM\x01V!',b'\xbb\xa2\xc0\xc7\x9b\xe3V\xf3',on_intersection,
b'\xba\xf8\xc2\x1f\x0f\xbdV\xd2',b'\xb47;B\x18u[n',on_intersection,
b'Y\x103\x03\x12-^\x8c',b'\xb6\\\xb3oa\xa4Yb',on_intersection,
b'\x14\xca\xb5e\x1f\x02R\xff',b'\xde\xe3\x02J\xee\xb5Z\xe0',on_intersection,
"b'\xd1\x95\x02\xf1,\xc3[\xf5'",b'f\x88\xd9\xd7x\xecP\xba',on_intersection,
b'\xd4\xa4{\xf6\xd0\xd7P\xcc',b'\xf9\x94\t\xa2\xae\x01X{',on_intersection,
b'\xbc\x93$\x83}\xefW\x1f',b'#\x02\xc5\xff\x99\x8d^\xe5',on_intersection,
b'\x02\x15\xf7\x08\xc2:RD',b'J\x84\xd6\x88\xff\x81[y',on_intersection,
b'u\xce\t\x1a\xdbYP\xee',b'N\xda\x90\xb4\x15\x8c\\\xef',on_intersection,
b'\x8cj\xb5\xc3T\xe0Z\xb3',b'p\xfd\x04\x82>\xc7\\\xea',on_intersection,
b'5\xe9i\xaa \xa6Q\n',b'\x18o\xf2\xf2\x86C\\\xf2',on_intersection,
b'>\xceUZ\xd2\xd4T\xcd',b'\xe2A\x9d\xe4S\xd5P|',on_intersection,
b'\xb5\xc2\xe9\x9c\xea*\\\xce',b'\x94\xd8&h\xf74X\xc2',on_intersection,
b'\x8f\x95\xa2\xd8\x9e$R\x92',b'\x8frmU\xc8\xf6[T',on_intersection,
b'W\x9e\x16\xeb$\x80YL',b'}\xe6\xe2\xf4\xc1d]%',on_intersection,
b'I\xca\x93B\xed\xb5W\xe3',b't\x17\x89\xcf\x1c\xc7X\xf1',on_intersection,
b'\xc4\x17\xb3\xe6)-P\xaa',b'\xf3\xe7\xf2\xe2\xc1\x7fVq',on_intersection,
b'\xda\xcdH\xe1o\x7f^\x91',b'\xad\x83Zf`\xd1V\x0f',on_intersection,
"b'""\x85\xb0\x8d1\xbcT\xb8'",b'\xcbh\xba[\x1fa\\m',on_intersection,
b'\xf8\x99\x9c*9\xcdY\xcf',b'\xfa\xdc\x9e\xc6\x04O[\xb3',on_intersection,
b'!s\xb7Q\xc4\xceR\xd1',b']\xff\x91\xa1\x87\x0bX\xcf',on_intersection,
"b'z\x89B""c\xa6T\xee'",b'\xe1\t\x1f\xe9\xe1\x87Xc',on_intersection,
b'yj\xd6\x1f^\x1aP=',b'q\x00\x1a /f\\H',on_intersection,
b'\xc2r\x97~&SP\xaa',"b""\xd0\x00W3\xb6\xbeP'""",on_intersection,
b'\xaa\xb1\r{ \x80T\xb6',b'\xc8r\x92\xbf\xd9\xe3YQ',on_intersection,
b'\xecN\xa5e1\x99^k',b'\xc72\x0f\x99\x90\x0c]6',on_intersection,
b'\xc6}\xd7\x07\xb7\xf2W\xab',b'\xb2*KWB\xbeY\xc5',on_intersection,
b'8\x87\xfez\x82GS\xe2',b'\xd8\xe3?\xebbKT\xb5',on_intersection,
b'#j\xe7;\xdcA^\x8f',"b""\x18'G\x95\x01[U_""",on_intersection,
b'\x02b\x03\x14\x9d\xc7R\xfd',b'\xbe>\xed\xde\x9b\x01R\xc5',on_intersection,
b'\xd7\x8eVc\x9af[\xa7',b']v\x03u?sTQ',on_intersection,
b'\x0eo:\xbfQ\xb4\\!',b'\x04P\x06f\xed\x0eWW',on_intersection,
b'\xf8\x10\x052\x0b\x97]n',b'V\x12\xfa)T\xa7[\xe7',on_intersection,
b'\xd4\xb0&;)\xc2Z+',b'F&\xa9}\xd0\xd0_w',on_intersection,
b'u\xb97\xfe\x0c=[\xb6',b'\xae^\x93\x1c\x08\xf3Qw',on_intersection,
b'jD\x15\x8e\x90\x7fP|',b'-c\xe6\x16\xc5\nQ\xc6',on_intersection,
b'\xbc\xa6T\\\x94\xe0V\xf3',b'h\x1e\xf8\xb3\xd0\x1aX\xf3',on_intersection,
b'\xc6\xb3\x99\x91>\x7fW\xf7',"b'et\x16\xb6""fW\x91'",on_intersection,
b'\xee\xee\xaa\x9a\xa0\xd7Tx',"b'\xd5\xf8\x94,\x1a\rR\xf3'",on_intersection,
b'&\xae\\\x83W\xe4UU',b'\x93\x11+j\x06\xe1W\xdd',on_intersection,
b'g!b\x95\xed\x84PY',b'vU|\xbb\x9d\xcd\\\x9a',on_intersection,
b'\x07V!\xda\xca\xdeU\xcd',b'\xef\xe2\x80\x87\xbapR\xdc',on_intersection,
b'k\xde\xce\xf4\xa3\x94Y\x17',b'@I\xe3\x82Yh\\e',on_intersection,
b'\x0c\xa6\x03\xf9\x8b\xc2^\xc5',b'\x93;K\x03\xe5\x0cT\xdd',on_intersection,
b'\xc8\xd1\x08H\xe8\xf7W\x0e',b'A\xecf\xb4\xbfeW\xf1',on_intersection,
b'\xc2V3\xcb\xd6aU?',b'\x18\x06\x14\xed\x16KR5',on_intersection,
b'\x89\x01\x12\xd1\x92\x1bY\xbd',b'(\x86\xb4\xbe@\\Z\x82',on_intersection,
b'\xc9\xc61\xb9\xc7mX(',b'\xb7\x9b?\xf2$\xd1^(',on_intersection,
b'\x02\x99I\x1d\x9b\x07]\xb4',b'\xee\xaf\xd26M\x07X\xc0',on_intersection,
b'\xec:\xcb\x12\xf1\xe4P\x0f',b'\x88\x11q\\\xb2\xb1S^',on_intersection,
b'txL\xce\xa4/T-',b'\xa7O\x0c\xe4wlQ\xf8',on_intersection,
b'\xd7\r\xc3\xc2\xd5[TM',b'5[5\xe7Y\x86S\x15',on_intersection,
b'x\x928\xdbICP\x14',b'e \x9e\xbd[\x97_%',on_intersection,
b'x\xe7\x18\x12\x18\x89T\xf7',b'Z\xc4\xf3\xb83\xe6QN',on_intersection,
b')\xb2/o5\xb4U\x19',b'\xc1o\x84\xba2\xfaZk',on_intersection,
b'\xca\x1f\x12\x0e\xb7\xd3Q\xa9',b'\n\x16)\xc8zOX\xf9',on_intersection,
b'#k\xb8\x1b\x97\xc0U\x11',b'\x81U\xd9Z\x96\xf4PH',on_intersection,
b'a\xd4\xb5\xa1\xeb\xb2\\\xe3',b'\x11\xed\xd4\xa7\xd9\xedQ\x9e',on_intersection,
b'O\xce\x07\r\x83\xffU\xcc',b'\x80\xd2bF\x08A_\xf0',on_intersection,
b'\x1ew\x8dh\xa1\xdb\\\xa6',b'\xaad\x08\x81\x0c\xc1R\xd8',on_intersection,
b'<\xca\x07f\x17\xb4WO',b'^\x9bo3g\xebZ(',on_intersection,
b'\xa3{(\x90C\x95X\xe4',b'\xff\xa2\xdc\x83C\x1c[=',on_intersection,
b'Q\xf5]\x84\xf8\tU\x8d',b'y@\x1f3\xc3\xa2X\xed',on_intersection,
b'\xa4i\xf5\xb18\xefXv',b'\xc8c\x06\xf2iY^\xe1',on_intersection,
"b'\xb9;\x99,\x1c\x1fT\x81'",b'\xd8\x86\xa80T\x00Qv',on_intersection,
b'\xdb\xd1\xc3=<\x88Y\xe3',b'o\x07\x9bn1\x11Y\x90',on_intersection,
b'\r\xf6\xe6\xd7M*S\xb5',b'\x03*J\x93\t9_O',on_intersection,
"b'A\xfc\x05{1{X,'",b'A\xd3\xc0\rM\xaaR\x9c',on_intersection,
b';ph\xf7;\xdd]g',b'\xb8!gN\r%U\x16',on_intersection,
b'\xb7\x01\x16v\x94\xc9T[',b'\xc2\xdaJ\x91\xcf?\\\x08',on_intersection,
b'\x9eL\xc667\x98W\x0c',b'bLDS\xff\x95Zc',on_intersection,
b'$b\x17\xee\x88iYU',b'Q(\xa5\x1aF\xceZ1',on_intersection,
b'\x05\nX\xc2R\xacP\xd7',"b'0,\x99\xca\xe48Ux'",on_intersection,
b'\x1f\xc3*\x8e\x0c\x9cR\x05',b'\xbbGC\xaa<X_\xd5',on_intersection,
b'T^\xce\t\x11\xcaV\xd7',b'\xe6<b\xe0\xd3S[?',on_intersection,
b'\x8a\xf8\x9b\t\xab\xf8P!',b'\x9d\x15\x18\x0e\xa1\x1bP{',on_intersection,
b'\xe6\xa8\x93\xf6h|\\T',b'\xc8\xb4c\x18\x89\tT\x0f',on_intersection,
b'\xd5\x94\nk\x95\xdbR)',b'u\xd9\xeas%\x03Z\x84',on_intersection,
b'\xe2\xed\xa2\xe9\x7f\xdc\\\x7f',b'\xc8\xd5\xbe*\xaa\x10T\xdb',on_intersection,
b'M\xea[\xfb3\xbeYS',b'\xfe\xd4\xb2\xf0\xffgU=',on_intersection,
b'K*C)EhZ\xcc',b'\xb1\xc7\xb1\x18\xff\x12_m',on_intersection,
b'\xac\xa25\x90\x96\x81V\x01',b'l\x98s\xe2s\xc9RH',on_intersection,
b'e%_\xac\xdd\xe0[\xcb',b'3\rFn\xde\x02\\\x9e',on_intersection,
b'\xa2\xe3\x1c\xa8\xbf\xe2[\xb0',b'#RM\xc7\x0f\xa0Y<',on_intersection,
b'\x17\x94\xb9\x13\xd4w]H',b'\xac\r\xc8\xe3M=QV',on_intersection,
b'\xd8(\xc1#Q\xbcQ\xaa',b'\x00\xaa2\x91\xd1\xb2\\J',on_intersection,
b'\xafb\xe7\x98\xcbAQ\xcf',b'\xa7b\x86\xc8\xb7\xe4[y',on_intersection,
b'\x15\xf5\xce{\t\x18XU',b'\xfe\x87\x8f\x08B\x0eV(',on_intersection,
b'\x0c\xc2[\xde\x98\x0f^\xf5',b'\xbc\xb0\xf1m\xd8CVH',on_intersection,
b'\x9c\x9c\x044\x17MY\xd7',b'\xae\xbaME@\xaeS0',on_intersection,
b'\x97\xabLB2\x96[\x04',b'\xde\xa47L4\xc9Z5',on_intersection,
b'_v\xd7\xd0\x08\xb0Rl',"b'B""\xda@\xe1\xcbZ\x85'",on_intersection,
b'\xf1\xbc@\x8a?\xcbQR',b'\xfa\xc6\x0c\xc5\xbd\x87T\x97',on_intersection,
"b'W\xa1\x1a42""W\xf2'",b'\xd2\xa9\x84;R\xa5TD',on_intersection,
b'r9\n\xaefDYB',b'VFV\x13\xb0jQ`',on_intersection,
b'\x07\xab\xcbJYw^\x93',b'L\xc1\xe7z\x7f(Y\xe6',on_intersection,
b'p\x85B[3\xffZ\xcc',b'\xfa\xa4\x95\t\x1ay^i',on_intersection,
b'\xf3\x04\xe1n\xb1FP\xdd',b'\x04\xb6|\xfb \xab_\xfe',on_intersection,
b'j\xf1\xc2^\xed\x0c]W',b'\x83\xd3Z\xf8\x12\r]\x83',on_intersection,
b'\xe2\x89\xa7)\xc1\xd5R2',b'%N}\xd8\x8b\xb8U\xf0',on_intersection,
b'\n\x1bf&\xd6\x8bX\xf8',b'\xe6\xbb\xaf\x9ez\xf6]~',on_intersection,
b'\x93\x96ub\xee\x16Q\xc0',b'\xbf\xee0\xa3&\xb8U\x19',on_intersection,
b'\xfb\xceO\xaa\x9a}Tg',b'\x15f\xce\x1a\x10\nS]',on_intersection,
b'\xf8\x93?\xfc\x08\x0fW\xee',b'\x88\x07\x1b\x99Wk[/',on_intersection,
b'&5\x1f\xd1\x95\x9dR\x8a',b'\xfc\xc5g\x98\x08\\X\x86',on_intersection,
b'\xb5\xd5\x1b\x0c\x95jYV',b'\xa2\x06?3\x87(]t',on_intersection,
b'\xc3\xcc\xae\x01v\xdc[\xc3',b'\xa0=\x98:\xb7ZQL',on_intersection,
b'\xe7KZ\x87Ob\\J',b'\x86|\x8f\xd1\xb5\x89Y\xe1',on_intersection,
b'\xfb\x0f#\xc4\x8bx^s',b'vT\xa4\x1c\x80\x87P\x8a',on_intersection,
b'\xfc\x98ze\xe3KZ\xaa',b'\x95\xa2\x84I\xe4\xe0W\xe8',on_intersection,
b'\xc6\xcc\xf5\xbbq\xaf[\xa4',"b""\xecUwls\xc7U'""",on_intersection,
b'\x9a~\x14\x10\x8a\x11^\xcb',b'\x06\xea\xe7\xea\xd4\xeaYo',on_intersection,
b'\xfd4\xcf\xea)lZ\x97',b' \x83\x1c&\xc4\x87Q\x03',on_intersection,
b'j+\xdb\x9b\xfe\x85V/',b'\xeeg\xe2\x95\x9a\xb2W\xb1',on_intersection,
b'bK\xb5X\x8b ]\x0b',b'w\xe8\xc9\xcf\xa3w_\xac',on_intersection,
b'\x16h\xcb\xc3\x11#S\xd7',b'#M%\x81 \x0fV2',on_intersection,
b'\xe4T\xf9Bex^\xd5',b'\x85Qu\xc7\xe9\x86Y2',on_intersection,
b'\x11\xb6q\xf3\xf3\xf7Y\x1a',b'\x1e\xa6\xde%\xf3\x02T\x08',on_intersection,
b'\xbb\xfb\x03\x14\x16-]\xcf',b'\xf0tA\xfa\x07\xc0UW',on_intersection,
b'\x83\xf8\xb7P\xa8\xda[\xa0',b';\x7f<3ttX1',on_intersection,
b'%\xb4j\x06\x18w\\\x83',b'1\xc1\xba\x9f\x145YX',on_intersection,
b'\x9a\x12\xf9\xf5\rIT\xe2',b'EC\xa1G\xc4^S^',on_intersection,
b'\xda\xca\xd3\xdc\xef\xb1Y\x98',b'\x80d\xdc\xef\xc5\xfcW\xef',on_intersection,
b'\xc6\x15\xf6\xd6\xd8\\Pd',b'\x85\x99\xd9\x13\xcf\x9c[\xb2',on_intersection,
b'\xc3|\xdf\xd8(\rQ\x05',b'0\x9fJ\xc8\x8d\x87X!',on_intersection,
b'f\x8f\x92\x04\x97\x15Xg',b'a\x0b\xe9y/9\\R',on_intersection,
b'\xa7\xba\xebE\x15\xe2V\xca',b'&\xd1\xf1\x10\xc0\xbaP\x06',on_intersection,
b'\xce\xbd%\xed\xcd+Q#',b'\xa2\xf0\xd3cj\xd3UV',on_intersection,
b'\xf8\x84\x1f\x1d\x05\xbeT?',b'<q#\xd8\xa8\xdd]\xc3',on_intersection,
b'\xc9\xea7\xc0<\xbbR\xfb',b'`t\xa7^\xd2\xb7^\xee',on_intersection,
b'\x96^e*\xb6\xc8_l',b'\xda\xb9&;\xcf\x1cY7',on_intersection,
b'i\xe9\x0f\x9eb\xedY\xca',b'\xb2\x80W\xbeuw_K',on_intersection,
b'su!\xe4\xaf\xa1R\x9f',b'\x8a\xb0\x10\xb6\xbf\xfeX@',on_intersection,
b'\xc7\x86\xee=z\xabR8',b'\xda\x91 \x98\x07\r_\xb9',on_intersection,
b'{tTt\xb3\xd7]m',b'\xcb\xd4\xb4\xe2x\x1dR\xc8',on_intersection,
b'\xaewV;\x90\xd1S<',b')y\xa8&2\xd5YV',on_intersection,
b'}T(<\xe0\xdcZ\xfc',b'\xc6\x86\x95\xe8\xb8\xedV\x1c',on_intersection,
b'\xc3\xd6H\xa4\x15VP\x06',b'0\xb5\xebA\x8b\x85V\xf9',on_intersection,
b'\xc5\x88\xabE\xddL]p',b'\xa4\x12\x9c\xc4e9Q7',on_intersection,
b'\xde\xd3\x14Q\x91\x03\\x',b'8&%\x92$\xa3]5',on_intersection,
b'.?\x9es\xac\rZ\x01',b'\x02@P\x8a\x94\xaaP\xf0',on_intersection,
b'P\t\xdb\xe5\xe7\xb2Y\x7f',b'\xd1\x01\xc7\xad\x0cSY\x91',on_intersection,
b'W\x94\xb51\xe9OU\t',b'\x17\xbd\x19\xbb\xdd\xceW\x10',on_intersection,
b't\x99P\xb7tdWE',b'E\x8f\x90\x01\xb0;Z\xee',on_intersection,
b'\xb5\xf7\x07\xc2\xe9SU\n',b'~\xd1\xc6os\xe4Tg',on_intersection,
b'W\xc1\xaaM\xa8ZSq',b'\n\xddC\x0c\x8e\x94[\x00',on_intersection,
b'q\xa0\xa1\xc5\xbbBR\xc5',"b'\x0b\xbeQn:,]\xa8'",on_intersection,
b'\xc2m\x08\xc5@z^\xd5',b'\xd7\n\xcf\x13C\xa9R\xc0',on_intersection,
b'\r_\xdc\x0btYZ>',b'\xf3\x00\x00m\x9b\xd3^\x00',on_intersection,
b'\x8ec\xd2\xf3/\xfbQ\xd2',b'\x84\xd6\xcc\x16\x94\x94^\xc6',on_intersection,
b'B+\x80\xf3\x97\x15Y\xaf',b'D&b\xc5\xb8\xf6U\x15',on_intersection,
b'\xa0I\x81&\x90%T\xc0',b'\xbeV\xb0\x9b\x8c\x04^\xb0',on_intersection,
"b'\xdf\x93\xe0,\xd3\x1d]\t'",b'6\x8a`\xc6\xb1oYl',on_intersection,
b'L;[\xfa\x8e\x17X\xd9',b'!\x10\x9a\xf3\xf6\tS8',on_intersection,
b'j\x88\\\x97G\x16XQ',b')-\xbc\x02r\x7f]\x82',on_intersection,
b'o\xd1@\x1a}\xff[\xd3',"b'"">7Y\xeeYT\xc5'",on_intersection,
b'/\x84x>\x80T]\xde',b'\xcd~\x82\xea\x8b\x9dR\xbf',on_intersection,
b'p\xd3\xf9\x03\xcf\x82X*',b'\x00\xff\xfd$\x05\xae]\x0b',on_intersection,
b'E\x9a\x08\xbev\xe0Y+',b'\x9e\xb8\x08\x94\xf1QQ\x1e',on_intersection,
b'\xbb\xba\xce\x11;\xc4]\x8f',b'\xa9\x0cn\xd2\x89\xc3[O',on_intersection,
b'%\xea_EsA[j',b'\x8d\t\tGz\xb8\\\xe5',on_intersection,
b'\xdd\xb0\xe0\x82\x08\xed]\xdc',b'\x02\xa3\x9eJ\xf3\x9fQ+',on_intersection,
b'\xe4Nx\xe6%\x8d^\x00',b'\xd8I\x91\xcb\xe7\x0eWi',on_intersection,
b'\x9a\xd52\x94\xbb\xc1^\x0f',b'\x86\xc8\x8a\xfa\xa0\xb8V\xf9',on_intersection,
b'\xe1\x89\xb0]I\xecW\xb2',b'\xe5\x96\x9a\xbc\xba\xcfX/',on_intersection,
b'\xa6\n\xc4ZAwS\xcd',b'\x12$/a\xe8\x82S0',on_intersection,
b'\xea@\x17\x0b\xb5\x93T ',b'PIr\xb5\x038]0',on_intersection,
b'[\xc1\x99\xfa\xf9\xcaU\xba',b'\x9d\xbcv\x0ed\nW\xd6',on_intersection,
b'\x94\x9c\xdd\x05\x0feT\xf4',"b'\x84_\xea,^\xae[C'",on_intersection,
b'\xeb\xd7n\x1c|\xf7X\xca',b'\xefA\xf1B\x1c\x8fY=',on_intersection,
b'd6\xd6\x9f\xca\xdeT\x0f',"b'p""lvdb[\xb2'",on_intersection,
b'\x8eE\xbaz\x86\xcdYR',b'KG\x07\xe8\x04\x11Q\xfe',on_intersection,
b'\xab\xe0\x8cSoeR\xff',b'\xc7P\xe2\x19\xde\xef]`',on_intersection,
b'\x8bE\xcc\xe0\xfd\xf9Q9',b'\x19\x04B\x81im]K',on_intersection,
b'\xf4\xb4\xb4\x184\xbe_m',b'\x9ee\xa6\x8a\xff\x87^Q',on_intersection,
b'\xa6\xe4+\xe7\xb3s^\x04',"b""\xd0\x9e*\xae\x14'R\xb1""",on_intersection,
b'\xde\x86\xd0-zz\\v',b'\x80:\xd9!\x9fJ[\x8b',on_intersection,
b'\xe3\xc2\xff\x92\xfd\x8bR\xc2',b'\tqq-DmY\xf5',on_intersection,
b'3E\xac\x8c/\xd2\\L',b'XY\xf7\xa6\x1b=]e',on_intersection,
"b""\xee\x9dU'\xcb\x9a_B""",b'Y\xa8=\xa7\xd4\xb6Y\x1d',on_intersection,
b'\xcc\x8dm\x87\xd7v^\x9e',b'\xe3z\xc9t\xfd\x8fT\x90',on_intersection,
b'6\xc5n\xda\x01\xb2V\x03',b'\xf9{<\xa0\xb4\xcdV\xb5',on_intersection,
b'\xdf\xcb0&\x92\xd3Y\x1a',b'B?~\xc0\xc2\x11UJ',on_intersection,
b']\x0b\xc6>7\xa4U/',b'L\x12~&\x8d\x80Y=',on_intersection,
b'\xc9|\xc5\xf6@\xabX\xde',b'yz-je{Ta',on_intersection,
"b""\x07o\x02\x01\xa5\x9bP'""",b'#\x0el\xc3\xc86W\x88',on_intersection,
b'\x11`\xc4-{XX\xec',b'\xde\xcdQ@!\xeeW\xbe',on_intersection,
b'qY\xe1~\xb1XS<',b'\xd7\xce\xf2#\xef\x03W\xf6',on_intersection,
b'\x80\xf8\xbb\x1d\x98\xf4^}',b'e\xfc$>\xcbY^\xdf',on_intersection,
b'\xbbS.\xf88\xc2Z\x05',b'Q%+=:\xe9WG',on_intersection,
b'}\xe2M\xd8B\x10X\x93',b'\xc4-\xf9P\xf2\x91Z:',on_intersection,
b'p\x17\xf2\x9f\x92\xd5X\x01',b'N?\x84N&ISJ',on_intersection,
b'u\x81\xf9W\x0f3\\\x02',b'\xe6T\x8a\xb6\x10\xa4Ti',on_intersection,
"b'\xba\x9eJ\xa6\x1b""Z5'",b'\x024b\xb4w\x1d]P',on_intersection,
b'\xce\xa2B!\n\x11^\x1c',b'\xdf\xa0\xe4SS\x1dX)',on_intersection,
b'\x9f\x8b\x89\x93\xe1\xa7R\x0b',b'\x99\xb7\x9b\x96\x9d\x9eT\x19',on_intersection,
b'P\xe5\xc8Nq\xa0R\\',b'\x0c\x07\x8d\xc0\x9d\xe8[/',on_intersection,
b'\xf88\x05\xea\xeaaS\x97',"b'\x9d\xf0\x8aF&""W\xb2'",on_intersection,
"b""\xb0\xfe#$'%Q\xda""",b'[\xefZ\x8f\x0b<\\\xda',on_intersection,
"b'\x1a\xbdu\xf5\xba\xa7],'",b'B\xe4q\xaf\xa7\x87ZV',on_intersection,
b'\xaa|\xea!\xae\xe1[n',"b'\xb0\x92Kn\xab+Z""'",on_intersection,
b'i\xd0\x15\xa0\xb4\xa0X|',b'\xb8 o\xca8\xb7R\x85',on_intersection,
b'\xa8\xee6\xb0f\x7fU\xa6',b's\xa7\xdf\x91S\xd3\\\x9c',on_intersection,
b'2V\xa9)\xfc\xccS\xee',b'\xaa\xf1i\xe1#\x91S^',on_intersection,
b'\x00\xa8\xc6J\x98\xd2R\xff',b'Q\x94\xdd3f\xcd^\x08',on_intersection,
b'\x87\x1f\x7f\x8c\xf2\xe4X\x8d',b'w l\xd7EmS\x03',on_intersection,
b'^\r\xad4\rXY\xad',b'\x97\xce\x0f\xc6K\xfbS*',on_intersection,
b'\xe9?M-\x16\x1eTc',b'\xd9\xfaj!\xbb%Y\x10',on_intersection,
b'\x8c\xfe\xf0V\xcbiZ\xcc',b'h\xb9\x8c\xd5\x80\x16T_',on_intersection,
b'\xa4\xac\x82M\x8b\x8e[\xf5',b' \xda\xc8\xffo\xa3Qn',on_intersection,
b';\xef\xd2\xbd\x1c\xa3\\h',b'\xcbE\xef\xb4\xeb\x9e]/',on_intersection,
b'L\xa4J\x86[\xd2Y\xa6',b'Z;\xb75\xf3\x02[ ',on_intersection,
b'\x12\xc9\x88\x94lKR\x8c',"b""\xdd'\x8c-\xac\x8b_\x14""",on_intersection,
b'\x996\xf1\x80\xdbGS\xd1',b'o\x0b\xf7\xc4\x1a\xdfR|',on_intersection,
b'}\x01\xcd\xee\xdeHU\xaf',b'+`\x83\xd2\xfc\xcf_\xff',on_intersection,
b'$A{\xa0\x9c/P9',b'\xeef\xbf\xdf3\xa5Z]',on_intersection,
b'\xd0\x9a\xb5\xa0\xa8\x1c\\\xca',b'@\xea\xb9e\xb3\xdb_\xdc',on_intersection,
b'\xc2\x96\xcc\n\xcc\xa5_\xfc',b'\xb1\x17^R\xd2}Q\xf3',on_intersection,
b'\xc2:\x99\xd1\xa2\xdcV\x90',b'K\x8an\x16F\xacS_',on_intersection,
b'f\x9c[j\x0cL_\xec',b'\x11i\xe7\x18*\xbd_P',on_intersection,
b'M\xd4\xc7\xbb\xdfrT\xa3',b'\xe5\xc3\xd5/\n\x11[\xe2',on_intersection,
b'p\xcb\xe0\x1e\xb3KU\xff',b'\x03RJr7\xb3P\n',on_intersection,
b'2\x1d\xbc\x17\x90\x8aV\xd3',b'\xc4\xee\\H\xcb\xe0R\xd0',on_intersection,
b'}\x03\xbb%vdQN',b'\xa0\xd4M6\x1a\xf1_\xd6',on_intersection,
b'\x1b}N\x15\x9e\xeaX\xa6',b'\x19*\xd3\xc6\xf4\xa6^\xd2',on_intersection,
b'f\x1d\xab\xad\x0b\xdeU$',b'\xf9\xcf\xb5\xe4\x02\xa1P\xfe',on_intersection,
b'x\xef\x16\xc2\xbeDU\xf1',b'\xa8\x9c\x0cx&;P^',on_intersection,
b'\xd7\x83 A\xe4\xd3\\\x0b',b'\x84\xc8\x14\xbd5\xa0P\xba',on_intersection,
b'Z\xf55\x94\xda\xddZ\xec',b'\xdbyS7\xe6\xdbX\xd7',on_intersection,
b'\xf2\xf2\x00\xf7\xd4PT\xaa',b'\x08\x0e\x90\xf2~fU\xe0',on_intersection,
b'G\xab\xdbB\xdcESr',b'#9N\x0f\xb1`P\x9f',on_intersection,
b'\x9b\xda\xd7rt\xf2[X',b'PA\xe7\x8c\xe0\xfeS>',on_intersection,
b'\xfc\x1c\xa4\xfd\x1d\x11RK',b'4\xb8\x99\xecN(\\\x88',on_intersection,
b'\xce#\xc4\xc6\xf1\xacP!',b'\xca|X |\xfeX\xe7',on_intersection,
b'\xe5ygLJ\xe7V\xd1',b'\xa6C\xf3S\x98\xaaS\xbe',on_intersection,
b'\xf6\xc8*\x86o!Q\x0f',b'\xb2\x87\x03{\xd8\xabP\xe3',on_intersection,
b'n\\4\xcc\xcb\x03U\xcc',b'\xd7\x08\xcc7\xa8\xa2P\x82',on_intersection,
b'\xe1\x0c\xcc\xa4\xaa0Q\xd7',b'}\xd4\xcej\xd3CVh',on_intersection,
b'\x8f\xa7\xec\x16\x84\xbdT\xca',b'\xa4\xf7R2\xe96UL',on_intersection,
b'~sF/\xb2\xcdX\xde',b'`\xfe\x86\xde\xf4\xb7S+',on_intersection,
b'\xe3\xb2(\xa3%\x0cY\x1c',b'\xd8G\xdf\xeb3\x9eR#',on_intersection,
b'V\xedZ4\xd2\xb5\\-',b'$<XVm\rQ\x8f',on_intersection,
b'\xba\x1c|)\x9eJU\xd8',b'\x02^\xe3 \xf9\x97Y\xfb',on_intersection,
b'$\xf9\xb5\x99\xc1\xe1T7',b'\xae+\x13\xf3\x8c\x02S\xcc',on_intersection,
b'B\x0f\x0fS\xb7\xd9^6',b'D\x16y\xb9B\xe0]\xbc',on_intersection,
b'2Y\x97\x14\x1d\xd0V\xd4',b's9^UW\x0bP\x1f',on_intersection,
b'\xb6\xcdb\x88\x86Z]$',b'\x9f\xf6\x88\xbb^b\\\x8e',on_intersection,
b'/\x83y[\x1e\x8a_\x11',b'\x15Z\r\xbe\x01pX#',on_intersection,
b'h\xb3\xbdI^\xa8T\xab',b'\xfc\x9bX\xf9\rV_\xe9',on_intersection,
b'\xc0\xf8R\xb4\x0b\x0eZU',b'\x9b\xc3\xe1\xe7j\xb0S>',on_intersection,
b'UE5\xc5\xd9nR\x06',b'\xbc-\x1d1H@[\xfc',on_intersection,
b'\x92\x81d\x8f\xf8\xe1S\xc1',b'\xabuV6\x04\x9cUb',on_intersection,
b'r\x8a.\x1aKGT\\',b'B\xe6:\x03\x13LP\xef',on_intersection,
b'\xd0*u\nk\xfd]\xb4',b'fG\x8c\xeb\x17\xb3Z\xd2',on_intersection,
"b'\xa0ez:\xac,X\xde'",b'\xa1\x03/\xb5g\\P]',on_intersection,
b'\\_\xdbR\xaf\xb9U\xa5',b'\x06\xd3\x16:\xb0\xd4V\xcb',on_intersection,
b'\x068\xd9\xc9D\x1cZ\x88',b'\x86h\x10\xa7^@\\\x97',on_intersection,
b'\x06\xb99\x0b/\xb9]y',b'_\xb7+\xc0g\x0fT\x18',on_intersection,
b'\xbd\x88QVx\xb1_q',b'1\xec}--\xd9P\xd6',on_intersection,
b'\xe3\xfc\xfe\x8c\x89\xcfW\xbc',b'B)\xf2D\xde\x80S\x1c',on_intersection,
b'o\xb66\x8e\xd1\xbbWm',b'\x90\x8c\xc9t\xbaCU@',on_intersection,
b'K?\xddFM\x0eXN',"b'\xfc""\xf4\x0f\xd3\x9a_\xd3'",on_intersection,
b'\x1ce4\x9c\xb3ZU\xcd',b'\xea\xb8\x98\xd2\xb6\xcaW\xc6',on_intersection,
b'\xbf\xc1\xa7h\x9e1^\xcf',b'.\xd5O\xf2\x9c@_\x16',on_intersection,
b'\xf8~\xcb>\xa5\xd3^\x87',b'\x91\xe5\xd1\x94\xeeGZ\x9f',on_intersection,
"b""\x08\x1bH\xb9\xf4\x88U'""",b'S#h\t\xed\xa8R\x97',on_intersection,
"b""\x16X\xd0K'\xf3Z\xd6""",b'\x94pDn\xb4nV}',on_intersection,
b'\xb1\xbfb\xa8\xd8\x9aU\xd8',b'\xdf\xdcCo\x8c/^B',on_intersection,
b'\xa8mIH\x93`W\xd3',b'`}\x87\xa6$3XI',on_intersection,
b'\x1b\xcf\xddx\xf1\\]\xc1',b'\xdf\xb1\xa2R\xf3\xebZ\t',on_intersection,
"b'\x17lE,dRQ\xc1'",b'\x87\x08\x91 g~]\x1d',on_intersection,
b'8&\xc3\xb0\x19\xd2]\xda',b'\x11Z\x9fX\x18\xa3^r',on_intersection,
b'.j\xcaG\xb7\xceT\x9d',b'\xd0\x1d\xcc\xd7y]R\x1b',on_intersection,
b'\xfd\xb7\xef\x0e\xacm_D',b'\x1a\xd5\x87\xac\xb7\xb4_p',on_intersection,
b'M\xcf\x80A\xc2\xb9P\x8a',b'(\r\xbe\xcb\xfc\x8fZ\xf7',on_intersection,
b'O\xeeA\x92\xf7\xce]k',b'\x0f\xd2\x10\xc0\xd2\xe1Z\x0f',on_intersection,
b'\xd4\xde\xa2\xc2\x8a_Y\xd0',b'\xe2\xb7d_^\xfaS\x91',on_intersection,
b'K\xee6\x86ab_\x93',b'F\x9c\xf2\xf6}\x9bX\xc0',on_intersection,
b'\xf8\x98\xf5P\x94\x05U\xf5',b'\xba(\xfa4d\x91T\xff',on_intersection,
b'\xfa\x8c\x96\x16\xad\x13Y\x97',"b'\xc8\x01nW""lR\x19'",on_intersection,
b'\x98\xc0\x02\x93p\x03U\xb6',b'u\x94\x88>(L[\xb9',on_intersection,
b'\xa8?]`\x1f\x96\\\x16',b'Y=\x94\xf6\xcd)Y\x84',on_intersection,
b'K\xd6h\xe7\xd2\xac]\xce',b'$\xd4\x14a\xfb\xbbY\xde',on_intersection,
b'\xaf\xde\xe5I\xddAS\xb4',b'[[e\xe7C\x9cU\x9e',on_intersection,
b'\xaf\x8a\x19\x0b\xb8L_\x82',b'\x03\xd7\xcb\r\xd1 _y',on_intersection,
b'\x94\x97(U\x99\xdb[\x18',b'\xb6\x19\xf2=~XP<',on_intersection,
b'\xd5\x83[^|`RG',b'\x1b\x0bB\x86R2[\xa3',on_intersection,
b'}\x83\x8e:}`R\xf1',b'{T\x81\xdd\xee?R\xaa',on_intersection,
"b',\x89o^\xb1\x90^\xb4'",b'\x87oVv\x95\x05Z\xb2',on_intersection,
b'\x07\x02>\x19YeT9',"b""\xdb')\xaeQ\xe3_\xfd""",on_intersection,
b'\xe2\xd6\x84\xf9\x7f\xc4^\xdc',b'\x05W\xb7\xea\x04zR\xd1',on_intersection,
b'\xa2\xbe\x8a\x91-\xcf_\xab',b'\xa0\x81\x9eV\x92\x9fS\xd9',on_intersection,
b'\xe8\xa4!\r\xcd\xa6]\x03',b'\x8e\xee\xa4\t\xaceT\xf3',on_intersection,
b'J\x8fc\xac\x91\xb8Z\x12',"b""\xdb\xe7_\xa1'\xedS\xe3""",on_intersection,
b'\xa09\x91\xbd~\xe7\\&',"b""M\xc0\x90<\t'P0""",on_intersection,
"b'|,\x82l\xb4\x1fP\x9b'",b'\xbe\x9e>\x9e\xa7XV9',on_intersection,
b'\xb7\xca\xaf\xfd\x8c0_\xac',"b'\xc0v\x99\xc0\xc6pY""'",on_intersection,
b'\xf8\x85yAKtU7',b'\xa3Q\x91\\\xacsVQ',on_intersection,
b'*3\xd7\xd0\xc8\xdeX\xff',b'\xf8\xe0\xd8\x14\x8d\xceRi',on_intersection,
b'\xaeF\x1f\xab\x1dSR\xc4',b'>4\xcd13\xa7Y\x04',on_intersection,
b'\xf4\xdda\x9c\x10DTk',b')T-0\x0e\xde[\r',on_intersection,
b' #\xed\xb1\x8f\xa0X\x90',b'y?\x07\xcfJ\xaeZ\x02',on_intersection,
b'\nm\xfd*\x10\xf8Zs',b'o\xd8\x92`\xa00[\x81',on_intersection,
b'K\x19O\x92\x91\xc2\\.',b'\x16\x01\x19\x16a&X\x1e',on_intersection,
b'\x03JV\xa0P]V;',"b""\x947\xf88\xfa\xd9R'""",on_intersection,
b'\x9a\x94\x03\xc4iTZ\xa9',b'B\xe3=\x95\xb5\xddZ\n',on_intersection,
b'l\xcer%\xbcI_d',b'\xe5@{=\x8e\x7fS7',on_intersection,
b'\n\xaa\xf6\xf2\x05zVt',b'\xebV\xfb\xff7\xabY\x16',on_intersection,
b'\x9d\xa0c\x0c7\xf5[.',b'\xa9\xbfm\x11&\x8e\\\xaf',on_intersection,
b'XI\xc7\xe5\x1a\x83]\xac',b'\xe5k\xd0\x04\xe7\x86_\xf2',on_intersection,
"b'\xaf7\xab,\xf7\xf8Y\x88'",b'\xd5\xd8(\xf3\x01\x93]G',on_intersection,
b'\xfc\x9b\x9a\x88\x96\xda\\]',b'\x82\xdd-\xf45\xf2TR',on_intersection,
b'\t\xfb-OM;Q$',b'\xc6\xeen\xf3\xfd\xd0S\x89',on_intersection,
b'l\x19-\xf5\xcfaVS',b'+\xb2_=zrP\x12',on_intersection,
b'\x8a\xf6\xcc\x1a_{R\xae',b'\x1cj\x0e\x8f\xb5X]N',on_intersection,
b'\x8b\xe4v/EI]\xe8',b'\x0e\x99N^jk_\xf0',on_intersection,
b'\xa6\xf7\xc0\x0eB\xceR\x00',b'\t\xee^\\D\x0b[\x10',on_intersection,
b'F\xdf\xd6\x16\xaf\x98^v',b')F\x9fo\xeb\x13Y\x9f',on_intersection,
b'\xab`\xf2\xf8\x19\xe1U\xc4',b'\x8c\x00\xf1\x8a8\x8aUP',on_intersection,
b'\x0f\x8a\x06\x8b\xcb|Q\xf3',b'\xd1\xcd\xae\xcb\xba\xb4Sg',on_intersection,
b'\xb6\xc4\xb3\x9f\xbb\xc6S\x19',b'\xa7\xabb\xe8\xe7\x98Q\x8f',on_intersection,
b'\xbc\xc1\xdf\x19q\xccP\x18',b'\x1b]\xc7\xc0\x96;P\x99',on_intersection,
b'\xcb\x9d\x8a[!\xdaQ\xf7',b'\xea\xa5\x93\x7f\xb1\xd6_\xfb',on_intersection,
b'KF\xfarj\x07U\xfa',b'\x1c\x8b\xbbA\xef\x87XB',on_intersection,
b'}\x9a\x07!\xa3\xd1Uq',b'\xcc\xa6\xb9Z\xda\x15\\\x19',on_intersection,
b'0\xdc\t\xad9\xfc^K',b'\x96\xac\x07h;\x94U%',on_intersection,
b'J\x8a;r\xfcGQ\xf1',b'\x82\x9c\xfd%5QXt',on_intersection,
b'\xc6\x03\xdc\xfd/\xc1_\xf4',b'\x95\x05\x83\xc5\x89=Y\x94',on_intersection,
b'F\xc4v\x84\x11\xcaS\xc8',b'Hr\xb1%\x1a\xe1T\xa6',on_intersection,
b'<TDLO\xc7^\xbf',b'w\xd9\xc3S\xf4LR\x03',on_intersection,
b'/v\x17\xee\xff\xbf[\xb8',b'\x955W\xb3\x15\x80R\x82',on_intersection,
b'\xee-=\x96\x01\xc9[\xf6',b'\xf2R\xf1\x8f\x0c\x85]*',on_intersection,
b'j\xd7\x0c\xb3\xba\x85Rc',b'\xe4\xf8V\xaa\xb2~\\\x1f',on_intersection,
b'`s`\xf5\xb7\xf7Rw',b'\xb9}\xf4m\x0czV\t',on_intersection,
b'\xdd\xdf!\xc0v\xa7]\xc3',b'2\xb5u\xc3euY\xf1',on_intersection,
b'\x91J\xb1\xba>\x83Z\xa3',b'\xc6R\xa4]\xc6mR\x02',on_intersection,
b'\x9d\xd6m\xfe\xa8DXq',b'\x8d.\xf9\x93\xb0\x84W\x1b',on_intersection,
b'hcv\x1ac P:',b'2[D\xdc\xc1\x14X\\',on_intersection,
b'P\xb1\x82\x134\x80U\xe4',b'\xa8\xcf\xc3|\x83/T\xe7',on_intersection,
b'\x1d\x89\xa2R\x18\xadT\xe2',b'm^`\xcb\xa9 ^|',on_intersection,
b'\x0f\x86\x99\xb1\xd3}SK',b'\x10*\x88\xa7\xa7WR\x07',on_intersection,
b'\xcct\xc3l\x8d(TJ',b'\xf4D\xca\x84\x82\xa7S5',on_intersection,
b'ic\xecu\x1aYT;',b'c\x9aD\xc8%\xd9P_',on_intersection,
b'\xd1\x8d\xe7J\xdeiX\x83',b'G;\x04\xca6HX\xbe',on_intersection,
b'\xe3\x18eJ\xca\xd6[\xa1',b'\xbfywI}\xf6R\xa2',on_intersection,
b'iq\x1a$\xbc\x1eZ8',b'/\x0e\x03J\xf6\xa2[\x16',on_intersection,
b'l&\x8d\xdf\x16vW\x06',"b"">'Z\xc27?X3""",on_intersection,
"b""\x8e+'\xf7\x11]YG""",b'\xe4\xb6\x0cx\xcb\xf2V\xa5',on_intersection,
b'aO>v\x80\xefT\xdb',b'O\xb8\x06bY\xc6Y\x02',on_intersection,
b'\x08\xc5\xcb\xe9\xb9\xe0^\x9f',b'\xd6n\xba\x04W\xa7Z\xd3',on_intersection,
b'\xf8\xf8=v\n\xa0[\x17',b'\xecH\x1a;{\xf0P\xeb',on_intersection,
b'\xed\x95\x8b\x97\xdd\x8bX\x17',b'\xfbKv*~uW\xbc',on_intersection,
b'^\xa75\xad\x8e\x12T\x12',b'\xe7\xef\xf2\xb6\xfb\x0eS\x9c',on_intersection,
b'h\xc8\x9a~[\xf7_\xe9',b'J\xd7\x0e\x896\xcc\\\x93',on_intersection,
b'Us\x88+\xaa\xc6Y\x1a',"b'z""la\xedTR\xc8'",on_intersection,
b'\xf6\x8d\x8f\x8a\xada]H',b'\xb6d#-i\x92X\xe3',on_intersection,
b'\xd5\x0c\xf5\x97\xef\x07]\xfa',b'\x13\xdd\xff.\xf9\xf2R-',on_intersection,
b'\xea\x1e:\x0b9W^\xca',b'x\xdf\xea\xf5;\xbcR\xb4',on_intersection,
b'Q\x0e\xbf*\xa3\xfc\\\x1c',b'\xca!\xae\x95\x139Z\xef',on_intersection,
b'C\x9as\xdd\x07\x84T\xf8',b'\xf4\x8a\x004q\xf7Q\x88',on_intersection,
b'\xd7=\xb2\xfcjV\\)',b'\xb7\x84\x0f\x16\xeb0T\x99',on_intersection,
b'\xdf\xdb\x1ao\x17\xccW\xd9',b'\xcb\x0cu\x04\xd1\xa9_*',on_intersection,
b'\x8f\x12\xab\xb2\xe1XV\x8e',b'\x08\xbd\x1f\xc3\x10WR\xba',on_intersection,
b'\xb2\x8a?k\xd4\xfc]\xd5',b'3U\t\xfb\x90dQU',on_intersection,
"b'\xd6\x15\x94\xe4\xa3\x8dR""'",b'I{n\t\xe7^U\xb2',on_intersection,
b'`5\xb2\xffC\xe7W\x99',b'\x88\x19;\x18\xec\xbc]W',on_intersection,
b'\xf8\xe8\xcd\xc8\x18WS|',b'\x06?R\x02\x8f\xb4P ',on_intersection,
b'o\x93b$\xd3\x96T\x17',b'\x8b\x18\xed\xfe|%W\xc4',on_intersection,
b'?\xf3i\t\xe1\xdaQ\xa3',b'\xcf\xff\r+=\x80T\x14',on_intersection,
b'\x1c\x89sv\x90\x97Vk',b'\xc5\x8cy`\xaf{^p',on_intersection,
b'<\xea\x04\x92\xd6\x9c]\xbd',b'\xfc\xba\x8e\xb3\xa4\xf1]\xcb',on_intersection,
b'\x1b\xffe)\x8a\x8aW8',b']\xba\xb7\xc1\x07\x8cY\x02',on_intersection,
b'wVL%7%Q\xa9',b'Q\xfc\xd4O[\xa6]5',on_intersection,
b'\xd2&\x05{\x8f\x95]\xc4',b'\xe1P\x99\xf9\x8d*^!',on_intersection,
b'h\xf1\xe5h\xb8\xbaU\xf3',b'\x95\xf73\x8b\r\xdb]5',on_intersection,
b'?i}\xf8zl^\xe6',b'\xb3`\xd8\x18<\x1eT\xa9',on_intersection,
b'y\xa6\xd1\x10t\x07Xj',b'\x85G\x11\xb8n\xf3[B',on_intersection,
b'\x85\xbe%[\xff\xdc[\xe2',b'\x01Y^\x07\x9b\x8f[w',on_intersection,
b'\xfc\xe9\xb2\x01)\xc1]\xd0',b'\xbf>K\xceQ\xf0X9',on_intersection,
b'\x8dR\xa7\xc9\xb2`\\\xbb',b'\xd3\xee\xd4\\\xe3vU>',on_intersection,
b'_Y\x82\x1d\x13VXr',b'5\xcc\xe7\x02\xde\x99[!',on_intersection,
b'\x8f2y\xdap\x02Z\xa9',b'\x00)\xe6\xbd\xad1Wv',on_intersection,
b'\xaa\x97*\xdf\xb87S\xc0',b'\xfb\x95}\xb2\x1f\xe0S\xcb',on_intersection,
b'\x83\x8b\xd0:J]Q(',b'Oq\n\x80\xdd\\R\xc5',on_intersection,
b'\x03\xd1\x17l\x99l^\xff',b'\x9f\xd0\xc6\x07\xea\xf1Zh',on_intersection,
"b'\xfdXL""\xa6MQ\xb8'","b'\xc49""""YX_Z'",on_intersection,
b'\x00\xa6\x8d=P)TU',b'\xe9\xf3B\xba\x9b\xccP\xb1',on_intersection,
b'\x83O_\xe3\xb7\xc0W:',b'QY\xb3B\xd8#Pd',on_intersection,
b'\xc3\xed\x1e\x19\xf8\x85T!',b'\xfcB\x85\xf1\xcahS!',on_intersection,
b'\x8e2\x85~\xe2\xe7^\x82',b'\x1e`\xbeEKG_\xea',on_intersection,
b'\xb2cY{\xa8\xf7R\xc3',"b""\xed'\xe2%&)PX""",on_intersection,
b'\xb9h7!M9^r',b'^\xda\xb4K\x1e\x07_\xfd',on_intersection,
b'\xa2\x9a\xa4\x97\x1d\xd6Y\xcb',b'm\xaa5\xea\xdc\xbcT0',on_intersection,
b'\t\xf5\xbfM\x9d\xfa\\x',b'\x16\xce\x92\xbe\xac\xeeZZ',on_intersection,
b'\\\xa8\x85\t\x19;_\xc8',b'>\xa6\xa5\x1a\x1b\x8dU\xff',on_intersection,
b'\xb5\xb3\xf4;9\x9dV\x84',b'Z\xbd\x96}>\x0bTf',on_intersection,
b'xs\x11eC\x8c]f',"b""Z\xa17\x06\xf1'Q\xfc""",on_intersection,
b'.\xa8\xf5H\xa9rRx',b'\x8c\x16\xf1\x9a\x8e\xefT\xa7',on_intersection,
b'\xf6\xeb&\x93\xaa\x00_c',b'%\xe9\xe2\xbaa4U\x9c',on_intersection,
b'.xxv\tfW\x9b',b'\xeeb\xf8\xab\xc2&X ',on_intersection,
b'\xec\\%\x1bQXU\xde',b'\xae\x98\x8f\xbb\xbdSX\x0e',on_intersection,
b'\x7f\x0bBt\x81\x0e\\<',b'\xd9{\xaa|\xfc\xd1[\xc3',on_intersection,
b'Z|$\xa3\x0b\x0bX\x99',b'5#\x086\tlY\xde',on_intersection,
b'\xd8\x1c=|\x06\xad^\x94',"b'm\xca\xb8""epY\xdd'",on_intersection,
b'+s\xb5\x0e\xda\xfeS\xf8',b'\xa3\xcfh/\xefy_\xf8',on_intersection,
b'\x88\xc0=\x06\xd2\xd3Uf',b'\x03\xf7*\xd0u\xc0SH',on_intersection,
b'\x1e\xab_op\xe6VC',b'J\xef\x85\x90=\xdcSE',on_intersection,
b'\x12\x0e\x9d\xd7\xe21T\x12',b'\x81\xec\xed\xa6\xf0\xcfX\xc5',on_intersection,
b'\xf4B)\x17*\x03Q@',b'\x19j\xbc\x85e\xcd]\x94',on_intersection,
b'\xa9\xe9|D\x86\x92\\l',b'Rk\x16p\xfe5Z\xd2',on_intersection,
b'\xa9]\x8cIn\x08W\xca',b'\x8fv\xb4\xc6~oR`',on_intersection,
b'\x9d\xc2\x82\xdbK\x17W\xb7',b'B\x98JJ\xafV\\\xf9',on_intersection,
b'd\xe3X\x8c\x96\xc8W\xe2',b'\xafa0\xd6D\x1c\\s',on_intersection,
b'\x19[|\x93X\xccS\xcb',"b'H\xa7,\xaf\xf2\xbf[T'",on_intersection,
b'\xa3BM\xd5\xbb\xc8[\x89',b'\xa3\xb2\xc6\x8a\x96\x9dT\xad',on_intersection,
"b'\xf2\x9c\x00""\x9dR^\x86'",b'\n\x0fKT\xe2\xef_\xe3',on_intersection,
b'>\xa0\xb6\xe8O\xfaU\x8f',b'5\x12O\xc5\x16\xb6R\xa0',on_intersection,
b' \xb7\xd1X\xd8\x8c^\t',b'o\x19\xd8\xe2XVU\xaf',on_intersection,
b'1\x10\xa8R\x9as\\\xfc',b'\x8d\xe5\xe1\xc5\xe7xS\xe6',on_intersection,
b'\xc6\xe8\xecG\x9d|T\\',b'\x1dQ\xe4\x890DW\x9f',on_intersection,
b'\xb4\xcd(h\xc1\x91V\xdd',b'T\x03\x11\xe9l\x02[\xad',on_intersection,
b'S\x12\xec\xefk\xb0T\xbc',b'2\xf0\xf3\xf8d\x1a^%',on_intersection,
b'@]\xfc/\x82\x1bX\xb1',b'r\xecv+\x9a\xbe^\xdf',on_intersection,
b'\x15a\x17\x14Q\x13[\x0f',b'\n\x89\xeaN\xb0\xf3W\xd2',on_intersection,
b'\xd3\xba\xfd\xc2\x8b\xd6X\xfd',b'\xee{\x98\xf4_R\\\xdb',on_intersection,
b's\x8d]\xf6R\xf4[\xc6',b'\xf7\xbb\x11\x1bs\xcdP%',on_intersection,
b'\x9a.\xe3t\x19d\\H',b'\x00cD>:XY\x99',on_intersection,
b'\x13\x88\xb4\x93\xd4\x08^\xd8',b'\x1f\xba\x15\xda\xce\xc8^\x06',on_intersection,
b'\x88\xbdW}\xb2;W\xe0',b'\xef\xdc\xd9\x8a\xd6@X\xda',on_intersection,
b' \x11f\x03T$Ru',b'4\x037\rcKV\xa2',on_intersection,
b'D+\xb2v\xbb\xc1S\x8a',b'\xbdK\x9d\xcdt\x8f^(',on_intersection,
b'\xa6\xfdD\x06Z\x11\\j',b'/\xd8<\x0b;\x1aV\xeb',on_intersection,
b'\xdd\xc0\xb5\x02\xb65S\x07',b'\xa9\xdd$m<JW\xf1',on_intersection,
b'Q\xa5\x9e\x88`\xe2U\xea',b'\xce\xafM\xa8V\xcfWZ',on_intersection,
b'\xae\x8362\x89\x10[\xf9',b':\x998\xf0\x17\x0eU\xab',on_intersection,
b'\x99Z\x1c+m\xd3U\xe6',b'\x9d\xae\xa3%]\xcdY\xa1',on_intersection,
b'\xab\x8f\x1eL\x03i^\xec',b'\xde\x15\xa1\xb2C Z\x06',on_intersection,
b'\x01`\xacY\x8c\xc9W\xa0',b'\xdc7\x92\x8c)\xecQ\xa1',on_intersection,
b'\x82\xdf\xda\xfc\xf7\x91P\xe7',b'\xa2\x83\xbd\xbe(\xf8T\xc1',on_intersection,
b'&\x065\xc3&\x0b_\x9d',b'\x18\xa9\x1ei\x89%]\x94',on_intersection,
b'\xb8:\xc2\x95\x92\x8d^\xd3',b'b\x99\xc9j\xc1\xab[\xc0',on_intersection,
b'<@\xe2\xd6.w[u',b'\x89$\xa0\x8dr\x02T\xf7',on_intersection,
b'\xcc\xbaO\x03\\cY<',b'7\xc72\x16\x9c\xd4Z&',on_intersection,
b'\xe1#Ui\x94\x0eR5',b'\xe1 \x94\xf5\xd8\xd6Y\xa0',on_intersection,
b')\x86\x0e\xd0\\;X\x82',"b""6\xb3\x89\xac\xc4'W\x85""",on_intersection,
b'c\xed|\x15z0X\xb4',b'\xceL\xf2ah\xf7X\x91',on_intersection,
b'\xde0|F\x06\xcdT\x12',b'\x17\xdbOVu\xc4T\xe1',on_intersection,
b'\xe8\xa6\xf1\xeb\xdakSJ',b'u\xdd6\xee\xe3\xb0RW',on_intersection,
b'.\xc8W\x9b4\x9cTg',b'\xb9\xa2\xd3\xa1X\xe5Yj',on_intersection,
"b'\x84,\x11kS\x1dW\xb2'",b'!\x88\xce\xbd\xd8\x15S\x96',on_intersection,
b'\xc1S\x13W\x17C^N',b'\xf2\x1a\xd8\x02_cV\x17',on_intersection,
b'\xb9\x0b\xa2\x99B\xa6W\xf4',"b""\x9a\xe9\xcc'^\xe7[\xac""",on_intersection,
b';9\xb5&\x1c\x99X\xe6',"b""d+\xf1\x0c3'Q\xc4""",on_intersection,
b'\x86N\x14e\xc1\xb5S\xc8',b'\x8bW\xb1(\x914]\xe8',on_intersection,
b'\xd4\xefS\xa6\x04\x97UK',b'M\xdc\xbb\x8c\xa5\xdbZ[',on_intersection,
b'I\xc017>wR8',b'|C\x15\xb3\xef\x87P\xb5',on_intersection,
b'>6\xee\x94#PXo',b'za\x81\x1cmVVd',on_intersection,
b'\x8c\xbbl\xc5\xfc\x02\\\xc1',b'>\xd8t;M\x8d[N',on_intersection,
b'\xd2\xbaN\xc7\xa4LT\xb8',b'3\xc9 \xca-\xadYw',on_intersection,
b'\xe0\xc2\x12\xcf\x9a\xba]\x01',b'53\xaaR~Z\\\x8d',on_intersection,
b'\x19\xa2\x16\x96\xb0\x12PX',b'\xa0\x15\r\xb9Y[\\\xc6',on_intersection,
b'=\x1e^t\xd7\x1fPp',b'wTy\xe7\x84n^\x92',on_intersection,
b'<\xf1\xc7\xd5\n\x07Z9',b'\x85<\xad\x1e\x80\x18W-',on_intersection,
b'\xdexh\x1fM&T\x18',b'U\xc9D\xf9WnYG',on_intersection,
b'(\xf9\xb6\x9e\xbb|T\xf3',b'\xb6\xfa\x81\xd8Y\xd2X\x08',on_intersection,
b'\xf7\x01RU\xb6\xbdS\x88',b'5k\xa5\xff\x04)_\xd5',on_intersection,
b'R\xf6\xf5\\\xf0LRT',b'a\x11\x14}\x04<Q\xfc',on_intersection,
b'\x94\x14\xec^\xad3[\xd2',b'\x8d\xecnK$\x12[5',on_intersection,
b'\xef\xe6\xb4\x97\xf1R\\\x83',b']\x87\xc4g\xec\xc0U-',on_intersection,
b'\xb6KE|Z\xe5QB',b'\xa1\xedM\xd0\x04\x00Z\xb6',on_intersection,
b'v}\xb0\x99\x7fTQ\xb0',b'z\x12Z\x1biLS\x05',on_intersection,
b'i Th\xfd+Z.',b'\xd5\x83\r\x1frh_&',on_intersection,
b'>6\xd7\x89\xb3\x1b]\x98',b'5\x16\xfe\xc7\x98\xacZ\xfd',on_intersection,
b'FJ\xfd\xca\xa1\xaaQ\xba',b'\x04\x7f\x1b1\x17\xa7S\xac',on_intersection,
b'\xb6/X\xd0\x88\x83V\xc7',"b""\x1e7'\x030\x8c_\xe9""",on_intersection,
b'\x80{\x1aG\xb9\xad[\x02',b'\xa2\x06z\xf6\xc0\\R\xfb',on_intersection,
b'\x9c`3\xff\xdfr^U',b'\xdfV\x19\x84GkV\xdc',on_intersection,
"b'{/,\xf9\xf7\xd3[3'",b'\xcb\xc6\xec \xd9\xb0[\x92',on_intersection,
"b""\xc4\xd4|>'\xc6R\x15""",b'3\xe0\xea\x97\xe4\xfaZ\x9a',on_intersection,
b'\x88\xff\xe2a\xf4LQ\x16',b'\xdb\x1aA\x10$pU\x7f',on_intersection,
b'\xad\xafnN\xef\xceZ\xfc',b'\xcd\xe1nS\xbe\n[\x84',on_intersection,
"b""\xd7\x04\xc9'\xa0\xcd]|""",b'\x8b\xcf\x80\x91\xd6n_\xcf',on_intersection,
b'\x07p\x89\xec\xa1T_\n',b'\x1a\x7f\xf6l4>U\x80',on_intersection,
"b""q\xb1]'R\xd6]A""",b'J\xa1\x1c!\xde\xd8Z!',on_intersection,
b'l\x16\xba9\x11\xcd_\xd9',b'X\xa9\xe5\xe9@.Th',on_intersection,
b'\xd849\\\xc6\xf8X\xf1',b'\r\r\x16~\x86\x00Vb',on_intersection,
b'\xbe\xd0X\xf9\xecUR\\',b'\x99\xbc\x0e\x8a\x10\x8aW\x1a',on_intersection,
b']\x8f>S%\x1eQ\xa9',"b'\xa1\xaa,]\x97\tT\xef'",on_intersection,
b'\xbf\\\xe2\x9e\xdd\xb3WA',b'\x8f/\xe4if\x16T$',on_intersection,
b'\xecu\x97N\xbe\xdcS9',b'\x06\xdcn\x1b\xc9[UJ',on_intersection,
b'i\x14\x80U\x8e\xafT:',b'A|i\x1f\x9e\x9a^t',on_intersection,
b'\x01d\n\x92\xb1\x95VZ',b'd\x80\xd2\xfc\xf6fY\x08',on_intersection,
b' \x1b\xcc|\xbeKPj',b'\x8e\x0c\xa6\xec\xf9[[\x9d',on_intersection,
b'\xe22w\xf9\xee\xc7Q ',b'\xd5\x8c\xf3\x1a\x8c\xb3[h',on_intersection,
b';\x7f\xbfAkFSm',b'1\xae.\x9e\x17bQh',on_intersection,
b'\x84\x1a\xef\x10\xff*_\x18',b'\xc9\x90UrW\x93U\xbc',on_intersection,
b'P+\xa9\xb6\x0f\xa5P~',b'\xbc^\xab\xad\xb3\x15X\xd3',on_intersection,
b'\x1e\xdf\x91\x16j\xb8V\x00',b'\xeb\x83F\x8a\xc1K[)',on_intersection,
b'\x04u\x1b\xf1\x91\x1aX\xdc',b'\x18c\x19\xeb\x8b\xccQ\xcb',on_intersection,
b'\xd2\xbc\x10]{\x90]\xc2',b'\x07;\xae@\x9c\xffX\xf0',on_intersection,
b'\xed~\xc9d\xf1]W\xf9',b'\x00[\x19\xa6\xf7\xadX?',on_intersection,
b'\xf60E\xc7N\xd6W\x83',b'd\x1f\xdd\xc9\xd4\xd6W\x8a',on_intersection,
b'\x10\xc9n\xd1p\x12U\x1c',b'\x84y\xfbU\xafTV\x8a',on_intersection,
b'\xa6\x0c\xd5\xcdK\xe3V\xa0',b'\xa5*dB\xb95Q\xcf',on_intersection,
b'\xa3L\xd1m/0\\\x9d',b'C\xc5\x1fd\xf5\xc2T\xed',on_intersection,
b'X\\\xd0\x15;%\\\x14',b'\x8f\x1a\x8f\xdc\xedZS\xe7',on_intersection,
b'\xa1\x8f\x1e\r9\x06[\xc8',b'}\xe3\xda\xdfi\xb5SF',on_intersection,
b'\x0c\x18\x05|\xff2Y\x9e',b'\xcc1\xef\xba\x82jS\x7f',on_intersection,
b'\xc72\xb6n\xa5~Q^',b'\xdc\x07\x0b\x04\x05\r^\xd2',on_intersection,
b'\x83 \xf5?\x99*W\xcf',b'\xe0\x89\x1fS\xaf\xf6[\xa6',on_intersection,
"b""\x19'\xb8\x07b_[`""",b'J\xf8\xf9\x0b\x87\xbcZ@',on_intersection,
b'\x0f\x0b\x06\xd6\xa3XP\x10',b'\xe2\xd0\xf0z\xdf\xb0Q\x89',on_intersection,
b'\xe0\xa4\x9b\n\xc2pYG',b'\xad\xff\xc2\xa5\x87fR\xfb',on_intersection,
b'OM\xaav\xa2\xbfPM',b'\x90t\x89f\x14\xb3V\x0f',on_intersection,
b'V\x1f@\x01\xe5\xc1[\xae',b'\x84N\x8b}o\xae]\x06',on_intersection,
"b'\xa1\xe1""\xed\x17vP\x8a'",b'\xe4\x90\x86\x92\x99\xc3R\xc8',on_intersection,
b'U\xd3\n\x99\xc7\nS\xe3',b'K\xea\x8f\x9d\xd5>U{',on_intersection,
b'\x132}\xfdqHZ<',b'9\x03v`3\x9aQ\x9a',on_intersection,
b'\xa1 0!\xc9PY\x9a',b'#_\xd5\xb8I\xaaS\xec',on_intersection,
"b' \xf1\xa2\xc1\x9c""X\xc4'",b'\xa4\xe7\xe1)\x97\x7f[\xa9',on_intersection,
b'$\xf8G/T\x8cZ\xe0',b'R\xbe\x96\xbef\x9bZ-',on_intersection,
b'M\xb3\xb0*\xc0\xd6R\x8f',b'\xc2\xf6\x9a\xb0/\xcbS\x9b',on_intersection,
b'\x15\x88\x90$E\xb7Q\xb3',b'j\xfe\x7f\xdf\x15\xbc\\\x96',on_intersection,
b'\xe3\x95\x8b\xb1j]T\xeb',b'\xf3V/ \x81\xf3\\\x99',on_intersection,
b'Z\x11\xce\xd6\x0e\xfa[\x95',"b'\x1a\x8e\xdb""\x9c\xebP\x01'",on_intersection,
b'\xa5\xb5\xc0DE;[n',b'\xa0MT\x06T\x1dU\xd1',on_intersection,
b'q\x95\xbc\x1c\x02\xdeZ\xb7',b'r\x08\xf7\xd3\x03%_\xed',on_intersection,
b'\xf9\xf0.jx2S\xa1',b'\xe5\xadb\xd7y\xb7^\xed',on_intersection,
b'x\x88\xd5]5;Z\x91',b'\xc3\xb8{?y6]\xa0',on_intersection,
b'\x1bo\x8d\xe7H\xe3R\xfc',b'\xa5\x8cu_\x01\x80X(',on_intersection,
b'do0\x0bq[\\=',b'\x14\xc7G\xfc\xd8\x9cY\x9a',on_intersection,
b'Sv\xe1Q\xbb\x03Vb',b'\x0c?\x92\xf5`VY\r',on_intersection,
b'\xb72\xbc?\x1b\xd8^\x10',b'\x83\xc3\x08A\x84`XS',on_intersection,
b'\xe8G\x19\xc9Q\x9f_+',b'l?\x13\x830\x8cR\x00',on_intersection,
b'\xa6\xb07$\xfc\xd2VC',b'\x06\x85\xf1\xe8?q[\xe9',on_intersection,
"b""\xf1\x062\xc7'.]\x12""",b'\x0c\xa6\xd3uZ\x1a[\xc4',on_intersection,
b'\x037\xa3\xcf\xccQW+',b'\x11i\xbc|*\x99WB',on_intersection,
b'\xca\xcd\xf2\x04\xbedSN',b'\xff\xe1%\xd1]XW\xc3',on_intersection,
b'\x80\xd9\xfe\x87`\x96S\x95',b'+\x91Zz\xd6\x82Ue',on_intersection,
b':\xe2\x02F\x19\xea^\x1b',b'\xfd\xd5\xf0\xd73\xdeT\x1f',on_intersection,
b'\xb0\x9d\x8f\xe4\x9a\x9fS1',"b'\xc3\xf4\xac>""iX$'",on_intersection,
b'\xd8\xd14\x9b{\xeeP\x1d',b'\x18\x87\x98\xab#\x1bTq',on_intersection,
b'M\xf9\xb3\x86W\xd9Sy',b'\x92\xa0\xdd\xc5\x0e\xc3T\x98',on_intersection,
b'\xdeEPp\xe45S^',b'\xb5\x06\xc7I\xfb\xc2S\x14',on_intersection,
b'3U-\x93\x156Y\r',b'\xf9\xdd\xf7\x11\x19\xd0Y\xfa',on_intersection,
b'\x83\xe49\x06mO\\~',b'.\x8f\xe1\xdd\xae\x8bT\xa8',on_intersection,
b'M\xcc/\xd3\x82\x08Xy',b'\x82vF\x87Y\x1dTr',on_intersection,
"b'IeI"":9_3'",b'r\xbf7Y\x01\x1bU(',on_intersection,
b'\x10\xe8\x93Fl\x12S\xc0',b'\xde\xd8`\x02\x91\tX\xc1',on_intersection,
b'\x82.\x96\xe1\x8a\xf4P\x08',b'\xe1\xc9!\xd6\x14\x18VA',on_intersection,
b'\xb7]\t\x9f\xc8\x8aS!',b'^\xfco\x83\xc3\x9dRf',on_intersection,
b'\x88\xab\xedG=tS\x9d',b'eNFQ\xc0\x1c_/',on_intersection,
b'\xcc\t\x99\x07\x08\xb2X\x16',b'\xaa\xb5q2F3_]',on_intersection,
b'\x1e\xffZ\xedn\xe1P\x84',b'+\x15\x80\xdf\x8a+P\x81',on_intersection,
b'Tz\x1e\x0b\xc6>[C',b'\x0b\xb1\x84\x88\xd2\xd4Q\x81',on_intersection,
b'2j\xa1\x96*\x98R\xb6',b'\xfaU\xc2#\xc7\xbfR\x81',on_intersection,
b';\x99\xd0R\n?X\xa9',b'\x1d\xae\xef\x9a\xf2\x1aV\x02',on_intersection,
b'\xd0t\xd5\xa2\xd9kQ\xee',b'\x04tW\xc7\x07\x9dXg',on_intersection,
b'(k\xd1\xc3\x07\xe4Yk',b'\xc3j\x834kTQ\x11',on_intersection,
b'\xbe}\xfa\x0eR\xff_\x92',b'N\xc6v\xc0\xfb/R`',on_intersection,
b'\xc0\xcdj\x9f\xce@_a',b'\xeeT}\x1e\xc7\xaaU1',on_intersection,
b'FL#\x853._\x7f',b'/\xa1\xdaNM\xefX\xb0',on_intersection,
b'\xfc\xcd\xf9\xc5\x95\xc4X\x04',b'\x9e\x05MkF\xecZ\x7f',on_intersection,
b'\x89\x13\xd6\xad\x00VV\xbb',b'\x02\xa3\x9eJ\xf3\x9fQ+',on_traffic_light_intersection,
b'\xb8\xeaJ_\x8d\x90Yd',b'\xd8I\x91\xcb\xe7\x0eWi',on_traffic_light_intersection,
b'K#$\xfc\xa3P]\x93',b'\x86\xc8\x8a\xfa\xa0\xb8V\xf9',on_traffic_light_intersection,
b'jq\x1bC\raTm',b'\xe5\x96\x9a\xbc\xba\xcfX/',on_traffic_light_intersection,
b'\x1c\x1f?\x8b\xd5\xd0T\xd1',b'\x12$/a\xe8\x82S0',on_traffic_light_intersection,
"b'\x05\x13,!\xf1\xe3Q\xb2'",b'PIr\xb5\x038]0',on_traffic_light_intersection,
"b'\\""\x17\x12\x01\x83[\xfd'",b'\x9d\xbcv\x0ed\nW\xd6',on_traffic_light_intersection,
b'\xa5\x84\x1d\xc1\x96\xeeS\x17',"b'\x84_\xea,^\xae[C'",on_traffic_light_intersection,
b'\x8cV\xafM\xf8`Q\xf9',b'\xefA\xf1B\x1c\x8fY=',on_traffic_light_intersection,
b'ZY\xa8y\x88\xe0V\xfa',"b'p""lvdb[\xb2'",on_traffic_light_intersection,
b'\x9fy\x89D:#[\x16',b'KG\x07\xe8\x04\x11Q\xfe',on_traffic_light_intersection,
b'\xcb\x12\x01`;UP\x80',b'\xc7P\xe2\x19\xde\xef]`',on_traffic_light_intersection,
b'\x14\xefU\x9e\x0fAV\xba',b'\x19\x04B\x81im]K',on_traffic_light_intersection,
"b""#'\xde\xa4,\xa3]\xfa""",b'\x9ee\xa6\x8a\xff\x87^Q',on_traffic_light_intersection,
b'\xb5\t\x8d\xaao\xd8[Q',"b""\xd0\x9e*\xae\x14'R\xb1""",on_traffic_light_intersection,
b'!\x1e[\x80YW\\\xcd',b'\x80:\xd9!\x9fJ[\x8b',on_traffic_light_intersection,
b'\xef\xfc\xe93\x86wR\x92',b'\tqq-DmY\xf5',on_traffic_light_intersection,
b'p\x15\xb7\xceCR^U',b'XY\xf7\xa6\x1b=]e',on_traffic_light_intersection,
b'@\x9e\xc0\xd4\x95bSV',b'Y\xa8=\xa7\xd4\xb6Y\x1d',on_traffic_light_intersection,
"b""\xbc\xef'p-\xe3W\x8f""",b'\xe3z\xc9t\xfd\x8fT\x90',on_traffic_light_intersection,
b'\xaa\x03\xbd\x88\xd3\x89]\xac',b'\xf9{<\xa0\xb4\xcdV\xb5',on_traffic_light_intersection,
b'#R\x9d\x14\x812Uz',b'B?~\xc0\xc2\x11UJ',on_traffic_light_intersection,
b'\xb8\xb6?\x9e\xa4BYS',b'L\x12~&\x8d\x80Y=',on_traffic_light_intersection,
b'&\x85o6\xaf\x84V\xb3',b'yz-je{Ta',on_traffic_light_intersection,
b'x\x1b\xaf\x84=7T\xb7',b'#\x0el\xc3\xc86W\x88',on_traffic_light_intersection,
"b'n\x0b\xad4\xc9""[Q'",b'\xde\xcdQ@!\xeeW\xbe',on_traffic_light_intersection,
b'\xff\xa7\xfb\x8d\xfd\xf4Y\xcf',b'\xd7\xce\xf2#\xef\x03W\xf6',on_traffic_light_intersection,
b'\xe2\n[\xdf\xa5\xa8Y\xfc',b'e\xfc$>\xcbY^\xdf',on_traffic_light_intersection,
b'\xb5O\x92\x17\x056R\x9f',b'Q%+=:\xe9WG',on_traffic_light_intersection,
b'\xc4=\x0f\x90-\xff]\x0e',b'\xc4-\xf9P\xf2\x91Z:',on_traffic_light_intersection,
b'\x1d\x88\xbfd]LZ\xc8',b'N?\x84N&ISJ',on_traffic_light_intersection,
b'\x92\xc1/\xec\x88\xbcW\x8e',b'\xe6T\x8a\xb6\x10\xa4Ti',on_traffic_light_intersection,
b'\x0f\xe8\xe1\xfb\n\xa2Z\x1a',b'\x024b\xb4w\x1d]P',on_traffic_light_intersection,
b'\xf7)<\xb5jFP~',b'\xdf\xa0\xe4SS\x1dX)',on_traffic_light_intersection,
b'\x9c\xb9nP\xac\x02SM',b'\x99\xb7\x9b\x96\x9d\x9eT\x19',on_traffic_light_intersection,
b'\xa7+\xaa\xfb\xb4\x91_\x7f',b'\x0c\x07\x8d\xc0\x9d\xe8[/',on_traffic_light_intersection,
b'\x013\r\xd9{:VG',"b'\x9d\xf0\x8aF&""W\xb2'",on_traffic_light_intersection,
b'}\x93\xa5\x10\x89]S\x85',b'[\xefZ\x8f\x0b<\\\xda',on_traffic_light_intersection,
b'\xbc m\x0c\xa71\\\x84',b'B\xe4q\xaf\xa7\x87ZV',on_traffic_light_intersection,
"b']DL""`HV\xe4'","b'\xb0\x92Kn\xab+Z""'",on_traffic_light_intersection,
b'E)\xb8\xd7m\x1eZ\xef',b'\xb8 o\xca8\xb7R\x85',on_traffic_light_intersection,
b'\x05\xb0\xbb\xde\xbc\x04T\xd0',b's\xa7\xdf\x91S\xd3\\\x9c',on_traffic_light_intersection,
b'F\x03\xdc\x9aU3Q\xd6',b'\xaa\xf1i\xe1#\x91S^',on_traffic_light_intersection,
b'\xc2\x91M\xbbE\xbcXx',b'Q\x94\xdd3f\xcd^\x08',on_traffic_light_intersection,
b'\n\xf6\xd0\x9b\x95;Q\x9f',b'w l\xd7EmS\x03',on_traffic_light_intersection,
b'\x0f\xf2\x05b\x11mQ`',b'\x97\xce\x0f\xc6K\xfbS*',on_traffic_light_intersection,
b'\x165nb \x84V\xa9',b'\xd9\xfaj!\xbb%Y\x10',on_traffic_light_intersection,
"b'\xc8""\x9c2(\xbdZ,'",b'h\xb9\x8c\xd5\x80\x16T_',on_traffic_light_intersection,
b'\x02\x8a6{\xc3\xdb[N',b' \xda\xc8\xffo\xa3Qn',on_traffic_light_intersection,
b'\x1d\xf9\xb9B\x12\xd8Y\x9c',b'\xcbE\xef\xb4\xeb\x9e]/',on_traffic_light_intersection,
b'\xd9#OvpTU\xfe',b'Z;\xb75\xf3\x02[ ',on_traffic_light_intersection,
b'\xd3A\xab\x9aKaW\x1d',"b""\xdd'\x8c-\xac\x8b_\x14""",on_traffic_light_intersection,
b's\x95\x15i\xe1\xd7[b',b'o\x0b\xf7\xc4\x1a\xdfR|',on_traffic_light_intersection,
b'q\xeb\xa3\xeb\xb3\x10^\x82',b'+`\x83\xd2\xfc\xcf_\xff',on_traffic_light_intersection,
b'\xb3\\\xb1`\xfd\x90]j',b'\xeef\xbf\xdf3\xa5Z]',on_traffic_light_intersection,
b'\x005\xe7\x80\xe0\x87PL',b'@\xea\xb9e\xb3\xdb_\xdc',on_traffic_light_intersection,
b'\xafS\xa2\xf4*\x01\\O',b'\xb1\x17^R\xd2}Q\xf3',on_traffic_light_intersection,
b'b\xe8gd\xf6\xba[\xb3',b'K\x8an\x16F\xacS_',on_traffic_light_intersection,
b'!\xf0\xbcWv\xd6V\x92',b'\x11i\xe7\x18*\xbd_P',on_traffic_light_intersection,
b'N>6\xecl\xc9Z\xf3',b'\xe5\xc3\xd5/\n\x11[\xe2',on_traffic_light_intersection,
b'{\x00\xa7Z\xf7\xc7]Q',b'\x03RJr7\xb3P\n',on_traffic_light_intersection,
b'\xfe\xcb\x883\xbcCX:',b'\xc4\xee\\H\xcb\xe0R\xd0',on_traffic_light_intersection,
b'\xacK>\xc9&\x89S\x9a',b'\xa0\xd4M6\x1a\xf1_\xd6',on_traffic_light_intersection,
b'\xfb\xe2\xe3;C\xcc[\xd6',b'\x19*\xd3\xc6\xf4\xa6^\xd2',on_traffic_light_intersection,
b'\xde\xbbC\xe1BUY\xaa',b'\xf9\xcf\xb5\xe4\x02\xa1P\xfe',on_traffic_light_intersection,
b'\x05\xffC\xa0{\x18P\xbf',b'\xa8\x9c\x0cx&;P^',on_traffic_light_intersection,
b'\x89\xed`\xcaU\xd9_\x04',b'\x84\xc8\x14\xbd5\xa0P\xba',on_traffic_light_intersection,
b'\x11\xf3\xb7\xba\x02Y[\xff',b'\xdbyS7\xe6\xdbX\xd7',on_traffic_light_intersection,
b'h\xeb8M\xe6\nW\x8a',b'\x08\x0e\x90\xf2~fU\xe0',on_traffic_light_intersection,
b'\xd7\xe4\x03As\xaeQ\xc2',b'#9N\x0f\xb1`P\x9f',on_traffic_light_intersection,
b'\xf3\x10=\x99\x0f4Z\x8b',b'PA\xe7\x8c\xe0\xfeS>',on_traffic_light_intersection,
b'\x05\x02{\x89P\xfa^6',b'4\xb8\x99\xecN(\\\x88',on_traffic_light_intersection,
b'\x9d\xba\\\xb2\xaa\x93X\xfe',b'\xca|X |\xfeX\xe7',on_traffic_light_intersection,
b'\r\xdf\x9c|\xd6\xf1R\x91',b'\xa6C\xf3S\x98\xaaS\xbe',on_traffic_light_intersection,
b'E\x8a^\x94\xb0\t_\xd6',b'\xb2\x87\x03{\xd8\xabP\xe3',on_traffic_light_intersection,
b'\xbf\xc6\xfc\xadYf[m',b'\xd7\x08\xcc7\xa8\xa2P\x82',on_traffic_light_intersection,
b'\xad\xbeeY\t\x82R\x15',b'}\xd4\xcej\xd3CVh',on_traffic_light_intersection,
b'@\xf2\xd1\xf8\x9a\xe2U\x12',b'\xa4\xf7R2\xe96UL',on_traffic_light_intersection,
b'1ae\xbb\x88MY\x14',b'`\xfe\x86\xde\xf4\xb7S+',on_traffic_light_intersection,
"b',5\xd2}p\xa6V;'",b'\xd8G\xdf\xeb3\x9eR#',on_traffic_light_intersection,
b'\xf2\xf2\x1dG\xf2\xd8SD',b'$<XVm\rQ\x8f',on_traffic_light_intersection,
"b'\x10\x03""\xaf$\xe2RD'",b'\x02^\xe3 \xf9\x97Y\xfb',on_traffic_light_intersection,
b'\xe7\x02I\\\xcf\x80[\xa2',b'\xae+\x13\xf3\x8c\x02S\xcc',on_traffic_light_intersection,
b'/\xf8\xddA\xda\xdcVX',b'D\x16y\xb9B\xe0]\xbc',on_traffic_light_intersection,
"b""\xbec\x14'\xe6\x8fR\xaf""",b's9^UW\x0bP\x1f',on_traffic_light_intersection,
b'\x7f\xb3\xb1\xd3\xbd\x8c]\xe2',b'\x9f\xf6\x88\xbb^b\\\x8e',on_traffic_light_intersection,
b'\xcfOD\x9e\xf5nW\x8e',b'\x15Z\r\xbe\x01pX#',on_traffic_light_intersection,
b'3 \xf7\\4\x0eY\x9f',b'\xfc\x9bX\xf9\rV_\xe9',on_traffic_light_intersection,
b'a\xd0\x88\xf8\xa8\xb1\\\xf0',b'\x9b\xc3\xe1\xe7j\xb0S>',on_traffic_light_intersection,
b'\x01\xe9C\x13OTU\xe4',b'\xbc-\x1d1H@[\xfc',on_traffic_light_intersection,
b'\xf4\x9d\x1b\xe8z~[\xfc',b'\xabuV6\x04\x9cUb',on_traffic_light_intersection,
b'\x06q\xbc\x8a\xe3?P.',b'B\xe6:\x03\x13LP\xef',on_traffic_light_intersection,
b'U\xa0\xb3da=\\.',b'fG\x8c\xeb\x17\xb3Z\xd2',on_traffic_light_intersection,
b'\xfe`\xe3\xb6x\xceW\xf3',b'\xa1\x03/\xb5g\\P]',on_traffic_light_intersection,
b'+i\x08Hq\xd0UO',b'\x06\xd3\x16:\xb0\xd4V\xcb',on_traffic_light_intersection,
b'}\xb0-\x81\xaa\xa9Z\xbc',b'\x86h\x10\xa7^@\\\x97',on_traffic_light_intersection,
b'\x84b\x0e\xff\x8f\x82W\x8d',b'_\xb7+\xc0g\x0fT\x18',on_traffic_light_intersection,
b'ft\xb0v\xa1m[\xe6',b'1\xec}--\xd9P\xd6',on_traffic_light_intersection,
b'\xe9\xe0\xcd\xe1\x9f\xeaZ\xe0',b'B)\xf2D\xde\x80S\x1c',on_traffic_light_intersection,
b'\xd1P\xb7]1]\\\x81',b'\x90\x8c\xc9t\xbaCU@',on_traffic_light_intersection,
b'\xc5\xb8\x13\x82\xcf\x10^\x0e',"b'\xfc""\xf4\x0f\xd3\x9a_\xd3'",on_traffic_light_intersection,
b'\xfe\xfc\x9f\xbaqoY\xc8',b'\xea\xb8\x98\xd2\xb6\xcaW\xc6',on_traffic_light_intersection,
b'\x9cn\x12\xca\xf0\x8a] ',b'.\xd5O\xf2\x9c@_\x16',on_traffic_light_intersection,
b't\xb3\x9f\xab\xa6\xf9T\xd8',b'\x91\xe5\xd1\x94\xeeGZ\x9f',on_traffic_light_intersection,
b'^\xbfk\xc6\xcc\xb2T\xcb',b'S#h\t\xed\xa8R\x97',on_traffic_light_intersection,
b'J\x013\x82\x07M\\\x01',b'\x94pDn\xb4nV}',on_traffic_light_intersection,
b'\x84p\xf6\xc2\xbb\xaeS\xb8',b'\xdf\xdcCo\x8c/^B',on_traffic_light_intersection,
b'\xe9|\x8e\xa17\x8fS\xd8',b'`}\x87\xa6$3XI',on_traffic_light_intersection,
b'\x82\xea\xfc\xfc;\x1bX\xa3',b'\xdf\xb1\xa2R\xf3\xebZ\t',on_traffic_light_intersection,
b'\xd3\xdd\x95\xf5\x11\xc9S\x95',b'\x87\x08\x91 g~]\x1d',on_traffic_light_intersection,
b'\xa5 \xe1\xd1\x96\x9eS\xf7',b'\x11Z\x9fX\x18\xa3^r',on_traffic_light_intersection,
b'\xbe\x1c\x8f\xa7\x0erQ^',b'\xd0\x1d\xcc\xd7y]R\x1b',on_traffic_light_intersection,
b'\x96\x11M5`\x9cQm',b'\x1a\xd5\x87\xac\xb7\xb4_p',on_traffic_light_intersection,
b'\xf6\xe2 fy[U\xca',b'(\r\xbe\xcb\xfc\x8fZ\xf7',on_traffic_light_intersection,
b'\xa7\xf7+\xc2\x8ej\\;',b'\x0f\xd2\x10\xc0\xd2\xe1Z\x0f',on_traffic_light_intersection,
b'\xd4\x05\x921\xdbB]\x8c',b'\xe2\xb7d_^\xfaS\x91',on_traffic_light_intersection,
b'\x8a\xa0\xbb$:#U.',b'F\x9c\xf2\xf6}\x9bX\xc0',on_traffic_light_intersection,
b'J\xbc\xac\xd5\x85.^\\',b'\xba(\xfa4d\x91T\xff',on_traffic_light_intersection,
b'h\xc7\xc5\x94\x80\xb5Yh',"b'\xc8\x01nW""lR\x19'",on_traffic_light_intersection,
"b'\x18\x19T\x0f\xf3)_,'",b'u\x94\x88>(L[\xb9',on_traffic_light_intersection,
b'\xbb\x96\xa5\xf74\x07Z\xcb',b'Y=\x94\xf6\xcd)Y\x84',on_traffic_light_intersection,
b'\x1c|\xba\x19\xba@Zh',b'$\xd4\x14a\xfb\xbbY\xde',on_traffic_light_intersection,
b'\xef\x0e\x1fG\xe4\xa6_Y',b'[[e\xe7C\x9cU\x9e',on_traffic_light_intersection,
b'\xf6u\x96\xf2\xf0NVc',b'\x03\xd7\xcb\r\xd1 _y',on_traffic_light_intersection,
b'\x19\xa7G\xa2\x88\x9aT\xbf',b'\xb6\x19\xf2=~XP<',on_traffic_light_intersection,
b'\x0f$V\x84\xa4\xe3]\xee',b'\x1b\x0bB\x86R2[\xa3',on_traffic_light_intersection,
b'\x18\x0f\xdd~\xc7sW\xa9',b'{T\x81\xdd\xee?R\xaa',on_traffic_light_intersection,
b'\xf4\x92\x01\r~\xdc]\x88',b'\x87oVv\x95\x05Z\xb2',on_traffic_light_intersection,
b'IQ\x8f0\x13\xbaYQ',"b""\xdb')\xaeQ\xe3_\xfd""",on_traffic_light_intersection,
b'.\x82\x81\x00iwSu',b'\x05W\xb7\xea\x04zR\xd1',on_traffic_light_intersection,
b'\x86\x13\xecS\xdfc_\x11',b'\xa0\x81\x9eV\x92\x9fS\xd9',on_traffic_light_intersection,
b'0\x7f3|\xc74Z\xde',b'\x8e\xee\xa4\t\xaceT\xf3',on_traffic_light_intersection,
b'&\\\x0b\x15B\\ZE',"b""\xdb\xe7_\xa1'\xedS\xe3""",on_traffic_light_intersection,
b'b\x80{LC\xf7ZG',"b""M\xc0\x90<\t'P0""",on_traffic_light_intersection,
b'\x89#\xc6\x89x\xc4St',b'\xbe\x9e>\x9e\xa7XV9',on_traffic_light_intersection,
b'\x90\x13\\\xdc\x15\x9e^)',"b'\xc0v\x99\xc0\xc6pY""'",on_traffic_light_intersection,
b'\x84f&\xecc\xd8U\x1f',b'\xa3Q\x91\\\xacsVQ',on_traffic_light_intersection,
b'\x9aT\xf7\xa5\xca\xbbRC',b'\xf8\xe0\xd8\x14\x8d\xceRi',on_traffic_light_intersection,
b'lO\x8f\x06\xb3\x97Up',b'>4\xcd13\xa7Y\x04',on_traffic_light_intersection,
b'\nr\xf4>t<\\0',b')T-0\x0e\xde[\r',on_traffic_light_intersection,
b'\x13j\x04\xb3\xed\x13W_',b'y?\x07\xcfJ\xaeZ\x02',on_traffic_light_intersection,
"b'""\xceG\x89C7Rd'",b'o\xd8\x92`\xa00[\x81',on_traffic_light_intersection,
b'\x9f\x17\xcd\xd1A{U\x12',b'\x16\x01\x19\x16a&X\x1e',on_traffic_light_intersection,
"b'\xe9\x90Os\x08\xd3\\,'","b""\x947\xf88\xfa\xd9R'""",on_traffic_light_intersection,
b'\xd8{p\xff\xc7\xf8Tv',b'B\xe3=\x95\xb5\xddZ\n',on_traffic_light_intersection,
b'-n\xea\rw\x15Ty',b'\xe5@{=\x8e\x7fS7',on_traffic_light_intersection,
"b'O\xe2\x00<pHW""'",b'\xebV\xfb\xff7\xabY\x16',on_traffic_light_intersection,
b'\x8a:\x9f\xcby\x13R\xc0',b'\xa9\xbfm\x11&\x8e\\\xaf',on_traffic_light_intersection,
b'|\x10\xb4\xdbT\x81P]',b'\xe5k\xd0\x04\xe7\x86_\xf2',on_traffic_light_intersection,
b'\xb4F<\xaf\x1f\xa4_\xb5',b'\xd5\xd8(\xf3\x01\x93]G',on_traffic_light_intersection,
b'\xa6\x890^\xe9\xb0_\xcb',b'\x82\xdd-\xf45\xf2TR',on_traffic_light_intersection,
b'\xe8\\\x0c\x89\x97\tW\x04',b'\xc6\xeen\xf3\xfd\xd0S\x89',on_traffic_light_intersection,
b'Uu\x9erb\xfdP\xf3',b'+\xb2_=zrP\x12',on_traffic_light_intersection,
"b""\x18[\x9a1'\x14R|""",b'\x1cj\x0e\x8f\xb5X]N',on_traffic_light_intersection,
b'\xe0\xb3*\xd8Z\xfd]a',b'\x0e\x99N^jk_\xf0',on_traffic_light_intersection,
b'\x89[\x8a\xd5\x15\x18Xh',b'\t\xee^\\D\x0b[\x10',on_traffic_light_intersection,
b'n\x1e\xdfW\xe7\x1fQ\xa7',b')F\x9fo\xeb\x13Y\x9f',on_traffic_light_intersection,
b'\x90\x7f\xe2\x94\x8f\xfdU\xec',b'\x07;\xae@\x9c\xffX\xf0',on_traffic_light_intersection,
b'\xb83\xbf\xb1>3So',b'\x00[\x19\xa6\xf7\xadX?',on_traffic_light_intersection,
b'\x94\xbc\xf8<\xa54Z\xfe',b'd\x1f\xdd\xc9\xd4\xd6W\x8a',on_traffic_light_intersection,
b'\xd8b\xd1\xb0\xec\xd5P\x86',b'\x84y\xfbU\xafTV\x8a',on_traffic_light_intersection,
"b'""\xdb-\xd1\x85UZ\xd6'",b'\xa5*dB\xb95Q\xcf',on_traffic_light_intersection,
b'z\xb4\x89\xea\xd4\xb0_\xc1',b'C\xc5\x1fd\xf5\xc2T\xed',on_traffic_light_intersection,
b']\xfd\xf8z\xe7\xbaT#',b'\x8f\x1a\x8f\xdc\xedZS\xe7',on_traffic_light_intersection,
b'\xe1{\xd7\xf2\x0f\xc9Z\xbc',b'}\xe3\xda\xdfi\xb5SF',on_traffic_light_intersection,
b'\x92\x95Y\x1e\x96SUI',b'\xcc1\xef\xba\x82jS\x7f',on_traffic_light_intersection,
b'\x06\xe7a\xe9\x93?[5',b'\xdc\x07\x0b\x04\x05\r^\xd2',on_traffic_light_intersection,
b'\xa9\x11\x90E\x12D^\x91',b'\xe0\x89\x1fS\xaf\xf6[\xa6',on_traffic_light_intersection,
"b""\xad\x1e\xe6\x87'\x05[\x01""",b'J\xf8\xf9\x0b\x87\xbcZ@',on_traffic_light_intersection,
"b'H\xf8\xc4""}FP\xba'",b'\xe2\xd0\xf0z\xdf\xb0Q\x89',on_traffic_light_intersection,
b'\x1a\xab&\xf0\x9b\xe0_B',b'\xad\xff\xc2\xa5\x87fR\xfb',on_traffic_light_intersection,
b'\x0e\xc8ck\xdb\x18Y\x18',b'\x90t\x89f\x14\xb3V\x0f',on_traffic_light_intersection,
b'(E\xdb\xbf \xddQ\x08',b'\x84N\x8b}o\xae]\x06',on_traffic_light_intersection,
b'\xa0\xd9-\xa9\x1f\xe9P)',b'\xe4\x90\x86\x92\x99\xc3R\xc8',on_traffic_light_intersection,
b'\x05K\x9c\x18\xf6\xe3P*',b'K\xea\x8f\x9d\xd5>U{',on_traffic_light_intersection,
b'\xd1\xf8\xb5\x17\xfe\xe7P.',b'9\x03v`3\x9aQ\x9a',on_traffic_light_intersection,
b'1\xe9c7\x16v]\xbd',b'#_\xd5\xb8I\xaaS\xec',on_traffic_light_intersection,
b'%J\xb24\xd8\x19\\\r',b'\xa4\xe7\xe1)\x97\x7f[\xa9',on_traffic_light_intersection,
b'\x90\rR\x0f\xa9TRe',b'R\xbe\x96\xbef\x9bZ-',on_traffic_light_intersection,
b'\xedV\x9b5#\xb8V\xec',b'\xc2\xf6\x9a\xb0/\xcbS\x9b',on_traffic_light_intersection,
b'#K\xba\xc3\xffWT\x80',b'j\xfe\x7f\xdf\x15\xbc\\\x96',on_traffic_light_intersection,
b'*\x85z\xce\x9b`[R',b'\xf3V/ \x81\xf3\\\x99',on_traffic_light_intersection,
"b'\nBU Z""P\xd1'","b'\x1a\x8e\xdb""\x9c\xebP\x01'",on_traffic_light_intersection,
b'\xb8\\f\x8b\xbb5_U',b'\xa0MT\x06T\x1dU\xd1',on_traffic_light_intersection,
b'f\xd2\xa0:\x0e2\\\xb5',b'r\x08\xf7\xd3\x03%_\xed',on_traffic_light_intersection,
b'\xf7\x83\xc8\xab\xbc\x8e_G',b'\xe5\xadb\xd7y\xb7^\xed',on_traffic_light_intersection,
b'\xb3\x99y\xf2\x8blQ9',b'\xc3\xb8{?y6]\xa0',on_traffic_light_intersection,
b'a\x9c`N\x0b\xf7^\x88',b'\xa5\x8cu_\x01\x80X(',on_traffic_light_intersection,
"b""q\x188\x0f'\x89^\xf8""",b'\x14\xc7G\xfc\xd8\x9cY\x9a',on_traffic_light_intersection,
b'\x071%o7\xceT\xf3',b'\x0c?\x92\xf5`VY\r',on_traffic_light_intersection,
b'\x0c}O\xb6\xde\xb5[0',b'\x83\xc3\x08A\x84`XS',on_traffic_light_intersection,
b'\xd0[<\x8f]WX\xf4',b'l?\x13\x830\x8cR\x00',on_traffic_light_intersection,
b'\x02:\x1d\n\xc5\x12Zg',b'\x06\x85\xf1\xe8?q[\xe9',on_traffic_light_intersection,
b'\xcd\xde\xfa}\xea;Vm',b'\x0c\xa6\xd3uZ\x1a[\xc4',on_traffic_light_intersection,
b'\xdc\x8b{\xfa\x032_\x9f',b'\x11i\xbc|*\x99WB',on_traffic_light_intersection,
b'4\xb7W\xc7\xe4\xb2So',b'\xff\xe1%\xd1]XW\xc3',on_traffic_light_intersection,
b'\x8e\x90\xf5\x06\xba\x82_\x17',b'+\x91Zz\xd6\x82Ue',on_traffic_light_intersection,
b'\xc0\x14\x16dE\xd0T\xc6',b'\xfd\xd5\xf0\xd73\xdeT\x1f',on_traffic_light_intersection,
b'\xfc\xf4\xa7\x90\xdf\xf6_W',"b'\xc3\xf4\xac>""iX$'",on_traffic_light_intersection,
b'\xbc\xba4<\xcbxP\xef',b'\x18\x87\x98\xab#\x1bTq',on_traffic_light_intersection,
b'^lo\x1e`hP\x15',b'\x92\xa0\xdd\xc5\x0e\xc3T\x98',on_traffic_light_intersection,
b'\x17\x07n\xbcGH\\\x84',b'\xb5\x06\xc7I\xfb\xc2S\x14',on_traffic_light_intersection,
b'L\x05\x07\xd1pPX\x99',b'\xf9\xdd\xf7\x11\x19\xd0Y\xfa',on_traffic_light_intersection,
b'\xa9q%\x81wV[\xa5',b'.\x8f\xe1\xdd\xae\x8bT\xa8',on_traffic_light_intersection,
b'\xfa\xa4\x1e\xe6\x1f\xe1R\xf0',b'\x82vF\x87Y\x1dTr',on_traffic_light_intersection,
b'\xdf\x86\x15\x9e\x94]_!',b'r\xbf7Y\x01\x1bU(',on_traffic_light_intersection,
b'\xfb\x8c\x94^\xd9\x9a]\x13',b'\xde\xd8`\x02\x91\tX\xc1',on_traffic_light_intersection,
b'\x9d\xac\xd8\x1b\xc3\xadW0',b'\xe1\xc9!\xd6\x14\x18VA',on_traffic_light_intersection,
"b'""\xf5e\xd9\x97\xa3^<'",b'^\xfco\x83\xc3\x9dRf',on_traffic_light_intersection,
b'\x85{9A\x0c\xf3V\x06',b'eNFQ\xc0\x1c_/',on_traffic_light_intersection,
b'\xa4\xfc\xa1\x82\xc8\x03QQ',b'\xaa\xb5q2F3_]',on_traffic_light_intersection,
b'\xfa\xe9\xf1\x7fK\xbbR\x97',b'+\x15\x80\xdf\x8a+P\x81',on_traffic_light_intersection,
b'I\x16\xc1\xfa\xe8\x0cU\xe8',b'\x0b\xb1\x84\x88\xd2\xd4Q\x81',on_traffic_light_intersection,
b'\xf3\x04(\xbcX_XC',b'\xfaU\xc2#\xc7\xbfR\x81',on_traffic_light_intersection,
"b's\x03,\xbdZo[\xaf'",b'\x1d\xae\xef\x9a\xf2\x1aV\x02',on_traffic_light_intersection,
b')\xc7\xa6&\x88\x1bY!',b'\x04tW\xc7\x07\x9dXg',on_traffic_light_intersection,
b'\xb6Y\xfb\x08G\x9bWv',b'\xc3j\x834kTQ\x11',on_traffic_light_intersection,
b'~\xa4\xea\xf0\xaa*Yj',b'N\xc6v\xc0\xfb/R`',on_traffic_light_intersection,
b'%\x94G\x89\t\xbeR#',b'\xeeT}\x1e\xc7\xaaU1',on_traffic_light_intersection,
b'R\x02\xe0kFC^\x05',b'/\xa1\xdaNM\xefX\xb0',on_traffic_light_intersection,
b'\x0eW\xa4\x9f[RR\xdd',b'\x9e\x05MkF\xecZ\x7f',on_traffic_light_intersection,
b'\xf6\xf4<hDjV\x97',b'\x02\xa3\x9eJ\xf3\x9fQ+',starting_straight_traffic_light_intersection_traversal,
b'?\x94\xbb7m\xf3\\=',b'w l\xd7EmS\x03',starting_straight_traffic_light_intersection_traversal,
b'\x1e\x0b\xd7\x91\x05\x06W\x10',b'\x07;\xae@\x9c\xffX\xf0',starting_straight_traffic_light_intersection_traversal,
b'\xfd\xb8>X\x98\xadS\xdc',b'\x02u\x1b\xa6\x1f\xa6Z\x8f',starting_straight_stop_sign_intersection_traversal,
b'l\x994\xc2\xb0\xc6TO',b'(\x87\xab\x13\x17\xca\\\xd3',starting_straight_stop_sign_intersection_traversal,
b'Ku8\xaam*\\\xda',b'\xdb\x00\xe4\x8a\xe6\xf9UL',starting_straight_stop_sign_intersection_traversal,
b'\x91\xf0np\x02J^\x94',b'\x04P\x06f\xed\x0eWW',starting_straight_stop_sign_intersection_traversal,
b'u\x88\xef\x9d1aUa',b'\x8c\x00\xf1\x8a8\x8aUP',starting_straight_stop_sign_intersection_traversal,
b'\xaa\x03\x00(\x16\xccRY',b'\xc6R\xa4]\xc6mR\x02',starting_straight_stop_sign_intersection_traversal,
b'|^\xd5eC\nT[',b'4\x037\rcKV\xa2',starting_straight_stop_sign_intersection_traversal,
b'\x10\xf0\\\xd1cvSg',b'|C\x15\xb3\xef\x87P\xb5',starting_straight_stop_sign_intersection_traversal,
b'\xfb\xd0\x7f\xba\x9f\xcfY5',b'\xa2\x06z\xf6\xc0\\R\xfb',starting_straight_stop_sign_intersection_traversal,
b'\xb6;\xae\x93\xb6\xa6Z\t',b'\xa1\x07\x84\xb6\xa8\x11X\xc7',starting_right_turn,
b'\x97\xc2\x00\xe3\xb6\x00Z\xc4',b'{@\xb4L!\x80X\xa8',starting_right_turn,
b'\xa8\x01\x95gn#P\xe1',b'\x0f\x07\xff\x8d\xdf\xdeY\x84',starting_right_turn,
b'\x98\xda\x1b\x83B%]\xf8',b'\xb4=\x0f\xfb<\x98_\x8c',starting_right_turn,
b'\x9f\xd0\x9e\x94\x142^2',b'\x89\x83\x0b2>9S\xc4',starting_right_turn,
b'\x123U\x9d\xe0\xafZ\xe8',b'\xbdC\xf2B\x15\xc7U\xa6',starting_right_turn,
"b""\x87'\xcd\xe7]\xb7Z\xf5""",b'\xda\xab\x81\xc8\x1a+U\x88',starting_right_turn,
b'\xac\xfe\xb7\x02\x165\\\xb4',b'\xe9\x12\xb8\x1f\xc5\x1eX\x8c',starting_right_turn,
b'(=m\xbb\xcfjR\x08',b'\x92\x13\xa6\xdd\x9a\x9f^1',starting_right_turn,
b'\x13\xa0YrK\x1c\\g',b'\x96\xf3\xbeg\x8d\xa2SA',starting_right_turn,
"b'\x81\x9d\x86""\xba\x06_7'",b'V\x12\xfa)T\xa7[\xe7',starting_right_turn,
b'#\xa1\xcdcjJ]d',b'F&\xa9}\xd0\xd0_w',starting_right_turn,
b'\xf9\x1d2=\xd7XT\xcb',b'\xae^\x93\x1c\x08\xf3Qw',starting_right_turn,
b'\\\xc6\x98\xa1.\xe8X\xb9',b'-c\xe6\x16\xc5\nQ\xc6',starting_right_turn,
"b""'\x18{\x9f\xbe\xa3Y\xfe""",b'h\x1e\xf8\xb3\xd0\x1aX\xf3',starting_right_turn,
b'\x9aD\xb0\xea\x01X\\\x95',"b'et\x16\xb6""fW\x91'",starting_right_turn,
b' \xba\xc7K\xdb\xc0S\x85',"b'\xd5\xf8\x94,\x1a\rR\xf3'",starting_right_turn,
b'a\xe7\x0b\xe7\xf7\xa9P\xae',b'\x93\x11+j\x06\xe1W\xdd',starting_right_turn,
b'\xfb\x9aV\xd6\xfe4Qc',b'vU|\xbb\x9d\xcd\\\x9a',starting_right_turn,
b'\xea\x06\xd9_T&W\x9c',b'\xef\xe2\x80\x87\xbapR\xdc',starting_right_turn,
b'\xb9\xad\xe8\xf9z\xd1X}',b'\xa1\x07\x84\xb6\xa8\x11X\xc7',starting_unprotected_cross_turn,
b'\x107Jm\xa6\xa8]\xe3',b'{@\xb4L!\x80X\xa8',starting_unprotected_cross_turn,
b'\x8a\x18\xe5\x9a\xe0\x9dZ\xdc',b'\x0f\x07\xff\x8d\xdf\xdeY\x84',starting_unprotected_cross_turn,
b'\x04[~D\xa7\\Pa',b'\xb4=\x0f\xfb<\x98_\x8c',starting_unprotected_cross_turn,
b'\x86\x17h\xa1\xce\xf5R\x01',b'\x89\x83\x0b2>9S\xc4',starting_unprotected_cross_turn,
b'\xbd\xfbq\xc29\xa6TR',b'\xbdC\xf2B\x15\xc7U\xa6',starting_unprotected_cross_turn,
b'\x84v\xa40P\x85^\xb3',b'\xda\xab\x81\xc8\x1a+U\x88',starting_unprotected_cross_turn,
b'j\x9d\x00M\xfb\x92S\xe6',b'\xe9\x12\xb8\x1f\xc5\x1eX\x8c',starting_unprotected_cross_turn,
b'\xbd\x1e\xaa\xfe\xb5\xd9Zu',b'\x92\x13\xa6\xdd\x9a\x9f^1',starting_unprotected_cross_turn,
b'\x01`\xa7Vn\xb8\\\x07',b'\x96\xf3\xbeg\x8d\xa2SA',starting_unprotected_cross_turn,
b'\xcek\xf1\x19;\xd2\\\x0f',b'V\x12\xfa)T\xa7[\xe7',starting_unprotected_cross_turn,
b'\x13\xde\x12\xcc\n\x12Qr',b'F&\xa9}\xd0\xd0_w',starting_unprotected_cross_turn,
b'}M\x1d\xcak0ZU',b'\xae^\x93\x1c\x08\xf3Qw',starting_unprotected_cross_turn,
b'\xa09\x8c\xf6\xbd\x1b_i',b'-c\xe6\x16\xc5\nQ\xc6',starting_unprotected_cross_turn,
b'\x9b\xbe\xfcc&\xa6\\\xb8',b'h\x1e\xf8\xb3\xd0\x1aX\xf3',starting_unprotected_cross_turn,
b'K\xf5D\xc3\x08\xe4V\xd2',"b'et\x16\xb6""fW\x91'",starting_unprotected_cross_turn,
b'\xf9\xd3\xc4\xe4\x1b\xcb^\x15',"b'\xd5\xf8\x94,\x1a\rR\xf3'",starting_unprotected_cross_turn,
b'\xfe\x05\xe4\x0f\xacH_\xea',b'\x93\x11+j\x06\xe1W\xdd',starting_unprotected_cross_turn,
b'\xb2\xd9\x14\x90\xb4\x97T\x03',b'vU|\xbb\x9d\xcd\\\x9a',starting_unprotected_cross_turn,
"b""3\t\xc3\xfdf\x8cY'""",b'\xef\xe2\x80\x87\xbapR\xdc',starting_unprotected_cross_turn,
"b""\xea'\xb3\x95\xb9PT\x85""",b'\xc1\xba\x81\x12\xberVk',traversing_intersection,
b'\xa3x\x85\xb7v\x14P\xbe',b'\x1e\x0c=6\xf8OQ;',traversing_intersection,
b'\x01\x86q\xb4q\xb6]\xdd',b'0\xee\x88\x00}zZZ',traversing_intersection,
b'\xdf\x11\x18R\xd4\nR\xfe',b'\x1a_\x98\xedc\xcdW^',traversing_intersection,
b'$g\x07@\x8d\xdaY\xc7',b'W\xb5\xdetc\x84[\xfa',traversing_intersection,
b'q\x01+\xb7j\xbe\\N',b'\x10NM%\xef\xcf_!',traversing_intersection,
b'\x14<[Y\xaa\tU\xbd',b'\x84\xce\x96j\x05B\\\xc0',traversing_intersection,
b'\xd7\xd2\x8b\xe0t\x0fS-',b'\x1c\xde\x98%y|Wg',traversing_intersection,
b'_\xf4\xeb\x1c\x8dcX!',b'\xff\xcf\xc5\xb0\x08JWN',traversing_intersection,
"b""\\\xee\x89\x94\x90pT'""",b'8\x90\xdd>)/].',traversing_intersection,
b'\xa2V\xa1\xda*4X\x82',b'\x94\xc8\xe8\xe0\xf9\xd4PN',traversing_intersection,
b'}\xd1\x93<\x8d\xcbR\xf5',b'm\xbe!\x94\xbf#Z\xd2',traversing_intersection,
b'y\xca?\x87n\xf8Ug',b'\xfe\xf4\xe1\x14KXRN',traversing_intersection,
b'\xb6\x971\xcd2TYW',b'\xf6\x14\x02\x8b\x98\xad^\x11',traversing_intersection,
b'R\xb64\xca\x9e\xa1Q\xfc',b'\x8f\xa2\xc6\xc6{\xe8W\x02',traversing_intersection,
b'x9\xbce\xc5CWy',b'\xb5l\x14W\xc9 \\\x0c',traversing_intersection,
b'\xe3\xd0\xb3\xe4\xcd\x97R\x1a',b'\xa7z\x1d:1\xc5V)',traversing_intersection,
b'\x11j7^\x01\xe3^\x00',b'\xa32t\xe0\xa1\x00\\w',traversing_intersection,
b'\x90\x85\x03\x16\xb6\xe0S\xa2',b'c5\xec\x02\x8e0Q\xe1',traversing_intersection,
b'\x9e\xb6#\x89F\x9c_\xee',b'\x94\xfe\xcb\xe7(;]\xc4',traversing_intersection,
b'\x9a\xfav\xaa9\x19T\xa6',b'\x99\x8d\xcb\xa1\xa0\xf6Pz',traversing_intersection,
b'VY\xe7\xe5P\rQK',b'}_\xd02\xac\x95U\xc5',traversing_intersection,
b'\x1f\x8az\x1c\x83\x97W/',b'{m\x9d\xdee\xf5W\xb3',traversing_intersection,
b'\xea2\xfd\x8c\xb6\x07_\xd7',b'KDq\xa1!\xceXR',traversing_intersection,
b'\xe60k=\xf20[/',b'r\x8f5O|wVl',traversing_intersection,
b'\x1e\x1b\x03\xbc\xe0\x8fY/',b'\xfb(\xe1\x11\x96\xeaS&',traversing_intersection,
b'\x97\xcd#qDIT\x82',b'=f\xb1\x18\x9b\xd1\\T',traversing_intersection,
b'\xbc\x9bH^&\xc3^A',b'\x0f\xe2\x18RY\x19]\x08',traversing_intersection,
b'H\xf4\x90.\x93R\\\x1e',b'\xdb\xd3\xa0_\x9e\x98Q\r',traversing_intersection,
b'\xba\xfed\xa1\xb3\x91Qs',b'\xe4ep\xbeu\x82Q\xc0',traversing_intersection,
b'Q:\x83\x10^[^\xdc',b'\x06Q0\xe9\xd8\xa8WN',traversing_intersection,
b'\xc5\xa5\xae\x95\x058_4',"b'\xb6\xac\xbf\x10$""W\xbb'",traversing_intersection,
b'\x0b\xc9\xdd\x93\xf3\x85U\xbd',b'\x8d\xd5DV\x98\x10[z',traversing_intersection,
b'<7p\x8fZ\xe2VG',b'=\x96\x1b\xa7{\x95UB',traversing_intersection,
b'G6\xc9&\xf7\xc9\\\x03',"b""\x90\xc9\xf6\x0c'vY\x1b""",traversing_intersection,
b'\xd0K\x9f\xa0\xdcNS\xc4',b'\x15+\xc3)\x84\x97P\x86',traversing_intersection,
b'\xc8\xd6p\x8c\xe7\xf1\\\xd4',b'2r\xd5\xc3c\x86_\x81',traversing_intersection,
b'\xfd\x91\xac\xa6\x13\xe2U\x8c',b'\\|\x92\xc9\xaf\xccR ',traversing_intersection,
b'\xa1\x81\xa8\xd0/\x94_\xd1',b'\xc4\x89%in\rR\x8e',traversing_intersection,
b'z\xa3\x17\xaf\xc5\xebQW',b'm\xf9\xe7\xedp9Y\x0b',traversing_intersection,
b'( \x93\xdd\xeb\xc0S\xfc',"b'\xf4\x13,:\x92\xf4Q\x9e'",traversing_intersection,
b'\xd1aQ\xf3\xd7\xca\\J',b'd\xc4D\xde\xe5 Z\x81',traversing_intersection,
b']0\xa9\xb0f!\\\x92',b'\xfc\x04^\xd0\x7f\x9cP9',traversing_intersection,
b'\xbf\x84P\xf5O/QW',b'\x07Z!\x85wbR@',traversing_intersection,
b'$\xbc\xceT\xfa\x80Y_',b'(\x87\xab\x13\x17\xca\\\xd3',traversing_intersection,
b'6U\xf7\xca\x83\xed^A',b'\xea\x97\xf2\xeamQZF',traversing_intersection,
b'\xefU\x82\x06\xbeP\\V',b' \x1f3=\xc5\x99T\xa0',traversing_intersection,
b'\xab\xf8\xe1\x0b\x10\x95Q\x8e',b'\x0bZv\x8b!\x8c\\\xa6',traversing_intersection,
b'\xc4\x1f\x00\r\x1e\x0e^\x03',b'\xde\xa2\xaa\xc8A\xe5Q\x85',traversing_intersection,
b'\t\x939\x17\x02\x97Vs',b'\xe0\xe3\x17\xc0!\xc6U0',traversing_intersection,
"b""'\xe3\x99\xe2\x00\xeeYP""",b'\xcdKL\xcf\xc2~[\xa9',traversing_intersection,
b'\xb3#\x0e\x9a\xae8P3',b'XO\x95\xc3`\xa0Rr',traversing_intersection,
b'\x1b#\xb2\xdc\x91\x11T\xe8',b'\xdc\xc9\xeeM\x90\x1eV\n',traversing_intersection,
"b'6\x14C\xc4\xb7=T,'",b'\xcf\xea\x1b\xa5cVY\x81',traversing_intersection,
b'\xfd\xfe\xae\x1fw9]1',b'!\x9e\xd7\xff&)Y\x12',traversing_intersection,
b'\x0c\xc2\xa4km\xdeY\x0c',b'\xa0x\t\xcf6\x18T\xa7',traversing_intersection,
b'\xfbD\x8e\x1bg\xedY\xd0',b'\xc0\x95\xd2U\xf1\xb9R\xb5',traversing_intersection,
b'@C\x0b\xb4\x8e\xad]\x02',"b'$.\x07,\x88\x15[V'",traversing_intersection,
b'\x14\xc5\xf2\x15\x02\xebV\xad',b'\xf9\x99\x82\xf9\x9e\x94U\x81',traversing_intersection,
b'\xeemq-i\x96R\xd7',b'd\x9f:\x0eo^_|',traversing_intersection,
b'\xadO&nJ\xdeU\xa2',b'^p\x8fv\x9e\x83_\xad',traversing_intersection,
b'}\x80\x8a\xd70/X\xb0',b'N\xcbC\xbf\x86\xa0U\x1e',traversing_intersection,
b'\xe6\x96yS.DQn',b'\xb2^_\x0b\xf1TW;',traversing_intersection,
b'\x03f/\xcc\x8f\xbfZ\x84',b'\xd9z\x86k\x90\x83Zt',traversing_intersection,
b'U\xbar\xdc\x0cE\\\x01',b'\xc6\xf0\x10\x9b\x82?]\x95',traversing_intersection,
b'\xbf6\xec7\xfa\xe4_4',"b'\xf2!(0\x0f,\\\x00'",traversing_intersection,
b'\t\xa9\x10\x89+\xc0S\xd1',b'\x05FUyZlU\xc1',traversing_intersection,
b'\xf9\xfa\x19\xba\xc4TUg',b'\x1b\x13\x7fn3\x83\\\x1a',traversing_intersection,
b'\xb0\xa0\xc5g\xe94^\x8c',b'\n\x94\x84yH\x0b]\xb0',traversing_intersection,
b'\xaa~>\xca\xc9\xc5[E',b'\xe5\x19\x10s0\xc7X\xeb',traversing_intersection,
b'\xaf_\xb1\x82\xd4cR\xb3',b'fN\xec*\xeb\xb1P\xaa',traversing_intersection,
b'\xf8/\xa3\x97\xad\xa0R\xaf',b'\xec\xee\xdc\xe7mDYG',traversing_intersection,
b'\xdd~\xdem\xb4\xa3[2',b'\xb5\x1b\xe7\xe9!\xf1W\xa3',traversing_intersection,
b'\x1f\xc0-\x1b\xf4\xd5U\x84',b'\xfc\x9fHmX\x9a[f',traversing_intersection,
b'\xb4\xb3\xf6m\xdeKZ|',"b'\xe5O,\x9ew\x91V@'",traversing_intersection,
b'\x00\xeb%\x0f<p\\\t',b'8\xe7X\xfbY\x80TV',traversing_intersection,
b'Q\x9cI\x90\x84OZ3',b'\xd5\xb4\xf9?\x87\x9a^\x19',traversing_intersection,
b'{\x04>\x0cu\xd5Ud',b'v\xc4\xaco\xfe\xa2W\xe2',traversing_intersection,
b'A.i\x13E\x82]\\',b'm\xa5\x16\n\xbaIP\xd5',traversing_intersection,
b'\x07\x8f\xce0\x9d\xcaV\xd3',b'\xf8\xb5\xa0\xafLh_\xf7',traversing_intersection,
"b'\xb6\x1f\xa7M\xac""S\xe6'",b'\xd3\xe8\xa1\x15O\x9b\\d',traversing_intersection,
b'\xbc\x8f\xe1\x8ex\xd8U\x81',b'\xec^\xd0Uw\xe4T$',traversing_intersection,
b'\xa9+\xf0\x13\x9a\x14_\x06',b'\xa0\xc9Yqx\x1d[\x14',traversing_intersection,
"b'c\xec[""\xdc\xd9Tt'",b'D+\xb8\x9b\xb1bY\x92',traversing_intersection,
b'nK\xa5\x96\x89JQ\xd3',b'1\x12y\x84\x18!]\x8c',traversing_intersection,
"b""}iA'\xe1\xa8[\x90""",b'r\xa8\x04\xf5\x85xU\xa4',traversing_intersection,
b'\x84\xda\xc4\xef\x97\x9aY\x18',b'\x9c\xd4\x11\x11\xdbPX\x1c',traversing_intersection,
b'/N\xa3S6\xf9V\x11',b'\x7f\x0c\xaa\xbc\xca\xe0W\xd1',traversing_intersection,
b'\xda\xcf\x1aH\xd2TP\r',b'\x8b\xce\x0e\xb3\xc7\xb6TV',traversing_intersection,
"b'\xe3O\x91""\xf1XT\xf2'",b'\r\xcf\x81\xc5N\xee_)',traversing_intersection,
b'\xa3\t\ng&\xd2]\xd8',b'\x16\xca3\x1b\xd7\xbc\\\n',traversing_intersection,
"b""\x93'\x03D\x06fZ8""",b'\x13X}\xd2;\xc5W\x9c',traversing_intersection,
b'\x12\xd6#f\xd9\x05P\xdf',b'Z\x11>\xd0iP_\xa1',traversing_intersection,
b'4\x99\x9b\xc8\xc3\x05XL',"b'\xd6\xec\xf7c\xff,]3'",traversing_intersection,
b'\xb8\x7f>\xcc\xcbhR\xb1',b'P>_\x1d\xde!]\xf5',traversing_intersection,
b'C&2\xb4\n\xb4]@',b'\xdb\x00\xe4\x8a\xe6\xf9UL',traversing_intersection,
b'\xc1otY\x9f\xc4TK',b'V\xf9\xdc\xa8\xd6\xc9[\xc2',traversing_intersection,
b'c\xc4b\xce\x86\xafTW',b'\x8a\x8f\xfc\xc1>\x8eY5',traversing_intersection,
b'#P\x8d\xb3\xb0\xb6]d',b'\xc6\xe7j\xaf\xdd\xc5\\\x15',traversing_intersection,
"b""'\xef\xcb\x07\xb0NWS""",b'Fh\xcf\xf8\xe0\xf0X\x19',traversing_intersection,
b'\xc4O\xe1\xa2\x06`W{',b'\xbb\xa2\xc0\xc7\x9b\xe3V\xf3',traversing_intersection,
b'V\xef\x1dHBoY\x9b',b'\xb47;B\x18u[n',traversing_intersection,
b'\xf4I\xeb\x0e\xf91Pg',b'\xb6\\\xb3oa\xa4Yb',traversing_intersection,
"b""I\x1d\x92'\xf3\nQ\x1f""",b'\xde\xe3\x02J\xee\xb5Z\xe0',traversing_intersection,
b'\x04\xfb\x17Or\xb7U\xc9',b'f\x88\xd9\xd7x\xecP\xba',traversing_intersection,
b'\xd8W\x16X\r\xd5_\x04',b'\xf9\x94\t\xa2\xae\x01X{',traversing_intersection,
b'a\x82\xb8\x853\xe5[\x96',b'#\x02\xc5\xff\x99\x8d^\xe5',traversing_intersection,
b'\xcf\xdf\x17\xc6W\xf9\\\xc3',b'J\x84\xd6\x88\xff\x81[y',traversing_intersection,
b'\x9f\x92\xc9\xd0D\xf4U\x90',b'N\xda\x90\xb4\x15\x8c\\\xef',traversing_intersection,
b'\x81\xecl\xfaA^^\xf9',b'p\xfd\x04\x82>\xc7\\\xea',traversing_intersection,
b'\x9c\xe7\x0f\x8c\xac>Xq',b'\x18o\xf2\xf2\x86C\\\xf2',traversing_intersection,
b'f\x0eo\xc3\xccS](',b'\xe2A\x9d\xe4S\xd5P|',traversing_intersection,
b'9\x9d1-\xaa\x93^\xbe',b'\x94\xd8&h\xf74X\xc2',traversing_intersection,
b'\xa6\xdb\x9e\x9a\x97\rP\x14',b'\x8frmU\xc8\xf6[T',traversing_intersection,
"b""7\xec6q8\xb8^'""",b'}\xe6\xe2\xf4\xc1d]%',traversing_intersection,
b'6\x9b\x88\xb6|\x9eS\x83',b't\x17\x89\xcf\x1c\xc7X\xf1',traversing_intersection,
b'\x9e\x98a\x99\x9d\x95Y4',b'\xf3\xe7\xf2\xe2\xc1\x7fVq',traversing_intersection,
b'\xf3)\xc8Y_OSm',b'\xad\x83Zf`\xd1V\x0f',traversing_intersection,
b'\xb3\x06\xb5\x0fl\x8bU\xe8',b'\xcbh\xba[\x1fa\\m',traversing_intersection,
b'\xe6\xc1\xb3\x02\xfe%Po',b'\xfa\xdc\x9e\xc6\x04O[\xb3',traversing_intersection,
b'\x0f*\x9e\x96\xa9\xcfWg',b']\xff\x91\xa1\x87\x0bX\xcf',traversing_intersection,
b'_\xd6\xc1l\x1f\xf6_\x84',b'\xe1\t\x1f\xe9\xe1\x87Xc',traversing_intersection,
b'W)PH\x7f3Y~',b'q\x00\x1a /f\\H',traversing_intersection,
b'\xeex\xc2Jz\x11Q\xdd',"b""\xd0\x00W3\xb6\xbeP'""",traversing_intersection,
b'\xd6\xd8\x05\x1b{\xd6X\x15',b'\xc8r\x92\xbf\xd9\xe3YQ',traversing_intersection,
b'\x99+AO\xd0\xba\\>',b'\xc72\x0f\x99\x90\x0c]6',traversing_intersection,
b'\x16\x83\x161\\\x86R\xec',b'\xb2*KWB\xbeY\xc5',traversing_intersection,
b'r\x82\x9f\xde9\xebZ\x94',b'\xd8\xe3?\xebbKT\xb5',traversing_intersection,
b'\xea\x93_l\xee\x1a\\\xf6',"b""\x18'G\x95\x01[U_""",traversing_intersection,
b'\xd7\x00k\xd4UiX\x0b',b'\xbe>\xed\xde\x9b\x01R\xc5',traversing_intersection,
b'E\xe8\xec\x82\xc85W\xce',b']v\x03u?sTQ',traversing_intersection,
b'\xe8\xe9\n7\xad\x0fV\xdc',b'vU|\xbb\x9d\xcd\\\x9a',traversing_intersection,
b'Pp\xe9\xaa\xf4<U1',b'\xef\xe2\x80\x87\xbapR\xdc',traversing_intersection,
b'\xf1&\x06\xd3L7_\xe2',b'@I\xe3\x82Yh\\e',traversing_intersection,
b'wAi\x8b&\xabR\xe6',b'\x93;K\x03\xe5\x0cT\xdd',traversing_intersection,
b'\x8d=\xb5\x9e\xa5HR\xc8',b'A\xecf\xb4\xbfeW\xf1',traversing_intersection,
"b""'\xdd2\xcc\xc7\x01V\x94""",b'\x18\x06\x14\xed\x16KR5',traversing_intersection,
b'\x9b(\x84\xfa\x8bv\\\xb5',b'(\x86\xb4\xbe@\\Z\x82',traversing_intersection,
"b""'K$\x9e\x948^\x9d""",b'\xb7\x9b?\xf2$\xd1^(',traversing_intersection,
b'\xc7\x19`\xd8\xdc{X\x83',b'\xee\xaf\xd26M\x07X\xc0',traversing_intersection,
b'xw1e\x95\xa1^\xae',b'\x88\x11q\\\xb2\xb1S^',traversing_intersection,
b'\x13\xcb8 \xe0\x00P\xc8',b'\xa7O\x0c\xe4wlQ\xf8',traversing_intersection,
b'\r S\x9d\x01\x03^\xdd',b'5[5\xe7Y\x86S\x15',traversing_intersection,
b'\xd2\x98wo=\xe7Y\x02',b'e \x9e\xbd[\x97_%',traversing_intersection,
b'J\xb8\xf1T\xf9\x08T\xd9',b'Z\xc4\xf3\xb83\xe6QN',traversing_intersection,
b'l\xbf;\x03\xa0\xe9S|',b'\xc1o\x84\xba2\xfaZk',traversing_intersection,
b'/\xd3v\x0463W\xd4',b'\n\x16)\xc8zOX\xf9',traversing_intersection,
b'P\x82Q3\xc4\xc8[{',b'\x81U\xd9Z\x96\xf4PH',traversing_intersection,
b'\xd0\xb6\x8c\x0caSQ\x81',b'\x11\xed\xd4\xa7\xd9\xedQ\x9e',traversing_intersection,
b'#ot\xd9%1Q-',b'\x80\xd2bF\x08A_\xf0',traversing_intersection,
b'\xd8\xe2\xf6\xa7Y?T}',b'\xaad\x08\x81\x0c\xc1R\xd8',traversing_intersection,
b'\xb3\xfb#n\xe5\xc7_\xef',b'^\x9bo3g\xebZ(',traversing_intersection,
b'\xa4\xb0\xc9\x90\x84\xee\\p',b'\xff\xa2\xdc\x83C\x1c[=',traversing_intersection,
b'\x12ng\xdc\xf3qX\xe6',b'y@\x1f3\xc3\xa2X\xed',traversing_intersection,
b'}\xb93EH\x80\\&',b'\xc8c\x06\xf2iY^\xe1',traversing_intersection,
b'\x87\x9b\xde)8\x82Wy',b'\xd8\x86\xa80T\x00Qv',traversing_intersection,
b'\xcb\xec\xa6\x8fo U\xae',b'o\x07\x9bn1\x11Y\x90',traversing_intersection,
b'\xf7\x06\xf2\xf8\xb5\xe3V\\',b'\x03*J\x93\t9_O',traversing_intersection,
b'$\x8dAA\x91\x8bV~',b'A\xd3\xc0\rM\xaaR\x9c',traversing_intersection,
b'\x9f\x15pQ\x0c\xe2P2',b'\xb8!gN\r%U\x16',traversing_intersection,
b'\xaa\xf0\x97\xf0N\nY\x8e',b'\xc2\xdaJ\x91\xcf?\\\x08',traversing_intersection,
b'\x1c\x8ek3\x08\xbeU.',b'bLDS\xff\x95Zc',traversing_intersection,
"b'\xb6\x80^\x8f\xf6\xefQ""'",b'Q(\xa5\x1aF\xceZ1',traversing_intersection,
b'\xe5<\xf1\r\x05DPP',"b'0,\x99\xca\xe48Ux'",traversing_intersection,
b'\xb3\xa8T`&\nQ\x8f',b'\xbbGC\xaa<X_\xd5',traversing_intersection,
b'h\x19\xe1\x97\x92\xe4[R',b'\xe6<b\xe0\xd3S[?',traversing_intersection,
b'j\x89\xc4s]\x9cRQ',b'\x9d\x15\x18\x0e\xa1\x1bP{',traversing_intersection,
b'\xe8>\xa0@\x8c\xe5ZW',b'\xc8\xb4c\x18\x89\tT\x0f',traversing_intersection,
b'\x87\x1a\xb3Q\x99\xb7^\x05',b'u\xd9\xeas%\x03Z\x84',traversing_intersection,
b'\xd0k\x01\x1dk\x1eRH',b'\xc8\xd5\xbe*\xaa\x10T\xdb',traversing_intersection,
b'\xd2\xb3J\x8b\xf5\x1dY\xf2',b'\xfe\xd4\xb2\xf0\xffgU=',traversing_intersection,
b'\x9bR2\x00;\xb1XY',b'\xb1\xc7\xb1\x18\xff\x12_m',traversing_intersection,
b'\xcbiZ\x01\xf3\x1eT\x13',b'l\x98s\xe2s\xc9RH',traversing_intersection,
b'\x80\x89\xe8\t\x7f\x91UA',b'3\rFn\xde\x02\\\x9e',traversing_intersection,
b'\xfe\x952Jt\xad_?',b'#RM\xc7\x0f\xa0Y<',traversing_intersection,
b'\xea\xdc\x1a\x01\x7f\xa3Z\xcc',b'\xac\r\xc8\xe3M=QV',traversing_intersection,
b'r#*\xc8B\x18T\xce',b'\x00\xaa2\x91\xd1\xb2\\J',traversing_intersection,
b'\x86S\x01\xe1\x7f\tU\x8c',b'\xa7b\x86\xc8\xb7\xe4[y',traversing_intersection,
b'8~@T\xe0\x95SF',b'\xfe\x87\x8f\x08B\x0eV(',traversing_intersection,
b'\xf4\xb0\xf1HNqS\xf6',b'\xbc\xb0\xf1m\xd8CVH',traversing_intersection,
b'\xe2o\xfc\x1c\x13p\\Q',b'\xae\xbaME@\xaeS0',traversing_intersection,
b'\xa5\x8d\xd3k\x8aoU\xfd',b'\xde\xa47L4\xc9Z5',traversing_intersection,
b'\xfdx\xf3P\xe1BW\x11',"b'B""\xda@\xe1\xcbZ\x85'",traversing_intersection,
"b'\xf6X""\x18\x19\xeaX~'",b'\xfa\xc6\x0c\xc5\xbd\x87T\x97',traversing_intersection,
b'\x96i\x88\xb1\x03\x80^\x94',b'\xd2\xa9\x84;R\xa5TD',traversing_intersection,
b'\xe1)})\xf8\x0ePH',b'VFV\x13\xb0jQ`',traversing_intersection,
b'\x86\x85$\xaa\xe3\x81Q1',b'L\xc1\xe7z\x7f(Y\xe6',traversing_intersection,
b'rgL\x888KV#',b'\xfa\xa4\x95\t\x1ay^i',traversing_intersection,
b'\xcb5\xa1\xec\xcd\xb6Q\xcc',b'\x04\xb6|\xfb \xab_\xfe',traversing_intersection,
b'd\xd3xA\x86^U\xd5',b'\x83\xd3Z\xf8\x12\r]\x83',traversing_intersection,
"b'\xc0\xd9\xe9\xe8""\x81[\xfc'",b'%N}\xd8\x8b\xb8U\xf0',traversing_intersection,
b'0\\\x1f\xcd@CZ\x9b',b'\xe6\xbb\xaf\x9ez\xf6]~',traversing_intersection,
b'\x9a3s\xc5\x0b\xb2X\xd5',b'\xbf\xee0\xa3&\xb8U\x19',traversing_intersection,
b'\x0f\xf3\xba\xd5g\x08V\xb9',b'\x15f\xce\x1a\x10\nS]',traversing_intersection,
b'hS\xa2l\xcf\x88W\r',b'\x88\x07\x1b\x99Wk[/',traversing_intersection,
b'e\x83\x8a\x89\xbd\xbc\\\x83',b'\xfc\xc5g\x98\x08\\X\x86',traversing_intersection,
b'\xd4\xa4i\x8b\xe5\xffS.',b'\xa2\x06?3\x87(]t',traversing_intersection,
b'\x90\x8b;\x89\x14\xeb[\x0b',b'\xa0=\x98:\xb7ZQL',traversing_intersection,
b'\x9ei\xf0~\x15\xbd\\F',b'\x86|\x8f\xd1\xb5\x89Y\xe1',traversing_intersection,
b'U\xc1\xae*\xa6@Z\xc9',b'vT\xa4\x1c\x80\x87P\x8a',traversing_intersection,
b'\xce\x1cU\xad\x90\xd8S\xb4',b'\x95\xa2\x84I\xe4\xe0W\xe8',traversing_intersection,
b'\xad\xa9\xed[\xee\xe3S\xf9',"b""\xecUwls\xc7U'""",traversing_intersection,
b'\xaa\xa2\x88\x8f\x02\xd8W\xc0',b'\x06\xea\xe7\xea\xd4\xeaYo',traversing_intersection,
b'\xd6\x10w\x14\xb5T\\\xad',b' \x83\x1c&\xc4\x87Q\x03',traversing_intersection,
b'\x0f\x97\x0c\tB\x87]\x7f',b'\xeeg\xe2\x95\x9a\xb2W\xb1',traversing_intersection,
b'\xe9\x8c\x03C\xbeUQ\xf1',b'w\xe8\xc9\xcf\xa3w_\xac',traversing_intersection,
b'\xe4`Y\xb7)\x80^\x1f',b'#M%\x81 \x0fV2',traversing_intersection,
b'\x87\xdf\xd2Q\xc1\xfa]\xe1',b'\x85Qu\xc7\xe9\x86Y2',traversing_intersection,
b'\x83d\xe9n\t\xa8QB',b'\x1e\xa6\xde%\xf3\x02T\x08',traversing_intersection,
b'\xc4\x93\xc9;kKQ\xe4',b'\xf0tA\xfa\x07\xc0UW',traversing_intersection,
b'\x90\x1b\xe2\xf7\xda\xf5Q`',b';\x7f<3ttX1',traversing_intersection,
b'\x0bUy\xad\x9e\x90Q\xf1',b'1\xc1\xba\x9f\x145YX',traversing_intersection,
b'eN\xd5\\\xf0\xc1_U',b'EC\xa1G\xc4^S^',traversing_intersection,
b'.\xe4/\xe3\xdc\x84W\xff',b'\x80d\xdc\xef\xc5\xfcW\xef',traversing_intersection,
b'LxT-\xb5}W^',b'\x85\x99\xd9\x13\xcf\x9c[\xb2',traversing_intersection,
b'gK\x8cn\x16]\\\xc2',b'0\x9fJ\xc8\x8d\x87X!',traversing_intersection,
"b'""\x12\xbaQ^\x96Xk'",b'a\x0b\xe9y/9\\R',traversing_intersection,
"b'Jk,\xb1%\xc2T]'",b'&\xd1\xf1\x10\xc0\xbaP\x06',traversing_intersection,
b'\x9b\xc9sn&\nT\xa3',b'\xa2\xf0\xd3cj\xd3UV',traversing_intersection,
b'\xdfH\x10wDtV{',b'<q#\xd8\xa8\xdd]\xc3',traversing_intersection,
b'\xa5^%\xcc\n^\\\x0e',b'`t\xa7^\xd2\xb7^\xee',traversing_intersection,
b'#\xd0E\xeeA\xdcP\xf8',b'\xda\xb9&;\xcf\x1cY7',traversing_intersection,
b'1\xe1 \x1f\xea(Zv',b'\xb2\x80W\xbeuw_K',traversing_intersection,
b'\x0ckYr\x12\xbaW\xaa',b'\x8a\xb0\x10\xb6\xbf\xfeX@',traversing_intersection,
b'\xf41fn\xf1\xdbUy',b'\xda\x91 \x98\x07\r_\xb9',traversing_intersection,
b'\xcb\x98\xb1\xfb\x90+]\xfe',b'\xcb\xd4\xb4\xe2x\x1dR\xc8',traversing_intersection,
b'\xff-\x84\xa7\x8c\x18Q\xee',b')y\xa8&2\xd5YV',traversing_intersection,
b'*A\xb0+\x87OX\x80',b'\xc6\x86\x95\xe8\xb8\xedV\x1c',traversing_intersection,
b'\x8e\x08\xdeU6\x84^\x90',b'0\xb5\xebA\x8b\x85V\xf9',traversing_intersection,
"b'L\x01\xcc,\xce2W='",b'\xa4\x12\x9c\xc4e9Q7',traversing_intersection,
b'&\x0b\xe0T\xeb\xb4[\xbb',b'8&%\x92$\xa3]5',traversing_intersection,
b'WP\xd1\xae\xbf{T\xa2',b'\x02@P\x8a\x94\xaaP\xf0',traversing_intersection,
b'\x19K\x15\xe7\xf1\tQ/',b'\xd1\x01\xc7\xad\x0cSY\x91',traversing_intersection,
b'u\x8e\xcd\x8f7\x16_\x18',b'\x17\xbd\x19\xbb\xdd\xceW\x10',traversing_intersection,
b'v\xce6\xa3 \xedPD',b'E\x8f\x90\x01\xb0;Z\xee',traversing_intersection,
b'O6\x9cQ\xc3;T\xe2',b'~\xd1\xc6os\xe4Tg',traversing_intersection,
b'\xcb\x12\xb9R\x91\xd1^\xab',b'\n\xddC\x0c\x8e\x94[\x00',traversing_intersection,
b'\x99EFb\\\xe2T\xd7',"b'\x0b\xbeQn:,]\xa8'",traversing_intersection,
b'\xa8_>\xad\xac\xfa\\\t',b'\xd7\n\xcf\x13C\xa9R\xc0',traversing_intersection,
b'2}\x81\x08\xd1\xb4Z\x80',b'\xf3\x00\x00m\x9b\xd3^\x00',traversing_intersection,
b'\xfb\xcbA\x8d\xbatSE',b'\x84\xd6\xcc\x16\x94\x94^\xc6',traversing_intersection,
b'\x91\x85|R\xe25Q\xca',b'D&b\xc5\xb8\xf6U\x15',traversing_intersection,
b'\xcc\xd9\xd0DEZ[z',b'\xbeV\xb0\x9b\x8c\x04^\xb0',traversing_intersection,
b'\x8f2\xa8\x8c\xc0\xaa_~',b'6\x8a`\xc6\xb1oYl',traversing_intersection,
b'\x1e\xff\xe0V}\x96S\xc5',b'!\x10\x9a\xf3\xf6\tS8',traversing_intersection,
b'\xf5\xca~\x18\xfb\xc3T\xe4',b')-\xbc\x02r\x7f]\x82',traversing_intersection,
b'\xba\xe3l\xf07\x85S\x13',"b'"">7Y\xeeYT\xc5'",traversing_intersection,
b'\xbd\xd2\x94\x02(q_\r',b'\xcd~\x82\xea\x8b\x9dR\xbf',traversing_intersection,
"b'""\x86\x12\xef\xa2kW\x16'",b'\x00\xff\xfd$\x05\xae]\x0b',traversing_intersection,
b'\xe4!\xdd\x90\xef\xf6X\x89',b'\x9e\xb8\x08\x94\xf1QQ\x1e',traversing_intersection,
b'g%\x95\xf9\x92;Ws',b'\xa9\x0cn\xd2\x89\xc3[O',traversing_intersection,
b'>gJ\xb40\xdbY\xba',b'\x8d\t\tGz\xb8\\\xe5',traversing_intersection,
"b'""\x03\xc5\x1bu<U8'",b'\x02\xa3\x9eJ\xf3\x9fQ+',traversing_intersection,
b'\xceO\x16&\xc7QY+',b'\xd8I\x91\xcb\xe7\x0eWi',traversing_intersection,
b'\x03\xb4\xdc\x19\x1f\xf4[\x90',b'\x86\xc8\x8a\xfa\xa0\xb8V\xf9',traversing_intersection,
b')\xb6u\xa5\xdc\xa2Wz',b'\xe5\x96\x9a\xbc\xba\xcfX/',traversing_intersection,
b'b=\x8b\xcb\n\xfeP\x97',b'\x12$/a\xe8\x82S0',traversing_intersection,
b'P3\x9c5;VVY',b'PIr\xb5\x038]0',traversing_intersection,
b'\xde\xe0\xeb\xd9\x92\xfcP\x9e',b'\x9d\xbcv\x0ed\nW\xd6',traversing_intersection,
b'/Cj\xe2\xb3V\\\xef',"b'\x84_\xea,^\xae[C'",traversing_intersection,
b'\xfcsz\x9e\xc9\xecR\xc2',b'\xefA\xf1B\x1c\x8fY=',traversing_intersection,
b'>\x17?\xc6JaTd',"b'p""lvdb[\xb2'",traversing_intersection,
b'h!\xe4\xee\xeb\xd9V\xbc',b'KG\x07\xe8\x04\x11Q\xfe',traversing_intersection,
b'6\x9e\xabaz6S\xa9',b'\xc7P\xe2\x19\xde\xef]`',traversing_intersection,
b'\xb2i0\xb3\xaf\x8aR\xa1',b'\x19\x04B\x81im]K',traversing_intersection,
b'\xe0Y\\\x80\x19\xb0W\xf6',b'\x9ee\xa6\x8a\xff\x87^Q',traversing_intersection,
b':+\xc5\x9c\xbd\x82Uj',"b""\xd0\x9e*\xae\x14'R\xb1""",traversing_intersection,
b'[\xd7TO\xa6\x8fZ\xa7',b'\x80:\xd9!\x9fJ[\x8b',traversing_intersection,
b'\xf7\x18Ta\xc6\x05W\xf4',b'\tqq-DmY\xf5',traversing_intersection,
b'\x8fo\xbb\xaf\xb8\xf0U\xf7',b'XY\xf7\xa6\x1b=]e',traversing_intersection,
b'<i\x86\xcb\xe4\xc2\\s',b'Y\xa8=\xa7\xd4\xb6Y\x1d',traversing_intersection,
b'z`\xba\xc4\xd14YG',b'\xe3z\xc9t\xfd\x8fT\x90',traversing_intersection,
b'\x15\xccYs\x143[9',b'\xf9{<\xa0\xb4\xcdV\xb5',traversing_intersection,
b'\xbaV\xc1\xfczC^N',b'B?~\xc0\xc2\x11UJ',traversing_intersection,
"b'\x95Tm\xa9\x80,Q\x9b'",b'L\x12~&\x8d\x80Y=',traversing_intersection,
b'i>R}\t3Uk',b'yz-je{Ta',traversing_intersection,
b'2\xdf\xa5\xb1\xee%PX',b'#\x0el\xc3\xc86W\x88',traversing_intersection,
b'\x8c\x03\x1c\x01X\xf9]\x8a',b'\xde\xcdQ@!\xeeW\xbe',traversing_intersection,
b'\xba9\x95P\x11>V\xf9',b'\xd7\xce\xf2#\xef\x03W\xf6',traversing_intersection,
b'\x15H=^\x0c\xcbX\x80',b'e\xfc$>\xcbY^\xdf',traversing_intersection,
b'\xb0\xc4#y\t\x92V\xa1',b'Q%+=:\xe9WG',traversing_intersection,
b'\xc9$.DI$W\xd4',b'\xc4-\xf9P\xf2\x91Z:',traversing_intersection,
b'\xb7\x8c.-\xa6rPi',b'N?\x84N&ISJ',traversing_intersection,
b'\x96\xa1Xv{]_\x1e',b'\xe6T\x8a\xb6\x10\xa4Ti',traversing_intersection,
b'\xbd\xe5!\x8d`\x93[\x9a',b'\x024b\xb4w\x1d]P',traversing_intersection,
"b""d\x1b\x7f'G\xb0U\xe8""",b'\xdf\xa0\xe4SS\x1dX)',traversing_intersection,
b'\xd3\x91\x86\xd0\xfbwXk',b'\x99\xb7\x9b\x96\x9d\x9eT\x19',traversing_intersection,
b'\xd5\x95\xe4\x9d\xca$Yv',b'\x0c\x07\x8d\xc0\x9d\xe8[/',traversing_intersection,
"b'z,;\x94\x8c+]t'","b'\x9d\xf0\x8aF&""W\xb2'",traversing_intersection,
"b'\x965\x8f,}\x84R\xa6'",b'[\xefZ\x8f\x0b<\\\xda',traversing_intersection,
"b'\xf8""\x06\xf2\xf2\xafR\\'",b'B\xe4q\xaf\xa7\x87ZV',traversing_intersection,
b'&F \xb3\x8a\x8bUJ',"b'\xb0\x92Kn\xab+Z""'",traversing_intersection,
b'\xbfi\xa8S)s_$',b'\xb8 o\xca8\xb7R\x85',traversing_intersection,
"b""\x19\x87\x99'\x0e\xb7Qw""",b's\xa7\xdf\x91S\xd3\\\x9c',traversing_intersection,
b'\xfdi\xed\xb7\xa1\x1bS\x06',b'\xaa\xf1i\xe1#\x91S^',traversing_intersection,
b'!\n\x94gz\xe2Z\xb7',b'Q\x94\xdd3f\xcd^\x08',traversing_intersection,
b'%\xbc}\xc0\xbb\xd6R\x99',b'w l\xd7EmS\x03',traversing_intersection,
b'\x14f-\x174\x92P9',b'\x97\xce\x0f\xc6K\xfbS*',traversing_intersection,
b'\xbd_U\xe7\xf3\x0cX\xd8',b'\xd9\xfaj!\xbb%Y\x10',traversing_intersection,
b'P\x96\xa3%Yh]\x1b',b'h\xb9\x8c\xd5\x80\x16T_',traversing_intersection,
b'gw\xbd2\xb3pP]',b' \xda\xc8\xffo\xa3Qn',traversing_intersection,
b'2]\t\xaa\x86DU>',b'\xcbE\xef\xb4\xeb\x9e]/',traversing_intersection,
b'\xb6\x08\x92\xae\xc31V3',b'Z;\xb75\xf3\x02[ ',traversing_intersection,
b'\xe2^\x91\x8cG\xc5Q\x06',"b""\xdd'\x8c-\xac\x8b_\x14""",traversing_intersection,
b'\x90rh\x03\xe2\xedZz',b'o\x0b\xf7\xc4\x1a\xdfR|',traversing_intersection,
b'\x9b\xc9\x00Q\x8c\xeeV\xcf',b'+`\x83\xd2\xfc\xcf_\xff',traversing_intersection,
b'.L\x99}\xe8\xfd]\x9a',b'\xeef\xbf\xdf3\xa5Z]',traversing_intersection,
b'\xd1_\xe0+\\\xfaP?',b'@\xea\xb9e\xb3\xdb_\xdc',traversing_intersection,
b'\x81^ij\xe3\xc4Px',b'\xb1\x17^R\xd2}Q\xf3',traversing_intersection,
b'\xd1\x9e\x82\x86<\x9dZ\xb6',b'K\x8an\x16F\xacS_',traversing_intersection,
"b'\xbc\x02\x07\xa7\x84#U""'",b'\x11i\xe7\x18*\xbd_P',traversing_intersection,
b'\xd7\xdc[5\xeap_\x85',b'\xe5\xc3\xd5/\n\x11[\xe2',traversing_intersection,
b'\xb5\x86&\x1e\x829X\\',b'\x03RJr7\xb3P\n',traversing_intersection,
b'\xff\xb2G\xf6\x8c\x99X\xbd',b'\xc4\xee\\H\xcb\xe0R\xd0',traversing_intersection,
b'\x17\x905\xc8F\x11_\x1c',b'\xa0\xd4M6\x1a\xf1_\xd6',traversing_intersection,
"b'#\xbc\xbc\xdf\xe5\xb4_,'",b'\x19*\xd3\xc6\xf4\xa6^\xd2',traversing_intersection,
b'(\x90\x8f\xe1\x11\x84Y\xbe',b'\xf9\xcf\xb5\xe4\x02\xa1P\xfe',traversing_intersection,
b'\xdd\t\xb1\xf0P\xe7W%',b'\xa8\x9c\x0cx&;P^',traversing_intersection,
"b""\xe6\xef\x1f:\x13'Y\x92""",b'\x84\xc8\x14\xbd5\xa0P\xba',traversing_intersection,
b'\xdd\xf6U\xc9A\nY\xa9',b'\xdbyS7\xe6\xdbX\xd7',traversing_intersection,
b'4\x89|\x07f\x00_\xc0',b'\x08\x0e\x90\xf2~fU\xe0',traversing_intersection,
b'\xe5\xd5\x1e!\x98\xd6Y5',b'#9N\x0f\xb1`P\x9f',traversing_intersection,
b'\xd9\xe8\xb9\xa8\xb9MP\x81',b'PA\xe7\x8c\xe0\xfeS>',traversing_intersection,
b'Hkn\x8a\xca\xe8R\xfd',b'4\xb8\x99\xecN(\\\x88',traversing_intersection,
b'\xf6\xf8\xdcn\x1b8]\xe1',b'\xca|X |\xfeX\xe7',traversing_intersection,
b'\xc2\x84\xe4\x08-$Y\xae',b'\xa6C\xf3S\x98\xaaS\xbe',traversing_intersection,
b'd\xe3\xdf\x94.J\\\xd4',b'\xb2\x87\x03{\xd8\xabP\xe3',traversing_intersection,
b'8\x85*\xb2\xe3\xc0_P',b'\xd7\x08\xcc7\xa8\xa2P\x82',traversing_intersection,
b'\xeb\x0f\xc6\x0e\xfe\x15P\x1c',b'}\xd4\xcej\xd3CVh',traversing_intersection,
b'P\x89\xae\xa7|\xe8\\y',b'\xa4\xf7R2\xe96UL',traversing_intersection,
"b'\xce\xcb,D\x93\xce[\xdd'",b'`\xfe\x86\xde\xf4\xb7S+',traversing_intersection,
b'=\xe3>\x8cIEQ\xd4',b'\xd8G\xdf\xeb3\x9eR#',traversing_intersection,
b'\xf9)\xf6\x0e5oZ\xaa',b'$<XVm\rQ\x8f',traversing_intersection,
b'\xadY\x83\xf2\xf0D[\x02',b'\x02^\xe3 \xf9\x97Y\xfb',traversing_intersection,
b'dd\x19\xfd\xe9WQ\x13',b'\xae+\x13\xf3\x8c\x02S\xcc',traversing_intersection,
b'\xafQ\xf5\x85\xc9\tY?',b'D\x16y\xb9B\xe0]\xbc',traversing_intersection,
b'q\xf6\x03\xc0\xee\xe2W~',b's9^UW\x0bP\x1f',traversing_intersection,
b'&&`\xa2\xc0\xf0\\A',b'\x9f\xf6\x88\xbb^b\\\x8e',traversing_intersection,
"b'\xa7U\xd4,\xde0R_'",b'\x15Z\r\xbe\x01pX#',traversing_intersection,
b'\xe9\xab+\xf6\xe2\xb7Sx',b'\xfc\x9bX\xf9\rV_\xe9',traversing_intersection,
b'\xd5\x1d3\x1b\xef\x10Xr',b'\x9b\xc3\xe1\xe7j\xb0S>',traversing_intersection,
"b'@\xb5M\xb2,\xc9TF'",b'\xbc-\x1d1H@[\xfc',traversing_intersection,
"b""\xc3\xce5'4\x98]$""",b'\xabuV6\x04\x9cUb',traversing_intersection,
b'\xb0\xc6\xcc<\xa5=Z\x18',b'B\xe6:\x03\x13LP\xef',traversing_intersection,
b'Yhr\x905\xc1S\xd3',b'fG\x8c\xeb\x17\xb3Z\xd2',traversing_intersection,
b'E\x9a\xfb\xf3\x04\xaa_\x15',b'\xa1\x03/\xb5g\\P]',traversing_intersection,
b':\xaf\xdf\xeb\xc1\x1dS\xe2',b'\x06\xd3\x16:\xb0\xd4V\xcb',traversing_intersection,
b'\xb3\xb4\xe1\xae\xeb\x00Vx',b'\x86h\x10\xa7^@\\\x97',traversing_intersection,
b'\xcf\x80\xf8\xb2\xf6\x95V\xec',b'_\xb7+\xc0g\x0fT\x18',traversing_intersection,
b'\xea\xf6\xe4\xbeR\xf6X9',b'1\xec}--\xd9P\xd6',traversing_intersection,
"b""\xd9'_\xfaP\xd5P\x97""",b'B)\xf2D\xde\x80S\x1c',traversing_intersection,
"b'l\x1c""\xc2\xcf\xa3\\\t'",b'\x90\x8c\xc9t\xbaCU@',traversing_intersection,
b'\xee\xfeL\xbd<\xc0YJ',"b'\xfc""\xf4\x0f\xd3\x9a_\xd3'",traversing_intersection,
b'n+\xe3-\xc6\xa5_\x9b',b'\xea\xb8\x98\xd2\xb6\xcaW\xc6',traversing_intersection,
b'\t\r\x18Oi\x8dQe',b'.\xd5O\xf2\x9c@_\x16',traversing_intersection,
b'XB\x1f\xf6Y\x0eU\xf2',b'\x91\xe5\xd1\x94\xeeGZ\x9f',traversing_intersection,
b'%\n\xf6\x95S=P\xea',b'S#h\t\xed\xa8R\x97',traversing_intersection,
b'C\xb6\x02\xa3M[Qy',b'\x94pDn\xb4nV}',traversing_intersection,
b'\x9ce\x8a\xb1\xe9\x08X.',b'\xdf\xdcCo\x8c/^B',traversing_intersection,
b'\x0b\xcd\xda}c\tPB',b'`}\x87\xa6$3XI',traversing_intersection,
b'^q\xb2X\x04\x83[\x9c',b'\xdf\xb1\xa2R\xf3\xebZ\t',traversing_intersection,
b'\xadru\x03y\x07Z\xe9',b'\x87\x08\x91 g~]\x1d',traversing_intersection,
b'r\xbc\x8b~\x12\x97^\xe5',b'\x11Z\x9fX\x18\xa3^r',traversing_intersection,
b'\xdc\xeb\xaa\x84@\xaeZ\xbc',b'\xd0\x1d\xcc\xd7y]R\x1b',traversing_intersection,
b'\x05\x8c5\xd9Q\xcfW\x1f',b'\x1a\xd5\x87\xac\xb7\xb4_p',traversing_intersection,
b'w\xf2\xeai\x01\x01T\xaf',b'(\r\xbe\xcb\xfc\x8fZ\xf7',traversing_intersection,
b'wC\xbe\xdf\x92\xffU\x95',b'\x0f\xd2\x10\xc0\xd2\xe1Z\x0f',traversing_intersection,
b'j\x1f\x05KAUQ\xe6',b'\xe2\xb7d_^\xfaS\x91',traversing_intersection,
b'h\x8e\x90Z&\xd1V\x84',b'F\x9c\xf2\xf6}\x9bX\xc0',traversing_intersection,
b'\xd16\x1f\x81xQP)',b'\xba(\xfa4d\x91T\xff',traversing_intersection,
b'\xba\xed\xbb\x83\x1b+RA',"b'\xc8\x01nW""lR\x19'",traversing_intersection,
b'+\x83\xf5\xa2\x86\x1dX|',b'u\x94\x88>(L[\xb9',traversing_intersection,
b'x\t\x17\xc2\x19\xbb]5',b'Y=\x94\xf6\xcd)Y\x84',traversing_intersection,
b'E\x04\x1f\x12\x8f\xa6W\xd6',b'$\xd4\x14a\xfb\xbbY\xde',traversing_intersection,
b'v\xb4\\\xaa\xa1\xeb_\xbd',b'[[e\xe7C\x9cU\x9e',traversing_intersection,
b'\x06\xcd\xfdb#\xb3VB',b'\x03\xd7\xcb\r\xd1 _y',traversing_intersection,
b'<\xacF^\xbd\x82W\xcc',b'\xb6\x19\xf2=~XP<',traversing_intersection,
b'\xf5dL\xb7\xd7JQT',b'\x1b\x0bB\x86R2[\xa3',traversing_intersection,
b'\x06\x86h\xbeW\x83Z$',b'{T\x81\xdd\xee?R\xaa',traversing_intersection,
b'\x95\x9a\xff\xaf\x0b\xc1_F',b'\x87oVv\x95\x05Z\xb2',traversing_intersection,
b'\x03it\xf3?k\\3',"b""\xdb')\xaeQ\xe3_\xfd""",traversing_intersection,
b'l)X\x1c%-T\x1e',b'\x05W\xb7\xea\x04zR\xd1',traversing_intersection,
b'\xc8Uh\xfb~@P\xb1',b'\xa0\x81\x9eV\x92\x9fS\xd9',traversing_intersection,
b'A\x08\x8eU\x94\xd2R\xf9',b'\x8e\xee\xa4\t\xaceT\xf3',traversing_intersection,
b'\xd7\x89\x12<\xb95Z\xb5',"b""\xdb\xe7_\xa1'\xedS\xe3""",traversing_intersection,
b'!\xd2\xde\xc8\x94\xaf^\xda',"b""M\xc0\x90<\t'P0""",traversing_intersection,
b'\x85\xb0\xf0@\xbaVR\xb4',b'\xbe\x9e>\x9e\xa7XV9',traversing_intersection,
b'\xbf\xfe3#\xc6\x91Zl',"b'\xc0v\x99\xc0\xc6pY""'",traversing_intersection,
b'\xf4\xd8\x14*u\xf9Y\xbe',b'\xa3Q\x91\\\xacsVQ',traversing_intersection,
b'\xb0\x9fO\xdb\xf7\xe0_<',b'\xf8\xe0\xd8\x14\x8d\xceRi',traversing_intersection,
b'V&\xbf\xed\xc3\x1c_B',b'>4\xcd13\xa7Y\x04',traversing_intersection,
b'\xb4\xf4\xee\x00\xa1s[\xa4',b')T-0\x0e\xde[\r',traversing_intersection,
b'\xf9<\xfdMP\x19V\\',b'y?\x07\xcfJ\xaeZ\x02',traversing_intersection,
b'\x1dP\xa1\x96nqY\xf5',b'o\xd8\x92`\xa00[\x81',traversing_intersection,
b'\x85\xae\xaac\xb5CWJ',b'\x16\x01\x19\x16a&X\x1e',traversing_intersection,
b'?`V\x97\x91\xb4Q\x06',"b""\x947\xf88\xfa\xd9R'""",traversing_intersection,
b'\xdf\\\xf9\xee\xaf\xef^\xf4',b'B\xe3=\x95\xb5\xddZ\n',traversing_intersection,
b'\xccc\xd7U\xf2oR6',b'\xe5@{=\x8e\x7fS7',traversing_intersection,
b'V\x04\x8d\x0c\x9d\xc3_C',b'\xebV\xfb\xff7\xabY\x16',traversing_intersection,
b'\xfc(\xe2\xc7:\xc1Z\xf3',b'\xa9\xbfm\x11&\x8e\\\xaf',traversing_intersection,
b'\xadN\x1f\x15\r\xb6S\x9b',b'\xe5k\xd0\x04\xe7\x86_\xf2',traversing_intersection,
b'K\xb4\x07\xc46\xfeUG',b'\xd5\xd8(\xf3\x01\x93]G',traversing_intersection,
"b"":_\xa8&'E]\xf6""",b'\x82\xdd-\xf45\xf2TR',traversing_intersection,
b'\x8f6\x02\xa5\xd1\x0fS\x13',b'\xc6\xeen\xf3\xfd\xd0S\x89',traversing_intersection,
b'\xf87\x9c\xf1\xa8\x7fZ\x1a',b'+\xb2_=zrP\x12',traversing_intersection,
b'\xfb?\xf5\x9a\xd47_Z',b'\x1cj\x0e\x8f\xb5X]N',traversing_intersection,
b'y\x80ENC\xfc[G',b'\x0e\x99N^jk_\xf0',traversing_intersection,
b'\xfa=3Z\t0P\xcb',b'\t\xee^\\D\x0b[\x10',traversing_intersection,
b'\xcc}\xb8\xe2.\xfe[>',b')F\x9fo\xeb\x13Y\x9f',traversing_intersection,
b'.O\xc15\x159Se',b'\x8c\x00\xf1\x8a8\x8aUP',traversing_intersection,
"b'\xa2\xc0\x8a\x13}FY,'",b'\xd1\xcd\xae\xcb\xba\xb4Sg',traversing_intersection,
b'Pn\x1btjJ\\C',b'\xa7\xabb\xe8\xe7\x98Q\x8f',traversing_intersection,
b'50w\x10\xd4\x04^\x8f',b'\x1b]\xc7\xc0\x96;P\x99',traversing_intersection,
b'\xb17\x03\x9a5PT\\',b'\xea\xa5\x93\x7f\xb1\xd6_\xfb',traversing_intersection,
"b""vI\xe4\xef\xd8\x08V'""",b'\x1c\x8b\xbbA\xef\x87XB',traversing_intersection,
b'\xe8\xdf_c\xeb>Wr',b'\xcc\xa6\xb9Z\xda\x15\\\x19',traversing_intersection,
b'\x91\x10\x0f\x07W\x12\\\xd7',b'\x96\xac\x07h;\x94U%',traversing_intersection,
b'7H\x90\xc0\xf2\xc7U\xf0',b'\x82\x9c\xfd%5QXt',traversing_intersection,
b'\xba\x10\x00\xac=OQ3',b'\x95\x05\x83\xc5\x89=Y\x94',traversing_intersection,
b'\x1a\xe8\xf3\x12\xd9\xdeY\x1b',b'Hr\xb1%\x1a\xe1T\xa6',traversing_intersection,
b'%\x83\n\xd3\x8eTW\x98',b'w\xd9\xc3S\xf4LR\x03',traversing_intersection,
b'\xa0V\x10\xb2\x87\xd2[$',b'\x955W\xb3\x15\x80R\x82',traversing_intersection,
b'\xcd\xe9\x01lyZVr',b'\xf2R\xf1\x8f\x0c\x85]*',traversing_intersection,
b'\xf7$\xd7\xf4uyP>',b'\xe4\xf8V\xaa\xb2~\\\x1f',traversing_intersection,
b'w\xc8\xc8\xaa\xde+]\x98',b'\xb9}\xf4m\x0czV\t',traversing_intersection,
b'gMN\xaeF\x1aQ\xd7',b'2\xb5u\xc3euY\xf1',traversing_intersection,
b')\xdeH\xcc<I\\\xdf',b'\xc6R\xa4]\xc6mR\x02',traversing_intersection,
b'C\x03\t\xb3\xe2c]\n',b'\x8d.\xf9\x93\xb0\x84W\x1b',traversing_intersection,
b'\x9aw\xbb\xd3>MRR',b'2[D\xdc\xc1\x14X\\',traversing_intersection,
b'\xee\xe0&\xd0\xb1\x90Um',b'\xa8\xcf\xc3|\x83/T\xe7',traversing_intersection,
"b""\xe4\x83'\x1d]eYZ""",b'm^`\xcb\xa9 ^|',traversing_intersection,
"b""\\\xfe\x8bd\xa8\xb1Q'""",b'\x10*\x88\xa7\xa7WR\x07',traversing_intersection,
b'\x9e\x1a\x10\xf7\x9b\xa9W\xe5',b'\xf4D\xca\x84\x82\xa7S5',traversing_intersection,
b'JmZ\xaf\xacPW\xf0',b'c\x9aD\xc8%\xd9P_',traversing_intersection,
b'\xb0XG\x06\x87\x8aWC',b'G;\x04\xca6HX\xbe',traversing_intersection,
b'\x1b\x85\x1a{\xa4\xedZ\xfa',b'\xbfywI}\xf6R\xa2',traversing_intersection,
b'\x11\xefp~\x19\x04^#',b'/\x0e\x03J\xf6\xa2[\x16',traversing_intersection,
b'\xf5&cVK\x07X\x96',"b"">'Z\xc27?X3""",traversing_intersection,
b'\x9e\x08\xaf\x04ahT]',b'\xe4\xb6\x0cx\xcb\xf2V\xa5',traversing_intersection,
b'\x1a\xd448\x0b\x18S\n',b'O\xb8\x06bY\xc6Y\x02',traversing_intersection,
b'\x1f\x04W\xdf\xc6#Z&',b'\xd6n\xba\x04W\xa7Z\xd3',traversing_intersection,
b'6% \xed\xeb\x1bU1',b'\xecH\x1a;{\xf0P\xeb',traversing_intersection,
"b""\xed\xf2\xed\x94'\xb8P\xf9""",b'\xfbKv*~uW\xbc',traversing_intersection,
b'\xbd\x8b\xebM\x83T^\x1d',b'\xe7\xef\xf2\xb6\xfb\x0eS\x9c',traversing_intersection,
b'\x8c;^\x11\xcfXV\x02',b'J\xd7\x0e\x896\xcc\\\x93',traversing_intersection,
b'\x87&\x7f\xc8\xbb]W\x8c',"b'z""la\xedTR\xc8'",traversing_intersection,
b'\x83\xef8\x8d\xf7\xa3W\xa9',b'\xb6d#-i\x92X\xe3',traversing_intersection,
b'\xfeMvT\xab6X\xd1',b'\x13\xdd\xff.\xf9\xf2R-',traversing_intersection,
b'tQK\xab\x17QU_',b'x\xdf\xea\xf5;\xbcR\xb4',traversing_intersection,
b'\xea\xd5\t3\xd8\x96Y\x90',b'\xca!\xae\x95\x139Z\xef',traversing_intersection,
"b'\xf7v\x94\xd1\xc3\xab^,'",b'\xf4\x8a\x004q\xf7Q\x88',traversing_intersection,
b'\xfb\x1c9Z9SX\xcb',b'\xb7\x84\x0f\x16\xeb0T\x99',traversing_intersection,
b'|\xbb\xdd\xf9\xc9\x19Vs',b'\xcb\x0cu\x04\xd1\xa9_*',traversing_intersection,
b':\xb5\xb6C\x83\xcfY\x04',b'\x08\xbd\x1f\xc3\x10WR\xba',traversing_intersection,
b'\xb7$\x1f\x0f\xf2|\\\xc4',b'3U\t\xfb\x90dQU',traversing_intersection,
b'\x06\x18\xd5g\x15\xea^*',b'I{n\t\xe7^U\xb2',traversing_intersection,
b'\xef\xea\x8f\xfa\x89\x1eZ\xfd',b'\x88\x19;\x18\xec\xbc]W',traversing_intersection,
b'\xbd>\xcd(\xc4\xa1S\x83',b'\x06?R\x02\x8f\xb4P ',traversing_intersection,
b'm\xff\x16\xce\x0eJY\xd8',b'\x8b\x18\xed\xfe|%W\xc4',traversing_intersection,
b'1\x953~$7\\\x11',b'\xcf\xff\r+=\x80T\x14',traversing_intersection,
b'\x1a\x08\xf2y\xd0\xc4S\xf2',b'\xc5\x8cy`\xaf{^p',traversing_intersection,
"b'Q\xd3m""D`T\x9a'",b'\xfc\xba\x8e\xb3\xa4\xf1]\xcb',traversing_intersection,
"b""\xd8\xe9\xf1\xe7'W^\x9e""",b']\xba\xb7\xc1\x07\x8cY\x02',traversing_intersection,
b'\xd6O\xf7q\x98\tU\x15',b'Q\xfc\xd4O[\xa6]5',traversing_intersection,
b'\xc5waF-|WC',b'\xe1P\x99\xf9\x8d*^!',traversing_intersection,
b'\xb2\n\xf0\x8f\x8c\xc2W\xa9',b'\x95\xf73\x8b\r\xdb]5',traversing_intersection,
b'\xa4u\x83\xf0\xdf\xa1R\xcd',b'\xb3`\xd8\x18<\x1eT\xa9',traversing_intersection,
b'\xf7U[nR\x14Q\x84',b'\x85G\x11\xb8n\xf3[B',traversing_intersection,
b'\x8c\x80\xa7\xb7u\xd1[L',b'\x01Y^\x07\x9b\x8f[w',traversing_intersection,
b'D\x06\xd1\xcf \x91R\x88',b'\xbf>K\xceQ\xf0X9',traversing_intersection,
b'\xdb\r\xde\xb9[\x1dT\x00',b'\xd3\xee\xd4\\\xe3vU>',traversing_intersection,
b'w\x8f\x98\xd7\xfa\xe4^\xb2',b'5\xcc\xe7\x02\xde\x99[!',traversing_intersection,
b'bg\x9e\xa3\xfd~]u',b'\x00)\xe6\xbd\xad1Wv',traversing_intersection,
b'_\x92\xbb&kxUk',b'\xfb\x95}\xb2\x1f\xe0S\xcb',traversing_intersection,
b'\x9cc\xf9\x95\x88\xe6^\xfb',b'Oq\n\x80\xdd\\R\xc5',traversing_intersection,
b'\xbe\xd2\xe39\xa1/[n',b'\x9f\xd0\xc6\x07\xea\xf1Zh',traversing_intersection,
b'\x85\x802d\xe4%S&',"b'\xc49""""YX_Z'",traversing_intersection,
b's\x95[[q\xf3X\xef',b'\xe9\xf3B\xba\x9b\xccP\xb1',traversing_intersection,
b'\xad\x92zV\xf9\x94^\xb0',b'QY\xb3B\xd8#Pd',traversing_intersection,
b'\xf3\x03\xac\x18N\xdd^ ',b'\xfcB\x85\xf1\xcahS!',traversing_intersection,
b'K\x91Z}\xce\xa7X\x0e',b'\x1e`\xbeEKG_\xea',traversing_intersection,
b'\x8e\xe4\xbfB\xe5\x1aR*',"b""\xed'\xe2%&)PX""",traversing_intersection,
b'y\xa7\xe6\xb2V\x83W\xac',b'^\xda\xb4K\x1e\x07_\xfd',traversing_intersection,
b'R$\xeb\xad\x0f\x83]\n',b'm\xaa5\xea\xdc\xbcT0',traversing_intersection,
b'\x08\xd1*\x07H\x94Vf',b'\x16\xce\x92\xbe\xac\xeeZZ',traversing_intersection,
b'\xe6R\xee\xc9\x1bFV\xce',b'>\xa6\xa5\x1a\x1b\x8dU\xff',traversing_intersection,
b'\xc8\x14\xa8\xc1\xa5\xdaV\xbf',b'Z\xbd\x96}>\x0bTf',traversing_intersection,
b'=Cq\xea\x1eL_k',"b""Z\xa17\x06\xf1'Q\xfc""",traversing_intersection,
b'\xb52!\xe1\x9b\xb2_D',b'\x8c\x16\xf1\x9a\x8e\xefT\xa7',traversing_intersection,
b'\x08VC\xe68\xbbS\r',b'%\xe9\xe2\xbaa4U\x9c',traversing_intersection,
b'\xab\x17\x02\xd9\xa8\xea_\xce',b'\xeeb\xf8\xab\xc2&X ',traversing_intersection,
b'c\xe2\xad\xec\xc8\x9b[X',b'\xae\x98\x8f\xbb\xbdSX\x0e',traversing_intersection,
b'\xc7\xf1\x84H\x81JR\xc5',b'\xd9{\xaa|\xfc\xd1[\xc3',traversing_intersection,
"b""\xe1'\xed\xb6b\xf9S#""",b'5#\x086\tlY\xde',traversing_intersection,
b'!$\xea0\xb6\xd0R\xa8',"b'm\xca\xb8""epY\xdd'",traversing_intersection,
b'\xae\x19C\xa3J\x16\\L',b'\xa3\xcfh/\xefy_\xf8',traversing_intersection,
b'<\xb4\xc2\xcb!\xa7_|',b'\x03\xf7*\xd0u\xc0SH',traversing_intersection,
b'\xe9N\xb1\x1b\xc8HT\xd2',b'J\xef\x85\x90=\xdcSE',traversing_intersection,
b'\xd9\xfe}\xbc\x12\x05V\xf7',b'\x81\xec\xed\xa6\xf0\xcfX\xc5',traversing_intersection,
b'`H\x18\x99R]_\x00',b'\x19j\xbc\x85e\xcd]\x94',traversing_intersection,
b'\xe8\xb9\xdfh\xe7\x1dW\x9a',b'Rk\x16p\xfe5Z\xd2',traversing_intersection,
b'DF\x0e7\x92\x85R\xce',b'\x8fv\xb4\xc6~oR`',traversing_intersection,
b'\xcc\xbd\x83E\xfa\x16P\xbf',b'B\x98JJ\xafV\\\xf9',traversing_intersection,
b'\xd8\x7f[m-~Y;',b'\xafa0\xd6D\x1c\\s',traversing_intersection,
b'LE\x8b\xa9\xea\xafR\xec',"b'H\xa7,\xaf\xf2\xbf[T'",traversing_intersection,
b'\x8b\xf8\xb7\xbe\xe7RV\x0e',b'\xa3\xb2\xc6\x8a\x96\x9dT\xad',traversing_intersection,
b'>\xea\x0ev}\x1fP\xde',b'\n\x0fKT\xe2\xef_\xe3',traversing_intersection,
b'\xb1\xed\xbcL\xac\xfe]\x9e',b'5\x12O\xc5\x16\xb6R\xa0',traversing_intersection,
b'\xed|\xe7\xab\xcd\x83X\xfb',b'o\x19\xd8\xe2XVU\xaf',traversing_intersection,
b'Y\x87X<\xe3LS\xc6',b'\x8d\xe5\xe1\xc5\xe7xS\xe6',traversing_intersection,
b'\x8dYW|\xf84Y\x88',b'\x1dQ\xe4\x890DW\x9f',traversing_intersection,
b'\xc7\xf6\xbf\xf40>Sx',b'T\x03\x11\xe9l\x02[\xad',traversing_intersection,
b'\xe6h\xd5v\xb1MQ\xc7',b'2\xf0\xf3\xf8d\x1a^%',traversing_intersection,
b'\xec\xaac\xca\xe3\xafXM',b'r\xecv+\x9a\xbe^\xdf',traversing_intersection,
b'5\xc1\x07\xd3\xa2\xb1Q\xe3',b'\n\x89\xeaN\xb0\xf3W\xd2',traversing_intersection,
b'\x89\xd1\x84+q~Y\n',b'\xee{\x98\xf4_R\\\xdb',traversing_intersection,
b'\xb3\x04\x1b\x04(Q[\xfb',b'\xf7\xbb\x11\x1bs\xcdP%',traversing_intersection,
b'\xcd[S\xcbz\xdeU;',b'\x00cD>:XY\x99',traversing_intersection,
b't\x9a\xa5f\x89\xdaV+',b'\x1f\xba\x15\xda\xce\xc8^\x06',traversing_intersection,
"b'\x9c\xac\xe9\x1b""vV\x8f'",b'\xef\xdc\xd9\x8a\xd6@X\xda',traversing_intersection,
b'\xc4\x15\x97/X\x1bR9',b'4\x037\rcKV\xa2',traversing_intersection,
b'\x844\x06\x11EKU\xdb',b'\xbdK\x9d\xcdt\x8f^(',traversing_intersection,
"b'\xe1,\x8a\xd8\xdf\xd3R\x92'",b'/\xd8<\x0b;\x1aV\xeb',traversing_intersection,
b'V\x13~\x7f\xa8\x99]\x1e',b'\xa9\xdd$m<JW\xf1',traversing_intersection,
b'\xee\xe3\xf1\r\xd47T\xf0',b'\xce\xafM\xa8V\xcfWZ',traversing_intersection,
b'\xedv\xb7\xfb\xaa\xb3Y\x9f',b':\x998\xf0\x17\x0eU\xab',traversing_intersection,
b'\xa3\xc9\x193\xaf=_\x81',b'\x9d\xae\xa3%]\xcdY\xa1',traversing_intersection,
b'\xa0\x94\x83\x07\x88\xbb_\x03',b'\xde\x15\xa1\xb2C Z\x06',traversing_intersection,
b'\x05Al\x8d\x93B\\\x9b',b'\xdc7\x92\x8c)\xecQ\xa1',traversing_intersection,
b'\xa0/\x8b\x81\x7f\xf5Z\x19',b'\xa2\x83\xbd\xbe(\xf8T\xc1',traversing_intersection,
b'(}\xdd\xf6\\\x1bW\x8c',b'\x18\xa9\x1ei\x89%]\x94',traversing_intersection,
b'\x05%cK\xcd\x89P\xe7',b'b\x99\xc9j\xc1\xab[\xc0',traversing_intersection,
b'B\xc5\x95=\xde\r\\\x15',b'\x89$\xa0\x8dr\x02T\xf7',traversing_intersection,
b'Y\r\xb1#\xb4\xb2W\xd5',b'7\xc72\x16\x9c\xd4Z&',traversing_intersection,
b'U\x02I\r\xb8\xddW;',b'\xe1 \x94\xf5\xd8\xd6Y\xa0',traversing_intersection,
b'A\xc6\xe7F=i^)',"b""6\xb3\x89\xac\xc4'W\x85""",traversing_intersection,
b';G\xb5\x8f\x13KVo',b'\xceL\xf2ah\xf7X\x91',traversing_intersection,
b'\xa4|\x06U\x94\xb9X\xb5',b'\x17\xdbOVu\xc4T\xe1',traversing_intersection,
b'uq\x03\xca\x14\x1cR0',b'u\xdd6\xee\xe3\xb0RW',traversing_intersection,
b'\x17\xe1\xf0\x17\x17k]\xc3',b'\xb9\xa2\xd3\xa1X\xe5Yj',traversing_intersection,
b'zE\x8e\xfb\xfb\xafR\x0c',b'!\x88\xce\xbd\xd8\x15S\x96',traversing_intersection,
b'!\xcc\xc6\xb0\xc5\x00P ',b'\xf2\x1a\xd8\x02_cV\x17',traversing_intersection,
b'\xf5\x13)k\x1c\xcf\\\x89',"b""\x9a\xe9\xcc'^\xe7[\xac""",traversing_intersection,
b'4\x02\xe8\xb5\xb7\x10T\x93',"b""d+\xf1\x0c3'Q\xc4""",traversing_intersection,
"b'\x19.""\x94\xe4 X\x9f'",b'\x8bW\xb1(\x914]\xe8',traversing_intersection,
b'\x89\x9245Yl\\\x14',b'M\xdc\xbb\x8c\xa5\xdbZ[',traversing_intersection,
b'\xe7\xe0\x16>\x1e\x8dW\x80',b'|C\x15\xb3\xef\x87P\xb5',traversing_intersection,
b'2_c\xb2i\x1e\\\x84',b'za\x81\x1cmVVd',traversing_intersection,
b'f\x1a\x98\x9a\xae\xfe_\xfe',b'>\xd8t;M\x8d[N',traversing_intersection,
b'`o<&y\xd8]\x03',b'3\xc9 \xca-\xadYw',traversing_intersection,
b'\x9b\xf4uG\xb8\xc4\\\xd2',b'53\xaaR~Z\\\x8d',traversing_intersection,
b'\xd11\xbe;vRS\xea',b'\xa0\x15\r\xb9Y[\\\xc6',traversing_intersection,
b'\xa6\xd7\x08\xbe\xbbf]\x91',b'wTy\xe7\x84n^\x92',traversing_intersection,
"b'\x1f\x82n\xbf\xcbe^""'",b'\x85<\xad\x1e\x80\x18W-',traversing_intersection,
b'\x8e\xa6\x81\xab\xb2\x8c]\x99',b'U\xc9D\xf9WnYG',traversing_intersection,
b'\xdf\xc8*\xeb\x9c\xa3T\xf6',b'\xb6\xfa\x81\xd8Y\xd2X\x08',traversing_intersection,
"b'\x98:\x8c\x007\xffZ""'",b'5k\xa5\xff\x04)_\xd5',traversing_intersection,
b'\xd5\x88\xccl\x06\xdbP\x8e',b'a\x11\x14}\x04<Q\xfc',traversing_intersection,
"b""['B\xbc\t\xdaT\x8e""",b'\x8d\xecnK$\x12[5',traversing_intersection,
b'\x14\xe9\xea\x88#\xcfY\xcc',b']\x87\xc4g\xec\xc0U-',traversing_intersection,
b'Oi\xef\xa4\x16\xce^\xc5',b'\xa1\xedM\xd0\x04\x00Z\xb6',traversing_intersection,
"b'\x08\xc8\xe9\xb8\x1f\xa3P""'",b'z\x12Z\x1biLS\x05',traversing_intersection,
"b""\xd6'\x0b\xc4A\x15Q\x84""",b'\xd5\x83\r\x1frh_&',traversing_intersection,
b'\xbf\xe8\x8d*X3Ze',b'5\x16\xfe\xc7\x98\xacZ\xfd',traversing_intersection,
b'\x1e?e#~\xaeSp',b'\x04\x7f\x1b1\x17\xa7S\xac',traversing_intersection,
b'B\xab\xec\x9cI\x9a]\xad',"b""\x1e7'\x030\x8c_\xe9""",traversing_intersection,
"b'9r\x0c\xbc\x9c,W5'",b'\xa2\x06z\xf6\xc0\\R\xfb',traversing_intersection,
b'I\xdb:\x80\xadF]M',b'\xdfV\x19\x84GkV\xdc',traversing_intersection,
b'&\xb3\x92we\x90SU',b'\xcb\xc6\xec \xd9\xb0[\x92',traversing_intersection,
b'Cj\x19\xa6\x8d\xe8T\x8e',b'3\xe0\xea\x97\xe4\xfaZ\x9a',traversing_intersection,
b'\xa1H\xe1k\xf6}^X',b'\xdb\x1aA\x10$pU\x7f',traversing_intersection,
b'-\xd0\xd8\xda$\x1dZf',b'\xcd\xe1nS\xbe\n[\x84',traversing_intersection,
b'\xa5q\xe0\xdf\x1b\xa6S\x9b',b'\x8b\xcf\x80\x91\xd6n_\xcf',traversing_intersection,
b'\xe5\xb0\x90\xd1\xb1\x81Y&',b'\x1a\x7f\xf6l4>U\x80',traversing_intersection,
b'\xf4\xc4DKB\xe0P>',b'J\xa1\x1c!\xde\xd8Z!',traversing_intersection,
b'\x8fc\x1eT\x16^Vc',b'X\xa9\xe5\xe9@.Th',traversing_intersection,
b'9M\xda&V\x9aZ\xef',b'\r\r\x16~\x86\x00Vb',traversing_intersection,
b'*\xc8\x19\x9a\x9bf_\xad',b'\x99\xbc\x0e\x8a\x10\x8aW\x1a',traversing_intersection,
b'\xe5\xadsuo\x0cZ\xbd',"b'\xa1\xaa,]\x97\tT\xef'",traversing_intersection,
b'~K\xe8$\xbe\xf5P\x80',b'\x8f/\xe4if\x16T$',traversing_intersection,
b'\xe3\xa0\xe5G\xc7\xdaSe',b'\x06\xdcn\x1b\xc9[UJ',traversing_intersection,
b'\xe9\x1c\xf6\x1e\xc1\xbd^\xa4',b'A|i\x1f\x9e\x9a^t',traversing_intersection,
b'\x04\xddF\xae $^s',b'd\x80\xd2\xfc\xf6fY\x08',traversing_intersection,
b'\xcb\xf3\xb0\xd3k\xe1Y\xc6',b'\x8e\x0c\xa6\xec\xf9[[\x9d',traversing_intersection,
b'\xedcP\x02\xcb\xb9Q*',b'\xd5\x8c\xf3\x1a\x8c\xb3[h',traversing_intersection,
b'c\xfewv\x1e\xfaV\x96',b'1\xae.\x9e\x17bQh',traversing_intersection,
b'\xec54\x8a&\xdcY\xe1',b'\xc9\x90UrW\x93U\xbc',traversing_intersection,
b'yl|C\x1d\x1eX%',b'\xbc^\xab\xad\xb3\x15X\xd3',traversing_intersection,
b'\xa8\xf8\xd4\xa6<\tW\x04',b'\xeb\x83F\x8a\xc1K[)',traversing_intersection,
"b"" y\xc6\t'(S\x18""",b'\x18c\x19\xeb\x8b\xccQ\xcb',traversing_intersection,
"b""\\\xd6'\xd1<\x83\\\xea""",b'\x07;\xae@\x9c\xffX\xf0',traversing_intersection,
b'\x8b\x1b\x8e\xea\x9e\xd8P\x97',b'\x00[\x19\xa6\xf7\xadX?',traversing_intersection,
b'\x14\xd2\xdc\xc9\x0b\nXG',b'd\x1f\xdd\xc9\xd4\xd6W\x8a',traversing_intersection,
b'(\xf7\xb3g\xe5:S\xc0',b'\x84y\xfbU\xafTV\x8a',traversing_intersection,
"b'\xcf\xa8\xee""#AV\xe5'",b'\xa5*dB\xb95Q\xcf',traversing_intersection,
b'\xeb}cR\xc5\xe2\\o',b'C\xc5\x1fd\xf5\xc2T\xed',traversing_intersection,
b'o#\xe4\xc8\x92\xc0W9',b'\x8f\x1a\x8f\xdc\xedZS\xe7',traversing_intersection,
b'w\xda\xb7\xf8\x8b\xbb_h',b'}\xe3\xda\xdfi\xb5SF',traversing_intersection,
b'\xbaq\x8d\xe6+ V\xfa',b'\xcc1\xef\xba\x82jS\x7f',traversing_intersection,
b'\xf9\xd3\x901T\xe2X\x9d',b'\xdc\x07\x0b\x04\x05\r^\xd2',traversing_intersection,
"b'\x19\xf3,3\xa8\x1bS\xa1'",b'\xe0\x89\x1fS\xaf\xf6[\xa6',traversing_intersection,
b'q\xdb`r\xc0=^7',b'J\xf8\xf9\x0b\x87\xbcZ@',traversing_intersection,
b'\xef\xd4\x12V5\xdc\\\x13',b'\xe2\xd0\xf0z\xdf\xb0Q\x89',traversing_intersection,
"b',G0r\xf6PW/'",b'\xad\xff\xc2\xa5\x87fR\xfb',traversing_intersection,
b'\x8e\xd1=\x0c\xe6$Z\x80',b'\x90t\x89f\x14\xb3V\x0f',traversing_intersection,
b'\xde\xf4){$JU\x96',b'\x84N\x8b}o\xae]\x06',traversing_intersection,
b'n2W\xf6\xaf\x9dW\xfc',b'\xe4\x90\x86\x92\x99\xc3R\xc8',traversing_intersection,
b'\n\x8eE\xb8\x7f\xb4Y\x06',b'K\xea\x8f\x9d\xd5>U{',traversing_intersection,
b'@\x87\x83\xae\n\xeeSX',b'9\x03v`3\x9aQ\x9a',traversing_intersection,
b'\x8b\xfa2\xa5Y\xe8Z\xba',b'#_\xd5\xb8I\xaaS\xec',traversing_intersection,
b'J\xcc\xe6\xfe\xc1\xedX\xe1',b'\xa4\xe7\xe1)\x97\x7f[\xa9',traversing_intersection,
b'\xfc\x08.\xff\xe2\x1fP\x97',b'R\xbe\x96\xbef\x9bZ-',traversing_intersection,
b'\x8d\xc1\x89\x8f\xe2\xbcSM',b'\xc2\xf6\x9a\xb0/\xcbS\x9b',traversing_intersection,
b'\xf14\x88\xf0Yc_y',b'j\xfe\x7f\xdf\x15\xbc\\\x96',traversing_intersection,
"b""\x06\x17\x12&\xce\x19_'""",b'\xf3V/ \x81\xf3\\\x99',traversing_intersection,
b'\xacY\xacp\xb8\x03_\xff',"b'\x1a\x8e\xdb""\x9c\xebP\x01'",traversing_intersection,
b'\x95\xc5\xa6\x98\xc8\x89Xz',b'\xa0MT\x06T\x1dU\xd1',traversing_intersection,
b'Ovp\x95@WY\x8f',b'r\x08\xf7\xd3\x03%_\xed',traversing_intersection,
b'\xec\xa6s&\xea\xa6[\xff',b'\xe5\xadb\xd7y\xb7^\xed',traversing_intersection,
b'\x9b\xdf\xbf\x05\x89U[\x96',b'\xc3\xb8{?y6]\xa0',traversing_intersection,
"b'n\xde6\x05*t_""'",b'\xa5\x8cu_\x01\x80X(',traversing_intersection,
b'IU\x9b\xa6\x83\xf6U\xab',b'\x14\xc7G\xfc\xd8\x9cY\x9a',traversing_intersection,
b'\x82Us\xaf\xce\xdc^4',b'\x0c?\x92\xf5`VY\r',traversing_intersection,
b'\xed\x90\x97!\xc7\xf9[\xa9',b'\x83\xc3\x08A\x84`XS',traversing_intersection,
b'\xbc\x84u\xda?\xa7S~',b'l?\x13\x830\x8cR\x00',traversing_intersection,
b'\xa3F\xf97\xed\xc1_E',b'\x06\x85\xf1\xe8?q[\xe9',traversing_intersection,
b'jh\x8e\x1d\xdb\xd6Y^',b'\x0c\xa6\xd3uZ\x1a[\xc4',traversing_intersection,
b'$?)q\xf0MSX',b'\x11i\xbc|*\x99WB',traversing_intersection,
b'\xed\xb9pT\xe1H_\xb1',b'\xff\xe1%\xd1]XW\xc3',traversing_intersection,
b'0e\x06\xd0\xe2\xff]6',b'+\x91Zz\xd6\x82Ue',traversing_intersection,
b'\x81~\xda\xfbx\xccR2',b'\xfd\xd5\xf0\xd73\xdeT\x1f',traversing_intersection,
b'\xeb\xc7A\xf3\xad\x9b_;',"b'\xc3\xf4\xac>""iX$'",traversing_intersection,
b'(S\xcc\xd9\x147^\x0c',b'\x18\x87\x98\xab#\x1bTq',traversing_intersection,
b'\xd9\x9b\x99z\x11\x0c^\xf4',b'\x92\xa0\xdd\xc5\x0e\xc3T\x98',traversing_intersection,
b'\x89H\xb0\xd9\x8a\x06RX',b'\xb5\x06\xc7I\xfb\xc2S\x14',traversing_intersection,
b'\xe4\x15}\xdc\xc0\x96U~',b'\xf9\xdd\xf7\x11\x19\xd0Y\xfa',traversing_intersection,
b'!\xfb\xf2s\x8dFU;',b'.\x8f\xe1\xdd\xae\x8bT\xa8',traversing_intersection,
b'\xc5v@\xe7\xad\x19X\xd4',b'\x82vF\x87Y\x1dTr',traversing_intersection,
b'\xe2\n\x0eX\xb1\xffQ\x9e',b'r\xbf7Y\x01\x1bU(',traversing_intersection,
"b',H\xa2#ZQW&'",b'\xde\xd8`\x02\x91\tX\xc1',traversing_intersection,
b'\xef\x97\xd8\xedQ\xbbY\xe3',b'\xe1\xc9!\xd6\x14\x18VA',traversing_intersection,
b'\xa0w\x10m\xc8[_\x00',b'^\xfco\x83\xc3\x9dRf',traversing_intersection,
b'\xa6\x1b2\xf74RXp',b'eNFQ\xc0\x1c_/',traversing_intersection,
b'\xba{\xc4\x88\xefqYs',b'\xaa\xb5q2F3_]',traversing_intersection,
b'D\xa6\xd7\xd8S\x10Yl',b'+\x15\x80\xdf\x8a+P\x81',traversing_intersection,
"b""w\n'\xf5\x81\xe1W\xc7""",b'\x0b\xb1\x84\x88\xd2\xd4Q\x81',traversing_intersection,
b'@\xcdC\xaf\xabGZ6',b'\xfaU\xc2#\xc7\xbfR\x81',traversing_intersection,
b'\x19(Z\xf4\xcaHYa',b'\x1d\xae\xef\x9a\xf2\x1aV\x02',traversing_intersection,
b'[\xc6:\xaf \x1a]\xc7',b'\x04tW\xc7\x07\x9dXg',traversing_intersection,
b'\xf6\x00\xc1|o\xfaZf',b'\xc3j\x834kTQ\x11',traversing_intersection,
"b'\x1c""\xfe\xf5\xeb\xc1R\xe0'",b'N\xc6v\xc0\xfb/R`',traversing_intersection,
b'*\xdbjq\x87cT\xb5',b'\xeeT}\x1e\xc7\xaaU1',traversing_intersection,
b'ZN\x11;\x9e\xd7Y\xc0',b'/\xa1\xdaNM\xefX\xb0',traversing_intersection,
b'\x18\xf2@\x99\xe1\xa0X\xbc',b'\x9e\x05MkF\xecZ\x7f',traversing_intersection,
b'\xa7\xf9]\xa3\x00M]\xea',b'PIr\xb5\x038]0',traversing_crosswalk,
b'\xa7\x1b\x8b\x9cUlP\xfd',b'\x9d\xbcv\x0ed\nW\xd6',traversing_crosswalk,
b'q\x08P\x99LEZQ',"b'\x84_\xea,^\xae[C'",traversing_crosswalk,
b'\x9d\xea\xff\x95\xaf\xfb]K',b'\xefA\xf1B\x1c\x8fY=',traversing_crosswalk,
b'\xa0\xa3\xe3\xff(\xacZ\xea',"b'p""lvdb[\xb2'",traversing_crosswalk,
b'\x0b]\xa4\x0e\xb9\xc4S\xbe',b'KG\x07\xe8\x04\x11Q\xfe',traversing_crosswalk,
b'\xab\x9c\xe1\x94\xab>Z\xe4',b'\xc7P\xe2\x19\xde\xef]`',traversing_crosswalk,
b'7\xfd\x91T\xd4lVG',b'\x19\x04B\x81im]K',traversing_crosswalk,
b'\xefB\xd2\xe6t\xffY;',b'\x9ee\xa6\x8a\xff\x87^Q',traversing_crosswalk,
b'C\x8e\x8c\xe3g\x7fW\xdf',"b""\xd0\x9e*\xae\x14'R\xb1""",traversing_crosswalk,
b'\x9aA\x08\r\xc1+Xo',b'\x80:\xd9!\x9fJ[\x8b',traversing_crosswalk,
b'G\xdc1G(\xefR\n',b'\tqq-DmY\xf5',traversing_crosswalk,
b'fr\x07\x0eC\x83[\xf0',b'XY\xf7\xa6\x1b=]e',traversing_crosswalk,
b'\xb0~7\x08\x07\xc0^O',b'Y\xa8=\xa7\xd4\xb6Y\x1d',traversing_crosswalk,
b'w>\xeb\xc6\x10\x8cQ;',b'\xd7\xce\xf2#\xef\x03W\xf6',traversing_crosswalk,
b'\xbc\xd5\xed\xa9\x93\x01T\xa5',b'e\xfc$>\xcbY^\xdf',traversing_crosswalk,
b'K4Z\xb7\xd7\xc3Uu',b'Q%+=:\xe9WG',traversing_crosswalk,
b'W\\\xd6\x8d\x80}V\xbf',b'\xc4-\xf9P\xf2\x91Z:',traversing_crosswalk,
b'\x15Y\xabH\xad\xabT\xa6',b'N?\x84N&ISJ',traversing_crosswalk,
b'\x89\x1eq\xf1\xed\xc3Z@',b'\xe6T\x8a\xb6\x10\xa4Ti',traversing_crosswalk,
b'\xf3\x03\xa6P!\x8aU\xd7',b'\x024b\xb4w\x1d]P',traversing_crosswalk,
b'\x1e\x12\xa1V\x1d%Vo',b'\xdf\xa0\xe4SS\x1dX)',traversing_crosswalk,
b'\x1b\x1a\xe2*\x11\xfbSt',b'\x99\xb7\x9b\x96\x9d\x9eT\x19',traversing_crosswalk,
b'\x81\xf7IV\x07\xb2P\xd5',b'\x0c\x07\x8d\xc0\x9d\xe8[/',traversing_crosswalk,
b'D\xfd\xb2i\xd5\x99YH',"b'\x9d\xf0\x8aF&""W\xb2'",traversing_crosswalk,
b'&\x80\xf0\xab\x0b\xb2T`',b'[\xefZ\x8f\x0b<\\\xda',traversing_crosswalk,
b'/\xa7A\x90\x82\xa2U\xb6',b'B\xe4q\xaf\xa7\x87ZV',traversing_crosswalk,
b'\x06\x87\xdc\xfa8~\\\xed',"b'\xb0\x92Kn\xab+Z""'",traversing_crosswalk,
b'\x14\x1a%\xfa{\xf9\\\xe7',b'\xb8 o\xca8\xb7R\x85',traversing_crosswalk,
b'\xcekR\xc0\x02rP\x1a',b'\xc4\xee\\H\xcb\xe0R\xd0',traversing_crosswalk,
b'W:\x1c`E\x84\\C',b'\xa0\xd4M6\x1a\xf1_\xd6',traversing_crosswalk,
b'2H;/>\xd6Z\xac',b'\x19*\xd3\xc6\xf4\xa6^\xd2',traversing_crosswalk,
b'\x15\x91\xcc!\x01QS\xc5',b'\xf9\xcf\xb5\xe4\x02\xa1P\xfe',traversing_crosswalk,
b'\xaa\xd17\x0c1\xdbPy',b'\xa8\x9c\x0cx&;P^',traversing_crosswalk,
b'[\xb8D\xb6>KX!',b'\x84\xc8\x14\xbd5\xa0P\xba',traversing_crosswalk,
b'\xaa\x9f\xcc\xf4\x8c~X\x0f',b'\xdbyS7\xe6\xdbX\xd7',traversing_crosswalk,
b'\xee\xc9\xf5\xb2\xf4rUq',b'\x08\x0e\x90\xf2~fU\xe0',traversing_crosswalk,
b'\xf1\xa2\xf5#9\xa3[\xc4',b'#9N\x0f\xb1`P\x9f',traversing_crosswalk,
b'U\x95\x05*FB^\xea',b'PA\xe7\x8c\xe0\xfeS>',traversing_crosswalk,
b'^\x05\x1e\t_#P?',b'4\xb8\x99\xecN(\\\x88',traversing_crosswalk,
b'\xc3\t\x0c\x0e\x13\xffP\xd7',b'\xca|X |\xfeX\xe7',traversing_crosswalk,
b'\x13\x16\x93\x15N1V\xd6',b'\xa6C\xf3S\x98\xaaS\xbe',traversing_crosswalk,
b'\x17z\xfd\t+hT\x1d',b'\xb2\x87\x03{\xd8\xabP\xe3',traversing_crosswalk,
b'\x8d\x8b\x03\xb2\xaf\x87]G',b'\xd7\x08\xcc7\xa8\xa2P\x82',traversing_crosswalk,
b'\x8d\x11\xadp\xd0\xd2Y\x8e',b'}\xd4\xcej\xd3CVh',traversing_crosswalk,
b'y\x11\xbc\xd1P\x95[\x10',b'\xa4\xf7R2\xe96UL',traversing_crosswalk,
b'!\x8b\x1a\x95\xf2\xd2\\\x9e',b'\xf8\xe0\xd8\x14\x8d\xceRi',traversing_crosswalk,
b'8\xa2\xc3\x1d\xa1\xaa^z',b'>4\xcd13\xa7Y\x04',traversing_crosswalk,
b'D\xb1i*o\xce] ',b')T-0\x0e\xde[\r',traversing_crosswalk,
b':b7W\xe5\\Z\xa1',b'y?\x07\xcfJ\xaeZ\x02',traversing_crosswalk,
b'\xdb\x0e\xd8\x91\xf3FSv',b'o\xd8\x92`\xa00[\x81',traversing_crosswalk,
"b'\xa4\x93N\x8ag,P\x8c'",b'\x16\x01\x19\x16a&X\x1e',traversing_crosswalk,
b'\x06\xda+\xdf\x0e\xfe_\xc0',"b""\x947\xf88\xfa\xd9R'""",traversing_crosswalk,
b'\x18\xfb\xf7\x0f\xb9RVK',b'B\xe3=\x95\xb5\xddZ\n',traversing_crosswalk,
b'7W\x87:\xfd\xe1V\x19',b'\xe5@{=\x8e\x7fS7',traversing_crosswalk,
"b's\x81\x92""\xca\xc1V\xfe'",b'\xebV\xfb\xff7\xabY\x16',traversing_crosswalk,
b'(\xb6\x99i\xdeu_}',b'\xa9\xbfm\x11&\x8e\\\xaf',traversing_crosswalk,
b'\x8f\xbe\x9dQmXZ\x07',b'\xe5k\xd0\x04\xe7\x86_\xf2',traversing_crosswalk,
b'\xe5\x95\xe6\xadPcUb',b'\xd5\xd8(\xf3\x01\x93]G',traversing_crosswalk,
b'lXhq\xba\x17V\x1a',b'\x82\xdd-\xf45\xf2TR',traversing_crosswalk,
b'd\x1e\xe4\xd6\xe3\xa2X\xca',b'\t\xc7\xc8\xa3\xab\x84\\\xc6',traversing_crosswalk,
b'\x10Da[\xc9zS\xd2',b'v\xa4U>\xee7Y\xe9',traversing_crosswalk,
b'\x99\x1c\x82{\xb6\xceY\xf3',b'\x1d8\xb7A\x030U;',traversing_crosswalk,
b'\xa3\xda\xa6\xd8_\x15^\xbd',b'\x809P\x00\xd9vS\xb4',traversing_crosswalk,
b'<\xfc \xd2\xbd\x92\\\xef',b'x\xeb\xbc\xcay\x04Tl',traversing_crosswalk,
"b'v-n\x1a&""]\xf4'",b'\xffIc0\xa0kR)',traversing_crosswalk,
b'L\x16\xb8\x80\xab\x95Y\x8d',b'\x9f\xca\xfd\xe7\x94\xb5S\xfc',traversing_crosswalk,
b'\xd6\x0e\xe9\xff\xd6wVg',b'\xa3\x1f\xa4\xb9)7SD',traversing_crosswalk,
b'\x80\xc1\xf0\x93Rd_\xe9',b'\xc3\xc0=\xb6\xbf~Z\x92',traversing_crosswalk,
b'\xbaRD\xec\xc2DT]',b'\xaa{\xbfuS\x97\\\x8e',traversing_crosswalk,
b'f~\xa3\x89\x83\xde_\xa3',b'\xc6\x0bR\x9e\xfa\xff^/',traversing_crosswalk,
b'V\x8a\xbe\x8d\x94\rZW',b'^\xb2\xa6\x00\x93\x0e[C',traversing_crosswalk,
b'\xb7M\xf0\xec~\xc2R\xa7',b'\x96\xcbD\xf3\xd2\x0cY\xa5',traversing_crosswalk,
b'VV\xe2`\xc4\x19^\xc3',b'U\xc9\xbc#\xef\x99T\x8e',traversing_crosswalk,
b'g\xad\xd4L\xda\x03P\xda',b'\x03#\x844\xb3\\R\x9a',traversing_crosswalk,
b'\xaa\xe5\xad\xa8\xa4\xc2WI',b'`\xeds\xc4\x005V\x84',traversing_crosswalk,
b'\x7f\xcb\x1a\x90\x04`R\xa7',b'\xe4U\xeb\x9f{(_\x94',traversing_crosswalk,
b'\x07[6\xacZ\xd1]|',b'\xf3\xafEN\xb8;_\xf5',traversing_crosswalk,
b'\x1b\r\r\xe73\xcaQ\x88',b'B)\x8ay]VRP',traversing_crosswalk,
b'\xcb\xbc\x10.!\x01T\xe2',b'\x8e3\xdc\x1b\xc1\xa2U\xe4',traversing_crosswalk,
b'\xcfV-\x84{)Vr',b'\x03\xbb\x80!\xcb\x07RL',traversing_crosswalk,
b'\x08\xb07\xb3\xaf\xfaU#',b'\x97?>&x\xd3Q\xb7',traversing_crosswalk,
b'\xfb\xa3\xb1\xbc\x00\xbfXA',b'i\xa1\xf85\x10AP\xf8',traversing_crosswalk,
b'\x80\xe4\xe3\n\xa3\xe5V\x0b',b'\xb7(\x058\xd2\xc7Th',traversing_crosswalk,
"b""\xa5\x93\xc26\xc9'P0""",b'\xee<\xecM\xb7MPv',traversing_crosswalk,
b'\xe8Ev`\xb5\xefWP',b'%\xc5w\xc8}\x1fSN',traversing_crosswalk,
b'\xe5B\xba \x14\xa2T\x12',b'\x01\xc1\xd3\x95\x93\xd7U7',traversing_crosswalk,
"b""\x8e\xd4'q\xae\x97Y\x7f""",b'\x11\x9fK\r\xcbT]f',traversing_crosswalk,
b'\xea\xe1\xc9Z\x8eD[\x00',b'@\xa0\xdb\xbe\x08qX8',traversing_crosswalk,
b'B\x1f\xbe\xdd\xa9$X\xe5',b'\x85 \x9a\x9b\xd2w\\A',traversing_crosswalk,
b'p\x1f\xc0\xd2g\xe9T\xc9',b'\xf2\x0b\x10\x17\xb6D_\x16',traversing_crosswalk,
b'\x1bV\xb7\xe2\x89*T\xe3',b'\xa1S\x95\x87/\xa3W@',traversing_crosswalk,
b'k\x86\x87\x9c\x1b\x9f\\-',b'V\xa6x\x9e&uT\x0e',traversing_crosswalk,
b'U-1\xe2\xf4\x0eX/',b'\xf9n\xd0\x8c\xf9\x86Q.',traversing_crosswalk,
b'\xfe_\xd7l\xee\xb6Q\xdd',b'\xa05\xd7\xc2z\xc2V(',traversing_crosswalk,
b'\x98l\xeai\xf6nTI',b'd\x1f\xdd\xc9\xd4\xd6W\x8a',traversing_crosswalk,
b'n\x1e\xf0w\xa0\xa3[\xca',b'\x84y\xfbU\xafTV\x8a',traversing_crosswalk,
b'\xf5IR\xc6\x118[\x19',b'\xa5*dB\xb95Q\xcf',traversing_crosswalk,
b's\xfeH\x88\x1b\x19W\x0f',b'C\xc5\x1fd\xf5\xc2T\xed',traversing_crosswalk,
b'a\x9b\xe3\x8a\xc2\xc7];',b'\x8f\x1a\x8f\xdc\xedZS\xe7',traversing_crosswalk,
"b'o!\xedR\xdd.]""'",b'}\xe3\xda\xdfi\xb5SF',traversing_crosswalk,
b'S\xc3\xab\x9eR\xdfR\r',b'\xcc1\xef\xba\x82jS\x7f',traversing_crosswalk,
b'\xa5\xd6\x84\xb7\xd5\xe2Q4',b'+\x15\x80\xdf\x8a+P\x81',traversing_crosswalk,
b'\xcc\xe6\xab\x8aJ\x18^2',b'\x0b\xb1\x84\x88\xd2\xd4Q\x81',traversing_crosswalk,
b'\x88\x85\xff\x1d\x92\xca]\x96',b'\xfaU\xc2#\xc7\xbfR\x81',traversing_crosswalk,
b'}\xb3}\x11\x82%V\x0f',b'\x1d\xae\xef\x9a\xf2\x1aV\x02',traversing_crosswalk,
b'\x8a\x9bq\x80\x010_=',b'\x04tW\xc7\x07\x9dXg',traversing_crosswalk,
b'\x8ek\x1b\x14\xca\xe1[\xc9',b'\xc3j\x834kTQ\x11',traversing_crosswalk,
b'DsB\xfa\x85\xc9P\xe6',b'q\xd0?4\x1c\x05Z\xcd',traversing_traffic_light_intersection,
b'\n\xca\xae\x83\x03-P>',b'\x13\x93\x04|\\\rX\xb8',traversing_traffic_light_intersection,
b'\x04\x06\x1e\xba!}\\/',b'\xf3\xc8L\xbcr\xd4]\xa5',traversing_traffic_light_intersection,
b'\xfar*P\xe0\x02R@',b'eLC_6uX/',traversing_traffic_light_intersection,
"b'O\x1e\xa8\xcd\xb5,UF'",b'F\xdcJHOJR\x9c',traversing_traffic_light_intersection,
"b'""\x8c\xe15,\xfbR\xa9'",b'Q%\x0e\xa5#kUX',traversing_traffic_light_intersection,
b'\xc2\x18L\xe0\x8b\xc9Y\x87',b'pvB\xd6\x9f\xb0Z\x8d',traversing_traffic_light_intersection,
b'K\xe3P\xe5\x91\xef^\xff',b'x\x1d+\x04\xb0lQi',traversing_traffic_light_intersection,
b'?8\x17)\xe1\x18Q\x8b',b'\x1d\x99(#\xafIS\x96',traversing_traffic_light_intersection,
b'\xe94\x0b\n\xad\x8dZ\xf1',b'\xe4\xae\x87\\3\xb0R\x0e',traversing_traffic_light_intersection,
b'IN\xa2\xc4\x19S\\\xca',"b""\xa2`m\xabi\x8dR'""",traversing_traffic_light_intersection,
b'i\x89\xe1\xc4T\x82P\xb5',b'z\x94\xcf\xf97/Z\x04',traversing_traffic_light_intersection,
b'\x87l\xbf]\xee\xb9W\x02',b'X\xc8\x94qq\xafS\x13',traversing_traffic_light_intersection,
b'\xf3\x18\xad\xe2D0^\xaa',b'\xa8\x0cR\xa1z\x8b^\r',traversing_traffic_light_intersection,
b'\xc8\xf256\xe2`VT',b'H?y\x1f\xb8>P\\',traversing_traffic_light_intersection,
b'K\xf9\xc5tK-[\xa1',b'\x86\xf0\x85\xf9\x96\x89[\xd2',traversing_traffic_light_intersection,
b'a\xc4\x10\x0e\x8bE]\xd3',b'GU\rW\xc1#T\r',traversing_traffic_light_intersection,
b'P}\xdc\x15\xb0\tZ\xb9',b'\x1b\x9f\xfeE1cZ\xbb',traversing_traffic_light_intersection,
b'\x96B\x1cQ]\x1a\\]',b'<q\x10#\xb8\x0f]k',traversing_traffic_light_intersection,
"b""'\xcc\x14\xfb\xc4CS\x99""","b'""{\x01\xac\xa6\xb1V\xae'",traversing_traffic_light_intersection,
b'\xdf\x12\xe1\xe8\xb8sQf',b'\xf2Mk<\xb2#[k',traversing_traffic_light_intersection,
b')oH\xb7\xe6YW}',b'\xeb\xef\xf5\x07dMV\xf3',traversing_traffic_light_intersection,
b'`\x8d\xa4j\x06\xc6UO',b'\xfe\x0f(\xbe\xfb\x1a\\4',traversing_traffic_light_intersection,
b'4ln5\xb4\xbeU\x06',b'\x8ez\xe2}/\xebY\xdd',traversing_traffic_light_intersection,
b'\x1eM\x15?\xe6\x06S\x8c',"b'""\xa2\x99 \x8c\xfa]\xc9'",traversing_traffic_light_intersection,
b'\xc6Vcm\xd0bPG',b'\xdf\x04q\xf0\x13\x01S\xf4',traversing_traffic_light_intersection,
b'\x1dO\x90\xa0\xce\xb1W\xb0',b'\xab\xa2\xce\x98rmS\xd5',traversing_traffic_light_intersection,
b';\xc9\x9c\x04\x15\xa6U\x12',b'0\x02\x91D\xec\x82P2',traversing_traffic_light_intersection,
b'\xbd\xe0\xaf\xdd]X_\x15',b'\x02\xa3\x9eJ\xf3\x9fQ+',traversing_traffic_light_intersection,
b'2\xdb?x\xc2\xa5V\x0f',b'\xd8I\x91\xcb\xe7\x0eWi',traversing_traffic_light_intersection,
b'O\x07\xccY\x16|]@',b'\x86\xc8\x8a\xfa\xa0\xb8V\xf9',traversing_traffic_light_intersection,
b'U\x81fG\xdc\xe1XA',b'\xe5\x96\x9a\xbc\xba\xcfX/',traversing_traffic_light_intersection,
b'\xd4\xc1GUX#X$',b'\x12$/a\xe8\x82S0',traversing_traffic_light_intersection,
b'J\xd3\xa55\xe0\x15U\x07',b'PIr\xb5\x038]0',traversing_traffic_light_intersection,
b'O\x15\xe4\x9e\x99i[\x8c',b'\x9d\xbcv\x0ed\nW\xd6',traversing_traffic_light_intersection,
b'\xddyZ\xfe\xde}]\x0b',"b'\x84_\xea,^\xae[C'",traversing_traffic_light_intersection,
b'Zi\xce\x19\xa6>S+',b'\xefA\xf1B\x1c\x8fY=',traversing_traffic_light_intersection,
b'\xcd\x80&\xdac\x1e_\xc1',"b'p""lvdb[\xb2'",traversing_traffic_light_intersection,
b'z\x7f\xfd^\xb7\xb9X\\',b'KG\x07\xe8\x04\x11Q\xfe',traversing_traffic_light_intersection,
b'\x166i!\x9f:S\xb9',b'\xc7P\xe2\x19\xde\xef]`',traversing_traffic_light_intersection,
b'\x9bwS\xb9\x895]\xc8',b'\x19\x04B\x81im]K',traversing_traffic_light_intersection,
b'\xfb\xa5N\xbe{\xafV\xf9',b'\x9ee\xa6\x8a\xff\x87^Q',traversing_traffic_light_intersection,
b'\x14Z\x13[\xf7)R\x0f',"b""\xd0\x9e*\xae\x14'R\xb1""",traversing_traffic_light_intersection,
b'\xdc\x83\x0f\xa4\xa4\x02S\xaf',b'\x80:\xd9!\x9fJ[\x8b',traversing_traffic_light_intersection,
b'\x1a(\xc3\xc8\r]W\x9b',b'\tqq-DmY\xf5',traversing_traffic_light_intersection,
b'\x17%\x15i\x97\x87V\xb1',b'XY\xf7\xa6\x1b=]e',traversing_traffic_light_intersection,
b'\x08O\xf9\xba\xc4\x8cYL',b'Y\xa8=\xa7\xd4\xb6Y\x1d',traversing_traffic_light_intersection,
b'^h\x9e\x94\xa3B[-',b'\xe3z\xc9t\xfd\x8fT\x90',traversing_traffic_light_intersection,
b'\x8b\xaf\xf8O\n\xa0P\x89',b'\xf9{<\xa0\xb4\xcdV\xb5',traversing_traffic_light_intersection,
b'W\xbcHz\x0c(Q3',b'B?~\xc0\xc2\x11UJ',traversing_traffic_light_intersection,
b'\xfb\xba}#r\x02Z\xec',b'L\x12~&\x8d\x80Y=',traversing_traffic_light_intersection,
"b"":\x1c'H\xbe&X\x86""",b'yz-je{Ta',traversing_traffic_light_intersection,
b'_LOgAS[\xed',b'#\x0el\xc3\xc86W\x88',traversing_traffic_light_intersection,
b'\xd9h\xa0@\xd1\xc2Uo',b'\xde\xcdQ@!\xeeW\xbe',traversing_traffic_light_intersection,
b'\xd8\x1b\xcc\xd6\x1bqZ}',b'\xd7\xce\xf2#\xef\x03W\xf6',traversing_traffic_light_intersection,
b'\xc6\xc0\x13[\xa5\x83Xj',b'e\xfc$>\xcbY^\xdf',traversing_traffic_light_intersection,
b'\xf5\xa55\xb2}\x04Q\xf9',b'Q%+=:\xe9WG',traversing_traffic_light_intersection,
b'ZO\xea=\xfa\xf6P\x06',b'\xc4-\xf9P\xf2\x91Z:',traversing_traffic_light_intersection,
b'\xd1\xc0\xf6j\xc2\x92]\xa0',b'N?\x84N&ISJ',traversing_traffic_light_intersection,
b'\xe7\x96\xac\xc6\xfb ZT',b'\xe6T\x8a\xb6\x10\xa4Ti',traversing_traffic_light_intersection,
b'@{&\xf1\xbe\x17\\\x14',b'\x024b\xb4w\x1d]P',traversing_traffic_light_intersection,
b'\xec~@\x9b\xc1\x94Vz',b'\xdf\xa0\xe4SS\x1dX)',traversing_traffic_light_intersection,
b'\x1dui\xd0 \xde[~',b'\x99\xb7\x9b\x96\x9d\x9eT\x19',traversing_traffic_light_intersection,
b'\xefW\x149\xeaPP\xa6',b'\x0c\x07\x8d\xc0\x9d\xe8[/',traversing_traffic_light_intersection,
b'\xae\xa6\xe3?p\x1cW\x97',"b'\x9d\xf0\x8aF&""W\xb2'",traversing_traffic_light_intersection,
b'[\x1fyhG\x1bP\xc6',b'[\xefZ\x8f\x0b<\\\xda',traversing_traffic_light_intersection,
b']\x8b\x11\x0e\x18\x06R\xe2',b'B\xe4q\xaf\xa7\x87ZV',traversing_traffic_light_intersection,
b'\xe1\x02\x82\x9ab\xc8V\x92',"b'\xb0\x92Kn\xab+Z""'",traversing_traffic_light_intersection,
b'>\x04h\x17\x13\xe6Z\xc0',b'\xb8 o\xca8\xb7R\x85',traversing_traffic_light_intersection,
b'\xa6\xa2\xe6\xba#O]\x90',b's\xa7\xdf\x91S\xd3\\\x9c',traversing_traffic_light_intersection,
b'^\xa7\x98\x1b\xd6\x00TC',b'\xaa\xf1i\xe1#\x91S^',traversing_traffic_light_intersection,
b'\x85\xfe\xbf\xe6\xab\x85Z~',b'Q\x94\xdd3f\xcd^\x08',traversing_traffic_light_intersection,
b'\xce\xc7\x03\x85|[ZO',b'\xc4\xb5\x1f\x94\xd7\xfa]\xc4',traversing_traffic_light_intersection,
b'\xcb \x9a\xcd\x13~S\x9b',b'\xd21\xb7\xc2{T_{',traversing_traffic_light_intersection,
b'[\x08\xc6\xc3\xb7\xbcY\xe9',b'\x02}\xcd\xf2+D[p',traversing_traffic_light_intersection,
b'b\x0f~\x02\x0f|]p',b'\x02\x99|\xc5W\x82Wv',traversing_traffic_light_intersection,
b'I$\x85\xb5j R\x07',b'\x18\xfb\x84\x8e\xdbi_\xd1',traversing_traffic_light_intersection,
"b'\x88r\x06\x9bx~[""'",b'\xaf\x87\x12\x98`)V\xbe',traversing_traffic_light_intersection,
b'?\xab\x7fe`5R\xbe',b'\x96\x9e\x86\x90u\x03Y\xed',traversing_traffic_light_intersection,
b'\xe6\xdd\xf7\xfe]:T]',b'\xa9\x8f\n\x02\xe6fYZ',traversing_traffic_light_intersection,
b'\xa2)#\xfd\xa2\xd2\\W',b'\r:\x14ol\x1eQ\x16',traversing_traffic_light_intersection,
b'\xc5\x19TS\xa7\xd5V\x83',b'5v\x94\x98\x8d!Q\x96',traversing_traffic_light_intersection,
b'\r\x9b\x96\x1a!_T}',b'\x02\xea\xf6\x1f\x16O]\xa4',traversing_traffic_light_intersection,
b'4\xd2#LxHT\xad',b'\xb1`s\xc8 \xf4QY',traversing_traffic_light_intersection,
b'r\xaat\xd0\xe0\x96S\x1f',b'\xfc6\xf9\x81\x8e\xeaS\xf2',traversing_traffic_light_intersection,
b'\xf4n\x9f|\xdb\xc9Zx',b'\x96\xf8\x0e\x8bX\xf3_5',traversing_traffic_light_intersection,
b'\x95\xcc \x91\xf7\x86V(',b'2\xff\xd3\x9f;\xb7Ze',traversing_traffic_light_intersection,
b'vzB7 \x91Z\xad',b'\x91&\xcb\xc4#SV\xe6',traversing_traffic_light_intersection,
b'm\xe2\xc2\xcc\xc6\x90^\x17',b';\x8d\xff\xa4\xed\xdfR\x13',traversing_traffic_light_intersection,
b'\x96\xfb\x17\xe3\xad\xecPJ',b'\xb3\xb0G?*nU\x19',traversing_traffic_light_intersection,
b'He\x15\xab\xdcB\\\x84',b'\x8bb@ -;[\x98',traversing_traffic_light_intersection,
b'p\x94\xa0k\xce\xeeU\xd2',b'jFD\x1d\xe3\xb5P!',traversing_traffic_light_intersection,
b'qI[J\xdc\x18Z\xdd',"b'\xc06\x8b""\xb1;WH'",traversing_traffic_light_intersection,
b'\xad\x01#\x02x\xaf^C',b')\xfa\xc7\x03n\xd3Wv',traversing_traffic_light_intersection,
b'\x9f+\xdbN8bT\x02',b'\x91\x80^\xb4l1^d',traversing_traffic_light_intersection,
b'U&\x0e\\\xb1MR\x8a',b'\xc6\xa9xy\xa7R\\K',traversing_traffic_light_intersection,
b'\xb2\x9b\xa2\xd1\x1a\xecQ\xe3',b'\xc7\xad\xc7\xcd8\xc8P\x8c',traversing_traffic_light_intersection,
b'ji\x89\xc3\x8fo^\xbf',b'\xac\x8e\xf4\xae\x9b \\9',traversing_traffic_light_intersection,
b']K\x0e\xd8\xd7\xba]\xe6',b'\xd7\xb5\xfd\x94#hS\xc6',traversing_traffic_light_intersection,
b'\xc5\xba\x81Y\xdb\xdeY\xca',b'2\x8b\xa6&t\xc8_\x9e',traversing_traffic_light_intersection,
b'\xca\xbb\xf5Q\xc4)P\xf1',b'\xaa:\xd4\\r\xdc]y',traversing_traffic_light_intersection,
b'\xb7\xc7/\xe1|vYB',b'\xe3e\xaf\x8c\x84\xe9R\xb3',traversing_traffic_light_intersection,
b'\xc2\xde\x85\x1b&\xc7P\xa7',b'\xe4fY\xe2\x9c\x9d\\\x10',traversing_traffic_light_intersection,
b'\xf3\xc4\xe0\x88\x86SW\xa7',b'\x11\x0fh65\xdbY:',traversing_traffic_light_intersection,
b'@\x90\xaep\xfa~Z\x80',b'\x12 T\xcbF\xab_q',traversing_traffic_light_intersection,
b'\x98\x8d\xc1)\n\xdc^g',b'\x18\xe5;A\r\x1cR\xee',traversing_traffic_light_intersection,
b'0{\xa42\xa4\x88\\\xf6',b'DqN\x86K\x01[\xd0',traversing_traffic_light_intersection,
b'\x0bH\x9e\xab\xe9\xa7_\x95',b'*\xa3BX\xbe\xbfR\xe6',traversing_traffic_light_intersection,
b'0\x92\x83\x7f\rrX\xca',b'\xf6\x8f\x8b\xb34\x03SM',traversing_traffic_light_intersection,
b'Un\x9d\xf1\x15\xd9^\x96',b'\xea\x1c=\x12\xca\xc8UC',traversing_traffic_light_intersection,
b'%\xbct\xe2\xfa\xffP:',b'S\xfb\xc3\x06\xb60RV',traversing_traffic_light_intersection,
b'\xb7\xf0g\xe3\xcc\xba]\x02',b'\xf6\xf2\x96\xa1\xad\xdaZ\x01',traversing_traffic_light_intersection,
b'l\xc3\xd2\x13\xe3\x94V\xff',"b""\xc9\x92'\xf6U\xd7W\x81""",traversing_traffic_light_intersection,
b'\xcd\xddU\xe4\x96\xfbR\xf6',b'\x98/\x00\x19t9X\xda',traversing_traffic_light_intersection,
b'j0\xa1\xed)\x1fZ?',b'\x10\xd4\x89\xc3!j_\xad',traversing_traffic_light_intersection,
b'\xeb\xa9;\x03D\xe3\\t',b'\x9e\xf9k\xba\xe8\xf9T\x16',traversing_traffic_light_intersection,
b'^\xa10i\x91\x18X\xe1',b' \xd0CC\x0b\x15^\xc1',traversing_traffic_light_intersection,
b'I\x9e\xdcm\x0b!Q\x16',b'P\xb9\xf6\xca\x97\xcb_K',traversing_traffic_light_intersection,
b'\xe2M\xa3\x18\xd0\xd4]h',b'kc\x9c\xfc\x03\x9f]\xfe',traversing_traffic_light_intersection,
b'\xe4\x1b\xcbZ\x03\xe5Z\x9b',b'\xaed\xd6\x92\x88\xfcT\xcd',traversing_traffic_light_intersection,
b'\xc5u\xdcs\xc1\x88\\\x15',b'A\xc8=D\xe0\xa1P\x1a',traversing_traffic_light_intersection,
b'~\x1c%\x0b\xffaP\xa7',b'\xa6\x9be\xc6~\x99_\x03',traversing_traffic_light_intersection,
b'@\x98\x0eg\x8b\xa3T\xdd',b'5\x1ca\x91\n\x0c[\x7f',traversing_traffic_light_intersection,
b'\x05-\x97\xcd\xf1\x19[\xaa',b'\xd9\x81\x11\xd0S.^\xae',traversing_traffic_light_intersection,
b'\x8c\\\x84t\x95\x12^J',b'C\xea\xceI\x18\x80Q\x0b',traversing_traffic_light_intersection,
"b'\x1d\xa8""J\xe8\'R\xbb'",b'\xa4\x83j\xbd\xfd\xfeY\x87',traversing_traffic_light_intersection,
b'\xef\xf2s\xc9\x16\xba[\x85',b'\xe4\xc8\xc9\x99\xf3\xb7R\xe3',traversing_traffic_light_intersection,
"b'.^\xe7,\xa1\x89S\x13'",b'\xcaO$ \xa0\xa5^\xfe',traversing_traffic_light_intersection,
b'f\x97|\xbc\\JYC',b'\xe9\xaas\x8dn\x9dV\xd3',traversing_traffic_light_intersection,
b'\xfd1<i%2V\xd2',b'P\xa7(?\xef\xc9Y\x9a',traversing_traffic_light_intersection,
b'\x10;c\x14\xf8\xb4Q\x16',b'\x8b\xce\xec\xb9\x19\xefX\xa8',traversing_traffic_light_intersection,
b'\x952Ki\xf6\x0bZ\xf1',b'\xacc\xe7\x14\xfdgVW',traversing_traffic_light_intersection,
b'\x9b\x81|\x11\\\xacQJ',b'xy\xe02\xfc\xf8]\xb6',traversing_traffic_light_intersection,
b'\xf7\x01@h\xdflTc',b'\xe3\xecP\xaf[\xa5UW',traversing_traffic_light_intersection,
b'LqZ\xdc\xe3\xddW\t',"b'\xda\x12""O\x07\xa0P\xfe'",traversing_traffic_light_intersection,
b'\x1a\x01Y!\xb4\xdf^\xf3',b'T\xcc\xdf1K1V4',traversing_traffic_light_intersection,
b'\x98\x90 \xb3P\x82V\xb1',b'\xe3\xf6\x88\x91\x12\x9fQN',traversing_traffic_light_intersection,
b'G2\xbd<u\xacR\xca',b'\xde\xcen\xb0\xa9\xb4S\x8e',traversing_traffic_light_intersection,
b'r\x0e\xcfh\x89\x98T@',b'\x10\xf6\x8c\xb9u\xfcX\x82',traversing_traffic_light_intersection,
b'\x08X\xda\x89\xf3EP\xc9',b'Cw L\x91\xc3P\xf6',traversing_traffic_light_intersection,
b'V;\x81mU\x84S\xf3',b'0\xe9\x01U\x899V#',traversing_traffic_light_intersection,
b'\xb0\xc9(\x00I\x11U\xa2',b'\x07k\xd9~\\\xd2_\x18',traversing_traffic_light_intersection,
b'\x8b\x87\xb1\xdb\xf1\xcaSX',b'}\x9f\xa2x\x0cZ\\s',traversing_traffic_light_intersection,
b'&\xbd\x1d\xe2V\x0bRn',b'!D\x01\x9cb\xbeR=',traversing_traffic_light_intersection,
b'\xf7_\xe9\x87\xf3\x85^\t',b'\xaf{1\xef\xad\xd6[O',traversing_traffic_light_intersection,
b'[\xde\xa0\x83\xe5bW\n',b'C\x06\x13\xbc\xdf\xd5R4',traversing_traffic_light_intersection,
b'\x16b\xff\x95z\x81^\x9c',b'`\xd3\xef\xe3\xc3*_\xb4',traversing_traffic_light_intersection,
b'\x9a\xe0\x05\xb3\xd6JV\xc1',b'\xd5|\x1d\x86\xec&[\xfe',traversing_traffic_light_intersection,
b'\xd2#\xb5\xc7\xa5<Q_',b'\xab\xd79\xf1\xe9._\x1c',traversing_traffic_light_intersection,
b'f\xd4EZ\xfa\xf9W0',b'\xedR\x9a*\xd4\xfb\\\xf7',traversing_traffic_light_intersection,
b'\xd3\r\xf2\x9c\x00\x1b\\\xad',b'@\x96a\x83/vR\xb7',traversing_traffic_light_intersection,
b'\xd9\x97\xf4&\xf5|T0',"b'\x08\x06.\xdcs\xa0Z,'",traversing_traffic_light_intersection,
b'\x01cT3\t\xefT;',b'0\xd0\x92\xd3o\x18\\*',traversing_traffic_light_intersection,
b'(\xe2\x08\x83z\xb9X\x8b',b'v\x9c?I\x06\xcdZ\xbd',traversing_traffic_light_intersection,
b'\xf2%+\x11\x8e\x99_8',b'cR\x12dw\xa3\\\xb6',traversing_traffic_light_intersection,
b'b\x8fl\x18\xf0\x9eRa',b'hX\xb2N\x0bh];',traversing_traffic_light_intersection,
b'\x8c\x9f\x95\x12W9Y5',"b""UPK\xcc'4Q\xe1""",traversing_traffic_light_intersection,
b'Y-\x8e@:\xaaTK',b'kQN\t\xf7eR\x9d',traversing_traffic_light_intersection,
b'-\x97\x8c\xf2\xc4\xbd]A',b'\xf5b\x97^\xda8R\x87',traversing_traffic_light_intersection,
b'\x95\x9b\x9b-\xb7\xd8V\xb6',b'\xca\x85(\xb1U\xf1_\xbe',traversing_traffic_light_intersection,
b'\x1e/\xdaa\x13zQ\x17',b'\xaaM\x15\x89a8_o',traversing_traffic_light_intersection,
b'a_\x1d\xd0:\x94Y&',b'\xf8l\xde\xc1=\xeeX\xf2',traversing_traffic_light_intersection,
b'\xd6\rC4a\x0fW4',b'\xa3\xaa\xd5\x00\x17\x11U=',traversing_traffic_light_intersection,
b'=\xdf\x1c\xfe\x18\xe2[\xeb',b'\xbb[3\xe5\xe3\x14_t',traversing_traffic_light_intersection,
b']U\xd4\xb5U\xfbQ\xf3',b'w l\xd7EmS\x03',traversing_traffic_light_intersection,
b'^\x97\x03\xfcP\x95U\x19',b'\x97\xce\x0f\xc6K\xfbS*',traversing_traffic_light_intersection,
b'0TJ\xee\x95\xabV\x0c',b'\xd9\xfaj!\xbb%Y\x10',traversing_traffic_light_intersection,
b'k\xb4Y\x96\xb6\xef^\xeb',b'h\xb9\x8c\xd5\x80\x16T_',traversing_traffic_light_intersection,
b'N\xf1\xc4ND\xb6Qa',b' \xda\xc8\xffo\xa3Qn',traversing_traffic_light_intersection,
b'\xee\x83s\x13\xa8sZ-',b'\xcbE\xef\xb4\xeb\x9e]/',traversing_traffic_light_intersection,
b'By\xf4\xa5G\xf9T\xaf',b'Z;\xb75\xf3\x02[ ',traversing_traffic_light_intersection,
b'vaR\xa8\x8f~_\xf9',"b""\xdd'\x8c-\xac\x8b_\x14""",traversing_traffic_light_intersection,
b'\xb4\x15\xa4fv\xd9Y\xe2',b'o\x0b\xf7\xc4\x1a\xdfR|',traversing_traffic_light_intersection,
b'\xbf\xbasf\xc5\x9dU\x17',b'+`\x83\xd2\xfc\xcf_\xff',traversing_traffic_light_intersection,
"b'vH\xecm\xd0DW,'",b'\xeef\xbf\xdf3\xa5Z]',traversing_traffic_light_intersection,
b'Xi\xc6\xb2\x86\xadW\xda',b'@\xea\xb9e\xb3\xdb_\xdc',traversing_traffic_light_intersection,
b'\xed8f<\x84\x97Q\xd0',b'\xb1\x17^R\xd2}Q\xf3',traversing_traffic_light_intersection,
b'\x86P)k\xceOP\xbc',b'K\x8an\x16F\xacS_',traversing_traffic_light_intersection,
b'%`\xaa\xf4U\xa4T\xe4',b'\x11i\xe7\x18*\xbd_P',traversing_traffic_light_intersection,
b'\x19\x80\xeb\x90C-Y\xe2',b'\xe5\xc3\xd5/\n\x11[\xe2',traversing_traffic_light_intersection,
b'PR4\x9a\x17\x82YZ',b'\x03RJr7\xb3P\n',traversing_traffic_light_intersection,
b'V\xec\xd6S\xbewS\xaf',b'\xc4\xee\\H\xcb\xe0R\xd0',traversing_traffic_light_intersection,
b'\xbb}\xbdh\xa46^\n',b'\xa0\xd4M6\x1a\xf1_\xd6',traversing_traffic_light_intersection,
b'\xb9T\x1a\xe4\xd3\xbdVX',b'\x19*\xd3\xc6\xf4\xa6^\xd2',traversing_traffic_light_intersection,
"b'`H,\xf5\xbe\xa0[F'",b'\xf9\xcf\xb5\xe4\x02\xa1P\xfe',traversing_traffic_light_intersection,
b'\xb75+\xd9B\xbb_\xd3',b'\xa8\x9c\x0cx&;P^',traversing_traffic_light_intersection,
b'\x8b\x06\xcb_}\xb6Z\xf3',b'\x84\xc8\x14\xbd5\xa0P\xba',traversing_traffic_light_intersection,
b'\xd3-\x19\x1a:ER6',b'\xdbyS7\xe6\xdbX\xd7',traversing_traffic_light_intersection,
b'\xcd`\x9b\xb3\xad\xb7S~',b'\x08\x0e\x90\xf2~fU\xe0',traversing_traffic_light_intersection,
b'e\xc6\x00/`\x80\\\xb4',b'#9N\x0f\xb1`P\x9f',traversing_traffic_light_intersection,
b'}\x969\x86\xc0\x92QH',b'PA\xe7\x8c\xe0\xfeS>',traversing_traffic_light_intersection,
b'\xe45V\xd2\x7f\xc7]\x8b',b'4\xb8\x99\xecN(\\\x88',traversing_traffic_light_intersection,
b'C\x01\xe7)\x94\xd5]4',b'\xca|X |\xfeX\xe7',traversing_traffic_light_intersection,
b'\x03dA1\xb3\xa8S\xc8',b'\xa6C\xf3S\x98\xaaS\xbe',traversing_traffic_light_intersection,
b'\xb3\x80\xb8@k[]\xf8',b'\xb2\x87\x03{\xd8\xabP\xe3',traversing_traffic_light_intersection,
b'\xcaU{\x0c\xa8\x82P\x9c',b'\xd7\x08\xcc7\xa8\xa2P\x82',traversing_traffic_light_intersection,
b'\xbd\xa8t\xb271W9',b'}\xd4\xcej\xd3CVh',traversing_traffic_light_intersection,
b'\xda!\xf6\xb9-\xd9_\xbc',b'\xa4\xf7R2\xe96UL',traversing_traffic_light_intersection,
b'\r\xdb)I\xbd\xad]\xbd',b'`\xfe\x86\xde\xf4\xb7S+',traversing_traffic_light_intersection,
b'n!Zt\xfd\x05X\xa1',b'\xd8G\xdf\xeb3\x9eR#',traversing_traffic_light_intersection,
b'f\xdbkN\x10xX\xbf',b'$<XVm\rQ\x8f',traversing_traffic_light_intersection,
b'2\xce\xfaH\x07G\\\x16',b'\x02^\xe3 \xf9\x97Y\xfb',traversing_traffic_light_intersection,
b'\xf8Y\x98\xc8@\xdfQ<',b'\xae+\x13\xf3\x8c\x02S\xcc',traversing_traffic_light_intersection,
b'\xddN\xfa\xf7w\xb3^w',b'D\x16y\xb9B\xe0]\xbc',traversing_traffic_light_intersection,
b'[\xd7\x0b}\xc5\xacS\xff',b's9^UW\x0bP\x1f',traversing_traffic_light_intersection,
b'\x11\xc8\xa0U\xd2\xb6X\x92',b'\x9f\xf6\x88\xbb^b\\\x8e',traversing_traffic_light_intersection,
b'U\xe7\xf5#Z\x86Q\xe0',b'\x15Z\r\xbe\x01pX#',traversing_traffic_light_intersection,
b'\xd8\x8d\xfbi\xf2\x1f_t',b'\xfc\x9bX\xf9\rV_\xe9',traversing_traffic_light_intersection,
b'\xd3\x86_\x88\x99\x9b_{',b'\x9b\xc3\xe1\xe7j\xb0S>',traversing_traffic_light_intersection,
b'\xbf2\x94\xeb\xab#_\xe8',b'\xbc-\x1d1H@[\xfc',traversing_traffic_light_intersection,
b'\x03*\xeeF\xb4~_\xde',b'\xabuV6\x04\x9cUb',traversing_traffic_light_intersection,
b'\xc7\xd1\xb7(\xc2\x7f\\\xfd',b'B\xe6:\x03\x13LP\xef',traversing_traffic_light_intersection,
b'u\xcf\xf6\xbfB\x8eU\x8b',b'fG\x8c\xeb\x17\xb3Z\xd2',traversing_traffic_light_intersection,
b'.\x1e\xcd\x04\x01\x0fT\xfd',b'\xa1\x03/\xb5g\\P]',traversing_traffic_light_intersection,
"b'\xe2\xbf\xe5\x81\x1c,_\xb3'",b'\x06\xd3\x16:\xb0\xd4V\xcb',traversing_traffic_light_intersection,
b'\xe1\x8e\xe7\x8c\xac\xbeR\xe4',b'\x86h\x10\xa7^@\\\x97',traversing_traffic_light_intersection,
b'\xa1\xa5\xca\x8fNr\\9',b'_\xb7+\xc0g\x0fT\x18',traversing_traffic_light_intersection,
b't\x8b_\x0b\xaf\x15[}',b'1\xec}--\xd9P\xd6',traversing_traffic_light_intersection,
b'3\xcaN\x81\xfd\x8e]\xee',b'B)\xf2D\xde\x80S\x1c',traversing_traffic_light_intersection,
b'b\x8b\x95?/\x8bV\xe0',b'\x90\x8c\xc9t\xbaCU@',traversing_traffic_light_intersection,
b'\x89v\xcf\x18\x80\x8dU]',"b'\xfc""\xf4\x0f\xd3\x9a_\xd3'",traversing_traffic_light_intersection,
b'\xb9f{\x84L\xf1_t',b'\xea\xb8\x98\xd2\xb6\xcaW\xc6',traversing_traffic_light_intersection,
b'\xff\x0e\xdfx\xa6\xac\\%',b'.\xd5O\xf2\x9c@_\x16',traversing_traffic_light_intersection,
b'}#X\xeeg=X\x13',b'\x91\xe5\xd1\x94\xeeGZ\x9f',traversing_traffic_light_intersection,
b'\x86\xed\xf8\xda\xb8\xd5S|',b'S#h\t\xed\xa8R\x97',traversing_traffic_light_intersection,
b'\xd1\x94\xd9\xaf\xf3\xd6[\xf7',b'\x94pDn\xb4nV}',traversing_traffic_light_intersection,
b'\x1dK\x16\xf9\tCQ\x93',b'\xdf\xdcCo\x8c/^B',traversing_traffic_light_intersection,
b'\x0b\x9f\xe9w$\x16R>',b'`}\x87\xa6$3XI',traversing_traffic_light_intersection,
b'\xd4\n=\x7f\x877T^',b'\xdf\xb1\xa2R\xf3\xebZ\t',traversing_traffic_light_intersection,
b'\x1de)2\xb6\x81U\xd9',b'\x87\x08\x91 g~]\x1d',traversing_traffic_light_intersection,
b'\x0bz\xe4\xf5\xa4\x93YM',b'\x11Z\x9fX\x18\xa3^r',traversing_traffic_light_intersection,
b'\x83p\x98\x18\xd30Y\x96',b'\xd0\x1d\xcc\xd7y]R\x1b',traversing_traffic_light_intersection,
b'\xc4\xc2\xfd\x99Q\xc3T\xc7',b'\x1a\xd5\x87\xac\xb7\xb4_p',traversing_traffic_light_intersection,
b'\x9fr\x1a}\xa8\nRH',b'(\r\xbe\xcb\xfc\x8fZ\xf7',traversing_traffic_light_intersection,
b'\x01\xa26\xf9\x04eSI',b'\x0f\xd2\x10\xc0\xd2\xe1Z\x0f',traversing_traffic_light_intersection,
b';%\x8e\x97\x17\xff^.',b'\xe2\xb7d_^\xfaS\x91',traversing_traffic_light_intersection,
b'fm\x9c\xfd\xe7[P\xe7',b'F\x9c\xf2\xf6}\x9bX\xc0',traversing_traffic_light_intersection,
b'\x81n\xc8g?NT\xbc',b'\xba(\xfa4d\x91T\xff',traversing_traffic_light_intersection,
b'?\xfa\xed\x9b\x85\x89X\x96',"b'\xc8\x01nW""lR\x19'",traversing_traffic_light_intersection,
b'w%|\xf9\xa5c\\\xbe',b'u\x94\x88>(L[\xb9',traversing_traffic_light_intersection,
b'jq\x8a\xd7L\xba]p',b'Y=\x94\xf6\xcd)Y\x84',traversing_traffic_light_intersection,
b'\x9cQS\xae\xf1\xdc_\xce',b'$\xd4\x14a\xfb\xbbY\xde',traversing_traffic_light_intersection,
b'-v\x0c\xc3\xdb\x9b^\x9e',b'[[e\xe7C\x9cU\x9e',traversing_traffic_light_intersection,
b'u\x8dN\x05$([\x94',b'\x03\xd7\xcb\r\xd1 _y',traversing_traffic_light_intersection,
b'5c\x00n\xdb%[\xa7',b'\xb6\x19\xf2=~XP<',traversing_traffic_light_intersection,
b'\x83\x92\xc0\xf2\x0f\xf1T\xae',b'\x1b\x0bB\x86R2[\xa3',traversing_traffic_light_intersection,
b'* \xb6+\x9d\t^\xf7',b'{T\x81\xdd\xee?R\xaa',traversing_traffic_light_intersection,
b'\x07\xb5\x1a\xb4 /R\xeb',b'\x87oVv\x95\x05Z\xb2',traversing_traffic_light_intersection,
b'c2\xe4\xf2\xd5\xa6R\xfb',"b""\xdb')\xaeQ\xe3_\xfd""",traversing_traffic_light_intersection,
b'\x8bj\xb4\x94\t$W\xfd',b'\x05W\xb7\xea\x04zR\xd1',traversing_traffic_light_intersection,
b'[=\x1d\x93\x8f\xdcY\xe0',b'\xa0\x81\x9eV\x92\x9fS\xd9',traversing_traffic_light_intersection,
b'\x1cr\x16\xf6\xeauZ\x94',b'\x8e\xee\xa4\t\xaceT\xf3',traversing_traffic_light_intersection,
b'Q\xb6h\rj\nVU',"b""\xdb\xe7_\xa1'\xedS\xe3""",traversing_traffic_light_intersection,
b'\xeaW\xa9\xc7\xe3\x14TY',"b""M\xc0\x90<\t'P0""",traversing_traffic_light_intersection,
b'd\x014\xa0.@RM',b'\xbe\x9e>\x9e\xa7XV9',traversing_traffic_light_intersection,
b'\xd4D\xd8\x0e\xad\x1bZ\xcc',"b'\xc0v\x99\xc0\xc6pY""'",traversing_traffic_light_intersection,
b'QpEl\x1e\xcb^\xef',b'\xa3Q\x91\\\xacsVQ',traversing_traffic_light_intersection,
b'\x0c)\x1c\x11\xd2>PQ',b'\xf8\xe0\xd8\x14\x8d\xceRi',traversing_traffic_light_intersection,
b'\x01\xd9\xd2\xe2\xbb+T\xe0',b'>4\xcd13\xa7Y\x04',traversing_traffic_light_intersection,
b'\xddu\xa9\xca\xfe\x15S\xa6',b')T-0\x0e\xde[\r',traversing_traffic_light_intersection,
"b""\xbdB'w\xddIS\x1c""",b'y?\x07\xcfJ\xaeZ\x02',traversing_traffic_light_intersection,
b'\xf28\x04\x0f\x14UYt',b'o\xd8\x92`\xa00[\x81',traversing_traffic_light_intersection,
b'\xfb\x82\xbd\xa3j\x1eZ\xdd',b'\x16\x01\x19\x16a&X\x1e',traversing_traffic_light_intersection,
b'\x8f9wj\x81/X\x96',"b""\x947\xf88\xfa\xd9R'""",traversing_traffic_light_intersection,
b'\xed\xef&\x92\xc1FZ\xa8',b'B\xe3=\x95\xb5\xddZ\n',traversing_traffic_light_intersection,
b'~\xc1;\x87;\xeeQ\xbd',b'\xe5@{=\x8e\x7fS7',traversing_traffic_light_intersection,
b'\x11p\xaa\xb9\xb3\x14Z\xfb',b'\xebV\xfb\xff7\xabY\x16',traversing_traffic_light_intersection,
b'u\x17Kp\xdb\x93Y\xb3',b'\xa9\xbfm\x11&\x8e\\\xaf',traversing_traffic_light_intersection,
b')\xdbt\xab\x93oR\xc2',b'\xe5k\xd0\x04\xe7\x86_\xf2',traversing_traffic_light_intersection,
b'ym2\xc7+\xbeX\xa8',b'\xd5\xd8(\xf3\x01\x93]G',traversing_traffic_light_intersection,
b'\x80?\x04\xfd\x11\xceSg',b'\x82\xdd-\xf45\xf2TR',traversing_traffic_light_intersection,
"b'\x99\xfaH""\x17NY\x1b'",b'\xc6\xeen\xf3\xfd\xd0S\x89',traversing_traffic_light_intersection,
b'3\x14#\xf40\xde]\xe7',b'+\xb2_=zrP\x12',traversing_traffic_light_intersection,
b'b\xff\xcf\xa8\xb7X]5',b'\x1cj\x0e\x8f\xb5X]N',traversing_traffic_light_intersection,
"b'5\xc0w""/\x1fR\xbe'",b'\x0e\x99N^jk_\xf0',traversing_traffic_light_intersection,
"b""\xbd'\xcf\xef\xa9\xa8_l""",b'\t\xee^\\D\x0b[\x10',traversing_traffic_light_intersection,
b'k\xf1\xae\xc1\xa7bT\xb2',b')F\x9fo\xeb\x13Y\x9f',traversing_traffic_light_intersection,
b')\xee\x9a\xa9\xa57U\xb5',b'\xd2@\xd13\xf4\xa8[+',traversing_traffic_light_intersection,
b'\xec09[/\xd5P\xb3',b'!k_&-\xc8Z1',traversing_traffic_light_intersection,
b'/M\x7f\xab\xe5vPw',b'\x93Q\xe9\x1d\x00\x0fX\x15',traversing_traffic_light_intersection,
b'>\xd8`p\xa0?_\x0b',b'\x7f\xaa0\xe3\xcd\xa4]\x83',traversing_traffic_light_intersection,
b'$3A\x18(\xda\\Q',b'1\x13\x18\x90x\x07U\xf4',traversing_traffic_light_intersection,
b'\xd8[\x9f\x1d2AR\xc2',b'\xf9B\x7f\xaa\xc2|R\xa5',traversing_traffic_light_intersection,
b'6rW\x14\xd1.\\V',b'\x1c\xa6\xf7\x90t]X\xe4',traversing_traffic_light_intersection,
b'<\xe6\xe2\xb4u\x7fU\x0f',b'\x9a\xcd\xf6\xe6\xbc5Va',traversing_traffic_light_intersection,
b'\xd0\x93iSt&V\x9e',b'\x042\x02\x0f\x11\xdf\\v',traversing_traffic_light_intersection,
b'\x92u\xa9\x8bv\xfeY\x05',b'\xa5\x05\xa7\x9d?\x9eT\xa2',traversing_traffic_light_intersection,
b'\xc0\xd8s2\\\xc4Z\xd4',b'\xd7\x7f\xff\xa2\xf2\xb1YZ',traversing_traffic_light_intersection,
b';X\x83O)CPT',b'\x07;\xae@\x9c\xffX\xf0',traversing_traffic_light_intersection,
b'@+\xd5\x00YX^l',b'\x00[\x19\xa6\xf7\xadX?',traversing_traffic_light_intersection,
b'\x14\x86=u\xae\xc3UA',b'd\x1f\xdd\xc9\xd4\xd6W\x8a',traversing_traffic_light_intersection,
b'\x8c\x07\x82\xfd\xd1!S\xbf',b'\x84y\xfbU\xafTV\x8a',traversing_traffic_light_intersection,
b'\xf5\xb2\xf9\x8b2\x08\\\x16',b'\xa5*dB\xb95Q\xcf',traversing_traffic_light_intersection,
"b""\x1a$\xfdq'\xe8Z>""",b'C\xc5\x1fd\xf5\xc2T\xed',traversing_traffic_light_intersection,
b'\xe8\xf1\x93\xe7K\xc5W\xc0',b'\x8f\x1a\x8f\xdc\xedZS\xe7',traversing_traffic_light_intersection,
b'\xc8\x9exSn\xd4SY',b'}\xe3\xda\xdfi\xb5SF',traversing_traffic_light_intersection,
b'\x1ai\xdcaG\xa3X\xc3',b'\xcc1\xef\xba\x82jS\x7f',traversing_traffic_light_intersection,
b'\xcd\x97|\xb7\xc7\xf2Z\x11',b'\xdc\x07\x0b\x04\x05\r^\xd2',traversing_traffic_light_intersection,
b'po\x9f\xed\xb7%R\x82',b'\xe0\x89\x1fS\xaf\xf6[\xa6',traversing_traffic_light_intersection,
b'S\xac\x02\xf5\xdb0[h',b'J\xf8\xf9\x0b\x87\xbcZ@',traversing_traffic_light_intersection,
b'\x08\xda\xc6\x0b\x9e/W\xc0',b'\xe2\xd0\xf0z\xdf\xb0Q\x89',traversing_traffic_light_intersection,
b'@\xa6\x01\xaa\xd9\x19Y\xff',b'\xad\xff\xc2\xa5\x87fR\xfb',traversing_traffic_light_intersection,
b'\xaf\xa0u\xd5y\xc5RJ',b'\x90t\x89f\x14\xb3V\x0f',traversing_traffic_light_intersection,
b'\xe6\x9e\xdd\xf6\xfb@U*',b'\x84N\x8b}o\xae]\x06',traversing_traffic_light_intersection,
b'\xc2\xf3\xdf\xbax\x01R~',b'\xe4\x90\x86\x92\x99\xc3R\xc8',traversing_traffic_light_intersection,
b'\x14tD\xfe\x9e\x8eZr',b'K\xea\x8f\x9d\xd5>U{',traversing_traffic_light_intersection,
b'g\xb2\x89X\xd2\xb7_\x0e',b'9\x03v`3\x9aQ\x9a',traversing_traffic_light_intersection,
b'\xae\x8e\x0f=$[Y\xe1',b'#_\xd5\xb8I\xaaS\xec',traversing_traffic_light_intersection,
b'\xd4\xf5\xee\xf5\x0e\xfb]\xf7',b'\xa4\xe7\xe1)\x97\x7f[\xa9',traversing_traffic_light_intersection,
b'\x16\x88\x8cs\xfc\xeaZ\xed',b'R\xbe\x96\xbef\x9bZ-',traversing_traffic_light_intersection,
b'\x8a3] \x81#Rp',b'\xc2\xf6\x9a\xb0/\xcbS\x9b',traversing_traffic_light_intersection,
b'\xd1[\xaeaJ\xc3W\x92',b'j\xfe\x7f\xdf\x15\xbc\\\x96',traversing_traffic_light_intersection,
b'\xb3\xc1?\xeb\x8b1W7',b'\xf3V/ \x81\xf3\\\x99',traversing_traffic_light_intersection,
b's\x82\r\x05\x0b\xaeP\xe9',"b'\x1a\x8e\xdb""\x9c\xebP\x01'",traversing_traffic_light_intersection,
b';X\x05+V\xb1S\x04',b'\xa0MT\x06T\x1dU\xd1',traversing_traffic_light_intersection,
b'Pe\x87\x894\xb0U\x93',b'r\x08\xf7\xd3\x03%_\xed',traversing_traffic_light_intersection,
"b'\xdc\x17\x9f\xce1""P\xd8'",b'\xe5\xadb\xd7y\xb7^\xed',traversing_traffic_light_intersection,
b'\x18C\x88\xdb\x91\x17_\x14',b'\xc3\xb8{?y6]\xa0',traversing_traffic_light_intersection,
b'|\x8c\xe4@gj]\xae',b'\xa5\x8cu_\x01\x80X(',traversing_traffic_light_intersection,
b'\xbd]\xa9\x95\x85H\\\x95',b'\x14\xc7G\xfc\xd8\x9cY\x9a',traversing_traffic_light_intersection,
b'{\x9e\xe6\x11\x89\x90S\xb6',b'\x0c?\x92\xf5`VY\r',traversing_traffic_light_intersection,
b'\xe1\x86\x8a\xf2\xc7\xaeX.',b'\x83\xc3\x08A\x84`XS',traversing_traffic_light_intersection,
b'\xb4\xd7/\xe1\x12\xb2R\xed',b'l?\x13\x830\x8cR\x00',traversing_traffic_light_intersection,
b'\xd4\xae\xf3\x14g\x11[\xd7',b'\x06\x85\xf1\xe8?q[\xe9',traversing_traffic_light_intersection,
b'\xaeuO\xca\xf0TS\xc3',b'\x0c\xa6\xd3uZ\x1a[\xc4',traversing_traffic_light_intersection,
b'\xb3\xdds6\xa0T^&',b'\x11i\xbc|*\x99WB',traversing_traffic_light_intersection,
b'\xadcj]t\xc7T\x1f',b'\xff\xe1%\xd1]XW\xc3',traversing_traffic_light_intersection,
b'y\xf0\xe9\xc2(\xb5T)',b'+\x91Zz\xd6\x82Ue',traversing_traffic_light_intersection,
b'\xcd1\xad\x904\xf7\\\x88',b'\xfd\xd5\xf0\xd73\xdeT\x1f',traversing_traffic_light_intersection,
b'\xdc\xd8\x9d\xef{rTS',"b'\xc3\xf4\xac>""iX$'",traversing_traffic_light_intersection,
b'\x06\xd0\xd0J\xa7\x9eU8',b'\x18\x87\x98\xab#\x1bTq',traversing_traffic_light_intersection,
b'\xb0/\xf7\xc1\\\xa1V\xba',b'\x92\xa0\xdd\xc5\x0e\xc3T\x98',traversing_traffic_light_intersection,
b'\x98j*\xe3\x9b<R\xdc',b'\xb5\x06\xc7I\xfb\xc2S\x14',traversing_traffic_light_intersection,
b'\xd4\x0b\x06\x82<3T\xf7',b'\xf9\xdd\xf7\x11\x19\xd0Y\xfa',traversing_traffic_light_intersection,
b'9S\xdf\xbf\x11vQ>',b'.\x8f\xe1\xdd\xae\x8bT\xa8',traversing_traffic_light_intersection,
b'\xc2J\x05\x80\xe8\x90\\\xd3',b'\x82vF\x87Y\x1dTr',traversing_traffic_light_intersection,
b'E\xb2ru3\xfdV<',b'r\xbf7Y\x01\x1bU(',traversing_traffic_light_intersection,
b';\x0cGS=\x8cW\xbf',b'\xde\xd8`\x02\x91\tX\xc1',traversing_traffic_light_intersection,
b'\xf7\x03\xa7\\\x9cZW\x90',b'\xe1\xc9!\xd6\x14\x18VA',traversing_traffic_light_intersection,
b'Sc\xac\xf6D>P\xee',b'^\xfco\x83\xc3\x9dRf',traversing_traffic_light_intersection,
b'w}W\x80\x9b\xebR8',b'eNFQ\xc0\x1c_/',traversing_traffic_light_intersection,
"b'\x8f\xf0A,\x1aX^\xc2'",b'\xaa\xb5q2F3_]',traversing_traffic_light_intersection,
b'\xd3\xe9]\x0fH\xf0^\x1b',b'+\x15\x80\xdf\x8a+P\x81',traversing_traffic_light_intersection,
b'\x816\x9b\x9d\x0c\xc4Q\x07',b'\x0b\xb1\x84\x88\xd2\xd4Q\x81',traversing_traffic_light_intersection,
b'\x08g\x1b\x96\xde\xfaWW',b'\xfaU\xc2#\xc7\xbfR\x81',traversing_traffic_light_intersection,
b'\xbcp\x1a\xf5\x00\xcbW\x05',b'\x1d\xae\xef\x9a\xf2\x1aV\x02',traversing_traffic_light_intersection,
b'\xbc\x12\x8b\x1b\xe3\xc4]\xd9',b'\x04tW\xc7\x07\x9dXg',traversing_traffic_light_intersection,
b'\xa5Iw\xdf\\l\\L',b'\xc3j\x834kTQ\x11',traversing_traffic_light_intersection,
b'R\xcf\x08NJ\xc0]\x80',b'N\xc6v\xc0\xfb/R`',traversing_traffic_light_intersection,
b')\xe4c\xb1\x07\xa0Y\xea',b'\xeeT}\x1e\xc7\xaaU1',traversing_traffic_light_intersection,
b'\xd9\x1dE\xc0#\xbcQb',b'/\xa1\xdaNM\xefX\xb0',traversing_traffic_light_intersection,
"b'\x1cn\x89\r,,Q\xbd'",b'\x9e\x05MkF\xecZ\x7f',traversing_traffic_light_intersection,
b'\xa8\xec\xdc\x9c\xd4\xa3]\xa6',b'\xe9\xaas\x8dn\x9dV\xd3',accelerating_at_traffic_light,
b'$G\x15R\xb1%U\xb8',b'\xe9\xaas\x8dn\x9dV\xd3',accelerating_at_traffic_light_without_lead,
b' \x03\xce&\x13\x81Uv',b't\xb5\xd4O\x08\n[\x81',stopping_at_traffic_light_without_lead,
b'\xf1\x13\xe1\x98\x99\x8fS\xa0',b';\xbe\xe3\xb3\x19\xf3Wb',stopping_at_traffic_light_without_lead,
"b'\xe3$\x99)\xd1i^,'",b'\nQ\xc0\x96w\xa8Wv',stopping_at_traffic_light_without_lead,
b'\xbd\xe5\xd9\xea\xeb\x0fV\x91',b'+\x17\xab\xdd\xf51V\xba',stopping_at_traffic_light_without_lead,
b'4\xaf\xeea\xf0\xc2Z\xac',"b'w@,\x91q\xdeTa'",stopping_at_traffic_light_without_lead,
b'\x13Qm\x0f\x1eTQ+',b'\x97\xe6\xaf\x1f\xb3\xc5W\x10',stopping_at_traffic_light_without_lead,
b'\x8aL\x8c\xad\xef\xdd\\[',b'\xfc\xf6h\xfa\r\x7f[\xcd',stopping_at_traffic_light_without_lead,
b'\xfaHh\x8fK\xc5]j',b'\xe2\x8b\x931\x8b\xb2S\x01',stopping_at_crosswalk,
b'Zw9\x1fCRWF',b'\x89f~\xcbI\x07]\xf0',stopping_at_crosswalk,
b'ep\xe8\xa0o\xe4X\x9b',b'(\xd4\x079\xcf\xceV!',stopping_at_crosswalk,
b'\x17\xea.g\xf8x]f',b'\xec\xc3v\x1eZ\xe5^\xa6',stopping_at_crosswalk,
b'\xc0Y\x9dM\xc0\x14X\x8d',b'\xc5\x8f\xc8\xddEM^\xe3',stopping_at_crosswalk,
b'\xe5\x16\xa37\xa3v^\x7f',b'z@\xd3!\x95\x94W$',stopping_at_crosswalk,
b'\x17\xbb~\x86+`P\xab',b'Tm\xef\xf8\x9eCV\x99',stopping_at_crosswalk,
b':\xd1\xd4y\xad\xe5]\x8f',"b'\xb6\xa0,\x7f\xf7\x08_\xd0'",stopping_at_crosswalk,
b'\xef\x7f\xd3\xa1|\x98^\xbf',b'\xff\nK\xa6\x8d\xddPz',stopping_at_stop_sign_no_crosswalk,
b'\x19J[L\xc1}^\xce',b'\xcc\xf7ld\x0b\x16]c',stopping_at_stop_sign_no_crosswalk,
b'\xc1*y\x8b\x0c\xb0Z\x17',b'\xe75\xc7\xae\x8crY\x96',stopping_at_stop_sign_no_crosswalk,
b'>\xadG\x03\xf4K]\xe1',b'\x8f\xfa\xbd\x86[AQb',stopping_at_stop_sign_no_crosswalk,
b'\xf8?WKZ\xeePI',b'\xca\x03\x0b\x95\xcf>TU',stopping_at_stop_sign_no_crosswalk,
b'\x15\xe8s\x807?R\x85',b'F\x9e \xd7v\xc2U\xf8',stopping_at_stop_sign_no_crosswalk,
b'\x95{[\xb2\xe7\xc0ZT',b'Y)\xc6\xe3H\xb4^n',stopping_at_stop_sign_no_crosswalk,
b'\x92\x8e\xea2\xa2\xdfTt',b'QZr|\xeb\xd2[\x04',stopping_at_stop_sign_no_crosswalk,
b'\x07&4\x0b\xc8JU\xf1',b'\t\x07s\x130wS\xc9',stationary,
b'\xf6+\x84-\x82\xb1\\\xdb',b'\xdb\xd79o4VT\xf5',stationary,
b'\xc8P\x11\x10\xf3j_7',b'\xaf`\xbf.}\xe4_\xb0',stationary,
b'\xd7\xc7p \x0fBY\x98',b'\xbf\xd9 \xda\xca\xfaPV',stationary,
b'\xb2\x98\xdcY\xc4\xe1U}',b'\x1a\xffxu~%Vl',stationary,
b'\xb3\x95\xef\xdc\xc9\xe2Z\xf3',"b'\xfe\x0f\xe6\xa4""\xf2V|'",stationary,
b'\xf1}Q\x08n\x02R\xf8',b'\xa3\x0f\x948F5Y\xee',stationary,
b'\x8c$\x03\xc5\xe3gP\xc6',b'y\xdee\x91\xf9\xde^\x90',stationary,
b'\xaa\x1aq~^/[_',b'\xfe[\xb2\x89F\x17Ph',stationary,
b'\x00 F\xf29F[\xd0',b'\xd8|0~\xe3wPl',stationary,
b'}\x97\x7f\x17l\xa7T\xf7',b'w\x1d\x18\x14\xd5\x9e\\\xea',stationary,
"b'\x809\xa3,\xd6\xd4T\xc7'",b'&\rEx\x9e\x19V7',stationary,
"b""y\xff\xe6_\xab'X\x0c""",b'\xc3!\xea\xdcF\x08S\x80',stationary,
b'\xce\xdbhxL\x88U\xe2',b'\xe6\x1b$\xc7\xad\xf9Wx',stationary,
b'\x01\xf4\x02\xb0;\xfdXz',b'\x1d\xd5\x01\xb8vEZ\xaa',stationary,
b'\xe2\xee\x88\x9f{\xe5\\\x19',b'R\xf6\xc8\x8e\xf6\xeeST',stationary,
b'=\xf0\xf4r\x1eP_\x92',b'\xbb&\x16\xf6o>Q\x0b',stationary,
b'i\xb9\xf5\xf5s\xa9W6',b'\xae\xb23\x1bx\x06U\xf5',stationary,
b'\xd4I~\xb3\xe1Q^(',b'c;\xbc^\x19\xa7Z\x1d',stationary,
b'\x9f\xa9\x1aU\xfa\xa7\\\x01',b'nz\x92\x86\xf0\xa5Ue',stationary,
b'9\x99U\xa0\xb1\x96Z\xb4',b'D\x80\x8c\x82R=]\xa1',stationary,
b'\x08{\xf2~bpV\xea',"b'RZ\xee,P\x94Q,'",stationary,
b'5_\xdbS\xca(\\\x85',b'\xfb\xe1\x94\x8f\t\x7fR\x1a',stationary,
b'\xf9\x04\x95\x9b)9Qz',b'\xee\x83\xa3\xa7_\x92XN',stationary,
b'\xa8\xe4X\x96\xa0}U\xb6',b'\xfc\xf6h\xfa\r\x7f[\xcd',stationary,
b'\x0e;7\xcf\xa5~Zj',b'\x9f-\xe8\xc9(\xa8R\x9c',stationary,
b'r\xdc\xa1\x1bM\xb9Q\x13',b'\xa4\x98\x1c\x9aF]Y\xdc',stationary,
b'\xe2W\n\xa0\xa0?Qs',b'#f\xa8\x8f\x9d\xc7X\xde',stationary,
b'\xae\xbd\x1fD\xf2n\\n',b'\xdf\xcb\xf3BOw^N',stationary,
b'r\\\\\x07\x0e\xbfY\xac',"b""q\xecE\xfb\xcf\xa8Z'""",stationary,
b'$\x04\xb2h*~_\x0c',b'[\x88\xdb>\xc4\xacWe',stationary,
b'o3\x9bX\xbc\x8e_\xfa',b'\xa0AO\xaat5R\\',stationary,
b'\x16\xa5n|\xc5\xb5ZO',b'$\xad\xd7E\x9c`\\\xb1',stationary,
b'=F\x9c\xc9\x12FU\xbc',b'\xac+z\x82\xbc\x19S\x8a',stationary,
b'*\xe7\xca\x90\x16\xa2R\x81',b'w\x19\xe7\x16\x82SW\x83',stationary,
b'\x9b\xbb\xac%O.Z\x85',b'g%@eT\x8eZU',stationary,
b'\x07\xfb\xfeO\x93\xa2W\xc7',b'o\x7f@z\x0f\xd6T\x91',stationary,
b'hl\x1a\xe3\xf4G]\xb2',b'y\xd0~\xda\x10\xa7S:',stationary,
b'c\xbb6\x81Z\xc1Vr',b'\x15a\xe2\xf6F\x0bT\x1b',stationary,
b'\r\xe4\x92\xb9\x13\xaeW\xda',b'@\xb1\xc0`m\x05T\xe7',stationary,
b'|\xcfG\x94\x84$Wy',b'\x9b\xbd9M\xa5KSB',stationary,
b'\x99\xa1\xda\xc8CkR\x97',b'\xbd\xeb\xd9wcRZ\xfe',stationary,
b'\x83b\xa2\xf0t\x92X6',"b'""\x15""T YPw'",stationary,
b'\xa9\xf2\x06\x009\nY\xd0',b'\x82\x9fb0QCV\xb4',stationary,
b'\x7fM\xea9\xd1]Y\xf1',b'Q\x1bx\xefV%_3',stationary,
b'\xe6y\x11\xf4U\x0fY\xe6',b'*\xe4\xab\xc2\xebc[\xd0',stationary,
b'r5\\\x01e\xdc_h',b'\x9aB\xac\x0b\xa6\x9aP\xb6',stationary,
b'\xa1L\x7f\xfe\xfa\xd6P\n',b'\xde\xcd\xac\xbd\x83\xd5_\x94',stationary,
b'\x1e\x87\x1e\xfbxmU\xc7',b'9\x97\xd0\xaa\xd7S[\xce',stationary,
b'\xbaE\xf5\xa7\x88\x04_u',b'O\x13\x8ang\xc2PP',stationary,
b'ao$\x0f\x1e\x8e^Z',b'\xe9=\xca\xa23\x01U<',stationary,
b'_=V\xe3\x1b\x7fT^',b'\x10\xc1\xd6K\xef\x8bUD',stationary,
b';{jy\xeeSX\x92',b'\xbfS\xf2\x91\x15lS7',stationary,
b'\x9d4\xab\xf2\x87:_\x9c',b'\x8d\xa4\x89B\x91\xc9[o',stationary,
b'\xc7\x08\x92\xa2KfW\xb5',b'Nj\x9e\xfe\xba\x1dRf',stationary,
b'E\xba\x86$\x18\x08_C',b'Y\x1a\xe1\x0c#\xd1]\xaf',stationary,
b'\xe0\xf8y\x0f\x8b\xb0X9',b'Q8\x9f\xb2\xd7\xcaYE',stationary,
b'\xd3\x90w\xd9\xa41VH',b'\x13\x1a\xa9%\x9es^\xd1',stationary,
b'b-J\xfbY\xc7Z\xa0',b'\xf8+W\xbb\xb9P[\xcc',stationary,
b'\xa1\xf5\x19\xd7M2W\xb7',b'\x18\xcc\xce+\x98g\\\x0b',stationary,
b'~\xc8\x88\xb1\xdf9QH',b'\xef\xc1\x1c\x03qlQ7',stationary,
b'd\xb2\x1e\x82sj^R',b'l\xdd\x16\xc2L\x0eX\xdb',stationary,
"b'd\xc9\xcd""AYZ\xc6'",b'u\\\xc3\xf0\x86\xcaW\x92',stationary,
b'\n\xc0\x95\xba\xdd(S\xb2',b'\xaf\xa0SoD\xb9Uf',stationary,
b't\tA\x95\x84\xe8V\xe2',"b'\x84\xb4""\xb3\xd6\x86ZE'",stationary,
b'\x16q\x16\x8c\x90\xd6_;',b'\x0eT\xe8\xb8\x11FP\x8f',stationary,
"b""0\x8bb\xd5\xb6\xd6S'""",b'B\x7f\xf0\xc9\xc7\xe8W\xa0',stationary,
b'X\xb0>\xe9\xc1\\P\x98',b'\xf0\xf7\xcfZ\xd0\xfbQ$',stationary,
b'd`?\xf8\x04\x04Q\xe8',b'\xff\xcd\xc2\xbf\xb5$Uo',stationary,
b'\xb8g\x13\xd2.\xd7T\xa6',b'\x9ei\x98\xa8\xb6\xd0W%',stationary,
b'$\xa7\x9b\x89D6X1',b'\xc2\x1f(\xb5\x88\xebPc',stationary,
b'\x0c\x17\xf5MY\xadP\x90',b'p~vg\x13M^^',stationary,
b'\x97\xe7\xe9Z\x02\xc0R\x1a',b'B7\x96\xf2\x15\x7fVb',stationary,
"b'\xe0+{\xe2NGU,'",b'\x8bm\xf0\xe8\x1a\x89Z\t',stationary,
b'\xdb\xf4\x99\th\x14V\x1e',b'\xd7\xaeFYJ%_\x07',stationary,
b'\xbf\xe5?\xb5\xa9e[\xc4',b'\xdep\xa7\xd6\xf8+[\x9e',stationary,
b'\x97+\x04\xee\x14FX\xc8',b'H\x02\xa2\xa4j\xb7R\xf8',stationary,
b']\xd7\xbc\x8d\x8dsZS',b'9\x9c\xaa\xa0\x85\xa6R\x01',stationary,
"b'\xd8}*\xcc\x9c,P\xf6'",b'\xf9&\x8c\xb23\x88U\x13',stationary,
b'\x1b\x18C\xc8\x96\xd8P\t',b'A<2a\t\x8eX0',stationary,
b'i\xbd8\xc9\xc5\x17Y\xcf',b'\xa8\xae\x16\t\xe9\xeeY8',stationary,
b'a}\xb2\x8a\xf0\xddW$',b'St\xa5\x84f\x92Ri',stationary,
b'\xe0\x19q\x82\xcf\x18Z\x92',"b""\x12H\xc5o'$Rs""",stationary,
b'\xb5\xa5\x88Wx\x0bTa',b'\xdd\x83}\xcf\xd2_U\xd0',stationary,
b'i\xe4T2\xe0\xb5Q*',b'\xe2\x97\xd4\xee\x95yXz',stationary,
b'\xbb>\xcbylw]\x9f',b'\x07\xb3\xf0A\x93\x10V%',stationary,
b't\x02\xfd\xe1r\xe9Z\x16',b'\x8c\x9bO\x8b\xe8\\V\xa8',stationary,
"b'\x0eA\xb2\x1b""\xe5\\)'",b'\xa3\x06p\x15\xdfg[\xd2',stationary,
b'\t\xd3W\xf9.\x89R\xda',b'\xde\x9f9\x99-\xaa_\x92',stationary,
b'(\x03\x8d\x18\xf9\x06S\x93',b'\xf1\xc0\x01\xdd\xd9{Vm',stationary,
"b'\xc9\xc1A\xdb\xb2""V\x1b'",b'\x0fQ \x12?\xceQ\x03',stationary,
b'\xb6\xf1\x18(b$T\x06',b'|\xb7\xf5\x1b\xd9\xa1^\xd2',stationary,
b'\xca7\xe86gl\\\xf1',b'\xaf\xd53!\xaa1Q\xdf',stationary,
b'\x13\x9d\xcb_\\\x0f^\xbc',b'*5\x0bD\x0c\x98Z\x95',stationary,
b'\xf6\xd0\nVb\xf8R[',b'r\x83\x01\x97\xae\x16ZP',stationary,
b'\xf0\xdc\x88;\x06\x14\\\xb7',b'\x80\xc9G\xb7\xf1\xd0Q\x88',stationary,
b'\xbb\x9f\xe9\x87\xddK\\\xfc',b'\xa2\x17\x8b\xdb\xac{V*',stationary,
"b'\x11=\xa5\xffA""YJ'","b""\xa0\x97'\x85m\x05\\\xa5""",stationary,
b'7\xc6\xda\xc5>\x1dQ\x14',b'\x9b\x9e\xbe5\xfe\xcc^\x06',stationary,
b'3\xe0\x00N\x8a+]\x18',b'\x87]\xca!\xc0\xeaTg',stationary,
"b's\x05,\x12\xc8,^\x92'",b'\xc2\x80\xc8\x05\xac\xc8P\xd3',stationary,
b'k\xfb\xee\xd7\xff\x15[\xa3',"b'N""\x11\x01\x06\xb1R\x16'",stationary,
b'jW\xe3a\xf7t_\xa9',b'_\x82\x1du\xbd\xdaZ\xcc',stationary,
b'%\x7f\x83\x10\xfc\x94ZV',b'\xc9\xf4\x1d\x98\x0b\x12W\x86',stationary,
b'\x00\xe2>\xf3~\x8eX\xda',b'\x0eq\x046\x90\xd2Y)',stationary,
b'\x04\xd0z\x93\xa4\x1c]U',b'\xc8\xb3\xe3\xee.\xe9^B',stationary,
"b'""\xea<\xea\x81#\\\xe9'",b'\xfd\xea\xd2\x11\xadcR\xe7',stationary,
"b""\xf0\xa5)'\x99RX=""",b'\xefM#\x00\x9d\xdeSg',stationary,
b'\x93 s4\xa5\xfcYF',b'\x96\x08\xb4\xf5\xd5\xf8_\xe6',stationary,
b'=\x9b\xbc\xfbm\x9a^@',b'I\xb8\xcb\x10\x0cK\\\xf3',stationary,
b'\x0b\x0e\xd1\x7f\xbe\xa1_\xb3',b'\xdd\xc4\x81G!\xd2XA',stationary,
b'\xfa\xecxsY\x06_\xc0',b'\xc3\xfb\xca\xb6\x9f%V\xf5',stationary,
b'\xbb\x85-\x177d\\\x98',"b'\x13\xb0\xf8\x93\x85\xe1_""'",stationary,
b'\x88^\xee\xfd\x9eVWo',b'\xe8\xabl\xcfE\xf3[A',stationary,
b'qp\xe7J{PW\xe9',b'\xdc\xbd\xefB\tm[6',stationary,
b'\xe2M\xfd\xc8\rC]\xe0',b'\xa6C\xcf\x97\x99Q_C',stationary,
b'\xe8\xe8\xc4F\xc8wV*',b'\xe0#R\xcf\xf5\x00Z(',stationary,
b'\xd5:\xd5\xf7\x8f\x98\\\x91',b'\n\xbc\x9erI\x0f\\\xe6',stationary,
b'\xcbp\xcb\x1e\xc8\x00R\xa5',b'\x87\x9e\x10\x13\x8d\xdd[\xe3',stationary,
b'MA\xbc\x93w\x12QF',b'%/\xb2\x11M\xf1\\\xc5',stationary,
b'\xa7\x12\xbe\xc0\xd5\xa1Y%',b'\xacB\xaeQY\xa0Q\xfe',stationary,
"b'D\xf1Y\xa5\x01\xbfX,'",b'w\xa1\x88\x17G\x93\\\n',stationary,
b'.\xb9\xd0R\xba\xd7_\xea',"b""l\x8b\x83\xfa'\xba]\xa8""",stationary,
b'\xd3\xe6\xb1\x8a{\xe9[\x8b',b'%\xf9o\xdbONT\xff',stationary,
"b""'\x86\xb8\x86\x84uWq""",b'\xf0\x0f\x07\n>KU\xac',stationary,
b'\xfaq6*\x1a\xc9Rd',b'F\xac\xbe\x97\x80-P\xae',stationary,
b'n\x98\xf7<R\xfcS\xe1',b'\xc7^\xe2\xdf;\xdcRb',stationary,
b'\xa1\xda\x8b\xc1U~]\xe6',b'!r|\x18\xae\xf2V\xa7',stationary,
b'F\xb71\rW\x1c^\x90',b'\xd0[\xd8\xf6\xcd.Z\x91',stationary,
b'Y\x06v\x90qB]J',b'\x8b\x83\xdd\x9a\xc8\xe6P\xd9',stationary,
b'\xf5g\x95P\xe8\x9cRS',b'\xd6\xa5N\x9eUFVx',stationary,
"b',\xb9\xae\xdb|\xafY\xe6'",b'\xdc\xc9bg\xe9\xbbT\xe2',stationary,
b'\x15\x08\x92\xa7\xb3\xe8T\xc1',b'iUn\xea\xf7\x83_\xb8',stationary,
b'!)ly\t\xe0\\\x88',b'\x85\x03\xb2k2\xa4^I',stationary,
"b'\nY\xeb,\x82#Y\xa9'",b'9\xbf)\x00/\xeeW\x81',stationary,
b'2\x02\x1a\xe6\xc4\x80[\xb3',b'b\x8e\xb7\\r\t[Y',stationary,
b'\r\xd2D\x89F/]\xe5',b'o\xe9\xa3Y\xdfmQ\x16',stationary,
b'\x06\x81\xda\xa5\x02\nR\xb6',b'\xc3fq*\xb4\xd0Q\x8c',stationary,
b'\xc8\x8b\xb0D\xb3BW\xcb',b'\x0f\x8e\x1b\x86\x00\xc1V\xed',stationary,
b'\x95:\xb4\xa2m(X\xc9',b'\xdb\xe5\x1e\xa3\xd0\xc3Zx',stationary,
b'\xf1\xae\xac\n\xc1\xecS\x84',b'\xfb\x972\x13#\x9fP\x8a',stationary,
b'\xdf\xec\x1c\xc1\xf9\xfdZ\xbe',b'J\x0c\xd6\xaa\xbe\xc4TD',stationary,
b'\xf7MY\xb1R\xd3^C',b'\x01\xe7\x8f\xc1\xc2\xe3Z\x95',stationary,
"b""'B\x84\xd6\xc2\xbcT\x83""",b'/\x03\x84\xab\xed\xae]R',stationary,
b'\xb0q\xc9\x0f\x17\x87]\xd6',b'}\xb7t\x86\x0e\xfb]\xeb',stationary,
b'\xd0\x99Cj\x13?\\\xf6',b'\x15\x12PH)\xb7W\xaa',stationary,
"b'\x7f%""]\x11\x0eS\x04'",b'<\xab3\x03\x08\xe8U\r',stationary,
b'/\xed.\xea\x1e\xa7Z|',"b'\x0c.\xd2\x85\x93\xddU""'",stationary,
b'c\x81a\x83\x19\x84U}',b'\xcc\xde\xf3\\]#Y\xf4',stationary,
b'\xa5%\x00\xb2n\xdbSr',b'\x8b\xc6i\x9a\xeb\xf4]\xa2',stationary,
b'\xedyieJ#\\x',b'8N]\xee+\x02^k',stationary,
b'\x9e\xbf\xe4\xe1L\xaeZ\xb9',"b""'\x92\xa2\x01\xf3\x9bZW""",stationary,
b'-\x16v\xcc\xe89V\x0e',b'x!\xbaj\xcdZWP',stationary,
b'\xe4\xb2jT\x13Y_\x9b',b'-\xc8\xb2\\\xfa\x80_\xfc',stationary,
b'\x08x~V\x9f\x90SS',b'4?)\x8as\x83^<',stationary,
b'\x00\xd6\xe1&\xd4L]\xd8',b'\xc4\xf2\xf1\xf73\x01Y]',stationary,
"b')\x19d""\xb2*Xa'",b'\x12\xd6m\xa1t\x9bR\x05',stationary,
b'\x1e\xf9\xd4@\x16eT\x0e',b'\xb99\xe3\x08n\x96P7',stationary,
b'1m\xee~\xa9f\\K',b'\x19\xb3\xdfH\x16-_\xf3',stationary,
b'\xc1\x92G\x87\x99\x86VK',b'e\xf5\xf5^\x18\x86Tp',stationary,
"b'\xd9\xe4\xb4\xf9^,_m'",b'\xd0\xad\xf4\x1d~JZa',stationary,
b'\x87\xd7\xd8\x10y\x83S$',b'I4\xde\x15\x1d1]\x94',stationary,
b'u\x11\xaeW\x8aE_O',b'\xf5B\xe5\xeb\x88\xa8Xk',stationary,
b'\xcd \xfeT\xb8\x84]~',b'\xfb\xbf9\x12\xc0\xccT\xac',stationary,
b'\xc1\x82\xc8\xf6\xaeXS\x99',b'g`j\xbbs~_j',stationary,
b'%\xd4\x9d*\xceWUO',b'c\x16\xab\xc1\x94\xc0[\xed',stationary,
b'\x0c\xb5\x9a\x1e\x84\xfdX\xbd',b'\xaaH\xdf y\x19WD',stationary,
b'd\xe6i\x87\x95\xcbV\xef',b'\x94\x91\x144\xa5\xd7^\xea',stationary,
b'\xf4\xc68g\xf6b[\xa8',b'T\x88\xb4$\x849^\xd6',stationary,
"b'h\x89B-,\x8dQ\xd7'",b'\x85\xc3\x97\x19\x83\xe6\\\xb1',stationary,
b'\x97J\x07\xd8\xec\x87[b',b'\xee\xd8\xaf\x11\xb5\x02U\t',stationary,
b')/7p\x95\xbf\\\xe5',b'\xe9\xeckk\x1b\xdd_<',stationary,
b'\x88\xe7\xa2\n\xa2\x97V\x1f',b'\x86\x9f4\xeb\xfcVV\xf3',stationary,
b'\xf5\xd7uE2\xe7Z\x1d',b'\x9d\x08\x94\x8fh^\\\xd6',stationary,
b'E\xfbC\x06\x87\x0eU#',b'\\\x14D\xe2\xa0\x85]\xa1',stationary,
b'\xfa\xbe\x1f\xd2\xa6`X:',b'\x9b\x89\xe2\xf3:\x99VG',stationary,
b'\x1c\x9em\xfbeb[\x86',b'}\xed\x06\xb6_\xee]\x86',stationary,
b'\xe2\x99\xdaq\xab\x9aX*',b' \xcc_7K\xf0T\xdb',stationary,
b'\xd4:K\xf0i\xc3^r',b'\xf7Q\x05\xbd\xb9\x14Q\x9c',stationary,
b'[\x0f\xf5_\xed\xf2WG',b'icY>Z)U\xc2',stationary,
b'\x00\xc0\xd0wNiY\x03',b'\xe8\xa4\xc5\x01\x81#_Y',stationary,
b'\x10Ax\xadd\xce[\xb2',b'\xfa\x06\xaf\xe1:\xfa\\N',stationary,
b')\x86$>\x90\xe1Q\xc3',b'\x17s\xbd]\xde!V\xca',stationary,
b'%\xc3xPl\x1c]H',b'\x04\x06S\n\xd4\xf7\\l',stationary,
b'q\x02\xc6\xe1\xf0ZP\xa6',b'\xf3@\xa3\xb5\x95_V_',stationary,
b'O6\xe8\xc8D\xc3Y\x99',b'\xb0\xe5\xbcKj\x83X\xc0',stationary,
b'\xab\xdf\xe0\x12p;Y\xe8',b'\x10\x94\x9c\xb4\xc4\x82S\xc5',stationary,
b'\x90&\xe9l\x9d\xe4\\\xde',b'D(R;\xe3#Ra',stationary,
b'\xfb\x16:\xc9\x05rW\xf4',b'\x1e\xbf\xd9\xa2V\x1dQ\xcd',stationary,
b'\xf3\x8b\xb7\x8ee\x12Z\x00',b'\xe0\x9eG9.\x0b[i',stationary,
b'\x1c&\xe6\x06\x11~V\r',b'\xf1\xca\xd3s\xeb\x1fXr',stationary,
b'\xec\xcf\x97\x92\xb7\xecR\x0e',b'3~\xc6\xe6\xa0cV\x98',stationary,
b'\xbb\xf3\xa6\x96\x82\xe5Wz',b'3M\x885l\x16T/',stationary,
b'\x06E\xbfe\x8a4P\xcf',b'\x19\xaet\xf4\xb9`[\xf3',stationary,
b'\xa7d3\xdda`\\\r',b'\xee\xb2%:\xf3QX\xe6',stationary,
b'\xc56$\x059\x9cV\xed',b'\xd9\x94\xc1e#\xa5[&',stationary,
b'.\x8a\xb4VL\xd8V\x0e',b'k=\ng&\xacR\xb2',stationary,
b'\xee\xec\xec%\x88nSV',b'\x8a\xd36\xd31\xa9Y\xf0',stationary,
b'\xf454\xe3\x0ehU\xa9',b'\xc9\x8b\xf9\x89-\xf8PF',stationary,
b'\xc0\x96\xcd\xfc\x91\x1eXg',b'\xe0`\xf2\xe0\xf2\x8cT\x80',stationary,
b'\xed\x1euNG\xc0Q\x1b',b'\x84\xa0\xea|\x89{]\xef',stationary,
b'Y\xff\xad\x839\x0cX(',b'\xbf\xe6\xda\x19\xa7\xa9Vc',stationary,
b'UA\x86\xcce+YE',b'\xc9\x05\xb4S\x08jZg',stationary,
b'X\x81\x05\xf4\xa5\xa8Z=',b'T$3N\x0f\xb5\\2',stationary,
b'\x82\x07xRJ\x00W\xe6',b'\xd7\xaa\x9bI;\xc6Q\xa7',stationary,
"b'\xc7]P\x93,\x03T_'",b'\x9d\x08\x07\tD\x9e]\x9a',stationary,
b'\x12\xceN\x07\x9fbZ\x89',b'M\xe4B\xf3M\xf3V\x13',stationary,
b'\xb9\xed;q\xc3+U\x95',b'\xfc8\x1d\x11GtTQ',stationary,
b'\xbb\x84\xd8-\x1c\xbc]\xaa',b'\xdf\xb5\xa2\xb9\xcdn[B',stationary,
b'n\x96\x10\x9c\xd9\xf8R!',b'd\xfe\xfe\xe5a0Z[',stationary,
b'\x00\x94\xa6lB\xab[\xcb',b'h\xf1F\xf3\xa7FWY',stationary,
b'\xce\r\xc1D\xb9\xaf\\\xa7',"b""b\x9d\xd3'^\x15YO""",stationary,
b'\x86\x16`\xd5#\xcb]\x90',b'\xbb\xe6 \xfdN\xb9_9',stationary,
b'\xf5H\xf9\xbe\x8e\x07^S',"b'\x17\xe4E\xf8""\xf3_\xeb'",stationary,
b'\xff0\xb9\\\xa5\x15U\xfc',b'\xbf\t\xa7p\x18\x7fP\x0c',stationary,
b'\x85\xd9\xe7#\xe1ST\x81',b'\x1e\x19\x910\x13j^\xfd',stationary,
b'\xc5\x1e\xa5H\xb6\x9cVT',b'\xe7<#}r\xcc^u',stationary,
b'\xa6\x16\x9e\xad\xf8\x06P\xde',b'pC\xc7\xbfB\x9eP\x9b',stationary,
b'/\xd2\xc9\xefxa\\\x89',b'\x9a\xc3\xdf\xd5\x17-_E',stationary,
"b""\xa2'\x00\xc4b\x17QG""",b'\xc7\xd4W\x1fJ\xb2_\xdb',stationary,
b'\x05\xcd\xa4\xf9\xc9LR\x90',b'P\xd9\x8f\xed\x0f\xfe^\x94',stationary,
b'\x88\x8a\xc0\xb7x\\R\xca',b'\x86\xd9i\xffa\xb3W\xce',stationary,
b'\x1d\xcb\xde;\x08\xa6[=',b'C\xb4\xde\x8f\xd0/V\xc9',stationary,
b'\n\xd5\x0f\xe14I]d',b'\x181\x06\x05\xdd\xb9Y\x84',stationary,
"b""\xb3\xf4\xeb\xac'\x10Za""",b'+A\x9d\xa4\x11\x9f\\\xe9',stationary,
b'\xc1P\xf9\xce\xbdcSp',b'O\x8cO\xde\x9f\xccUk',stationary,
b'o\x8a\x12\xb5r\xffZ\xb4',b'\xcb\xe3\x9fB\x15\xf1V\xbb',stationary,
"b'zz\xe9,t\x86Wv'",b'e\x1d\xff\xcc\xdaG^\xe2',stationary,
"b'\xc8\xbe\xeb""\xac[[L'",b'/\x0e\xd6\xec7nPa',stationary,
b'\x9d\xab:T\xb1+P\xf3',"b'\xd7\xc2\x08,\x89\x83\\t'",stationary,
b'\xef\x81\xd8\xd1\x16\x8cT\x0b',b'\xf2\xd0NTv\xdeY\xd0',stationary,
b'\x83`\x18;*\x84T\xc7',b'\x05{\xd7\x85\x93ZZ\xa5',stationary,
b'@\xedg\xdbp\xe9Pr',b'd\xcf\xb2\xcb\x82\xa5S\xd3',stationary,
b'AN\x84\xc3\xbd\xa2W+',b'H\t\xaaf\xa6j^1',stationary,
b'\x7f\x97\xa0\xe3\xbe\xcaR\xac',b'\x9d\x97\x13w\x90\xabV\xc9',stationary,
b'}kx\x85\x11\x83XS',b'\x08\x7fc\xafc9X\xdb',stationary,
b'\nF\xbe\xc1\x92y\\#',b'\xbaE\xb2\xbcE\xd5P\xf9',stationary,
b'\xb9\xfb\x1d\xe4\xd8BW\x98',b'\xf4\x1a\xf3\xaddA[\xe0',stationary,
b'\xa4;\xb6\xefA\xd1_\xb1',b'+D\xd5\xf9\x9c)RN',stationary,
b')}\xd6\xa0\xdc\x7f\\\xb7',b'\x1f\xe7s\x9f\x9a\xc3^\xea',stationary,
b'\xf6\xa5sB\xf7\xb5_\x00',b'^\xbd\x0e\x92\xafzV\x0b',stationary,
b'8\x1d\xd6\xb7h[_\xc5',b'\x88\xda\x1a\x838\x89UH',stationary,
b'\xf7\x00\x07Z\xe3\x0cTO',b'\x12\xfa\x8a\xb76\xfeY\x99',stationary,
b'\xebS\xc2L\x15\xceVP',b'\xdb\xa2\xf5aj\xac^\x8b',stationary,
b'\xb6}\xd1\xf1S\xb2Y\xf5',b'Z`\x88\x9a\x7f\x9eU9',stationary,
b'.\xae>\x93\xaa)Z\xe8',"b'J\x06\xc4\xbe""\rZ\x90'",stationary,
b'\x19\xac\xa1\x8aM\x11^)',b'\xdd<\xea\x8f\x12qV\x12',stationary,
b'\xec\x1c\xb9B\x18\xedV\xfa',b'\xfa\x81\xbbRQHR%',stationary,
b'\x85-c(\x0b\x0eW\xf0',b'X\x97J\xc0`\x05P\xa1',stationary,
b'6&\x93{\x80\x11]p',b'\x80X\x179\x9d\xcc_%',stationary,
b'\x0b\r\\\x1f\xd40WC',b'Dj\x08\\\xe7\xdb]\x19',stationary,
b'\x85\x1fu\xb4\x9b7^\xbc',"b""\x7f\xb2]'\x15\xcaS\xad""",stationary,
b'\t\x91\xa0\xc6\x95\xe9WW',b'0f\xd0\x08\xef\xd8Ve',stationary,
b'a]\xdbj\xaa\xfdP\x9e',b'5\x80db\xe3$Ry',stationary,
b'\x04v\xf6\xbb=\xf3Q\xb7',b'\xbe\xea\x0b\x9c\xec7Xb',stationary,
b'\xfay\xd9)\xe5?]\x05',b'\xa1B\xcf\xfa\x16\x06U\xfe',stationary,
b'\xcau\xbfb\x93\xc2]\xba',b'\xac\x9d\x19\xe9:w]2',stationary,
b'O>5uXMR\xe9',b'Z\x14\xb6%hDU\xb9',stationary,
b'N\xb1\xff6\xa0\xe1Q\t',b'\xed)L{\xa3\xa1^\xad',stationary,
b'\xe3\xe5\xb8<\x0f\xabVO',b'P\xd6\xa2\xb8\xddlQ\xd6',stationary,
b'\xd8\xaf\xacgg\xe8Yz',b'\x8aU\x8d\xeee\xdeSq',stationary,
b'\x98\x17\x1f|\xaf(Z\xf9',b'\x8a\xa3\x87\x9f\xad&U\xb9',stationary,
b'<G\xa2\xf3\xec\x1dRO',b'\xeej\xd8d\xcd+TR',stationary,
b'\x9a\x1cY8\xec~[\xbf',b'q\xc9\xcc\xf9A\xa4P\xf9',stationary,
b'B\xb2 \x05>-Z:',b'\xfd\x92\x805\xc9\xc9_1',stationary,
b'3+\xfd*v\xcbWJ',b'\xf8\x82\x1b\xafe\xbaP\x0f',stationary,
"b""\xda\xbbH\xd7&'S\xa4""",b'\xf2\xd3\xa4\\\r\x15[\xaf',stationary,
b'\x89\xb0\x1eBl7Yj',b'1\x05\x0b\xa2}\xacR}',stationary,
b'\xa8\x0bKd\xee]T\xb2',b'J\x8d#\xf5\x87\x02Y\xb9',stationary,
b';\x89\x1c2P\x90Z\xcb',b'[(\xedk\xed\xd0Sw',stationary,
b'\xb3\xb6l\xb2\xff\xe5\\\x95',b'\x18\xa0\x8c\xe0\xa1\x1aU\xd0',stationary,
b'\x89\x0b!l\\4Uz',b'\xa4\x0eE\xc3{\xfc]\xba',stationary,
b'\xd3\x1aigm\xf0\\v',b'\x8c\\\x9b\xa5K\xf9S\x9b',stationary,
b'8\x02V\xfd\xd2\x01^\xae',b'bS\xba\n\xbaOV\x17',stationary,
b'\xff\xa4\xd2Ns<W\xde',"b""\x7f\x10\xcd\x9e'\tU\x85""",stationary,
"b'#\xff\x13\x19\xa6,S\x1b'",b'\xb3\xba~\xc5(\x9dR\x11',stationary,
b'\x18w\x15\xe5\t\xb1P\x96',b'F\xba\xa7\xa1\x0e\xe7V&',stationary,
b'\x1a9\x1d\x9c<\x1dZ\x96',b'e\x9e\xa0\x18C\xa1T<',stationary,
b'\xddm\xb9u\xb4\x15P\xaa',"b""\x96'\xb3\xad@\xf1_*""",stationary,
"b""\xc4(\x0e'*/TX""","b'V2\xaaJ\x0b\xe4W,'",stationary,
b'\x0b<\xd9_O\xe2P\xce',b'\x92jt\x0b\x1b\xcd[\xc0',stationary,
b'w\xfb\xca\x8d\x1b\x0b[\r',b'\x83\xbd\xca\xd5\xe0\xe4R\xa2',stationary,
b'\x0e\x81\xdco\x08\x90[\x93',b'g\xc3\xc1=G\xe5P\xd5',stationary,
b'\xa7z\x9e\x03pmR\xa6',b'%|\xa3=\xdel\\\x17',stationary,
b'*\xc8i\xce\x81\xffP\xba',b'B;\x157d\xa5Z\x1e',stationary,
b'\x81&\xc4s\x00\xc1Ut',b'\xa1)\xb6+\x14\xbd\\\r',stationary,
"b'Ki\xd0""\x13\xd5_\xfe'",b'c\xe5XF\x0e5T\xb6',stationary,
b'\x1d\x95\\<L\xd1XW',b'\xdf\xc8tx\x9aQR\xb4',stationary,
b'0P4:[\xc0Tv',b'\x17&\x9c\x8bTBU\xf6',stationary,
b'\x89*\xc1\x88\xbe\xb8S\x94',b'\xd4\x8ccE\xfe\x9bP\xc1',stationary,
b'\xc9\x83\x10\xa9z\x94X\xc2',b'f\xcf\xed\xb76\x1cV\xff',stationary,
b'rUI\xa0\x02\x85R+',b'&\x87J\x16\xa2\xdeV\x07',stationary,
b'L\xd7.\x87\xca\xc4_d',b'\xc9\x8d8W\xc5\xa7V<',stationary,
b'~\x16\x11\x12&\xe3RO',"b""'G\x19.\xae\xd1S\xa9""",stationary,
b'Su\x7f\x8a\xe3\nS\xf1',b'\x15a\x8c\x96\x1e>ZK',stationary,
b'\x06\x90qM\xa0\x81Zx',b'\x14\xe2\x8c\xe8\xfa\xcc[j',stationary,
b'\xf5\x93\x07\x84\x151R\xc0',b'\x99\x93\x0cHH<Y\x03',stationary,
b'n\xa1\xde\x16{#^$',b'\xcem\xb2W\xf6\xffWm',stationary,
b'\x96@O\xa4\x9e\xec[\x05',b'\x86~\x99\x1a\xbb\xa8\\\xf0',stationary,
b'R\x81\x94\xba\x1e\xd4V#',b'\xf6}\x12\xf6xfV+',stationary,
b'\xf5-\x9c\x95\xfaLVx',b'r\x8c\xb9\xda\xb1\xf3\\\xcf',stationary,
b'v3\xac\xae\x9f2\\\xb6',b'\xceJ\xaa\xc2[\xce]\xa2',stationary,
b'8=\x11?\x82\xffW[',b'^\xb75\xa1\x89(W\xd3',stationary,
b'\x9d\xf1\xdd\xbd\xe8\x17_/',b'\xc9\xcfb\n\xe8\xd6R\xfb',stationary,
b'Y\xe5\xea\xfc\x822Y\xfb',b'\x93\xc7\xec_L\x9bS\xc8',stationary,
b'\xd4\xe1\x954\xe0\xf7[v',b'RC\\\xe6U[XK',stationary,
"b'\x8d\xd2\x8d""\xa5\x89Q\xdb'",b'\xdf\x84\xa4\xb1\xac\x94[p',stationary,
b'[\xa1\xb9\xad\x06\xff]0',b'\x0f\x7f\x11\xb1\x9b\x0f[E',stationary,
b'\xd4\x12$?d\xa8[\x11',b'z@\xd3!\x95\x94W$',stationary,
"b'\x04:\xa7""~\x03T\xe4'",b'\x91\xfe\xc1\x1a\x1c%^o',stationary,
b'\x06\x15*_7Y^\xe9',b'Tm\xef\xf8\x9eCV\x99',stationary,
b'\xe8\x19s\x0f\xb4\x9fS]',b'Mq]\xa6A\xedV\xe9',stationary,
b'X\\Lx\xf5CZ4',"b'\x85"",\x905\xd1Q<'",stationary,
b'o\xdbd\x16\xea\xdcP3',"b'\xb6\xa0,\x7f\xf7\x08_\xd0'",stationary,
b'`\xba\xb0\x0fhhZ\xd5',b'\xe5\xd9C@\xf1p[\xb3',stationary,
b'\xf8qD\xf3\xf6\xe4^\xdc',b'\xe3\x1d<v\xd7\x15P\xcf',stationary,
b'\x97\xc9\xbc\x82\x84\xb4S\x8b',b'\xe2~j\xfc+\xbd]\xd4',stationary,
b'\x8f\xf0>\xf4k;Yk',b'[#p\xc0\xcdc[\xbf',stationary,
b'\xc6Q\x1eW\xb5TV\xb7',b'%\xb8\x0bj\x18\xaeX\xea',stationary,
b'\x84\xa7+\xd7\x05tV\x13',b'\x96\xf6\xd9\x16\xaf\xc0Qf',stationary,
"b'\x0b""\xc0I\xd2\x13]\xfa'",b'e\x859\xc0\x92\xbeV\xc9',stationary,
b'\xa7X\xeb\xa8\t\xd8\\\xfa',b'\xdeZ\x84s\xffm]\x1a',stationary,
b'}X\x12\xc8\xb0oX\xf0',b'\xd7\x7f\x1dit\x12\\\xf5',stationary,
b'\x86\xce\x14w\xb5 P\x90',b'\x99\x06z\xf7\xcb\x18^\x00',stationary,
"b""\xf2\xe7U'\xe4}]D""",b'\xf6\x04\x89\xef\xd2\x90SI',stationary,
b'h\x80\xaf\xe9\xd4\n]\\',b'P\x8a\xec\n\xaf\xd5Ve',stationary,
"b'3\xa8\x97V\x85,\\\xb9'",b'\x07\xf6zkB\xc5[\x8c',stationary,
"b'\xe3""\xda\x94` [\x05'",b'\xf9W\xea\xf2\xdc\xcbQ\xfc',stationary,
"b'\x92,\xa9hRa_\xeb'",b'\xec\x89\xe7Z\x80\xa9R\xa8',stationary,
b'\x8b\t\xc9\xd7\xfa\x1aYd',b'4=\xd1M\xc16V\xd4',stationary,
"b'\x05:\x92""\xe1GT]'",b'\xcb\xed\x10\xd5\x93RX4',stationary,
b'\xa1\xbb6\xe1G\x07\\e',"b'\xbb\xbe,\xcf|\x0c]\x8b'",stationary,
b'\xa4\x89+z\x17\x86_\xc1',b'\xfd\x81Y\x08\xdfYPH',stationary,
b'\x93\x93\xf9\xf8ekS\x97',b'\xa6\x04w\xca\x91\xcdS\xaa',stationary,
b'\x07\x9f\x9c\xa0\xcc\xadU+',b'E\xba\xe8Sr^_\xf0',stationary,
b'\x0b\xe8\xa7\x1d<#QP',b'k\xf5\x9cU\x03$QB',stationary,
b'\xd2\xfdt\xce\xa8$R\xce',b'\x82\x90\xc5\xe7U\xc0^t',stationary,
b'$-l*y\xc7U\x99',b'\xce\xf9\xaf\xbc\x19\xd8[V',stationary,
b'\x02\xfd.F\xe2\xd4\\:',b'\x82\x1e\x8c1x\x87\\w',stationary,
b'A\x8a\x07y+\x82W*',b'\x91\xaalqm)R\x15',stationary,
b'A\x1e\xc3\n\xece_\x18',b'\x00\xde\xa1\xa0\\\xfbQ\xc1',stationary,
b'=\x076\xa8y\x80S\xbd',b'\xb5|\xf5\x16A\xd2Z\xf9',stationary,
b'\xfe\xff\xaf*\x14\x05Xn',b'\xa6]\xf2\xa4\xd8 \\\x82',stationary,
b'@P_\x16k\x81S\x02',b'\xaf4\xb3\x012\xcaQ\x99',stationary,
b'\x91m:\xd2\xa4\x00W\xd8',b'w\x17\xe2p\x8fCV8',stationary,
b'\x06\xadb\xc9\xcc\xc9S\xe6',b';\t5K&IW_',stationary,
b'QF\xb4\xc3\x17\xf7^_',b'j\x96\xddd\x0fR\\\x0f',stationary,
b'h)Mr\n&S\x1a',b'\x91\xeb\xb2\xf9\x94\x0eZ$',stationary,
b'\x1e\xeasc\xc5\x96V&',b'._\x1e\xeam\xb3T\xeb',stationary,
b';\xc1c\xfdk\xe1\\\xec',b'\xf2\x8d@\xa7\xfc\x04Zl',stationary,
b')\xb2}\xc4\xe2MYi',b'\xffC\x94\xb8\x03\xa3T\xe4',stationary,
b'\x1dDx\xa3\xd9\n]r',"b'\x17o""\xd58\xef]a'",stationary,
b'\xe7\xd4\xc5\x8e\xb1dR\x0e',b'\ty?\xe18\xfdW\x18',stationary,
b'\xdd\xbf\xad\x16\xdc\x15\\\xa8',b'\x1f\x19\xeaA\x84^S:',stationary,
b'(\xef\xbaDQRW<',b'\xa3\xb2(qqIW\x1a',stationary,
b'\xf2\xd6\x9aRn\x08Z\x92',b'%t\xb3\xad\xa60^%',stationary,
b'\x85\xc2\xa5\xf5D\xe8\\D',b'i5\xe9\xee\xd2\xc4Z\x7f',stationary,
b'\xca<\x1e\xabz\xafZ\xf4',b'\x8d\xab$\xd3U\x12[\xff',stationary,
b'E{\xd1\x87\xa8\xe3Sp',b'\xa1\xf3.\x89\x83\t[\xb8',stationary,
b'\xb2\xe8 o\x91\xfcW\x19',b'\xe3|\x06\x03z7PP',stationary,
b'\xca\xf5\x94\x80\x8e\x90X\xa2',b'\xda\xc6\xd6\xd9T\x8d^=',stationary,
b'\xf8\xce\x015\xe2\xa3T\x1b',b'\xe1s.\x8f\xf7\xd4\\\x92',stationary,
b'\xca9\x82\xf1\xd3<R5',b'H\x03\xac\xa5b\xa9^g',stationary,
b'\xc7Y\xfd\x814\xf9P\xaa',b'\xd7>\xf4\x9a\xdc\xcfP\x08',stationary,
b'\x03\x1aV\x8d|NZ\xdf',b'R1\x97\xfeU1[\xea',stationary,
b'c\xccLp\x07\xe4]*',b'\x90\xd7\xf6\xdf=\xbdY\xb6',stationary,
b'\xd2TV\xad.qW\x05',b'\x7f\x85\x12\xf9\xe1jPc',stationary,
b'\x94\xad\xaa\x9c=\xe0Z\xb5',b'\xf0\xb7\xa0\xe4\x17yQC',stationary,
b'`\x07S\x04.A^l',b'\x87\xc6\xf6\xc8i\x7fU\xd3',stationary,
b'\x7f\x98W\xb0l\xcc\\.',b'\xadw\x91\xaf\x90IR\x89',stationary,
b'\xec\x0bhg\xad\x92XS',b'\xfc\xf6h\xfa\r\x7f[\xcd',stationary_at_traffic_light_without_lead,
b'\x87O\xc3^!\xeb_\xe1',b'\x9f-\xe8\xc9(\xa8R\x9c',stationary_at_traffic_light_without_lead,
b'\xa2\xf9\x88\xdd\x0f2YU',b'\xa4\x98\x1c\x9aF]Y\xdc',stationary_at_traffic_light_without_lead,
b'\x1c\x03\xfb\x8e\x9b\xfc_}',b'#f\xa8\x8f\x9d\xc7X\xde',stationary_at_traffic_light_without_lead,
"b'\x02\x19\xb4n\x06,WU'",b'\xdf\xcb\xf3BOw^N',stationary_at_traffic_light_without_lead,
b'\xc5\xd8\x11\xb6\x83q[\x19',"b""q\xecE\xfb\xcf\xa8Z'""",stationary_at_traffic_light_without_lead,
b'}\x19\xedYZ\xdcP^',b'[\x88\xdb>\xc4\xacWe',stationary_at_traffic_light_without_lead,
"b'""\xe2\xbaW:\xdaTB'",b'\xa0AO\xaat5R\\',stationary_at_traffic_light_without_lead,
b'\x0c\xbdg<\xa0\xc5S\x91',b'$\xad\xd7E\x9c`\\\xb1',stationary_at_traffic_light_without_lead,
b'-\x04[\xcb\x1b\xbf^r',b'\xac+z\x82\xbc\x19S\x8a',stationary_at_traffic_light_without_lead,
"b""\xd6='I\xeceQ\xd4""",b'w\x19\xe7\x16\x82SW\x83',stationary_at_traffic_light_without_lead,
b'+ @\xa1\x9d]S-',b'g%@eT\x8eZU',stationary_at_traffic_light_without_lead,
b'^Y\x84\xbc\xef\x01T\xfc',b'o\x7f@z\x0f\xd6T\x91',stationary_at_traffic_light_without_lead,
b'G\x05\x87\x81qPS\xe1',b'y\xd0~\xda\x10\xa7S:',stationary_at_traffic_light_without_lead,
"b""I'\xa7\xfeq\xe0T+""",b'\x15a\xe2\xf6F\x0bT\x1b',stationary_at_traffic_light_without_lead,
b'\xed\xf1\xd9\xe4c\x04Q\x0f',b'@\xb1\xc0`m\x05T\xe7',stationary_at_traffic_light_without_lead,
b'\xe5$\x9d\xbd`x[F',b'\x9b\xbd9M\xa5KSB',stationary_at_traffic_light_without_lead,
b'\xc3\xba<\x93(\x8d\\t',b'\xbd\xeb\xd9wcRZ\xfe',stationary_at_traffic_light_without_lead,
b'\xf4\x9c\xc9\xe3\xa3\x19R\xd4',"b'""\x15""T YPw'",stationary_at_traffic_light_without_lead,
b'\t\x8c\xb6\xbf\xde\x18_V',b'\x82\x9fb0QCV\xb4',stationary_at_traffic_light_without_lead,
b'R\xf6i\x86\x15\xdaW\x0e',b'Q\x1bx\xefV%_3',stationary_at_traffic_light_without_lead,
b'\x1a\xbc\xb9\xa8\x92mQ\x90',b'*\xe4\xab\xc2\xebc[\xd0',stationary_at_traffic_light_without_lead,
b'k7\x9b\xd3\x8dX\\n',b'\x9aB\xac\x0b\xa6\x9aP\xb6',stationary_at_traffic_light_without_lead,
b'u\xe3\xf1(@\xebS\xae',b'\xde\xcd\xac\xbd\x83\xd5_\x94',stationary_at_traffic_light_without_lead,
b'\xa4w\xb0R&iP\x83',b'9\x97\xd0\xaa\xd7S[\xce',stationary_at_traffic_light_without_lead,
b'\x19o%P\n\xc9]u',b'O\x13\x8ang\xc2PP',stationary_at_traffic_light_without_lead,
b'\x90BPb\x92\x1eT\xfa',b'\xe9=\xca\xa23\x01U<',stationary_at_traffic_light_without_lead,
b'\x1b\xc4\xad\xf9\xdf\xaeTR',b'\x10\xc1\xd6K\xef\x8bUD',stationary_at_traffic_light_without_lead,
b'\xed[5w\xecxZZ',b'\xbfS\xf2\x91\x15lS7',stationary_at_traffic_light_without_lead,
b'7\xf46\xa5\xc2RP\xfe',b'\x8d\xa4\x89B\x91\xc9[o',stationary_at_traffic_light_without_lead,
b'*\xc9\n\xe6\x07I_\x10',b'Nj\x9e\xfe\xba\x1dRf',stationary_at_traffic_light_without_lead,
b'\x95hx\x8ca\xacP\x9b',b'Y\x1a\xe1\x0c#\xd1]\xaf',stationary_at_traffic_light_without_lead,
b'\xa5\xb4\x9d\xa8\xb6BP\xed',b'Q8\x9f\xb2\xd7\xcaYE',stationary_at_traffic_light_without_lead,
b'\x04\xee*5\x85\xbdTk',b'\x13\x1a\xa9%\x9es^\xd1',stationary_at_traffic_light_without_lead,
b'\x93\xc1e\xd8u\xa8VW',b'\xf8+W\xbb\xb9P[\xcc',stationary_at_traffic_light_without_lead,
b'\xc4\xa0\xaak\xe9\x9e[\x9c',b'\x18\xcc\xce+\x98g\\\x0b',stationary_at_traffic_light_without_lead,
b'\r\xd6\x18Z\x81\x8fT\xeb',b'\xef\xc1\x1c\x03qlQ7',stationary_at_traffic_light_without_lead,
b'\x8d\xea\xff\x015\xabV\xbb',b'l\xdd\x16\xc2L\x0eX\xdb',stationary_at_traffic_light_without_lead,
b'\xdb\xea\xa1\xb5\xbcJP+',b'u\\\xc3\xf0\x86\xcaW\x92',stationary_at_traffic_light_without_lead,
b'+\xe7\xd6\x11<nW+',b'\xaf\xa0SoD\xb9Uf',stationary_at_traffic_light_without_lead,
b'\x07\xad\xa5\x1c&\xe2R>',"b'\x84\xb4""\xb3\xd6\x86ZE'",stationary_at_traffic_light_without_lead,
b'U\xf0\xcf\xf9|\x1a^Q',b'\x0eT\xe8\xb8\x11FP\x8f',stationary_at_traffic_light_without_lead,
b'\x83R\x0c\xb3<\x8eS\xc0',b'B\x7f\xf0\xc9\xc7\xe8W\xa0',stationary_at_traffic_light_without_lead,
b'\x1c\xd65s\xd7\xfb^\xbd',b'\xf0\xf7\xcfZ\xd0\xfbQ$',stationary_at_traffic_light_without_lead,
b'l\xa2\x17\rF\xfc]+',b'\xff\xcd\xc2\xbf\xb5$Uo',stationary_at_traffic_light_without_lead,
b'l^j\xcbA\xd2\\j',b'\x9ei\x98\xa8\xb6\xd0W%',stationary_at_traffic_light_without_lead,
b'\xb0&\xdb\xc1\xe8sT\x9a',b'\xc2\x1f(\xb5\x88\xebPc',stationary_at_traffic_light_without_lead,
b'53\\\xc7hUS\x8e',b'p~vg\x13M^^',stationary_at_traffic_light_without_lead,
b'\xd7\x0c\xe1\x9b<^T\xee',b'B7\x96\xf2\x15\x7fVb',stationary_at_traffic_light_without_lead,
b'\x92\x04\n\xe7K\xd1^\x17',b'\x8bm\xf0\xe8\x1a\x89Z\t',stationary_at_traffic_light_without_lead,
b's\xa0T\xa9G\xf5P\x03',b'\xd7\xaeFYJ%_\x07',stationary_at_traffic_light_without_lead,
b'\x07\xe6\xbau\xad\xf4VM',b'\xdep\xa7\xd6\xf8+[\x9e',stationary_at_traffic_light_without_lead,
b'\xebN\xcaq\xf0\x9fS\x11',b'H\x02\xa2\xa4j\xb7R\xf8',stationary_at_traffic_light_without_lead,
b'\xbdgu)U\xe6P\x9f',b'9\x9c\xaa\xa0\x85\xa6R\x01',stationary_at_traffic_light_without_lead,
"b'0\x0cPZ""\xc6Z\xba'",b'\xf9&\x8c\xb23\x88U\x13',stationary_at_traffic_light_without_lead,
b'?\xf8\x17\x8b\x96\xe9^\xa7',b'A<2a\t\x8eX0',stationary_at_traffic_light_without_lead,
b'\xd4X\xaf\xd7R\x1a\\\x8f',b'\xa8\xae\x16\t\xe9\xeeY8',stationary_at_traffic_light_without_lead,
b'c\xc8\x1c$\xacE_\xf2',b'St\xa5\x84f\x92Ri',stationary_at_traffic_light_without_lead,
b'\x97\x1b\xba\xf5d\xcfY\x03',"b""\x12H\xc5o'$Rs""",stationary_at_traffic_light_without_lead,
b'\n\x99G]\xb4\xd3\\(',b'\xdd\x83}\xcf\xd2_U\xd0',stationary_at_traffic_light_without_lead,
b'bcX\xa8\x0f\x93Z2',b'\xe2\x97\xd4\xee\x95yXz',stationary_at_traffic_light_without_lead,
"b'\xf8#7)\x9d\x06P""'",b'\x07\xb3\xf0A\x93\x10V%',stationary_at_traffic_light_without_lead,
b'\xc1\xe3\\\xd9\xaf\xf4Y\x10',b'\x8c\x9bO\x8b\xe8\\V\xa8',stationary_at_traffic_light_without_lead,
b'\xb4\xc8\xd8\xcaG Ru',b'\xa3\x06p\x15\xdfg[\xd2',stationary_at_traffic_light_without_lead,
b'\x8f=\x9e\x14y\tWr',b'\xde\x9f9\x99-\xaa_\x92',stationary_at_traffic_light_without_lead,
b'\x16J.\xcb\x02U[\xff',b'\xf1\xc0\x01\xdd\xd9{Vm',stationary_at_traffic_light_without_lead,
b'kQ\xd4\t\x1b\xbaTQ',b'\x0fQ \x12?\xceQ\x03',stationary_at_traffic_light_without_lead,
b'\xa9\x8e\xc4L\xcf\xabT\xeb',b'|\xb7\xf5\x1b\xd9\xa1^\xd2',stationary_at_traffic_light_without_lead,
b'P\xb6\xf7e\x90\xc9US',b'\xaf\xd53!\xaa1Q\xdf',stationary_at_traffic_light_without_lead,
b'w\x90\x945\xef\xccR\x94',b'*5\x0bD\x0c\x98Z\x95',stationary_at_traffic_light_without_lead,
b'C\xb8\xea<\x9a%_-',b'r\x83\x01\x97\xae\x16ZP',stationary_at_traffic_light_without_lead,
b'\x12&\xe8\xb1\xd2\xbcP\x06',b'\x80\xc9G\xb7\xf1\xd0Q\x88',stationary_at_traffic_light_without_lead,
b'G\xfbX\xac2BU\xb4',b'\xa2\x17\x8b\xdb\xac{V*',stationary_at_traffic_light_without_lead,
b'H\x16\x8a\xb8d-Pm',"b""\xa0\x97'\x85m\x05\\\xa5""",stationary_at_traffic_light_without_lead,
b'\x1a\xb1\t3\xa70_\xf0',b'\x9b\x9e\xbe5\xfe\xcc^\x06',stationary_at_traffic_light_without_lead,
b'\t\xf9?A\x16\x9fU\xa4',b'\x87]\xca!\xc0\xeaTg',stationary_at_traffic_light_without_lead,
b'\xf4\x96\xf5vz\xc0\\\xd8',b'\xc2\x80\xc8\x05\xac\xc8P\xd3',stationary_at_traffic_light_without_lead,
b'&\xec&\x16)\xe7[\xa1',"b'N""\x11\x01\x06\xb1R\x16'",stationary_at_traffic_light_without_lead,
"b""\xd3M\xee\xda6\xcf['""",b'_\x82\x1du\xbd\xdaZ\xcc',stationary_at_traffic_light_without_lead,
b'\xd80\x89\x12j\xd2R\xc4',b'\xc9\xf4\x1d\x98\x0b\x12W\x86',stationary_at_traffic_light_without_lead,
b'#*\x90&\x83o\\\x98',b'\x0eq\x046\x90\xd2Y)',stationary_at_traffic_light_without_lead,
b'G\xb5\xf8\xeek\tX\xfc',b'\xc8\xb3\xe3\xee.\xe9^B',stationary_at_traffic_light_without_lead,
b'g{\xeeI\x11\xeb^\x87',b'\xfd\xea\xd2\x11\xadcR\xe7',stationary_at_traffic_light_without_lead,
"b""\x95\xb95'fA[j""",b'\xefM#\x00\x9d\xdeSg',stationary_at_traffic_light_without_lead,
b'\x7f\xee\x93;$\nZ\x1d',b'\x96\x08\xb4\xf5\xd5\xf8_\xe6',stationary_at_traffic_light_without_lead,
b'\x7f\xc7\xb8\xf83g[\xdc',b'I\xb8\xcb\x10\x0cK\\\xf3',stationary_at_traffic_light_without_lead,
b'\xccm\x94ye _[',b'\xdd\xc4\x81G!\xd2XA',stationary_at_traffic_light_without_lead,
b'b+d\x86\xd6\xf9Tq',b'\xc3\xfb\xca\xb6\x9f%V\xf5',stationary_at_traffic_light_without_lead,
b'\xbeE\x13\x87O\n]]',"b'\x13\xb0\xf8\x93\x85\xe1_""'",stationary_at_traffic_light_without_lead,
b'kU\x87\x8bQ\x97\\W',b'\xe8\xabl\xcfE\xf3[A',stationary_at_traffic_light_without_lead,
b'v\xa9n\xb6\xd0\n[\xe6',b'\xdc\xbd\xefB\tm[6',stationary_at_traffic_light_without_lead,
b'\xbfw\x89\x87\n\x81XY',b'\xa6C\xcf\x97\x99Q_C',stationary_at_traffic_light_without_lead,
b'-o\x94\x11N\x8dP\xa3',b'\xe0#R\xcf\xf5\x00Z(',stationary_at_traffic_light_without_lead,
b'Ng\xb6\x83\x8e\x8dVW',b'\n\xbc\x9erI\x0f\\\xe6',stationary_at_traffic_light_without_lead,
b'p*\xd9\xe7\xbbJQ\xe6',b'\x87\x9e\x10\x13\x8d\xdd[\xe3',stationary_at_traffic_light_without_lead,
b'\xde\xd4\x17\xea1\xdeT\x11',b'%/\xb2\x11M\xf1\\\xc5',stationary_at_traffic_light_without_lead,
"b'\xaaS\x9c,\x82\xaaY\x88'",b'\xacB\xaeQY\xa0Q\xfe',stationary_at_traffic_light_without_lead,
b'\xdf\x0b\xc7\xcd\xd1KZ\xbd',b'w\xa1\x88\x17G\x93\\\n',stationary_at_traffic_light_without_lead,
b'$7\xbf\xc1\xc6\x07P7',"b""l\x8b\x83\xfa'\xba]\xa8""",stationary_at_traffic_light_without_lead,
b'\xf39\x9b|2\x17\\X',b'%\xf9o\xdbONT\xff',stationary_at_traffic_light_without_lead,
b'\xdf\xd2\xa4\x1a.3Q\x11',b'\xf0\x0f\x07\n>KU\xac',stationary_at_traffic_light_without_lead,
b'\x92\xdc\x18\xddp\xf8P\xb0',b'F\xac\xbe\x97\x80-P\xae',stationary_at_traffic_light_without_lead,
b'\xbb\x90\x00\x01\x99nW\x92',b'\xc7^\xe2\xdf;\xdcRb',stationary_at_traffic_light_without_lead,
b'\x1b\xd1\xbf\xdd#1W\\',b'!r|\x18\xae\xf2V\xa7',stationary_at_traffic_light_without_lead,
"b'\x96i\xe1I""%X='",b'\xd0[\xd8\xf6\xcd.Z\x91',stationary_at_traffic_light_without_lead,
b'\x8f\xf6\x8b\x89\x03:Y\xc5',b'\x8b\x83\xdd\x9a\xc8\xe6P\xd9',stationary_at_traffic_light_without_lead,
b'\xca\xc5=\x98\xbb\xdfRH',b'\xd6\xa5N\x9eUFVx',stationary_at_traffic_light_without_lead,
b'y\x80\x83\xbbjv]U',b'\xdc\xc9bg\xe9\xbbT\xe2',stationary_at_traffic_light_without_lead,
b'q\xdc\xf9\xdcI\x86Pf',b'iUn\xea\xf7\x83_\xb8',stationary_at_traffic_light_without_lead,
b'{\xdfy\xfb\x93VT\x94',b'\x85\x03\xb2k2\xa4^I',stationary_at_traffic_light_without_lead,
b'\x1f\xeaP9\xa5\xc2^;',b'9\xbf)\x00/\xeeW\x81',stationary_at_traffic_light_without_lead,
b'\x0b\xcf=qXXX\xc3',b'b\x8e\xb7\\r\t[Y',stationary_at_traffic_light_without_lead,
b'@\xf2\x01\x1b\x94\x1cSt',b'o\xe9\xa3Y\xdfmQ\x16',stationary_at_traffic_light_without_lead,
b'\x00\x85\xb2\xdfshW2',b'\xc3fq*\xb4\xd0Q\x8c',stationary_at_traffic_light_without_lead,
b'y\xa9&\xd6\xa1\xa5]\x1a',b'\x0f\x8e\x1b\x86\x00\xc1V\xed',stationary_at_traffic_light_without_lead,
b'\xc6\xf5]R\xcf\x9eT[',b'\xdb\xe5\x1e\xa3\xd0\xc3Zx',stationary_at_traffic_light_without_lead,
b'\xca\x82\xd9k\xec\xeaYv',b'\xfb\x972\x13#\x9fP\x8a',stationary_at_traffic_light_without_lead,
b'e\x7fD\xba\x0eV^-',b'J\x0c\xd6\xaa\xbe\xc4TD',stationary_at_traffic_light_without_lead,
b'\xc3-b\xad\xc5\xf5Y\x89',b'\x01\xe7\x8f\xc1\xc2\xe3Z\x95',stationary_at_traffic_light_without_lead,
b'\xd1C\x85\x7f\xa2{W|',b'/\x03\x84\xab\xed\xae]R',stationary_at_traffic_light_without_lead,
b'\xa9k^\xf5G\x92S\x85',b'}\xb7t\x86\x0e\xfb]\xeb',stationary_at_traffic_light_without_lead,
b'\t\xc5\xd1\x04\xe4\xfaT\xeb',b'\x15\x12PH)\xb7W\xaa',stationary_at_traffic_light_without_lead,
b'\x14c\xe4\xe9\xce\xac\\\xbe',b'<\xab3\x03\x08\xe8U\r',stationary_at_traffic_light_without_lead,
b'\xdc\xb1\xedf\xc7\xbeZ\xa8',"b'\x0c.\xd2\x85\x93\xddU""'",stationary_at_traffic_light_without_lead,
"b'\x15^\x95\x94,Q\\R'",b'\xcc\xde\xf3\\]#Y\xf4',stationary_at_traffic_light_without_lead,
b'\xe6\r\xa6\xf6\xe4\x17P\x9d',b'\x8b\xc6i\x9a\xeb\xf4]\xa2',stationary_at_traffic_light_without_lead,
b'\xf3\xa1\xb2\xddX\xf4\\\xaf',b'8N]\xee+\x02^k',stationary_at_traffic_light_without_lead,
b'\xa1\x07\xbf\xc8\xba\xa2X-',"b""'\x92\xa2\x01\xf3\x9bZW""",stationary_at_traffic_light_without_lead,
b'H\xdc\x1e\x8d\x1d5R#',b'x!\xbaj\xcdZWP',stationary_at_traffic_light_without_lead,
b'\xccq\xa7\xde\x95\x9aS\x9d',b'-\xc8\xb2\\\xfa\x80_\xfc',stationary_at_traffic_light_without_lead,
b'J\xbf\xafH\x8c_Z\x1f',b'4?)\x8as\x83^<',stationary_at_traffic_light_without_lead,
b'\xec\x01\xe9BY.\\\x1b',b'\xc4\xf2\xf1\xf73\x01Y]',stationary_at_traffic_light_without_lead,
b'\xc0\t\x8e5\xbb\xbaW\x0e',b'\x12\xd6m\xa1t\x9bR\x05',stationary_at_traffic_light_without_lead,
b'\xa3\xbe$\xcb\xb5$P\r',b'\xb99\xe3\x08n\x96P7',stationary_at_traffic_light_without_lead,
b'\x9e\xc2\xf9M\x9f\x84QB',b'\x19\xb3\xdfH\x16-_\xf3',stationary_at_traffic_light_without_lead,
b'\xaf%\x00U\x83\x0bWl',b'e\xf5\xf5^\x18\x86Tp',stationary_at_traffic_light_without_lead,
b'\xce\x0e\xfe\x1cv\x00Q\xe9',b'\xd0\xad\xf4\x1d~JZa',stationary_at_traffic_light_without_lead,
b'\x8dv\xaav\xe0g^v',b'I4\xde\x15\x1d1]\x94',stationary_at_traffic_light_without_lead,
b'\x8c\x96f_\xddWWu',b'\xf5B\xe5\xeb\x88\xa8Xk',stationary_at_traffic_light_without_lead,
b'6\n\x8b?_\x7fP\xbe',b'\xfb\xbf9\x12\xc0\xccT\xac',stationary_at_traffic_light_without_lead,
b'Q\xbf\xb3\xec\x02uS\xff',b'g`j\xbbs~_j',stationary_at_traffic_light_without_lead,
b'\x8b\xe2\xf1\xbf\x89/^}',b'c\x16\xab\xc1\x94\xc0[\xed',stationary_at_traffic_light_without_lead,
b'\x94K\xf8D\xbc\x08R&',b'\xaaH\xdf y\x19WD',stationary_at_traffic_light_without_lead,
b'\xfd\xe8\x1f\xd7\xf9\xcd]\xff',b'\x94\x91\x144\xa5\xd7^\xea',stationary_at_traffic_light_without_lead,
b'\xd52\xff\xa1*M\\\x16',b'T\x88\xb4$\x849^\xd6',stationary_at_traffic_light_without_lead,
b'.4\xd6\xb2\xc0\xa5[|',b'\x85\xc3\x97\x19\x83\xe6\\\xb1',stationary_at_traffic_light_without_lead,
b'T\xb5\xc3\xd3^\xc0V\x88',b'\xee\xd8\xaf\x11\xb5\x02U\t',stationary_at_traffic_light_without_lead,
b'\xe1\xbe\xf5\x98\xfb\x9aYB',b'\xe9\xeckk\x1b\xdd_<',stationary_at_traffic_light_without_lead,
b'\xd4\xc1\xda!A\xbeZ\xaf',b'\x86\x9f4\xeb\xfcVV\xf3',stationary_at_traffic_light_without_lead,
b'\xd7\x01\x87i\xfc\xc0Wj',b'\x9d\x08\x94\x8fh^\\\xd6',stationary_at_traffic_light_without_lead,
b'\xaa\x97l\x0f\xfd\x1d\\<',b'\\\x14D\xe2\xa0\x85]\xa1',stationary_at_traffic_light_without_lead,
b'\xdf\xd2\x1f\x19s!Y\x87',b'\x9b\x89\xe2\xf3:\x99VG',stationary_at_traffic_light_without_lead,
b'Q\xc4 \x8d\xa2\x85Q\x9b',b'}\xed\x06\xb6_\xee]\x86',stationary_at_traffic_light_without_lead,
b'$F\xaa\x976\xebRW',b' \xcc_7K\xf0T\xdb',stationary_at_traffic_light_without_lead,
b'<0D\xc5\xdc\xb2W`',b'\xf7Q\x05\xbd\xb9\x14Q\x9c',stationary_at_traffic_light_without_lead,
b'\x95\xac\xa0\x9f\xb3\x8eP\xb3',b'icY>Z)U\xc2',stationary_at_traffic_light_without_lead,
b'\xdb\x81\xfd\xf1\x06\xf7P\x94',b'\xe8\xa4\xc5\x01\x81#_Y',stationary_at_traffic_light_without_lead,
b'\xa9\xd0O9\xef\xd1U\xa5',b'\xfa\x06\xaf\xe1:\xfa\\N',stationary_at_traffic_light_without_lead,
b'jp\xac\xb7\x0e\x13X(',b'\x17s\xbd]\xde!V\xca',stationary_at_traffic_light_without_lead,
b'$\x19\x91\x89w\xceQ\xe9',b'\x04\x06S\n\xd4\xf7\\l',stationary_at_traffic_light_without_lead,
b'\x99Aw\x85~\xc4]t',b'\xf3@\xa3\xb5\x95_V_',stationary_at_traffic_light_without_lead,
b'\x8e\xb3\xbf%3\x15X\xe3',b'\xb0\xe5\xbcKj\x83X\xc0',stationary_at_traffic_light_without_lead,
b'\xdf\n\xe0\xa8\xb8=Z\x89',b'\x10\x94\x9c\xb4\xc4\x82S\xc5',stationary_at_traffic_light_without_lead,
b'_>\x1f\x07\x99\xdbT\xc2',b'D(R;\xe3#Ra',stationary_at_traffic_light_without_lead,
b'G\xa3aVM?_\xf7',b'\x1e\xbf\xd9\xa2V\x1dQ\xcd',stationary_at_traffic_light_without_lead,
"b""\xe4\x0b\tu#\x9aU'""",b'\xe0\x9eG9.\x0b[i',stationary_at_traffic_light_without_lead,
b'\xe9b\xbc\xc9\xc9\xfe\\\xed',b'\xf1\xca\xd3s\xeb\x1fXr',stationary_at_traffic_light_without_lead,
b'\xb39\xf9\xcd\x8fr[<',b'3~\xc6\xe6\xa0cV\x98',stationary_at_traffic_light_without_lead,
b'>\x8bM\x1a\xa9\x13Z\x11',b'3M\x885l\x16T/',stationary_at_traffic_light_without_lead,
b'n(\x91\xef\x9frU\xdb',b'\x19\xaet\xf4\xb9`[\xf3',stationary_at_traffic_light_without_lead,
b'\xbd!\xbc\xf9\x05|R\x04',b'\xee\xb2%:\xf3QX\xe6',stationary_at_traffic_light_without_lead,
b'\xe2R\x03.U\x8b^\xf3',b'\xd9\x94\xc1e#\xa5[&',stationary_at_traffic_light_without_lead,
b'\xce\xb2?\xb63kS\x8a',b'k=\ng&\xacR\xb2',stationary_at_traffic_light_without_lead,
"b'O\xd5\xa6,\xfc\x10U\xea'",b'\x8a\xd36\xd31\xa9Y\xf0',stationary_at_traffic_light_without_lead,
b'\xfa\xf2T~\xce\xa0^\xf0',b'\xc9\x8b\xf9\x89-\xf8PF',stationary_at_traffic_light_without_lead,
b'f\x05\x94\xef\x94\x01Y\xb8',b'\xe0`\xf2\xe0\xf2\x8cT\x80',stationary_at_traffic_light_without_lead,
b'\xd9sK\x08S\xb6T*',b'\x84\xa0\xea|\x89{]\xef',stationary_at_traffic_light_without_lead,
b'\xe4e5\xad6dYq',b'\xbf\xe6\xda\x19\xa7\xa9Vc',stationary_at_traffic_light_without_lead,
b'm\x0e\x8a_\xb0\x16T\n',b'\xc9\x05\xb4S\x08jZg',stationary_at_traffic_light_without_lead,
b'\x8aF\x8f\xe5\xfc\xdeQw',b'T$3N\x0f\xb5\\2',stationary_at_traffic_light_without_lead,
b'3\xca\xdb\xda6\xf4Y\xd1',b'\xd7\xaa\x9bI;\xc6Q\xa7',stationary_at_traffic_light_without_lead,
b'Zc\x15\xad\xae\x1a^F',b'\x9d\x08\x07\tD\x9e]\x9a',stationary_at_traffic_light_without_lead,
b'\x7f\xdb\n\xdc=\xe3Y\xe9',b'M\xe4B\xf3M\xf3V\x13',stationary_at_traffic_light_without_lead,
b'K\\hx\xa2\tY\xe5',b'\xfc8\x1d\x11GtTQ',stationary_at_traffic_light_without_lead,
"b'\xe7\xfey""r""Zx'",b'\xdf\xb5\xa2\xb9\xcdn[B',stationary_at_traffic_light_without_lead,
b'\xa7\xb4L<$GX\xc4',b'd\xfe\xfe\xe5a0Z[',stationary_at_traffic_light_without_lead,
b'\xba\xf7\x1d\xac\xc4\xee_0',b'h\xf1F\xf3\xa7FWY',stationary_at_traffic_light_without_lead,
b'PD\x98\xd1\xd0M_M',"b""b\x9d\xd3'^\x15YO""",stationary_at_traffic_light_without_lead,
b'\x14\xcc\x08\x8d\xb4\xa4T\xaa',b'\xbb\xe6 \xfdN\xb9_9',stationary_at_traffic_light_without_lead,
b'\xcb@\x18\xc8\xbc\x18X/',"b'\x17\xe4E\xf8""\xf3_\xeb'",stationary_at_traffic_light_without_lead,
b'\x8e\x0b\xa9N\xb4\x03S\xfc',b'\xbf\t\xa7p\x18\x7fP\x0c',stationary_at_traffic_light_without_lead,
b'i\tw\xb8\xdc\xf5R\xea',b'\x1e\x19\x910\x13j^\xfd',stationary_at_traffic_light_without_lead,
b'\xc4\xd4Q\xe2c\xd6U\xd7',b'\xe7<#}r\xcc^u',stationary_at_traffic_light_without_lead,
"b""\xc2{\xf9\xf1Z'V\xb5""",b'pC\xc7\xbfB\x9eP\x9b',stationary_at_traffic_light_without_lead,
b'\x8e\x1bu\xba\xeb\xcaX\xd2',b'\x9a\xc3\xdf\xd5\x17-_E',stationary_at_traffic_light_without_lead,
b'!\x1f\xbe\xca\xb1`W\xdd',b'\xc7\xd4W\x1fJ\xb2_\xdb',stationary_at_traffic_light_without_lead,
b'\xb7\xa39\x83N@]\xe3',b'P\xd9\x8f\xed\x0f\xfe^\x94',stationary_at_traffic_light_without_lead,
b'\x8c\xea\x16\x02\x1b\xc6R\xb1',b'\x86\xd9i\xffa\xb3W\xce',stationary_at_traffic_light_without_lead,
b'g\xd2\x9d\xcf\xd2JR\x9e',b'C\xb4\xde\x8f\xd0/V\xc9',stationary_at_traffic_light_without_lead,
b'\xa4\x84\x90\x80%2S\x16',b'\x181\x06\x05\xdd\xb9Y\x84',stationary_at_traffic_light_without_lead,
b'OG\x16\x14\xa3\x8dR\x94',b'+A\x9d\xa4\x11\x9f\\\xe9',stationary_at_traffic_light_without_lead,
b'6\xd9\x01\xe3\x12\x89Q?',b'O\x8cO\xde\x9f\xccUk',stationary_at_traffic_light_without_lead,
b'\xf4\xbb\xde\x83\xde\xab^\xfd',b'\xcb\xe3\x9fB\x15\xf1V\xbb',stationary_at_traffic_light_without_lead,
b'\x0e\x99\xdeB\x80HPE',b'e\x1d\xff\xcc\xdaG^\xe2',stationary_at_traffic_light_without_lead,
"b'W$\xa3\xce,\x11Y\r'",b'/\x0e\xd6\xec7nPa',stationary_at_traffic_light_without_lead,
b'@U\xdfX\xb0\x9dWL',"b'\xd7\xc2\x08,\x89\x83\\t'",stationary_at_traffic_light_without_lead,
b'\xb3\xaej\xbb\xf36]\x8e',b'\xf2\xd0NTv\xdeY\xd0',stationary_at_traffic_light_without_lead,
b'6\xd0(\xfdi\x92U\x1e',b'\x05{\xd7\x85\x93ZZ\xa5',stationary_at_traffic_light_without_lead,
b'X\xbc`\x13\x87z]\xc5',b'd\xcf\xb2\xcb\x82\xa5S\xd3',stationary_at_traffic_light_without_lead,
b'\xce^\xd8\xd8\\\xc6[\xc0',b'H\t\xaaf\xa6j^1',stationary_at_traffic_light_without_lead,
b'\x89.\x18uf\xb5TX',b'\x9d\x97\x13w\x90\xabV\xc9',stationary_at_traffic_light_without_lead,
b'[\x85\x1f\xdfF\rP\xb8',b'\x08\x7fc\xafc9X\xdb',stationary_at_traffic_light_without_lead,
b'\x9e\x993\xc0k\x1b_\x0f',b'\xbaE\xb2\xbcE\xd5P\xf9',stationary_at_traffic_light_without_lead,
b'\xad\xd8\xe2\xd7\xcf\xcdU;',b'\xf4\x1a\xf3\xaddA[\xe0',stationary_at_traffic_light_without_lead,
b'\xb7\xd9\xa5\x19L\x1aS\xb7',b'+D\xd5\xf9\x9c)RN',stationary_at_traffic_light_without_lead,
b'n\xda\xea\x00\xacyTt',b'\x1f\xe7s\x9f\x9a\xc3^\xea',stationary_at_traffic_light_without_lead,
b's\rDi\xc0\x93S)',b'^\xbd\x0e\x92\xafzV\x0b',stationary_at_traffic_light_without_lead,
b'\x16\x1cJS\xc3TV\xfa',b'\x88\xda\x1a\x838\x89UH',stationary_at_traffic_light_without_lead,
"b'J"";\x9fwuP\x08'",b'\x12\xfa\x8a\xb76\xfeY\x99',stationary_at_traffic_light_without_lead,
b'\xeeyc\xcd\xbb\xe8_\x9f',b'\xdb\xa2\xf5aj\xac^\x8b',stationary_at_traffic_light_without_lead,
b'2l\xc3AhzX\x9b',b'Z`\x88\x9a\x7f\x9eU9',stationary_at_traffic_light_without_lead,
b'b\xd8\x82\xca\x13XY\n',"b'J\x06\xc4\xbe""\rZ\x90'",stationary_at_traffic_light_without_lead,
"b'uA,C\xd61P\xf3'",b'\xdd<\xea\x8f\x12qV\x12',stationary_at_traffic_light_without_lead,
b'\xd4\x86<\xcc\x1e\xe1\\}',b'\xfa\x81\xbbRQHR%',stationary_at_traffic_light_without_lead,
b'V\xf7\x89hP\xe2X7',b'X\x97J\xc0`\x05P\xa1',stationary_at_traffic_light_without_lead,
b'\x97\xd5\na\xbd\xaa_\x17',b'\x80X\x179\x9d\xcc_%',stationary_at_traffic_light_without_lead,
"b""\x93h\x8c'\x0ccRT""",b'Dj\x08\\\xe7\xdb]\x19',stationary_at_traffic_light_without_lead,
b'\xc9\xae\x83?M\xabU\xeb',"b""\x7f\xb2]'\x15\xcaS\xad""",stationary_at_traffic_light_without_lead,
b'\xf9~\x0bF\x00\xaeTh',b'0f\xd0\x08\xef\xd8Ve',stationary_at_traffic_light_without_lead,
b'O\xecjd\xa6\xe6_\xcd',b'5\x80db\xe3$Ry',stationary_at_traffic_light_without_lead,
"b'\xe9^\xae\xab}{V""'",b'\xbe\xea\x0b\x9c\xec7Xb',stationary_at_traffic_light_without_lead,
b'\xc7\xb4rjF\xe8Z\xcb',b'\xa1B\xcf\xfa\x16\x06U\xfe',stationary_at_traffic_light_without_lead,
"b'\xd63\x83\xbe\x12,P\xf2'",b'\xac\x9d\x19\xe9:w]2',stationary_at_traffic_light_without_lead,
b'SF\xd2L\xcd#S\x10',b'Z\x14\xb6%hDU\xb9',stationary_at_traffic_light_without_lead,
b'z\xa5\xca\x82A|S\xa6',b'\xed)L{\xa3\xa1^\xad',stationary_at_traffic_light_without_lead,
b'\xbe\x1c\x10\xc0\xbc\xf3^e',b'P\xd6\xa2\xb8\xddlQ\xd6',stationary_at_traffic_light_without_lead,
b'\xb6Q\xdc\xd5\x8eCY\x8d',b'\x8aU\x8d\xeee\xdeSq',stationary_at_traffic_light_without_lead,
b'H\xdc\x07\x1e\x8b1Y#',b'\x8a\xa3\x87\x9f\xad&U\xb9',stationary_at_traffic_light_without_lead,
b'\x00SDR\xbbq^b',b'\xeej\xd8d\xcd+TR',stationary_at_traffic_light_without_lead,
"b'7\xb4""\xef^\xbcY:'",b'q\xc9\xcc\xf9A\xa4P\xf9',stationary_at_traffic_light_without_lead,
b'\x0c\x9fmD\xa1\xd4^4',b'\xfd\x92\x805\xc9\xc9_1',stationary_at_traffic_light_without_lead,
"b'nN5\x12\xe4\xe4X""'",b'\xf8\x82\x1b\xafe\xbaP\x0f',stationary_at_traffic_light_without_lead,
b'\x1a\x00\xb1\xdf>YU~',b'\xf2\xd3\xa4\\\r\x15[\xaf',stationary_at_traffic_light_without_lead,
b'\xc8\xb7\xa0z\xda;X\xc1',b'1\x05\x0b\xa2}\xacR}',stationary_at_traffic_light_without_lead,
b'\x05C\x02*\x16\xd1P\x90',b'J\x8d#\xf5\x87\x02Y\xb9',stationary_at_traffic_light_without_lead,
b'\xf6\x0e\x84\xfb|*]\xb4',b'[(\xedk\xed\xd0Sw',stationary_at_traffic_light_without_lead,
b'\x17\xed\x15s\xfe\x8cVC',b'\x18\xa0\x8c\xe0\xa1\x1aU\xd0',stationary_at_traffic_light_without_lead,
b'\x9a\xa8\xa4\xa7\x0f\xf7V\x9d',b'\xa4\x0eE\xc3{\xfc]\xba',stationary_at_traffic_light_without_lead,
b'S\xac\xaa\x9b\xee\xd5U%',b'\x8c\\\x9b\xa5K\xf9S\x9b',stationary_at_traffic_light_without_lead,
b'\x17\x98_s~\x8cW\x9f',b'bS\xba\n\xbaOV\x17',stationary_at_traffic_light_without_lead,
b'\xf1x\xd0 \xc7\xdeP\xaa',"b""\x7f\x10\xcd\x9e'\tU\x85""",stationary_at_traffic_light_without_lead,
b'i\xf03\xb7\xd96_\xc9',b'\xb3\xba~\xc5(\x9dR\x11',stationary_at_traffic_light_without_lead,
b'-\x94\x98d\x17\xae]h',b'F\xba\xa7\xa1\x0e\xe7V&',stationary_at_traffic_light_without_lead,
b'q\xf7\x85\xebM\x1eUN',b'e\x9e\xa0\x18C\xa1T<',stationary_at_traffic_light_without_lead,
b'\x1fz\xee\xb4W\\Pb',"b""\x96'\xb3\xad@\xf1_*""",stationary_at_traffic_light_without_lead,
b'K\x8b\xbb\xbe\x8d\xc5R\x10',"b'V2\xaaJ\x0b\xe4W,'",stationary_at_traffic_light_without_lead,
b'O\xb61I1\x00[>',b'\x92jt\x0b\x1b\xcd[\xc0',stationary_at_traffic_light_without_lead,
b'\xd9\xd2O\x98\x8e\x95\\\x91',b'\x83\xbd\xca\xd5\xe0\xe4R\xa2',stationary_at_traffic_light_without_lead,
b'lE\x88\xc8|\x9cU\xf6',b'g\xc3\xc1=G\xe5P\xd5',stationary_at_traffic_light_without_lead,
b'\x16Q\x1c\x8d~\x0bSs',b'%|\xa3=\xdel\\\x17',stationary_at_traffic_light_without_lead,
b'uz\x95B\xc8\xb1R\xf7',b'B;\x157d\xa5Z\x1e',stationary_at_traffic_light_without_lead,
b'\x01\x9b\xfdh\xf5\xf0V\xb3',b'\xa1)\xb6+\x14\xbd\\\r',stationary_at_traffic_light_without_lead,
b'\x81nKh\x83\x8cV3',b'c\xe5XF\x0e5T\xb6',stationary_at_traffic_light_without_lead,
b'9\x89\xa1\xfe\x07\x00Qb',b'\xdf\xc8tx\x9aQR\xb4',stationary_at_traffic_light_without_lead,
b'g\x96X\xe8\xcd\xe2[\x07',b'\x17&\x9c\x8bTBU\xf6',stationary_at_traffic_light_without_lead,
b'g\xd6D\x05\xeenSR',b'\xd4\x8ccE\xfe\x9bP\xc1',stationary_at_traffic_light_without_lead,
b'5em\x8c0MU\xf4',b'f\xcf\xed\xb76\x1cV\xff',stationary_at_traffic_light_without_lead,
b'\xc7o\x11\xd4\xb7/\\b',b'&\x87J\x16\xa2\xdeV\x07',stationary_at_traffic_light_without_lead,
b'\x89\xa9\x854\xa7\xffX\x86',b'\xc9\x8d8W\xc5\xa7V<',stationary_at_traffic_light_without_lead,
b'\xa1\xff\xf8r\xa5\xc8Rr',"b""'G\x19.\xae\xd1S\xa9""",stationary_at_traffic_light_without_lead,
b'\xb6\xbf\x81\x19\xaejX\xf1',b'\x15a\x8c\x96\x1e>ZK',stationary_at_traffic_light_without_lead,
b'\x92\x08\xe0O\xd7\x8fXu',b'\x14\xe2\x8c\xe8\xfa\xcc[j',stationary_at_traffic_light_without_lead,
b'\xf4!\xbd\x0e{^]\xb0',b'\x99\x93\x0cHH<Y\x03',stationary_at_traffic_light_without_lead,
b'[\xb1YS\xfc\tSO',b'\xcem\xb2W\xf6\xffWm',stationary_at_traffic_light_without_lead,
b'\xe1evm\x8c2[B',b'\x86~\x99\x1a\xbb\xa8\\\xf0',stationary_at_traffic_light_without_lead,
b'V$\xc3RS\x96\\\x0b',b'\xf6}\x12\xf6xfV+',stationary_at_traffic_light_without_lead,
b'W\xc7aYT\xce\\U',b'r\x8c\xb9\xda\xb1\xf3\\\xcf',stationary_at_traffic_light_without_lead,
b'\n\x81K\xd6\x01ZWj',b'\xceJ\xaa\xc2[\xce]\xa2',stationary_at_traffic_light_without_lead,
b'\xda\xcc\x90\xdeo\x1f[\xe5',b'^\xb75\xa1\x89(W\xd3',stationary_at_traffic_light_without_lead,
b'\x08\x05\xa4\x0b\x0b\xd0R\xd9',b'\xc9\xcfb\n\xe8\xd6R\xfb',stationary_at_traffic_light_without_lead,
b'k@\xd0\x0e\xaecS^',b'\x93\xc7\xec_L\x9bS\xc8',stationary_at_traffic_light_without_lead,
b'i\xb8v\xc0\x8d\xa0Z*',b'RC\\\xe6U[XK',stationary_at_traffic_light_without_lead,
b'\xbem#\x97\x0bYX{',b'\xdf\x84\xa4\xb1\xac\x94[p',stationary_at_traffic_light_without_lead,
b'\x80\x1fM\x82>\xadR\xf8',b'\x0f\x7f\x11\xb1\x9b\x0f[E',stationary_at_traffic_light_without_lead,
