token,lidar_pc_token,lane_connector_id,status
b'\xf2\xed\x16\xfd\x91\x0fVX',b'\x8a\x89\xd0\xda\x99\x92Z#',53656,red
b'W/\x92\xfd\x83\xacU\xdb',b'\x8a\x89\xd0\xda\x99\x92Z#',53006,red
b'\x1aQ\xc2\xeb\x84\x96W\xee',b'\xde\x07\xedZ\xb4$Ym',53656,red
b'4R;W\x05uU\xa3',b'\xde\x07\xedZ\xb4$Ym',53006,red
b'\xc9\\\x17\xc1\xe5\xaeV\xa3',b'@\\W\x1fS:_\xcc',53656,red
b'\xd4\xad\xa9FV/Z|',b'@\\W\x1fS:_\xcc',53006,red
b'\xce\xbcB\xa4Z\xb2TQ',b'\xee\x1be\xf1\x80GU\x99',53656,red
b'P\xb5\xb9\xce\xb0%V\x0b',b'\xee\x1be\xf1\x80GU\x99',53006,red
b'\x9ft\xddt\xdd\xe2Y\xb0',b'hq\xc4\xeb\xb3\xe0\\J',53656,red
b'w\x99\x97\xca\xa3\xbd[\xef',b'hq\xc4\xeb\xb3\xe0\\J',53006,red
b'\x96\x86\xb4\n*\xddYK',b'\x99\xfcN\xa1\xf8\xd7T\xf8',53656,red
b'j&\x0c\xc4J\x83[\xe5',b'\x99\xfcN\xa1\xf8\xd7T\xf8',53006,red
b'LP\x18\xaf\x00\x8dZ\n',b'8\xe4x/\x1fFQ\x1c',53656,red
b'r\x1c\x07\xdf\x1e\xb5R\xfa',b'8\xe4x/\x1fFQ\x1c',53006,red
b'\xbc;3/;wZa',b'\x89t\xa5\xea\xc5aR\x14',53656,red
b'\xf7n\x894\x19iW\xe3',b'\x89t\xa5\xea\xc5aR\x14',53006,red
b'r\x1cS\xd2\xa2\xe1T\xec',b'l\x9a\x88I\xe0\x92V\xaf',53656,red
b'W\t<!#\x83Z\x0e',b'l\x9a\x88I\xe0\x92V\xaf',53006,red
b'6\xb0qZk7\\\x0b',b'\xad2ohG\xc4Vz',53656,red
b'\xb7\xf9`m\xfe\\Y1',b'\xad2ohG\xc4Vz',53006,red
b'\xe4\xda\xec\xebW\x00\\\xe9',b'\xccf\xac\xbf\xc5\x7fZ%',53656,red
b'\x144\x95-\x15\xdaY\x1d',b'\xccf\xac\xbf\xc5\x7fZ%',53006,red
b'0\x19\xc5\xa4\xc0QY;',b'm\x87\x13\x96\x9cqPf',53656,red
b'\xac\xf0o\x07\xb5\xba\\\x15',b'm\x87\x13\x96\x9cqPf',53006,red
b'B_%\xb5\xcd\xf7U\xd1',"b'\xe5""3\x1e\xbd\xf0P\xa8'",53656,red
b'[O\xcf\xc5{JZ\xd9',"b'\xe5""3\x1e\xbd\xf0P\xa8'",53006,red
b'~\x0e\xdc\xcf\x9a\x8dU\xac',b'PE\nb\x1b\xf2W\\',53656,red
"b'\xd3""8\x17\x82b^&'",b'PE\nb\x1b\xf2W\\',53006,red
b'\xfb\xd0\x89\xecQ\xfbU\x9f',b'9\xeb$\x15\xb4\x88]}',53656,red
b'W(xF\x8a\xcfR\xdb',b'9\xeb$\x15\xb4\x88]}',53006,red
b'L\x89(\xef\x8f\x03\\Y',b'\x89\xdd\xce~-\xd9]*',53656,red
b'5\x8c^\xe7\x15\xcbU\x10',b'\x89\xdd\xce~-\xd9]*',53006,red
b'\xb9\x1f\xa2C02Y\xc8',b'\xb5\x04\xf5\xfe\xb3\x82Z\xc3',53656,red
b'^\xf3\x92\x88(\xcfX\xc7',b'\xb5\x04\xf5\xfe\xb3\x82Z\xc3',53006,red
b'\x1c\xcfkPm\xe6P^',"b""'\x04S\xca\xae(S\x99""",53656,red
b'%\x966\xbcr\x12W\xe9',"b""'\x04S\xca\xae(S\x99""",53006,red
"b'\xc6\xa2""X\xab\xceQ\x89'",b'\x83\x17\xf5>\xcf\xa2]\x99',53656,red
b'\xb2\xe2w\x8d\xef\xd5Z\x8d',b'\x83\x17\xf5>\xcf\xa2]\x99',53006,red
b'$\x17\xc2]\xca\xe1W\xe5',b']2\xfb\xbfKc[\xdc',53656,red
b'\xd0 \xdbe:r]\xb1',b']2\xfb\xbfKc[\xdc',53006,red
b'\xd3\xf5\t\x1br\xd4X\xbd',b'\xe3\x99\x9dT\x92*[\xbf',53656,red
b'\xfbdV25\xdd]\xbf',b'\xe3\x99\x9dT\x92*[\xbf',53006,red
b'pr8i9\x86Ug',b'\xdc(\xfd\x9a\x8a\x97XT',53656,red
b'3\xf7U!\x9a\xff]\x95',b'\xdc(\xfd\x9a\x8a\x97XT',53006,red
b'2\xd6:\x86j\x04W\x80',b'\xfd\x82\xf2\xa67\x1cQh',53656,red
b'\x96\xdcv\x1a\x14\x83\\F',b'\xfd\x82\xf2\xa67\x1cQh',53006,red
b'\x9e\xe0)\x89\xf0lV\x85',b'\x04\xb5!\x06\x8c\x9eT\xbf',53656,red
b'Q\x1b\x98\\I\xe7_)',b'\x04\xb5!\x06\x8c\x9eT\xbf',53006,red
b'\xc7\xb2P\xce\xa9\xffS\xfb',b'+2\x9c\xbd*\xacW\x97',53656,red
b'\x86U\x99\xc6\x0caV8',b'+2\x9c\xbd*\xacW\x97',53006,red
b'pX\xa8\x88%\xf6Qm',b'~\xd9]\xa2i\xe3Y\x0b',53656,red
b'\t{\xd2\x0f\xd8h^\xeb',b'~\xd9]\xa2i\xe3Y\x0b',53006,red
b'\x0f\x1f8VS\xd3S\x0f',"b""'\xd4\x82\xc4\xf2;Z\xe2""",53656,red
b'\x03\xba\xe5\xf7\xbd\xa6P7',"b""'\xd4\x82\xc4\xf2;Z\xe2""",53006,red
b'\xe8l\xad\x9e\x1c\xb5Y\xaf',b'\x0f\x07\t~\xaf6U\x12',53656,red
b'\x9b\xfd:(\xae\xf3P\x04',b'\x0f\x07\t~\xaf6U\x12',53006,red
b'\x860bq \xefW\xb4',"b'\x05yL""\xa4\xf6Z\xd0'",53656,red
b'2\xce\xe7\x99A*Z\x8a',"b'\x05yL""\xa4\xf6Z\xd0'",53006,red
b'\xc2\xdc\x0f!YTQ\x8d',"b'\xe5J,\xe4D\x8a^\xcd'",53656,red
b'L\x94\xa2\xf0i\xfbT\xe7',"b'\xe5J,\xe4D\x8a^\xcd'",53006,red
b'\x88\xb5\xc1\xb9\xdb\x8aYM',b'\xdd\x19bw\x11\x9f\\S',53656,red
b'I\x91\xcc\xda\x0cnT;',b'\xdd\x19bw\x11\x9f\\S',53006,red
b'\xa7J\x92\xc8\xa6cP\xf1',b'\x1f\x92\xa3c\x03*Y>',53656,red
b'\x163n\xb6\x1b\xe4Z~',b'\x1f\x92\xa3c\x03*Y>',53006,red
b'Z\xfduou\x96[`',b'\t\xee\xcb\xf3\x1b0]G',53656,red
b'\xb6\xf22\xdb\xc5aT\xc7',b'\t\xee\xcb\xf3\x1b0]G',53006,red
b'\x12\x1a\xf3\xe9:SY\x1f',b'O\xff\x14\x8fdf[\x8c',53656,red
b'\xcam\x1b\xe0~DZ\x8e',b'O\xff\x14\x8fdf[\x8c',53006,red
b'E\xda\xbf\x07\xff3S3',b'\x88\x18\x08\na\xe1Zr',53656,red
b'\xb1zU\xb0\x121P\x98',b'\x88\x18\x08\na\xe1Zr',53006,red
b'1\x9f\x85\x8d2}Y\x98',b'\xc7\xb5\x9a\xaeB\x1eZ\xe6',53656,red
b'\xc3\x98q\x19\x81\xaaX\xac',b'\xc7\xb5\x9a\xaeB\x1eZ\xe6',53006,red
b'\xff\xb2\x99K\xb5\x81^r',b'\xa1\x10\xd5\xd2AFS\x82',53656,red
b')G\x95ZCVX9',b'\xa1\x10\xd5\xd2AFS\x82',53006,red
b'\xc7\xadk\xe5`\xc4S\xbb',"b'\x17]\xaa\xd1r""S\xa7'",53656,red
b'&\xd1\xd0\x0cy\x8b^\x1d',"b'\x17]\xaa\xd1r""S\xa7'",53006,red
b'2\xa6\x16c\xa9dX\x86',b'\x9f\xa6\xa38\x1aXS\xde',53656,red
b'<\xdf\x91\xb4\xe5\x8f\\\xde',b'\x9f\xa6\xa38\x1aXS\xde',53006,red
b'\x8f\xb4\xaay^\x7fR\xd7',b'\x12\x9e\x8b\x87:DW\xad',53656,red
"b""\xdc\x97\xed'\xb7>Uo""",b'\x12\x9e\x8b\x87:DW\xad',53006,red
b'` \xbb\x9f\xab\xeb_\t',b'\x0b\xd9\xddEsHR\xff',53656,red
b'\x9f\xcfd6\xb8CX\x1f',b'\x0b\xd9\xddEsHR\xff',53006,red
b'vZu\xc3\xc8\xe8T\x87',b'o\xd2QF\xd4\xef\\\xc8',53656,red
b'2\xf1Q\xf7\xe9\xa3X\x90',b'o\xd2QF\xd4\xef\\\xc8',53006,red
b'5\x8a\xc6\x11\xd6\x9cX\x92',b'Q@\xdbk\xb2fV\x98',53656,red
b'\xf4 \x9fH\xde*T\xbc',b'Q@\xdbk\xb2fV\x98',53006,red
b'nN(\x1av\x97_\xed',b'\x066\t\xd3\xcb\x1aZ}',53656,red
b'\\\xc3Y[\x93\xcd_\x01',b'\x066\t\xd3\xcb\x1aZ}',53006,red
b'G\xf7=\x8b#\xfbT\x08',b'\xf9\x1e\x16Z\x80^SO',53656,red
b'\xac\xbb\xaeU|\xaf^\x95',b'\xf9\x1e\x16Z\x80^SO',53006,red
b'e\x90\xdd\xdf=`X\x88',b'\x9f\xf0@\xdc\x89/^\x89',53656,red
b')\x913\x1bF\xf7V\xae',b'\x9f\xf0@\xdc\x89/^\x89',53006,red
b'9\xe9\x90\xe78\xa5X\xe6',b'Z\xb4H\x91_c^M',53656,red
b'\xe1\x1d\xc5\x7f\xe5\x11R\x19',b'Z\xb4H\x91_c^M',53006,red
b'u\xd0n\x13yq^\xe1',"b'\x02\xb9""\xdc\x92\xa2\\\\'",53656,red
b'9\xbe2yN\x08RO',"b'\x02\xb9""\xdc\x92\xa2\\\\'",53006,red
b'\xa4\x02*>.\x92Y\x7f',b'\xab\\o\x93\xfdT[\xd8',53656,red
b'\xf6\xf8n\x9e\xdc\xb2Y\x18',b'\xab\\o\x93\xfdT[\xd8',53006,red
b'\x82\xa6dz\x851_\xf6',b'\xd1\xe0\xe8\x0c\x9b\xdaW^',53656,red
b'\x99\xd5\xc3d\xb3FZ\xed',b'\xd1\xe0\xe8\x0c\x9b\xdaW^',53006,red
b'\xb0\xc5\x81\xbb\xf9\x0bQ\xf8',b'\x888\x05YE\x15T\x90',53656,red
b'\xd9W\x82&\xa6\xc2]\xc5',b'\x888\x05YE\x15T\x90',53006,red
b'E{\n\x81\xdcgX\xde',b'\xc77u\x12\xb1\xbb_\xa6',53656,red
b'\xf4\x89\x1b\xd60<X\x05',b'\xc77u\x12\xb1\xbb_\xa6',53006,red
"b',\xaagG\x04\xf4Z\x80'",b'\xe2\xadN\x0eX\xba^Z',53656,red
b'I\xbe\xb87\x19\xcaX^',b'\xe2\xadN\x0eX\xba^Z',53006,red
b'\x8a95%k%W\xb8',b'\xce\x03\x92\xa9(\xf8W\xe2',53656,red
b'N\x02\xed\x17i\x8c[P',b'\xce\x03\x92\xa9(\xf8W\xe2',53006,red
"b""\xe3!\x00\xf6\x03'P\xfa""",b'3\xb5%.\x8c?S\xac',53656,red
b'\xfe\xbd\x94\x7fv>X\xf3',b'3\xb5%.\x8c?S\xac',53006,red
b'\xad\xae\xbf0\xc6\x93[\x81',b'\xe6f\x9f\xd8n\xe2Zf',53656,red
b'-\x1f\x80 M Z\x8f',b'\xe6f\x9f\xd8n\xe2Zf',53006,red
b'\xe6\xb8\x1d\x91xKU\x93',b'\xb3\x00\xcf`\x8e\xc6Y\x90',53656,red
b'\xedj\x01\xcd\xd4xU\xbb',b'\xb3\x00\xcf`\x8e\xc6Y\x90',53006,red
"b'\x99\x95,\xe1\xaf\x03]\xf0'",b'>wH \xabsY\xfe',53656,red
"b',\xb7\x15T}\xa6S\x1d'",b'>wH \xabsY\xfe',53006,red
b'\xa8\x97\xcc\x97\xd8\x85S\xaa',b'g\xab \xcc\x14q\\\xc7',53656,red
b'\xc1\x88u\x1bA\xadU\x0f',b'g\xab \xcc\x14q\\\xc7',53006,red
b'P\x8c\xd3\xe5\x89\xcbU\x1b',b'\x00\xcf\xb0\x11\x80c^\x1c',53656,red
"b""a\x89\xe0\xb1\xe3\xb4Z'""",b'\x00\xcf\xb0\x11\x80c^\x1c',53006,red
b'h!\xed\xf3\x8d\x83T\xbd',b'\x06M\xf6\x93`\x01[\xa1',53656,red
b'\xc42\x12c5\xcfZ\xce',b'\x06M\xf6\x93`\x01[\xa1',53006,red
b'S\xb9\xeb\x03\nxR(',b'\x1e\xaed|\xadkX\xbe',53656,red
b'p\xfc\xecM1wP\x16',b'\x1e\xaed|\xadkX\xbe',53006,red
"b'A\xbe3U\xd6""^\xa1'",b'ont\x84\x93/P1',53656,red
b'h(\x1a\xd9\x87vWY',b'ont\x84\x93/P1',53006,red
b'\xea\xc9\t\xa6\xec\xe7W\x07',b'.s\xa6\xbfmr]\xb8',53656,red
b'\xedX\x801\xbb\x1cX\xda',b'.s\xa6\xbfmr]\xb8',53006,red
b'\xfen\xc3\xb7\xc7\xb0Z\x8c',"b'\xa2""zx\x81\xc8_\xb8'",53656,red
b'\xbf2\x1fo;EV\x9d',"b'\xa2""zx\x81\xc8_\xb8'",53006,red
b'\x1a\xe1\xa7\xea\x84~]\xf1',b'7\x87\xb2ls\x88Y\xa9',53656,red
b's\xff\xa4\xf9\x862^\xb4',b'7\x87\xb2ls\x88Y\xa9',53006,red
b'\x89\x824\xd0\x8e\x94P\x8e',b'\xe9\xb9\xb4c*\xbcS\xcf',53656,red
b'\x0c\xef\xa1\xf4\x9b\xb9Y\xcb',b'\xe9\xb9\xb4c*\xbcS\xcf',53006,red
b'\xc4\x90W\xab\x9b\xacVJ',b'\x05\xa9\xae\x8b\x9d\xc3\\y',53656,red
b'H[\x94\x1d\x8cuXm',b'\x05\xa9\xae\x8b\x9d\xc3\\y',53006,red
b'\x02\x02vh\n\xd4R\x87',b'\xc8\xd4\x84$`\xf0]\xc2',53656,red
b'\xec\xeb\xb7+\x1dVYc',b'\xc8\xd4\x84$`\xf0]\xc2',53006,red
b'\x03\xb0\x15\xba\xac\x85S\xea',b'\x1d\xb3\xa0%|\xbbRm',53656,red
b'\xf9&\xb9%|s[\x9f',b'\x1d\xb3\xa0%|\xbbRm',53006,red
b'\x9a\x96@\x8eG\x85Z\xef',b'8\xd3\x1a\xf7\x1cE_\x14',53656,red
b'\x02}\xfe\xe5\x11\x8cVU',b'8\xd3\x1a\xf7\x1cE_\x14',53006,red
b'\xdd\x0e\xd1\x0e\xec\xf5X\xa3',b'\xa3\xd3\x0c\xff\x1d\x1eU\x8f',53656,red
b'\x8d<\xc8.<C^\xfc',b'\xa3\xd3\x0c\xff\x1d\x1eU\x8f',53006,red
b'sy\xc0\xd2\xff\xaf^\xb7',b';\x12\xff\xfd\xc4\x16R\xb3',53656,red
b'\xb1\xb3\x86Qr\xe7^\x94',b';\x12\xff\xfd\xc4\x16R\xb3',53006,red
b'\xec\xb6\xaf\x1c\xdeA_\xb6',b'\xe5\xdec\x85&\xf6S8',53656,red
b'\xf6\xa4\xfd\xd0\xe1\x1c_\xa0',b'\xe5\xdec\x85&\xf6S8',53006,red
b'm@\x07`\xf7\xd3Y\xa1',b'\x02\xb2\x12Y>\xef]Q',53656,red
b'lJ\xde\x90\xb0\r[\xff',b'\x02\xb2\x12Y>\xef]Q',53006,red
"b""`l\x02>\xdc\\Y'""",b'#:\x8e\xb0\xb8\x0eR\x9e',53656,red
b'\xd7o\x0f\xf9\xa9OU\x1d',b'#:\x8e\xb0\xb8\x0eR\x9e',53006,red
b'(;\x8a\xa5\xb0\xfaV\x96',b'\xb8\x08\x1c|\xe9\x18P\xbb',53656,red
b'\xd41\x8au*;R\xa2',b'\xb8\x08\x1c|\xe9\x18P\xbb',53006,red
b'\x18\xd2\xca4VjX\x9c',"b'""~\xcc\xa6t5W\x9b'",53656,red
b'\t\xc1\x82\xa5\x07\x86_\xa0',"b'""~\xcc\xa6t5W\x9b'",53006,red
b' \xde\x00\xb0\x8d>\\\xb0',b'\xedKu\x0fz\xd1T\x0f',53656,red
b'\xf4\xf3D\xaf\xa9\xecP@',b'\xedKu\x0fz\xd1T\x0f',53006,red
b'lEd\xbaz#\\\xfe',b'F\xdb\xc1\xa3\xcd\xb5P\xb6',53656,red
b'|\xb1\xd4 ?\x8fSK',b'F\xdb\xc1\xa3\xcd\xb5P\xb6',53006,red
b'CBi\xc3*\xa1]\x00',b'g<XD0k^\x96',53656,red
b'4\xcd\x06DJ\xc3Xs',b'g<XD0k^\x96',53006,red
b'\x92\x14cQ\xd4\x9e^\xf4',b'@\x0e6u\xc9>U_',53656,red
b'{\xfc\xc9\xa0\x8d>Q\xb0',b'@\x0e6u\xc9>U_',53006,red
b'q\x06\\?v\xb2]\xae',b'\xf3\x16/\xfb>*P3',53656,red
b'\x8e\xdd2\x02O\x85\\\xa1',b'\xf3\x16/\xfb>*P3',53006,red
b'\xdd\xb8\xde\xda\xb4[_\r',b'\xb4\xa0\xf46\x86\xbf_\xe3',53656,red
b'\x866m\xfaI<]w',b'\xb4\xa0\xf46\x86\xbf_\xe3',53006,red
b'\xf0`\x85\xcc\xfe\xb0]G',b'|\\7\x92\xaeRTg',53656,red
b'a[\xa2\xa8\xed9]1',b'|\\7\x92\xaeRTg',53006,red
b'C(\xb8\xd8x\xa9[\x01',b'\xfc\x97\xe0\xf8>_]\x7f',53656,red
b'\xbb p\xd1g3Q\xf0',b'\xfc\x97\xe0\xf8>_]\x7f',53006,red
b'\x15\xc8\r\xc8:\xb6^\xc7',b'\x0c\xce\x1b\x00_\xb4X\x08',53656,red
b'\xc6\x99\xa2\x8c\x99\x17V!',b'\x0c\xce\x1b\x00_\xb4X\x08',53006,red
b'4^\xa8v\xe3\x05]m',b'r\xc4\xc7\xbf\x06+T\xf5',53656,red
b'\xbd\xfaY#\x0c\xd4U\x13',b'r\xc4\xc7\xbf\x06+T\xf5',53006,red
b'\xbe\x91\x01/y\xdbV\xa0',b'b\x98\xde\xa93tW\x84',53656,red
b'\xa2\xa6\xad\xcb9\xfdV\x96',b'b\x98\xde\xa93tW\x84',53006,red
b'\xf5\xf4\x9e\xdf\xdcB\\T',b'\xe4J\xa7\xb3\x94!Q\xb6',53656,red
b'\xfc\xe2\xec\x0f\x88\x84ZK',b'\xe4J\xa7\xb3\x94!Q\xb6',53006,red
b'F\xb4\xc2\x88\x19LQ\xc6',b'\xf6\xb5{\x08\xc1\xb6U\xf1',53656,red
b'U\x9eC\xac\xe3\xab[\x11',b'\xf6\xb5{\x08\xc1\xb6U\xf1',53006,red
b'Y\x8aV=\xb8\x19V\x84',b'qt*\xc7kZ\\/',53656,red
b'!\xd0L\x11\xb2\xd2X\xae',b'qt*\xc7kZ\\/',53006,red
b'\xa2\xdcAZ\x1a}[x',b'Rx\xee\x88\xef\x18U\xcd',53656,red
b'`+\xbe\xe1\x9d\x13X\xae',b'Rx\xee\x88\xef\x18U\xcd',53006,red
b'?\x9b\xcc\x95\xdb\xa4YW',b'q\xde\xfaB\x9fpR\x08',53656,red
b'N\xe3%YK\x08U\x13',b'q\xde\xfaB\x9fpR\x08',53006,red
b'IQ\x124\xd6\x07T\x8f',b'\xbaRF\xb1\x9d\xc9Pj',53656,red
b'4\x1c(\xc1\xa7\x92Vb',b'\xbaRF\xb1\x9d\xc9Pj',53006,red
b'\xf6f\x99\xf4\t\xebT\xfb',b'4\x814\xb0\x13]Q\xee',53656,red
b'lW\xe1n\x86\xe3Si',b'4\x814\xb0\x13]Q\xee',53006,red
b'\xe1\xa5\x02\x150\xbaS\xc9',b'\xf6x/\xa8{\n]\x1e',53656,red
b'\xb93\x10s<b^v',b'\xf6x/\xa8{\n]\x1e',53006,red
b'\xd0K\xd5=\xdc\xc6R\x15',b'X\xf1\xbd0N\xc0Qs',53656,red
"b""\x81\xe4\xe8l'HWL""",b'X\xf1\xbd0N\xc0Qs',53006,red
b'#\x8bl\xba\xbe\x92\\*',b'\r\xf6Y|$\t]>',53656,red
b'N\xa9J\xbez\xc5U\x13',b'\r\xf6Y|$\t]>',53006,red
b'\xf0\xb5NbI\xc4^\xa4',b'q\xd0?4\x1c\x05Z\xcd',53656,red
b'k \xb6p\x0bC\\\x95',b'q\xd0?4\x1c\x05Z\xcd',53006,red
b'\x10\x91zI\x8e\xef\\h',b'\x13\x93\x04|\\\rX\xb8',53656,red
b'.\x90\xe9\xbb\xec2^\xc0',b'\x13\x93\x04|\\\rX\xb8',53006,red
b'\x9c\xf5j\x9d\x13\xd3^D',b'\xf3\xc8L\xbcr\xd4]\xa5',53656,red
b'!\x9a\xac\xa1\x8c\xd8T\x0c',b'\xf3\xc8L\xbcr\xd4]\xa5',53006,red
b'-\x92\xec\x05\xda\x95RM',b'eLC_6uX/',53656,red
b'\x96.\x01\x8a\xba\x9b^n',b'eLC_6uX/',53006,red
b'\x94Z\xf8\xbc\x87W[i',b'F\xdcJHOJR\x9c',53656,red
b'A\xd9\xebP\xdf\x99T\xca',b'F\xdcJHOJR\x9c',53006,red
b'\x19+;\x06h\xb8Q9',b'Q%\x0e\xa5#kUX',53656,red
b'\xb6/\xf2*\xc0\x18S\xe9',b'Q%\x0e\xa5#kUX',53006,red
b'2{}\x11yaS\xbc',b'pvB\xd6\x9f\xb0Z\x8d',53656,red
b'\xc8 \xa0% \xd9].',b'pvB\xd6\x9f\xb0Z\x8d',53006,red
b'\xe6\xd6\xbe0\xc5\xbdZ\xe5',b'x\x1d+\x04\xb0lQi',53656,red
b'?\xa2\xe7u\x95\xaaY\xfb',b'x\x1d+\x04\xb0lQi',53006,red
b'\xdd\xd9\xe1\xc7\xfb\xa2V\n',b'\x1d\x99(#\xafIS\x96',53656,red
b'w/\x10\x07\xe20T\xd9',b'\x1d\x99(#\xafIS\x96',53006,red
b')j\xc9Y\xe5yW\xd7',b'\xe4\xae\x87\\3\xb0R\x0e',53656,red
"b'\xe2\x15\xdf\xe4\x1fGQ,'",b'\xe4\xae\x87\\3\xb0R\x0e',53006,red
b'Z\xc2\xd7\xdd\xd4\xb0Uf',"b""\xa2`m\xabi\x8dR'""",53656,red
b'R\x15}\xda\xab\x98Y\x80',"b""\xa2`m\xabi\x8dR'""",53006,red
b'\x94\xfcru\x97\xa2R\x14',b'z\x94\xcf\xf97/Z\x04',53656,red
b'\x0cd\xdbT\x81\x17Po',b'z\x94\xcf\xf97/Z\x04',53006,red
b'r\xbb\x87&\x1e{Sr',b'X\xc8\x94qq\xafS\x13',53656,red
b'<\xa4N\xde\xe19^\x98',b'X\xc8\x94qq\xafS\x13',53006,red
b'\xf0r\x0f(B\xf3Y\x03',b'\xa8\x0cR\xa1z\x8b^\r',53656,red
b'\x8cx\x15\xca\x11\x8cQ\xac',b'\xa8\x0cR\xa1z\x8b^\r',53006,red
b'\xb6 \xee\xa4\x15\xe1[\x85',b'H?y\x1f\xb8>P\\',53656,red
b'q\xf31\x11hDZ\xbe',b'H?y\x1f\xb8>P\\',53006,red
b'\xf7<\xd4UjrQ\xfe',b'\x86\xf0\x85\xf9\x96\x89[\xd2',53656,red
"b'\xfd\xd5&5\xe8)X""'",b'\x86\xf0\x85\xf9\x96\x89[\xd2',53006,red
b'\xee\xd6\xa98zxTx',b'GU\rW\xc1#T\r',53656,red
b'R\xf8\xb7\x16X\xe7U7',b'GU\rW\xc1#T\r',53006,red
b'\x8f\x18\x1f_\xc7WR\xcf',b'\x1b\x9f\xfeE1cZ\xbb',53656,red
"b'U,Z\x1c\xcbD]C'",b'\x1b\x9f\xfeE1cZ\xbb',53006,red
b'\xd6\xe2E\xf3\x98\x84_\x97',b'<q\x10#\xb8\x0f]k',53656,red
b'\x07.u\xad\xc5w^\x7f',b'<q\x10#\xb8\x0f]k',53006,red
b'zt\xb6L\xc7\x12V\xf0',"b'""{\x01\xac\xa6\xb1V\xae'",53656,red
b'R;\x8dN\xb5aZ\xca',"b'""{\x01\xac\xa6\xb1V\xae'",53006,red
b'^\x1c\x98w\xe7\x96Y\xcd',b'\xf2Mk<\xb2#[k',53656,red
b'qE)\xc2\x18\x8b^L',b'\xf2Mk<\xb2#[k',53006,red
b'\xd8\xc7\x87\xaa\xf7\x95U\x19',b'\xeb\xef\xf5\x07dMV\xf3',53656,red
b'$\xa8\xden\xcb\xecVc',b'\xeb\xef\xf5\x07dMV\xf3',53006,red
b'\xe7h\x1a\x9c\xbabP\xc0',b'\xfe\x0f(\xbe\xfb\x1a\\4',53656,red
b'\xe3\xde\xbb;\xe0\x91X\xec',b'\xfe\x0f(\xbe\xfb\x1a\\4',53006,red
b'\xdb!\x14\xf7\x98\xa1U\x16',b'\x8ez\xe2}/\xebY\xdd',53656,red
b'\xb7\xb4G?\xf8rQ\xbd',b'\x8ez\xe2}/\xebY\xdd',53006,red
b'\xbf\xc4w\xe0\xb67Vb',"b'""\xa2\x99 \x8c\xfa]\xc9'",53656,red
b'\xa9\xe0W\x1d\x16$[\xa9',"b'""\xa2\x99 \x8c\xfa]\xc9'",53006,red
b'=(\x9e\xfek\xb0^\xf4',b'\xdf\x04q\xf0\x13\x01S\xf4',53656,red
b'D\xd6H\xa80:V\xe7',b'\xdf\x04q\xf0\x13\x01S\xf4',53006,red
b']x\xc1\xa9\x88DS\xc3',b'\xab\xa2\xce\x98rmS\xd5',53656,red
b'\xe5\x0c\x8f\xae\xa6\x9aP\xa2',b'\xab\xa2\xce\x98rmS\xd5',53006,red
b'\xbew\xac\xf5[\xa1R\xe6',b'0\x02\x91D\xec\x82P2',53656,red
b'N.\xbc\x89c_X\xff',b'0\x02\x91D\xec\x82P2',53006,red
b'\xcf\xbe\xda\x1c\x1a\x83PS',b'\xbb\xb5\xac\xba\xdcnS\xdc',53656,red
b'\xd6\x8f\xa9\xbd2\xe4Q(',b'\xbb\xb5\xac\xba\xdcnS\xdc',53006,red
"b""\xf0Q'\xb2\xd1\xc0[,""",b'\x96\xa7\x81\xd4\xbf\x16^\x1d',53656,red
b'\x87\xb9\xd6\xb5\xb9cQ\xf7',b'\x96\xa7\x81\xd4\xbf\x16^\x1d',53006,red
b'9\xdar\xc4\x14\xb1Z\x8a',b'\x02\xa3\x9eJ\xf3\x9fQ+',53656,red
b'\xa5\xaa\xffXoAR\n',b'\x02\xa3\x9eJ\xf3\x9fQ+',53006,red
b'\xd6\x8e\xde\x0f\xa1\x9cSq',b'\xd8I\x91\xcb\xe7\x0eWi',53656,red
b'\xf1\x17\xec\x06W\x1aU\x8f',b'\xd8I\x91\xcb\xe7\x0eWi',53006,red
b'\x85\t\xde\xcb\xb5\xb1[\x8d',b'\x86\xc8\x8a\xfa\xa0\xb8V\xf9',53656,red
b'\x9c\x95\x80\xd8\x0e._i',b'\x86\xc8\x8a\xfa\xa0\xb8V\xf9',53006,red
b'\xeez\x17\xc3\xd5\xedZ\x0f',b'\xe5\x96\x9a\xbc\xba\xcfX/',53656,red
"b""'\x89?\xac\x89\xb6T\xdb""",b'\xe5\x96\x9a\xbc\xba\xcfX/',53006,red
"b'\xb0\xa5""\xa3\xe6@_{'",b'\x12$/a\xe8\x82S0',53656,red
"b'\xdaYg\xafA""^\xa9'",b'\x12$/a\xe8\x82S0',53006,red
b'\xfc\x19\xf7\x0cp\x00R$',b'PIr\xb5\x038]0',53656,red
b'0H\xfb\xd8W\xa1Y\xa0',b'PIr\xb5\x038]0',53006,red
b'\x8e\xb2~Sk\xefY\xe4',b'\x9d\xbcv\x0ed\nW\xd6',53656,red
b'\xd7\xd7\x7f\xa6\xbd?P\xd3',b'\x9d\xbcv\x0ed\nW\xd6',53006,red
b'\xa4\x85\x82)N\xc8^\xc8',"b'\x84_\xea,^\xae[C'",53656,red
b'\x9f\xef]\xef\x00\xd6S\xab',"b'\x84_\xea,^\xae[C'",53006,red
b'J/\x7f\x90[\xa1\\D',b'\xefA\xf1B\x1c\x8fY=',53656,red
b'#\r\x15\xe7gXQ\xcb',b'\xefA\xf1B\x1c\x8fY=',53006,red
b'm\x10\x92%\t\xdc_\x1a',"b'p""lvdb[\xb2'",53656,red
b'\xef2\xf4-\xd4.]\xdb',"b'p""lvdb[\xb2'",53006,red
b'.y\xc4\xe5O[S9',b'KG\x07\xe8\x04\x11Q\xfe',53656,red
b'\x88\xe0\x19\x00\xd1:Z\xbe',b'KG\x07\xe8\x04\x11Q\xfe',53006,red
b'\xa6\n\xdf\x88Q\xc1Xe',b'\xc7P\xe2\x19\xde\xef]`',53656,red
b'\x06\xf3oZ_\x07X6',b'\xc7P\xe2\x19\xde\xef]`',53006,red
b'\x18w\xab\xc6\x18MW\xa2',b'\x19\x04B\x81im]K',53656,red
b'\xafX*uuxYv',b'\x19\x04B\x81im]K',53006,red
b'\x00u\x80\xed\x93;Q\xa9',b'\x9ee\xa6\x8a\xff\x87^Q',53656,red
"b'\xdd""\xe9?\xa6\x90[9'",b'\x9ee\xa6\x8a\xff\x87^Q',53006,red
b'\x17B\xf1\xe1{.X4',"b""\xd0\x9e*\xae\x14'R\xb1""",53656,red
b'\x85\xd4\x00U\xbce\\>',"b""\xd0\x9e*\xae\x14'R\xb1""",53006,red
b'xPY\xcd\xd32_G',b'\x80:\xd9!\x9fJ[\x8b',53656,red
b'P\x89(\xdc1\xe2_\t',b'\x80:\xd9!\x9fJ[\x8b',53006,red
b'\x04\x99\xd8Y\xbawQT',b'\tqq-DmY\xf5',53656,red
b'\x9a\xca}\xa1\\\x01_\xec',b'\tqq-DmY\xf5',53006,red
b'\x11\xc9[\xe7\xac\xdd[P',b'XY\xf7\xa6\x1b=]e',53656,red
b'\xe1\x197\t[\x7fY\xf4',b'XY\xf7\xa6\x1b=]e',53006,red
b'>\x10\xed\xcd\x05\x88T?',b'Y\xa8=\xa7\xd4\xb6Y\x1d',53656,red
b'\x98O\x9d\xd5;o\\\xf2',b'Y\xa8=\xa7\xd4\xb6Y\x1d',53006,red
b'7\t6\xca\x14\xd8_\x04',b'\xe3z\xc9t\xfd\x8fT\x90',53656,red
b'$@\x9dr^\x84QU',b'\xe3z\xc9t\xfd\x8fT\x90',53006,red
b'c\xbb\xf6\x80\xec\xf6Z_',b'\xf9{<\xa0\xb4\xcdV\xb5',53656,red
b'\xfb\x14G\x9f\x97\x87Ry',b'\xf9{<\xa0\xb4\xcdV\xb5',53006,red
b'\xa9>bqW\xccS\x8a',b'B?~\xc0\xc2\x11UJ',53656,red
b'\xa0\xfcN\xcb\xec\xd3Q~',b'B?~\xc0\xc2\x11UJ',53006,red
b'\x92\xf8R\xfbQ=Q\x91',b'L\x12~&\x8d\x80Y=',53656,red
b'\tg+n\xe0\x00^\x81',b'L\x12~&\x8d\x80Y=',53006,red
b'\x8e\xf9\xf2\xbc\x9eQV\x1a',b'yz-je{Ta',53656,red
b'\xad:\xc2\xee\xc0WVR',b'yz-je{Ta',53006,red
b'c\xef\xdd\xd5Z\xd7[\x0e',b'#\x0el\xc3\xc86W\x88',53656,red
b'T\xcd_jj\xe6^\xc2',b'#\x0el\xc3\xc86W\x88',53006,red
b'_TQ?\xdd\x9e_\xeb',b'\xde\xcdQ@!\xeeW\xbe',53656,red
b'\x04\xa9U\xab\xbe\xa7W%',b'\xde\xcdQ@!\xeeW\xbe',53006,red
b'\xa0\xeaw\x1f\xcf{^\x94',b'\xd7\xce\xf2#\xef\x03W\xf6',53656,red
b'\x8d\xe6\x87\x8f\xdbTU\xec',b'\xd7\xce\xf2#\xef\x03W\xf6',53006,red
b'i\x0b\x92#\x81HX\xff',b'e\xfc$>\xcbY^\xdf',53656,red
b'\xc9\xa5\xa7\nB)X|',b'e\xfc$>\xcbY^\xdf',53006,red
b'3\x19\xd9\xec\xcdxT\xa2',b'Q%+=:\xe9WG',53656,red
b'\xcca\xb7p\xaa\xa7P\xd9',b'Q%+=:\xe9WG',53006,red
b'O\t\xc8\x8c\x96\xaa_s',b'Q%+=:\xe9WG',52907,red
b'\x1e\x84%\xfa{\xceP\xca',b'Q%+=:\xe9WG',49591,red
b'\x9b\x1b\x94\x18=\x97U\x1d',b'\xc4-\xf9P\xf2\x91Z:',53656,red
b'\x97\xb2\xeb\xa88\xe3V\r',b'\xc4-\xf9P\xf2\x91Z:',53006,red
b'\xe3\x14xY\xc9\x92_E',b'\xc4-\xf9P\xf2\x91Z:',52907,red
b'0d\x1b7t\tW\xff',b'\xc4-\xf9P\xf2\x91Z:',49591,red
b'\xfc\xc3\xdc\xaeD\x0bX>',b'N?\x84N&ISJ',53656,red
b'\x9ct\xb8\xc5I\x92Y\x1e',b'N?\x84N&ISJ',53006,red
b'\xb6\xac\xef\xd1\x1bl\\\xe6',b'N?\x84N&ISJ',52907,red
b'\x155\x0f\x8f\xb1\x94P.',b'N?\x84N&ISJ',49591,red
b'A\xda\x83\x0b\xd1\xf1Ps',b'\xe6T\x8a\xb6\x10\xa4Ti',53656,red
b'\xcb-\x95>.\xf7[z',b'\xe6T\x8a\xb6\x10\xa4Ti',53006,red
b'B\xaa\xdc\xdcj\xab^\xaa',b'\xe6T\x8a\xb6\x10\xa4Ti',52907,red
b'\xcd<\xd0&@AV\xbb',b'\xe6T\x8a\xb6\x10\xa4Ti',49591,red
b'\xa6:\xd1M\x9a\xc3Y\xe2',b'\x024b\xb4w\x1d]P',53656,red
b'(\xe5\xb4U\xf8\x11^D',b'\x024b\xb4w\x1d]P',53006,red
b'\x90\xc0N\xac\x82jY\xb6',b'\x024b\xb4w\x1d]P',52907,red
b'\n\xe0$dZ\xf4]\xc5',b'\x024b\xb4w\x1d]P',49591,red
b';@\x84u%ET\xd2',b'\xdf\xa0\xe4SS\x1dX)',53656,red
b'v\x0c2q\xbf\xa2R\xe0',b'\xdf\xa0\xe4SS\x1dX)',53006,red
b'=\x06\xbf\xfd\xbd\xc9]\xc6',b'\xdf\xa0\xe4SS\x1dX)',52907,red
b'\xa16?\xeet\x8dU\r',b'\xdf\xa0\xe4SS\x1dX)',49591,red
b'~\r\x80\xb5\x88?_}',b'\x99\xb7\x9b\x96\x9d\x9eT\x19',53656,red
b'\x8c\xb4T\x8a\xe6\xa7^\xe3',b'\x99\xb7\x9b\x96\x9d\x9eT\x19',53006,red
b'\xab\x0c\xb4\x054\x07P\xb6',b'\x99\xb7\x9b\x96\x9d\x9eT\x19',52907,red
b'\x95+\xde\xd5b\x95R\x1c',b'\x99\xb7\x9b\x96\x9d\x9eT\x19',49591,red
b'\x16\xe1J:\xbc.^\x83',b'\x0c\x07\x8d\xc0\x9d\xe8[/',53656,red
b'^\xc1\x05Y\x18\xd4Q\x1e',b'\x0c\x07\x8d\xc0\x9d\xe8[/',53006,red
b'\xa4\xa2\x0e\x884#T\xd8',b'\x0c\x07\x8d\xc0\x9d\xe8[/',52907,red
b'o@\xef[\xdahX\xcb',b'\x0c\x07\x8d\xc0\x9d\xe8[/',49591,red
b'\x81P\xc8s\xd5\x9dUn',"b'\x9d\xf0\x8aF&""W\xb2'",53656,red
b'f\x18\x01\xa5\x8f\xedXX',"b'\x9d\xf0\x8aF&""W\xb2'",53006,red
b'\xbb!\xd6\xd3\x04\x9a_O',"b'\x9d\xf0\x8aF&""W\xb2'",52907,red
b'\xf7\xe1\x05\xb7m@T\xe2',"b'\x9d\xf0\x8aF&""W\xb2'",49591,red
"b'\xc3 \xd6""+~Y\xee'",b'[\xefZ\x8f\x0b<\\\xda',53656,red
b'\xa0!\x9c\x19\xb8\x8bV\\',b'[\xefZ\x8f\x0b<\\\xda',53006,red
b'nuOe8wYv',b'[\xefZ\x8f\x0b<\\\xda',52907,red
b'\xc0\x10\xc2\xf7Q\xd0R\x1d',b'[\xefZ\x8f\x0b<\\\xda',49591,red
b'bm\xe1\x95v~R\x99',b'B\xe4q\xaf\xa7\x87ZV',53656,red
b'\xf0:0\xf8\x82~S\xf2',b'B\xe4q\xaf\xa7\x87ZV',53006,red
b']\xc93\xae\xcb\xae\\;',b'B\xe4q\xaf\xa7\x87ZV',52907,red
b'\xa33\xe4\x95\x8bB]\xeb',b'B\xe4q\xaf\xa7\x87ZV',49591,red
"b',@s-\x1e\xf2XL'","b'\xb0\x92Kn\xab+Z""'",53656,red
b'\xa5\xe9J\xd9\xd8\x88]s',"b'\xb0\x92Kn\xab+Z""'",53006,red
b'\xe7\xec\x9eD\r\x81S\xb6',"b'\xb0\x92Kn\xab+Z""'",52907,red
b'7\xa7\n^I\xdc_\xcc',"b'\xb0\x92Kn\xab+Z""'",49591,red
b'\x86\xc60:U\x05\\\xcf',b'\xb8 o\xca8\xb7R\x85',53656,red
b'] 8\xf0\x90\x16Y\xfa',b'\xb8 o\xca8\xb7R\x85',53006,red
b']\xc7JtmwP\xb9',b'\xb8 o\xca8\xb7R\x85',52907,red
b'#Af)\x99.Xb',b'\xb8 o\xca8\xb7R\x85',49591,red
b'\x80\x88\xbe\xc7\x13\xc5S\xb2',b's\xa7\xdf\x91S\xd3\\\x9c',53656,red
b'w\xca\xa06\xce P\x12',b's\xa7\xdf\x91S\xd3\\\x9c',53006,red
b'*<\xf9\xe8\xf8\x83U\xe4',b's\xa7\xdf\x91S\xd3\\\x9c',52907,red
b'\xcfrL\xe6\xb2\xf8P\xab',b's\xa7\xdf\x91S\xd3\\\x9c',49591,red
b'w\xa3\xef\xa0inT\x86',b'\xaa\xf1i\xe1#\x91S^',53656,red
b'\xc8\xcc\xf7\xa4\xd1/Y%',b'\xaa\xf1i\xe1#\x91S^',53006,red
b'\xa8\xa3B\xe7\xe8\xdeQ$',b'\xaa\xf1i\xe1#\x91S^',52907,red
b'\x1d2\x89\x8fP\xe7[\xaa',b'\xaa\xf1i\xe1#\x91S^',49591,red
b'\x13/\x8b\xd9\x07>Zp',b'Q\x94\xdd3f\xcd^\x08',53656,red
b'\xcb\x04\x1f_+aU\xa7',b'Q\x94\xdd3f\xcd^\x08',53006,red
b'^\xdfZt\x82\x15S\xd2',b'Q\x94\xdd3f\xcd^\x08',52907,red
b'\x05\xa9\t)\x11\xdeV\xce',b'Q\x94\xdd3f\xcd^\x08',49591,red
b'\xec\xcd\xc3f\x8d!TF',b'\xbad\xd7\x89\x1b\xbfWC',53656,red
b'\x1cX\xe8\xb6\n\x81Qs',b'\xbad\xd7\x89\x1b\xbfWC',53006,red
b'@\x802\x8f\xf4\xe0Z\x07',b'\xbad\xd7\x89\x1b\xbfWC',52907,red
b'\xe6\xe1/\xa2\x9d\xfeT\x84',b'\xbad\xd7\x89\x1b\xbfWC',49591,red
b'\x05\\_\xcd\x15\xedY\xea',b'\x08\x99\x19\xb3\xad\x00\\\x9a',53656,red
b'\x8aE\xa4\x87\x1cH]\xaa',b'\x08\x99\x19\xb3\xad\x00\\\x9a',53006,red
b'\xd6\x82\x07g\xc9\xa4[\x01',b'\x08\x99\x19\xb3\xad\x00\\\x9a',52907,red
b'R\xf1\xe3\xbf\xc2\x8dU\xbf',b'\x08\x99\x19\xb3\xad\x00\\\x9a',49591,red
b'\x97\x8e+$\xc1GZ\xed',b'@\x12n\xac\x19wU\xf0',53656,red
b'%\xfa@\xa3\x9ebQM',b'@\x12n\xac\x19wU\xf0',53006,red
b'\x08\xf2>b\xcf\x80\\(',b'@\x12n\xac\x19wU\xf0',52907,red
b'\xfa\xc8\x1a\xbbQ\xff\\R',b'@\x12n\xac\x19wU\xf0',49591,red
b'\x94\x00P\x1c\xe8\xedT%',b' \xc4\xe9\x948\x7fX\x03',53656,red
b'T\x07\xa8$p\xbeW\xf1',b' \xc4\xe9\x948\x7fX\x03',53006,red
b'\x0bz\xdc\xe0\xb0&R\xf0',b' \xc4\xe9\x948\x7fX\x03',52907,red
b'\xa7\x14U\xd0jDUo',b' \xc4\xe9\x948\x7fX\x03',49591,red
b'.\xf9\x8aq2\xdfU{',b'xQ/\xb3\x9d\xc9X\xe1',52907,red
b'x\xf0\xeb\xbf\xbb\x12[\xdb',b'xQ/\xb3\x9d\xc9X\xe1',49591,red
b'\x8f\x8dU\xb6\xa7eP\xbe',b'xQ/\xb3\x9d\xc9X\xe1',53656,red
b'\xb7\xda\xacFVGX*',b'xQ/\xb3\x9d\xc9X\xe1',53006,red
b'vlh\xf3\xe0\x99P?',b'\xf1\xba\x0f\xdf}^X)',52907,red
b'=p\xa1q\xb3\x1d^\xa7',b'\xf1\xba\x0f\xdf}^X)',49591,red
b'J\x10A\xd6\xa6\xe0Re',b'\xf1\xba\x0f\xdf}^X)',53656,red
"b',""\xca\xae\x0c\x08Wn'",b'\xf1\xba\x0f\xdf}^X)',53006,red
b'\x18\x83\xabHiH]3',b'\xc8\x83\xd7\x11\x9e?T\xae',52907,red
b'\xe3b\x87\xb6\x03}S\xca',b'\xc8\x83\xd7\x11\x9e?T\xae',49591,red
b'\xad\xb3\xbb\xe4eRRM',b'\xc8\x83\xd7\x11\x9e?T\xae',53656,red
b'\xa6d\x93\xe2\x96\x81S-',b'\xc8\x83\xd7\x11\x9e?T\xae',53006,red
b'=_\xae\xd3\xd9[V\xd4',b'h\xca~\xf6\xaba\\>',52907,red
b'\xa6\xa1\xd4\xdc\xb9\xc2S\x18',b'h\xca~\xf6\xaba\\>',49591,red
b't\xa0\x7f ~N[\xfc',b'h\xca~\xf6\xaba\\>',53656,red
b'\xacH\x80h\xc0sS\xf7',b'h\xca~\xf6\xaba\\>',53006,red
b'\xb7\xb5\xcf\xf8\xa8[W\x0e',b'\x1e\x01\xe2g\xc6\xcfS\xbb',52907,red
b'\xfb\\\x7f\x87x\x93^\xcc',b'\x1e\x01\xe2g\xc6\xcfS\xbb',49591,red
b'\xbbaP\xdb\x83#Z2',b'\x1e\x01\xe2g\xc6\xcfS\xbb',53656,red
b'UZ\xc8\xf3\xb6\x89^B',b'\x1e\x01\xe2g\xc6\xcfS\xbb',53006,red
b'\x95\xe2\x00\xdb\x89oSC',b'\xfb\xf6\x89\xd9\x95T^\xa6',52907,red
b'_\xd93\x9e\x8d\x1eZ\x94',b'\xfb\xf6\x89\xd9\x95T^\xa6',49591,red
b'\xbeA\xdf\x89a\xf2W\x9a',b'\xfb\xf6\x89\xd9\x95T^\xa6',53656,red
b'\xf6\x7f\x97\xd6\xb2\x1aZ7',b'\xfb\xf6\x89\xd9\x95T^\xa6',53006,red
"b'""\x1a\xe24\x90{X\x91'",b'A3X\xce\x95f_\xba',52907,red
b'\x9e\x11Ug1+[\xbf',b'A3X\xce\x95f_\xba',49591,red
b'\xcd\xfd\x04\xf6u\x80].',b'A3X\xce\x95f_\xba',53656,red
b'\xc56\x80\xd5|\xc1P6',b'A3X\xce\x95f_\xba',53006,red
"b'\x1a\xb1 l,\xb2Yv'",b'C\xac9\x03\x8b0P\xea',52907,red
b's\xc0\xb5\xa9\xfa\xabU\xba',b'C\xac9\x03\x8b0P\xea',49591,red
b'\x00@3\xb1\xa3\xe3V\x11',b'C\xac9\x03\x8b0P\xea',53656,red
b'\xae\xc7\x04\xcenLW\xb4',b'C\xac9\x03\x8b0P\xea',53006,red
b'zA\xbczk S)',"b'\xaa\xd3R\\\r\xb1V,'",52907,red
b'\x88\xe1--\x12\x85Uy',"b'\xaa\xd3R\\\r\xb1V,'",49591,red
b'%flX\x0b\xf6XZ',"b'\xaa\xd3R\\\r\xb1V,'",53656,red
b'{\x0e\xbf\x7f1WY\xa7',"b'\xaa\xd3R\\\r\xb1V,'",53006,red
b'W\xd0Az6 [\x85',b'\xd3Qp\xc6\x1b\xa7W\xa0',52907,red
b'\xe3G3\xd8\xa9\x11W\x15',b'\xd3Qp\xc6\x1b\xa7W\xa0',49591,red
b' \xb1\xe3\xbb\xa4\xc3V~',b'\xd3Qp\xc6\x1b\xa7W\xa0',53656,red
b'S\xd9\xb0A\xd1\x7fP\x9c',b'\xd3Qp\xc6\x1b\xa7W\xa0',53006,red
b'\xe7\x84\xf6\x06n\x06X\x08',b'kR#\x11\r\xfcV\x90',52907,red
b'\xd9\x9f\x97\xeb\x16>YQ',b'kR#\x11\r\xfcV\x90',49591,red
b'\xd3\xda\xf6\x9dy\xaeTO',b'kR#\x11\r\xfcV\x90',53656,red
b'E\x0bg\xfa\xe6\xddS\xa8',b'kR#\x11\r\xfcV\x90',53006,red
b'{\xecIj\x89S_\x83',b'RZ`\xfb\x8a\xc4_\t',52907,red
b'\xb6\xaf\xd8\x95\x80N_\x9d',b'RZ`\xfb\x8a\xc4_\t',49591,red
b'eV;O#\xdaV\xed',b'RZ`\xfb\x8a\xc4_\t',53656,red
b'\xd5aY\xe0\x0bYYk',b'RZ`\xfb\x8a\xc4_\t',53006,red
b'#lx\x8e\xcbvWH',b'\xde\xd4H\t\x15\xb8WK',52907,red
b':\xf7\xc6\x15\xf0\xceU\x9b',b'\xde\xd4H\t\x15\xb8WK',49591,red
b'\xb6\xc4\x9f\xd9V\x8cP\xb0',b'\xde\xd4H\t\x15\xb8WK',53656,red
b'`GPu\xbc\x15^\xdd',b'\xde\xd4H\t\x15\xb8WK',53006,red
b'\xa9\xc7v\x18\xc6\xa9To',b'\x89\x9f\xbc\xb60\xfcW\x13',52907,red
b'&s\xf1\xba\xb5BV\xf1',b'\x89\x9f\xbc\xb60\xfcW\x13',49591,red
b'\x03\xfbL\xce\xb4AY\x1a',b'\x89\x9f\xbc\xb60\xfcW\x13',53656,red
b'z\xa7\xc3\x95D\xf8V\xa0',b'\x89\x9f\xbc\xb60\xfcW\x13',53006,red
b'\x117\xe9\x9a\xd0\x80\\#',b'\x95\x87\xcc\xa9\x0f\xd5]1',52907,red
b'Q\xe2\xc5ru\xa9SI',b'\x95\x87\xcc\xa9\x0f\xd5]1',49591,red
b'P(|\x1c\xfb\xaa^\xef',b'\x95\x87\xcc\xa9\x0f\xd5]1',53656,red
b'\xbbe\xdbb%\x91^\x9f',b'\x95\x87\xcc\xa9\x0f\xd5]1',53006,red
b'\xb6\xc6\x9e\xa3\x98\xc9T\x93',b'\xd0\x9d\x7f\x97GOT\xfe',52907,red
b'z1\xa2\x13\x15kPv',b'\xd0\x9d\x7f\x97GOT\xfe',49591,red
b'\xe8~dQc\x16S\xcc',b'\xd0\x9d\x7f\x97GOT\xfe',53656,red
b'x\x87\xb0\xefc\xdd]\xa9',b'\xd0\x9d\x7f\x97GOT\xfe',53006,red
b'Nf\x02j\xb8o]\xca',b'\xd2$7\xa9\x90\xa0Y\xf8',52907,red
b'\xe7\xec\x1bg\x92mW\xe2',b'\xd2$7\xa9\x90\xa0Y\xf8',49591,red
b'k\xb8is\xaa [r',b'\xd2$7\xa9\x90\xa0Y\xf8',53656,red
"b'\xd3\x7f\x90\xf6,$[<'",b'\xd2$7\xa9\x90\xa0Y\xf8',53006,red
b'n\xbb\x1d\xaa\xdb\xef_\x85',b'\x14\x0e\xc1\xbf\xd2n_Q',52907,red
b'\x05\r \xb3\xe6\x0f_>',b'\x14\x0e\xc1\xbf\xd2n_Q',49591,red
b'\xf7\xc4K\xd5\x00DX\x98',b'\x14\x0e\xc1\xbf\xd2n_Q',53656,red
b'\xbc\x1a\xe7\x044\x99X\x10',b'\x14\x0e\xc1\xbf\xd2n_Q',53006,red
b'\xae!\xd2\xaf\xe8IWG',b'\x9ek\xaf\xa9\x80ZU\xa8',52907,red
b'\x86Z\xb4<\x1d\xeb]\x19',b'\x9ek\xaf\xa9\x80ZU\xa8',49591,red
b'\xb6c\xd0\x83\xe6]Z.',b'\x9ek\xaf\xa9\x80ZU\xa8',53656,red
b'_a\x1d\x0c\xb3\x13W\x1b',b'\x9ek\xaf\xa9\x80ZU\xa8',53006,red
b'\xf1W\xea\xc5\xe2\x9d\\\x91',"b'\t\x97@\xc9,9[\x81'",52907,red
b'\xcb\xabp\xcbH{U\xef',"b'\t\x97@\xc9,9[\x81'",49591,red
b'\xca\xca^&\x1b7]\xe3',"b'\t\x97@\xc9,9[\x81'",53656,red
b'\x8c\xe0\xa3k]DY3',"b'\t\x97@\xc9,9[\x81'",53006,red
b'\x06R\x01\x1d\x15\xb7[\x05',b'5\xaf:\x04\r\x05X\xd3',52907,red
b'RBC\x86\xd2\x14\\\x96',b'5\xaf:\x04\r\x05X\xd3',49591,red
b'\x86$8|.)W\x01',b'5\xaf:\x04\r\x05X\xd3',53656,red
b'T\x90!\x04\x1f\x9dW\xe9',b'5\xaf:\x04\r\x05X\xd3',53006,red
b'\r\xb85N/PZb',b'g7Rq\xa7\xfdX.',52907,red
b'\x93\xfa\x8c\x1c\xf6[X\xc6',b'g7Rq\xa7\xfdX.',49591,red
b'\x89\x10\xccs\x96\x8fP#',b'g7Rq\xa7\xfdX.',53656,red
b'\xdd\xc4\x1b]1\xdb\\B',b'g7Rq\xa7\xfdX.',53006,red
b'\x9c\xb1\x0b\x83\\\x8dP\x80',b'\xfd; \xaa\xf2w_\xc2',52907,red
b'!W\x1f\xde\x8b\x95W!',b'\xfd; \xaa\xf2w_\xc2',49591,red
b'8\xd9\x01R\x1d\x13_\xe0',b'\xfd; \xaa\xf2w_\xc2',53656,red
b'\x10\x12\xfb\xfbt\xedYU',b'\xfd; \xaa\xf2w_\xc2',53006,red
b'\x84\x0c\xe3DQt_\xb6',b'\xdec\xed_\xcb\xaeS&',52907,red
b'.g\x97\xfb\xf48_W',b'\xdec\xed_\xcb\xaeS&',49591,red
b'\xf7\n\x01\x10E\xc7U\xf2',b'\xdec\xed_\xcb\xaeS&',53656,red
b'\x0eBM[\xc95Q\xae',b'\xdec\xed_\xcb\xaeS&',53006,red
b'\xd9\x06\xba\x17\xf4\xa0Yi',b'\xa2\xe4\xb0U\xe5\xe4W-',52907,red
"b""O\x8c>\x82o Z'""",b'\xa2\xe4\xb0U\xe5\xe4W-',49591,red
b':\xaa}_)]Q\xa0',b'\xa2\xe4\xb0U\xe5\xe4W-',53656,red
b'K\x0c\xb7\xdbF V\x14',b'\xa2\xe4\xb0U\xe5\xe4W-',53006,red
"b'\xfc,\x92\xa9n1U\xd4'",b'\xb0p\x89.\x05\xd7R\xf3',52907,red
b'M\x18\x0c\t\xb8CV\xb8',b'\xb0p\x89.\x05\xd7R\xf3',49591,red
b'\x85\xdb^\r\xd7aQ\xc4',b'\xb0p\x89.\x05\xd7R\xf3',53656,red
b'f\xc2Y\xc7\xc3\x04]Y',b'\xb0p\x89.\x05\xd7R\xf3',53006,red
b'\x8eh\xd5#(\xc1Ta',b'\x8a\xef\xf8Q\xd9\x1aWC',52907,red
b'\x1f\xfa\xdbT\xe8YS\xd5',b'\x8a\xef\xf8Q\xd9\x1aWC',49591,red
b'\xe7\xec\xd92\xd1tRl',b'\x8a\xef\xf8Q\xd9\x1aWC',53656,red
b'\x03\xbc\x8b\xa9\xbd\x01VO',b'\x8a\xef\xf8Q\xd9\x1aWC',53006,red
b'6h\xd2\xc1\xfd\xff_\r',b'\xc0\x9f\xe9\x05\xfe\x1aQJ',52907,red
b'(\x8a@\x13\x97\xabTN',b'\xc0\x9f\xe9\x05\xfe\x1aQJ',49591,red
"b'\xcbW""\x1a;\xf9S\xd9'",b'\xc0\x9f\xe9\x05\xfe\x1aQJ',53656,red
b'\xe3\xad\xddU\x1c\x18W\xa9',b'\xc0\x9f\xe9\x05\xfe\x1aQJ',53006,red
b'\xc3XA\x8e\xd4\x9d^\xab',b'<+\x83)\xac`T\x1c',52907,red
b'\x17\x85+\xce\xb4o[\x12',b'<+\x83)\xac`T\x1c',49591,red
b'\x84~4r.J]\x1e',b'<+\x83)\xac`T\x1c',53656,red
b'M\x06\x84\xc5\xc1\x0e]E',b'<+\x83)\xac`T\x1c',53006,red
b'\x91\n:V\xea4Z\xdd',b'5\xd8;\xa0\x02\xabZ\xd7',52907,red
b'\x0c\x86\x10\xfc2\x83\\\xe5',b'5\xd8;\xa0\x02\xabZ\xd7',49591,red
b'b*R\xebTEV\xfe',b'5\xd8;\xa0\x02\xabZ\xd7',53656,red
b'\xd7\xc5\x13\xe0i\x98RL',b'5\xd8;\xa0\x02\xabZ\xd7',53006,red
b'\x89\x19\xa0\x98\x1a\x0cX\xe7',b'\x8a|\xc0\xe4\xd3\xe4Y]',52907,red
b'd\xde\xa2\x1d\t\xefS\xc7',b'\x8a|\xc0\xe4\xd3\xe4Y]',49591,red
b'\x9e\xae\xbf\xf2\xaf`VI',b'\x8a|\xc0\xe4\xd3\xe4Y]',53656,red
b'\xdeSX\x14p\xf4^\xaa',b'\x8a|\xc0\xe4\xd3\xe4Y]',53006,red
b'q*\xd8\xa1\x9a\xdaT\xb6',b'\x7fQ\xe8*\xd2\x0eP8',52907,red
b'\xa7\x0c\x80T\\EZ\xf1',b'\x7fQ\xe8*\xd2\x0eP8',49591,red
b'\xffA\xff\xad\x0c ]r',b'\x7fQ\xe8*\xd2\x0eP8',53656,red
b'\x9b\xdb\xe1\x16q\xc2Xk',b'\x7fQ\xe8*\xd2\x0eP8',53006,red
b'k\xeb\xde\xa8\xb7M^\xf1',b'\xad\xbd\xd1\xc0\xa7MY\x1f',52907,red
b'\x97\xb6\xa9\x07\x11\xea[/',b'\xad\xbd\xd1\xc0\xa7MY\x1f',49591,red
b'\x04\x9bp|i\xb3U/',b'\xad\xbd\xd1\xc0\xa7MY\x1f',53656,red
b'\x8d\xaev\x187#T\x85',b'\xad\xbd\xd1\xc0\xa7MY\x1f',53006,red
b'r\xd3\xcb`\x8a\x97U\xdd',b'\x9d0\x9a\xab\x96\x93W\xfe',52907,red
b'\xe7MQ\tF\xb4\\\x1e',b'\x9d0\x9a\xab\x96\x93W\xfe',49591,red
b'\xa0\xa9\xa6\xfa\npR\x80',b'\x9d0\x9a\xab\x96\x93W\xfe',53656,red
b'\xc0\xfa\x17u\xa6\xb8V\xe9',b'\x9d0\x9a\xab\x96\x93W\xfe',53006,red
b'\xc0_\xbe\xa2\xa3*_\xb8',"b""\xdf'\xfc\xd4XgY\xcc""",52907,red
b'\x97\xb0\xa2\xd0\x16\xf4R<',"b""\xdf'\xfc\xd4XgY\xcc""",49591,red
"b',\x0f+\xe8^VUv'","b""\xdf'\xfc\xd4XgY\xcc""",53656,red
b'\x9b\xf6\x9d\x00)\x1dX\xf7',"b""\xdf'\xfc\xd4XgY\xcc""",53006,red
b'\xf0\x86\t\xcbE\xb6Q\xbf',b'\x08\xf8\xa09\x06\xe9XI',52907,red
b'\xa2\xa2%\xebl\xd7W]',b'\x08\xf8\xa09\x06\xe9XI',49591,red
b'\x8f!\x90n\xe90P\x82',b'\x08\xf8\xa09\x06\xe9XI',53656,red
b'4V\x91\x981\x0bW\xd6',b'\x08\xf8\xa09\x06\xe9XI',53006,red
b'f\x93\xbe\x97\xc4\x13Wg',b'Z\xd9\xb6\x02%\xc8R\x01',52907,red
b'\xd6\x08iHe\xe7W\x80',b'Z\xd9\xb6\x02%\xc8R\x01',49591,red
"b'""~U\x9c\xcd\x9bQ\x10'",b'Z\xd9\xb6\x02%\xc8R\x01',53656,red
b'Vpy{~\xb6\\\xdf',b'Z\xd9\xb6\x02%\xc8R\x01',53006,red
b'\xe9\r\x94\\\x8e\x0fZ\x0b',b't;\xa9\xe2\xefHZ\xbb',52907,red
b'\x82`d\xbe\x1e\xbe_O',b't;\xa9\xe2\xefHZ\xbb',49591,red
b'\xaf+}\x90J\xd3Q\xd7',b't;\xa9\xe2\xefHZ\xbb',53656,red
b'\\\xd60\x8e\xf27Y$',b't;\xa9\xe2\xefHZ\xbb',53006,red
b'\xb0_\x99\xa1g\xa9T\xaa',b'C\x8f\x82\xafA\x0cV\x1e',52907,red
b'D>\xe3\xfd\xeb\xadS(',b'C\x8f\x82\xafA\x0cV\x1e',49591,red
b'W\x1a\xd6\xa6=\xf0V\xf9',b'C\x8f\x82\xafA\x0cV\x1e',53656,red
"b'}z\xc8vB""\\d'",b'C\x8f\x82\xafA\x0cV\x1e',53006,red
b'\xdc\xcbG\x94\x92\xd3R\t',b'\xd4\x85\x9a\xb4\x999_@',52907,red
b'?\x1e\xc5\x13C\xe3Q\xbb',b'\xd4\x85\x9a\xb4\x999_@',49591,red
b'\xc2\xa4i\xc6\x86\xa0R%',b'\xd4\x85\x9a\xb4\x999_@',53656,red
b'$\n\xa7\xbb\xdbkU\xd1',b'\xd4\x85\x9a\xb4\x999_@',53006,red
b'\xe2\xb7\xf3\xa7\xdf\xc4Z\x12',b'N\xf0\xa2\xdeg.Z;',52907,red
b'\xaf\xc2\x12p\x19\xb1]4',b'N\xf0\xa2\xdeg.Z;',49591,red
b'\xbb\xf4\x81\x87j<Y\xf8',b'N\xf0\xa2\xdeg.Z;',53656,red
b'\xf2\x8c\xcd\xd9\xaf\xe1R\xfb',b'N\xf0\xa2\xdeg.Z;',53006,red
b'\xaf\xe2\xf0\x9fz\xe4W\x1d',"b'w\x8a/""k\xbbS\x1a'",52907,red
b'\x98\xbc1Pu\x83^\xa0',"b'w\x8a/""k\xbbS\x1a'",49591,red
b'\xaeL6\xaa\xd0\x94U\xb3',"b'w\x8a/""k\xbbS\x1a'",53656,red
b'\xcc\xb9\xe1\x81\xee\xb9Q\xea',"b'w\x8a/""k\xbbS\x1a'",53006,red
b'\xc5\xa9\x0c\x91X\xd7_\xb2',b'\xeb\x12\xd87\x8ai]\xcb',52907,red
b'\x8f\xd41\x81\x17jY\x8d',b'\xeb\x12\xd87\x8ai]\xcb',49591,red
b'\xe3\x0b\xf8\x1f*\x12Z\r',b'\xeb\x12\xd87\x8ai]\xcb',53656,red
b'[]\x0fk)\x15_\x97',b'\xeb\x12\xd87\x8ai]\xcb',53006,red
b'\xebL\x94n[\xf0V\x8a',b'\x113\xf9E\x08\x11_n',52907,red
b'H\x15R)E\xfb^\x84',b'\x113\xf9E\x08\x11_n',49591,red
b'5w\xb6\xd4\xe4\xe6]\x93',b'\x113\xf9E\x08\x11_n',53656,red
"b'""&\xc2\x8c`\xd9V\x0c'",b'\x113\xf9E\x08\x11_n',53006,red
b'\x8c\xba\xe9c\xc6\x99^f',b'\x8ag?\xe8\xb5\xac_\xe5',52907,red
b'\xd8t\xc4\x80\xb8\xc1V\xba',b'\x8ag?\xe8\xb5\xac_\xe5',49591,red
b'\x88\xb6\xa3\xb5\xa8\xd6Z\x9e',b'\x8ag?\xe8\xb5\xac_\xe5',53656,red
b'@6\\\x1b3;Q\xf8',b'\x8ag?\xe8\xb5\xac_\xe5',53006,red
b'\x9c\x1az\xd1N\xa4U\xac',b'3#r\xc3D\x06]\xee',52907,red
"b'\xd3""\x83 \x10\xc6W\''",b'3#r\xc3D\x06]\xee',49591,red
"b'""\xdeM\xaaO\xa5\\!'",b'3#r\xc3D\x06]\xee',53656,red
b'Z\r&\x80o\xd1\\n',b'3#r\xc3D\x06]\xee',53006,red
b'oJ\xde\xe6\xc0\x0eY%',b'\x9a\xd3\x08\xf7\x07\x80\\\xe8',52907,red
b'\x00\xfd~\xc5c\xb2R\x9f',b'\x9a\xd3\x08\xf7\x07\x80\\\xe8',49591,red
b'\x1d\xbc6\x12k\x82W\x0b',b'\x9a\xd3\x08\xf7\x07\x80\\\xe8',53656,red
b'\xc2\xfdP\xb4(\x8a\\r',b'\x9a\xd3\x08\xf7\x07\x80\\\xe8',53006,red
b'<3\xcf\x10\x1edZl',b';\x91?~\xab\x81^6',52907,red
b'\xb3y\x19\x0c\x8fJ_$',b';\x91?~\xab\x81^6',49591,red
b'w\xa35nu\xc9[\x91',b';\x91?~\xab\x81^6',53656,red
b'sN\xd7\xc5\xc2?P:',b';\x91?~\xab\x81^6',53006,red
b'vY\x1d\xa9\xce\xadT6',b'\xa89\xa1Q\xdd\x0f[V',52907,red
b'\x1b\xf9[\xe2\x0f\xf4Y!',b'\xa89\xa1Q\xdd\x0f[V',49591,red
b'\x83\rA\x8c\r\xdc_\xfe',b'\xa89\xa1Q\xdd\x0f[V',53656,red
b'D\x1f\xc1\xd5T\xb8V\x89',b'\xa89\xa1Q\xdd\x0f[V',53006,red
b'\x00\x0c\xe7z:.\\t',b'\xa2O\x87\xfbI\x97R:',52907,red
b'\x13t@\xf6\x07ZWR',b'\xa2O\x87\xfbI\x97R:',49591,red
b't\xdf\xfb\xa1\xd1g_\xbb',b'\xa2O\x87\xfbI\x97R:',53656,red
b'\xd3\xe1`U\x17n^\xbf',b'\xa2O\x87\xfbI\x97R:',53006,red
b'\x91\x9bF\xfd\xa8\xf3S\x03',b'\xa0\xb7\x01\xe6\xc3\xd2TO',52907,red
b'\xa0Fc\xcf)JVg',b'\xa0\xb7\x01\xe6\xc3\xd2TO',49591,red
b'6\xd0\x0e\xb75mT\xcb',b'\xa0\xb7\x01\xe6\xc3\xd2TO',53656,red
"b'\x1e\x1c[""\xdc\x10]\x8d'",b'\xa0\xb7\x01\xe6\xc3\xd2TO',53006,red
"b',\xd2\xd5x\xaf\xa4]\xca'",b'\x83\xfb\x03G#;Q\x1c',52907,red
b'\xa4\x92\xdb\x1d-\x8aT\n',b'\x83\xfb\x03G#;Q\x1c',49591,red
"b'\xc4\x8f[\x8b,\xcdXk'",b'\x83\xfb\x03G#;Q\x1c',53656,red
b'\xf6h\x03\xe3\xadFZM',b'\x83\xfb\x03G#;Q\x1c',53006,red
b'\xe7\x01\xca\x89\xe0aU\x02',b'd\xf6\xcaN~|S\xd2',52907,red
b'f[VQH)X\x8f',b'd\xf6\xcaN~|S\xd2',49591,red
b'\xea\xda\xed\r\xaf3S\x05',b'd\xf6\xcaN~|S\xd2',53656,red
b'\x02\x80\x9b\x8b|l]\xcc',b'd\xf6\xcaN~|S\xd2',53006,red
b'\xf9\x14\xa5\xac\x89NZ\xf3',b'\x93v\x1ao\xa1\xf9]\x95',52907,red
b'x\xbf\xed/\xd3\xa1ZL',b'\x93v\x1ao\xa1\xf9]\x95',49591,red
"b'\x08\xc3\x81,\x92\x10W\x92'",b'\x93v\x1ao\xa1\xf9]\x95',53656,red
b'\xd3W\x18\xe0\xee!S\x03',b'\x93v\x1ao\xa1\xf9]\x95',53006,red
b'\xcco\xd4f\x1d^X\x9b',b'\xd6\x83vB-\x7f[\xb2',52907,red
b')\xd5\xb3]d\x02R\x98',b'\xd6\x83vB-\x7f[\xb2',49591,red
b'\t\xff\xb1(r\xbcZ\x9f',b'\xd6\x83vB-\x7f[\xb2',53656,red
b'Y\xaa9\xb4\xb4LY\xb4',b'\xd6\x83vB-\x7f[\xb2',53006,red
b'\xe5M\xd2%\xeb\xa2_m',b'\xd7\x16]\x9f\x8d\x93V_',52907,red
b'*\xa7\xef\xb4a\x80X\xdf',b'\xd7\x16]\x9f\x8d\x93V_',49591,red
b':L\x9dw\xc2\rW~',b'\xd7\x16]\x9f\x8d\x93V_',53656,red
b'C\x9b\x0b\x96@\x1dY\xa7',b'\xd7\x16]\x9f\x8d\x93V_',53006,red
b'\x1c#\xd1Ize^B',b'\xb2\x99{\x9d\xb3\x85V0',52907,red
"b""7Q\x8a\xfbY\xc5Q'""",b'\xb2\x99{\x9d\xb3\x85V0',49591,red
b'\xf5\x97\x95\xd1\xd8)^k',b'\xb2\x99{\x9d\xb3\x85V0',53656,red
b'd\xc1\xddL?A\\9',b'\xb2\x99{\x9d\xb3\x85V0',53006,red
b'w\xa9o^\xe2\x8cTa',"b""\x1b'oY|\xe6^J""",52907,red
b'\xf8\x93W\xa1P\xc2[\xb3',"b""\x1b'oY|\xe6^J""",49591,red
"b""QK\xe8\xbf'\xa0\\\xe6""","b""\x1b'oY|\xe6^J""",53656,red
b'\xdf\xc9\xc7m\xef\xd9[\xb9',"b""\x1b'oY|\xe6^J""",53006,red
b'\xf2t\x7f\x8b\xa4\xd6V\x87',b'R\xfaI\xff\xb4OY}',52907,red
b'\xfck\xd3B[\xfeU\x04',b'R\xfaI\xff\xb4OY}',49591,red
b'\xcf\xda\r(wVS\xca',b'R\xfaI\xff\xb4OY}',53656,red
"b'$\xc1\xe2r,\x95P\x04'",b'R\xfaI\xff\xb4OY}',53006,red
b'\xac\xd2v\x89\xb6R\\\x8d',b'\x84\x8f \xa8W]V\x9e',52907,red
b'b\xa5r\xec\xd9\xa0R\x86',b'\x84\x8f \xa8W]V\x9e',49591,red
b'v0a1K\xe0[[',b'\x84\x8f \xa8W]V\x9e',53656,red
b'\xfc\xeer=\xa8\x8fZ<',b'\x84\x8f \xa8W]V\x9e',53006,red
b'\xceu\xe9S\xa8x\\\x92',b'\xb6\xa9\xc1\x8a\xa8\x95U\n',52907,red
b'\x08A\xa7\xdf\xc6\x89S\xa6',b'\xb6\xa9\xc1\x8a\xa8\x95U\n',49591,red
b'\xb1\xe80;8o[]',b'\xb6\xa9\xc1\x8a\xa8\x95U\n',53656,red
b'\xa7\xbe[\xa8d\xda_\xc1',b'\xb6\xa9\xc1\x8a\xa8\x95U\n',53006,red
b'\xd3\xb9\x98\x1b\xd5\xc5^\xc1',b'>?\xfev\xb3\xe9P\x8a',52907,red
b'\x8f\x86Rt\x8eOX\x06',b'>?\xfev\xb3\xe9P\x8a',49591,red
b'\xe6\xb4\n\xe6\xf0WR\xb4',b'>?\xfev\xb3\xe9P\x8a',53656,red
b'\x15\xd9s\x05>\xe8Td',b'>?\xfev\xb3\xe9P\x8a',53006,red
b'n%\xb7\xac\xcb\xb7V\xda',b'\xc3\x96\xb5\xe0`]Z\xf0',52907,red
b'k\xb0\x0b\n\x9b-Q#',b'\xc3\x96\xb5\xe0`]Z\xf0',49591,red
b'\xaf6\xac\xaf\x16^V\x93',b'\xc3\x96\xb5\xe0`]Z\xf0',53656,red
b'+}\xac]\x90\x94]\xd1',b'\xc3\x96\xb5\xe0`]Z\xf0',53006,red
b')]m\xde\xad\xa0[\x11',b'Ek\x93\\n\xe6Q\xb7',52907,red
b'Q#\xfe\x01\xc9\x1fXb',b'Ek\x93\\n\xe6Q\xb7',49591,red
b'\xb4\x0bP\x9czd]\xa1',b'Ek\x93\\n\xe6Q\xb7',53656,red
b'F\xad\\\xb1\x9a\xa2[\x03',b'Ek\x93\\n\xe6Q\xb7',53006,red
b'\xed\xba\xc3\xfdmkS\xb8',b'\xcb^6\x08\x90VQ<',52907,red
b'\xb9\x9aM/\xccyR}',b'\xcb^6\x08\x90VQ<',49591,red
b'\xdfRkX\xb8y]\xd5',b'\xcb^6\x08\x90VQ<',53656,red
b'h\x0eo\xd6W\x81[\xe7',b'\xcb^6\x08\x90VQ<',53006,red
b'V\xcb\xca!k\xb7YZ',"b""u1'-k\xaeWg""",52907,red
b'\xbd\xcf\xc1`\x9d\x1bP\xe0',"b""u1'-k\xaeWg""",49591,red
b'p\xf30\x17\xea\xb3T\x1a',"b""u1'-k\xaeWg""",53656,red
b'Z-o\xd9\x01\x02YM',"b""u1'-k\xaeWg""",53006,red
b'|D\xd6-\x8aDY\x02',"b'\xcbT#\x7f,\xbe_\xd9'",52907,red
b'\xd4.\xe9\x16\x94{]\xfc',"b'\xcbT#\x7f,\xbe_\xd9'",49591,red
b'N\x0c\xb5\xad\xe2\xb4\\\x05',"b'\xcbT#\x7f,\xbe_\xd9'",53656,red
"b' \x1c,\r\xcd/Q\x10'","b'\xcbT#\x7f,\xbe_\xd9'",53006,red
b'g\x93l\x1b=fP\xcc',b'K\xd8\xd7\xb2\x89`P(',52907,red
"b'`\xd32\x80""\nS\x03'",b'K\xd8\xd7\xb2\x89`P(',49591,red
b'8Z33$YP^',b'K\xd8\xd7\xb2\x89`P(',53656,red
"b'\xb7,\xa47\xf5\x00Z\x04'",b'K\xd8\xd7\xb2\x89`P(',53006,red
b'\xbe \xe0\x86\xc5&X\x7f',b'\xd4\xbe^\x03q\x9c_\x9f',52907,red
b'F\xf9\x7f\xa0\x03\x93_\xd5',b'\xd4\xbe^\x03q\x9c_\x9f',49591,red
b'l|\x11\xb7\x98\xe6[\x1d',b'\xd4\xbe^\x03q\x9c_\x9f',53656,red
b'\x92\xa94\x93\x1f\xdc[\xd3',b'\xd4\xbe^\x03q\x9c_\x9f',53006,red
b'\x1d\xe2p\x87`\x85Ut',b'Q\x12I\xbe\x9a\xe0]Y',52907,red
"b'\xa1\xdf\x8bv\x01\xa9S,'",b'Q\x12I\xbe\x9a\xe0]Y',49591,red
b'\xb1\x9c\xc5\xf8\x91q[y',b'Q\x12I\xbe\x9a\xe0]Y',53656,red
b'f\xc8%ButUR',b'Q\x12I\xbe\x9a\xe0]Y',53006,red
"b'\x80M\x89!\x89aU""'",b'@\xebR\xfb\xed6W\x8f',52907,red
b'RI\xfe`@\x94\\\x06',b'@\xebR\xfb\xed6W\x8f',49591,red
b'Ds\x87q\x05%^\x9e',b'@\xebR\xfb\xed6W\x8f',53656,red
b'\xfe=\x1f\xa2\x1e\xa4P3',b'@\xebR\xfb\xed6W\x8f',53006,red
b'\xfa\xcf\x12\xae\x8b W1',b'p\x0e\xeeT5\x8d[\x89',52907,red
b'X\xa7\xfe\xac\x18\x1bZ]',b'p\x0e\xeeT5\x8d[\x89',49591,red
b'\\\x9bT\xb1\xe3\xcdS\x1e',b'p\x0e\xeeT5\x8d[\x89',53656,red
b'\xcc\xfb\xa4\xeb{^V\x01',b'p\x0e\xeeT5\x8d[\x89',53006,red
b'\xb1\xb3\xe3E\xea\x93V\x14',b'\xed\x16\x9f\x1fU\xc6_\xa7',52907,red
b'\x82k\xb2\xa9\x0c*T\xc1',b'\xed\x16\x9f\x1fU\xc6_\xa7',49591,red
b'$\xde#\xe8 \xd1W\x9c',b'\xed\x16\x9f\x1fU\xc6_\xa7',53656,red
b'\xf08A*\xbc\xcf]y',b'\xed\x16\x9f\x1fU\xc6_\xa7',53006,red
b'\xdf%\xcf\xdc\x96\xd7]\xff',b'\x1dV\x0e\xd5x\x1aY!',52907,red
b'\x94g\xe0Oe^X\xf9',b'\x1dV\x0e\xd5x\x1aY!',49591,red
b'\x82Y\x80_\xde\x9fP\x97',b'\x1dV\x0e\xd5x\x1aY!',53656,red
b'\x996\x9a\x9b\x99\xf3Px',b'\x1dV\x0e\xd5x\x1aY!',53006,red
b'\xe7\xaeG\xa1\xe0\x85U\xc4',b'~\x01\xfa\xf4\xd2\xbc[Q',52907,red
b'm\x84\xed\xef\x1d\x9fVo',b'~\x01\xfa\xf4\xd2\xbc[Q',49591,red
b'\xfa\xd9\xea\xe0u\xf7WB',b'~\x01\xfa\xf4\xd2\xbc[Q',53656,red
b'PE\x0fY\x9b\x16P\xf7',b'~\x01\xfa\xf4\xd2\xbc[Q',53006,red
b'7\x9a\xb1ay\xd8]`',b'\xac\xb1\t\xa5\xce\x8eU\xb9',52907,red
b'\x16\x1e}]\xd2\xe5]a',b'\xac\xb1\t\xa5\xce\x8eU\xb9',49591,red
b'\xde\xcd-\x894\xd6X\xb5',b'\xac\xb1\t\xa5\xce\x8eU\xb9',53656,red
b'~i\x1a\xb1lkP\x00',b'\xac\xb1\t\xa5\xce\x8eU\xb9',53006,red
b'\x91\xa6\xe2\x9f\xfe\x98T\xab',b'9\x12\x11%\xeb_\\\xcb',52907,red
b'\xf0\x99a$\xa3\xb1TO',b'9\x12\x11%\xeb_\\\xcb',49591,red
b']\xab\x151I\x15VI',b'9\x12\x11%\xeb_\\\xcb',53656,red
"b""\x81L\x98\x10\xd7'Z\xd7""",b'9\x12\x11%\xeb_\\\xcb',53006,red
b'Nw\x0cB\xfd\x0f[\xd7',b'\xf1\xd7w0d\x0f]D',52907,red
b'\xaf\xb9\xd8/\x16\xa1Q\xba',b'\xf1\xd7w0d\x0f]D',49591,red
b'\xffK\xf0\x80\xee\x18^\xde',b'\xf1\xd7w0d\x0f]D',53656,red
"b""\xf3\x1e<\xdf':]\xd5""",b'\xf1\xd7w0d\x0f]D',53006,red
b'\x0eV\xe6\x0eUNS\xfc',b'\xb2\x1f7\x8fu\xebP\xbc',52907,red
b'e\xa7\xa8tU\x00[R',b'\xb2\x1f7\x8fu\xebP\xbc',49591,red
b'\xe9\x9a\xe4\xe4/\x99Z\x9f',b'\xb2\x1f7\x8fu\xebP\xbc',53656,red
b'n\x85\xe6$y\xa5R\x19',b'\xb2\x1f7\x8fu\xebP\xbc',53006,red
b'l|Z\x1f\xb4\xdc]\x06',b'v\xdc} \xa6\xdaR}',52907,red
b't\xfc8\xdf\x96\x9dYk',b'v\xdc} \xa6\xdaR}',49591,red
b'\x10\xcd\xad\xd0\x95\xb0[F',b'v\xdc} \xa6\xdaR}',53656,red
b'\x9b\xac0E^hP9',b'v\xdc} \xa6\xdaR}',53006,red
b'\xe6\x91\x82\xd8\xf3\xbc_Y',b'\xec\x13\xde\xbd\x9a\x0fT\xfb',52907,red
b'\x01\xcanl~\xc3^)',b'\xec\x13\xde\xbd\x9a\x0fT\xfb',49591,red
b'\x94q5\xec\xba\xacY\xb6',b'\xec\x13\xde\xbd\x9a\x0fT\xfb',53656,red
b'D]n\xcdkDX\xf2',b'\xec\x13\xde\xbd\x9a\x0fT\xfb',53006,red
"b'\xcb7#\xad,\xdcTz'",b'\xad\xb1\xfd\x15\x82i]\xb6',52907,red
b'784z\x15\x89VL',b'\xad\xb1\xfd\x15\x82i]\xb6',49591,red
b'\x08A\xa7\x05\x81\xe0S\xc0',b'\xad\xb1\xfd\x15\x82i]\xb6',53656,red
b'\x87\xc8j\x03\xb4\x11P\xad',b'\xad\xb1\xfd\x15\x82i]\xb6',53006,red
b'\xed\xee\xca\xf27mP\xaa',b'\xfc\x86\xccU\x94hP\xf1',52907,red
b'<F\x0e\xc1X*TT',b'\xfc\x86\xccU\x94hP\xf1',49591,red
b'\x860\x02\xacnpX\x1f',b'\xfc\x86\xccU\x94hP\xf1',53656,red
b'\xe0\xaaA\xd5\xae\x0c^\x05',b'\xfc\x86\xccU\x94hP\xf1',53006,red
b'QPG\x99\xe1qXP',b'\x14\xb5XR4\x06V\xb4',52907,red
b'\xfcf\xd9\x9dt\x98X\x0f',b'\x14\xb5XR4\x06V\xb4',49591,red
b'\xe5\x1a\xd7\xb1\xcds^\xe6',b'\x14\xb5XR4\x06V\xb4',53656,red
b'\\\x87\xb8\xf0M\x1c\\\xf9',b'\x14\xb5XR4\x06V\xb4',53006,red
b'e\n\xe2O|}Y\xa6',b'\xec\xab\x96\x8d\x1a\xc5YT',52907,red
b'\x10\x92\x19\r\x18CP\xa5',b'\xec\xab\x96\x8d\x1a\xc5YT',49591,red
b'}\xed\xde\xb7\xd7\x97We',b'\xec\xab\x96\x8d\x1a\xc5YT',53656,red
b'\x17\xeav\xc4KxP\xf9',b'\xec\xab\x96\x8d\x1a\xc5YT',53006,red
b'\x7f\xdd\xe0\x08\xbb\x92_\xee',b'\xcf\x17N\xb1S\n_\xb0',52907,red
b'\x81\xcdJ\x8d\xdc\x10Z\xb8',b'\xcf\x17N\xb1S\n_\xb0',49591,red
b'\xe1%\xa9\rT\xf9V/',b'\xcf\x17N\xb1S\n_\xb0',53656,red
b'd\x11\xf2\x01d\x90V\x8e',b'\xcf\x17N\xb1S\n_\xb0',53006,red
b'\xab\x8a\xcf\r\xab\xe4R\xcb',b'\xa3\xea\x92\x91\xcamZ\\',52907,red
b'\xba\xcd\x81.{\xd1]\xc3',b'\xa3\xea\x92\x91\xcamZ\\',49591,red
b'\xf4\x0b\x8f\x9aooU\x06',b'\xa3\xea\x92\x91\xcamZ\\',53656,red
b'\x0e]j\xe4\xe9\xb3Y\xe0',b'\xa3\xea\x92\x91\xcamZ\\',53006,red
b'\xc9\xb2-\xbb\xf39Zw',b'\x99:\xa3\xc4\x0f\xa6P\x8f',52907,red
b'u\x11\x1e\xb8\x9a\x15YK',b'\x99:\xa3\xc4\x0f\xa6P\x8f',49591,red
b'\xe8\xad\xc9\xd5)\xd2X\x08',b'\x99:\xa3\xc4\x0f\xa6P\x8f',53656,red
b'\x07\x1aD\x1f}\x8eT@',b'\x99:\xa3\xc4\x0f\xa6P\x8f',53006,red
b'L\xff\xb0t6\x0bQ\x94',b'H\xf7VF\xbb\xa3TV',52907,red
b'\xdd4W\x90\xf3\xc2Xh',b'H\xf7VF\xbb\xa3TV',49591,red
b'\xb8\x14h\x96-PWP',b'H\xf7VF\xbb\xa3TV',53656,red
b'\x80\x87\x18:%wS\x11',b'H\xf7VF\xbb\xa3TV',53006,red
b'\xac\xf8\x9e#\xd1\xeeR\xdf',b'\x8d\x117)\x8b\x12R\xd9',52907,red
b'\xe3\xef\xf2\x17\xd5\x98]\xd2',b'\x8d\x117)\x8b\x12R\xd9',49591,red
b'v\xc8{--\xdc]\xcf',b'\x8d\x117)\x8b\x12R\xd9',53656,red
b'a\xf8\xd1\x0c\xba\xc9Z=',b'\x8d\x117)\x8b\x12R\xd9',53006,red
"b',\x1ar\xa2ht_\x82'",b'\xce\xb0\x19=\xa5~Z\xe8',52907,red
b'|\x1d\xfa4r\xc3W\x8d',b'\xce\xb0\x19=\xa5~Z\xe8',49591,red
b'\xfa\xe9\x8c\xc0\xfa\xcb^\xae',b'\xce\xb0\x19=\xa5~Z\xe8',53656,red
b'\x1e\x07Mr\x15IPH',b'\xce\xb0\x19=\xa5~Z\xe8',53006,red
b'Z\x94 (\x86\x1c]W',b'\xa5x\x1c\x87p\x8aR\x86',52907,red
b'\x00\x0b\x9c\xcd\xbc4R\x97',b'\xa5x\x1c\x87p\x8aR\x86',49591,red
b'\xacL\x0f4l\xfeRw',b'\xa5x\x1c\x87p\x8aR\x86',53656,red
b'j\x14\x17\xfaslSj',b'\xa5x\x1c\x87p\x8aR\x86',53006,red
b'*\x90\xca6\x9d\xe1]q',b'\xaf_7F\xa6\xff\\&',52907,red
b'\xc4\xf4\xe6\x9c\x07\xb2\\\x04',b'\xaf_7F\xa6\xff\\&',49591,red
b'\x15\xfcy4\xe9_Q)',b'\xaf_7F\xa6\xff\\&',53656,red
b'#\x16\xbc\xc3\x02BZ\x9e',b'\xaf_7F\xa6\xff\\&',53006,red
b'\xe5\xb5\xc2\x07\xd7\xf7[\xb8',b'X\x1dU\x91\x0e{R\x97',52907,red
b'n\x18\xd6\x8f\x03zQ\xf5',b'X\x1dU\x91\x0e{R\x97',49591,red
b'2\xc7Z\xe8`\x17S\x1d',b'X\x1dU\x91\x0e{R\x97',53656,red
b'\xb3\x01\xacVp\xeb^!',b'X\x1dU\x91\x0e{R\x97',53006,red
b'eO\x05k\x98\x85Q\x02',b'\xb3\xad\xb6E`\xd0Q\r',52907,red
b'\xbe\xf4\xfd\xccJ\xaeVo',b'\xb3\xad\xb6E`\xd0Q\r',49591,red
"b'\xa99\xba\xc5\x8c,_\xb7'",b'\xb3\xad\xb6E`\xd0Q\r',53656,red
b'M\xd8\xb7d\xfc:[&',b'\xb3\xad\xb6E`\xd0Q\r',53006,red
"b'7\x87,7{5W8'",b'\xa9\xb9\xa0\xed.\xdf[\xa3',52907,red
b'8\xe5H\xd4\x81+^\x1e',b'\xa9\xb9\xa0\xed.\xdf[\xa3',49591,red
b'\x81Z\xd6\xe6\xdc \\\xee',b'\xa9\xb9\xa0\xed.\xdf[\xa3',53656,red
b'{S\x8c\x9a\xca\xe6\\\xac',b'\xa9\xb9\xa0\xed.\xdf[\xa3',53006,red
b'\xcfa\xb2\xd2\xb2\xb9T5',b'\x8b\xa5\xce\x8f\xae\x0eRC',52907,red
"b'\xba\xae""-\xb6\xd4Y\xfb'",b'\x8b\xa5\xce\x8f\xae\x0eRC',49591,red
b'\xcd\x89&9\xad\xb3ZH',b'\x8b\xa5\xce\x8f\xae\x0eRC',53656,red
b'\xbd\xd9\xbc(R\x02Y\xa7',b'\x8b\xa5\xce\x8f\xae\x0eRC',53006,red
"b'\xder\xb5\xab\x8a""Pb'",b'\t\xe4E\xe8\x0b\x82X3',52907,red
"b'/.P,\x90\xc2V\xce'",b'\t\xe4E\xe8\x0b\x82X3',49591,red
"b""'\xeb\xb5\rA\x06W\xca""",b'\t\xe4E\xe8\x0b\x82X3',53656,red
b'\xffv\xec\x10\xe2&Y\xdd',b'\t\xe4E\xe8\x0b\x82X3',53006,red
b'\xe1\x99\x8c!t\xd4Q.',b'\xe9`/\xbc\x1c\x0c^K',52907,red
b'\xca\xf8\xc8\xd4z\xe2]w',b'\xe9`/\xbc\x1c\x0c^K',49591,red
b'\xd8\x17T\x83A YU',b'\xe9`/\xbc\x1c\x0c^K',53656,red
b'\xd6q|\x87\xdd\x88Y\xd5',b'\xe9`/\xbc\x1c\x0c^K',53006,red
b'\xa9H\xb3\t\xc1\xd8V ',"b'\xb6Pn""\xf8hW^'",52907,red
b'\xab|\xe5\x98!\x0eY\x8e',"b'\xb6Pn""\xf8hW^'",49591,red
b'^\xad\xf0a!\xcfT\xa6',"b'\xb6Pn""\xf8hW^'",53656,red
b'\x04j\xe5\xc6\x9d\xa1R\xdd',"b'\xb6Pn""\xf8hW^'",53006,red
b'\xa1\x19\x01\x89\xe3sU{',b'\x7f\xc3/F]\x17Y\xa4',52907,red
b'\x15\xc3Y7\x9c\xf8Q\xc5',b'\x7f\xc3/F]\x17Y\xa4',49591,red
b'\xce\xa0\xc5\xa5;lZL',b'\x7f\xc3/F]\x17Y\xa4',53656,red
b'\x8cK\xad\x8dw\xbbU\xd3',b'\x7f\xc3/F]\x17Y\xa4',53006,red
b'\x90\x0e}\x9dQ\x7f]M',b'\x1b\xfd\xdb\x190\xc7]\xf0',52907,red
b'\xbb<}\xddPEW[',b'\x1b\xfd\xdb\x190\xc7]\xf0',49591,red
b'\x90\x87\xafV~F\\^',b'\x1b\xfd\xdb\x190\xc7]\xf0',53656,red
b'\xa3\x04$\x07\xb1\xd0S\xd2',b'\x1b\xfd\xdb\x190\xc7]\xf0',53006,red
b'\xe5\xe6\xeaF7\xbf\\m',b'~\xa3\xa7\xc0\xb6\x13Z=',52907,red
b'\xbe\x1d\xcc\xe3\x99VP2',b'~\xa3\xa7\xc0\xb6\x13Z=',49591,red
b'\xf8e]\x0f\x993\\\xc3',b'~\xa3\xa7\xc0\xb6\x13Z=',53656,red
b'.\xfd5\x9e%\xfdR\xf2',b'~\xa3\xa7\xc0\xb6\x13Z=',53006,red
"b'\x94\x06\x01,\xc9;\\\xf8'",b'\x88\xc6d\xb7\x91qV\xda',52907,red
b'\xda\x8d\xb4\x19\xb5gP\x83',b'\x88\xc6d\xb7\x91qV\xda',49591,red
b'\x03e\x0c\xc7^/Sw',b'\x88\xc6d\xb7\x91qV\xda',53656,red
"b""\xcfNJ'\xa8\xf1U\x1e""",b'\x88\xc6d\xb7\x91qV\xda',53006,red
b'v\xf7\xca\x87\x00\x96] ',b'\x08\xc7\xceV\xca\x1dT\x00',52907,red
b'\xd5\xe7O\x8e!\x93\\W',b'\x08\xc7\xceV\xca\x1dT\x00',49591,red
b'\xa1\x9d\xebo\xdeiU\xdc',b'\x08\xc7\xceV\xca\x1dT\x00',53656,red
b'\x8b\\OEe\r_o',b'\x08\xc7\xceV\xca\x1dT\x00',53006,red
b'\xbc\x1f\x8fk\xfa\nX\xd1',b'\xab\xafN\x1ai\xc2[~',52907,red
b'cD\xdc\xa5(\x16W%',b'\xab\xafN\x1ai\xc2[~',49591,red
b'\xf82T-+\x01U\xaa',b'\xab\xafN\x1ai\xc2[~',53656,red
b'\x0f\xbd\x0b\x85\x1b\xd6ZZ',b'\xab\xafN\x1ai\xc2[~',53006,red
b'\x89\xa1c\xa6m\xfcR\x8b',b'\x9d\xcf\xf3o>6V0',52907,red
b'1\x90\x1e}\xa1\xa1U\xc6',b'\x9d\xcf\xf3o>6V0',49591,red
b'\x82\x92FH\xf3]X$',b'\x9d\xcf\xf3o>6V0',53656,red
b'\x00$`o\xc1\x82Y-',b'\x9d\xcf\xf3o>6V0',53006,red
b'`\xe5\x98\x9f\xde8\\j',b'b(\xc2\x10\xc2YTQ',52907,red
b'\xd7u\x07\xf1\t=\\\xce',b'b(\xc2\x10\xc2YTQ',49591,red
b'e\xec\x1f\xd5]/_\r',b'b(\xc2\x10\xc2YTQ',53656,red
b'w\x93G\xab5vUL',b'b(\xc2\x10\xc2YTQ',53006,red
b'G\xf3\x84\x0by@V\xd6',b'\x17\xd2*@\xcfvZ\xc9',52907,red
b'\x8b\xf6]\xf1\x90zT\xe5',b'\x17\xd2*@\xcfvZ\xc9',49591,red
b'\x0c\x85j\xa7\xf0YW\xdf',b'\x17\xd2*@\xcfvZ\xc9',53656,red
b'\xe47\xb2\xf1#6TM',b'\x17\xd2*@\xcfvZ\xc9',53006,red
b'\xa2df\xbc\xde\x07P\xa9',b'\x08\xb2_\x13\xd1gQA',52907,red
b'c2v\xc6\xa6\x7f[\x8e',b'\x08\xb2_\x13\xd1gQA',49591,red
b'\x96\xc4\xb1\xaa\xadxRj',b'\x08\xb2_\x13\xd1gQA',53656,red
b'[\xaa\n\xd84\xb0Rv',b'\x08\xb2_\x13\xd1gQA',53006,red
b'\xb7kY#\x17E_\xd3',b'\xa0\xafyX\x89wP\x0b',52907,red
b'\xba_\x85\x12\xfd\xaf\\\xe9',b'\xa0\xafyX\x89wP\x0b',49591,red
b'\xc3<\xa0\xe9KJZB',b'\xa0\xafyX\x89wP\x0b',53656,red
b'\x02\xff\x7f\xc7a\xeeX\x96',b'\xa0\xafyX\x89wP\x0b',53006,red
b'L)2u-VX-',b'fY\xb9\xca$\x8d[y',52907,red
b'R\x8e\xab\x1b*\xd1R\x90',b'fY\xb9\xca$\x8d[y',49591,red
b'\xaa\xb3\xb8\xed\x9cG^ ',b'fY\xb9\xca$\x8d[y',53656,red
b'\x0c\xf9\x10r\x1f\xd2_\xa1',b'fY\xb9\xca$\x8d[y',53006,red
b'\xbbH\x9f\xb1\xa5\xb1_\xd8',b'\xbb\x9c\x07N\x16\xfaZ{',52907,red
"b'\xb4\x18s\xa7|,X\xa1'",b'\xbb\x9c\x07N\x16\xfaZ{',49591,red
b'E\xf6\xa0\xc7\x0b\x1dP\x89',b'\xbb\x9c\x07N\x16\xfaZ{',53656,red
b'\xe1\xaa\x18\x88\x8d\xb8QP',b'\xbb\x9c\x07N\x16\xfaZ{',53006,red
b'\x9d\xb59\x01\xd33UG',b'\xfa\x9c\xfaT\xb5\xf9[\xc7',52907,red
b'\x03\xe9g9\xec\x9bW;',b'\xfa\x9c\xfaT\xb5\xf9[\xc7',49591,red
"b',\xd6\xbbC\xba9]\xbc'",b'\xfa\x9c\xfaT\xb5\xf9[\xc7',53656,red
b'\xab\x80+?\xee\x9a[\xcb',b'\xfa\x9c\xfaT\xb5\xf9[\xc7',53006,red
b'\xbb]U\x1b\xb6XW\xc9',b'#\xfbIm\x99\xedX?',52907,red
"b'91,\x00&fU\xa8'",b'#\xfbIm\x99\xedX?',49591,red
b'\xab\xccAN\xef\x80UU',b'#\xfbIm\x99\xedX?',53656,red
b'\x9d\x15\x89\x97=\n_\x04',b'#\xfbIm\x99\xedX?',53006,red
b'%J\xf5!T\x99]-',b'_\xe5\xb3G}e[\x8c',52907,red
b'\xb8*\xc9\xf4\xb5*[+',b'_\xe5\xb3G}e[\x8c',49591,red
b'\xdf\x9c\xed\xcbY\x07\\M',b'_\xe5\xb3G}e[\x8c',53656,red
b':!\x99\xc7\x05\xbd\\\x86',b'_\xe5\xb3G}e[\x8c',53006,red
"b'""J\xb0\xb3V\x13^q'",b'r}n\x84$\xe7P ',52907,red
b':\r\xa4\xf2\x856U\xdc',b'r}n\x84$\xe7P ',49591,red
b'\xa1\xa2T\xad\xa9\x07[\xe2',b'r}n\x84$\xe7P ',53656,red
b'\x8a\x12\x00\xb9h\xa7Q\xe7',b'r}n\x84$\xe7P ',53006,red
b'\x9d~\xb7I\x02 Tr',b'\x93\xd4[;\xcd\xa1[\x02',52907,red
b';\xf4\x91\xbd\xc0TZ\x1a',b'\x93\xd4[;\xcd\xa1[\x02',49591,red
b'\xbd\xe7\x15F:\xbaY\x83',b'\x93\xd4[;\xcd\xa1[\x02',53656,red
b'\x9c\xda\x84=\x10\x08P\xb3',b'\x93\xd4[;\xcd\xa1[\x02',53006,red
b'A\x0f E\xdd\xf9Yo',b'\xc5\xc9RaXgW\x1e',52907,red
b'T\xb6\x9d\x9c\x98\xf0\\\xf8',b'\xc5\xc9RaXgW\x1e',49591,red
b'<\xbc\xc3\xbc\x87_Y\xb1',b'\xc5\xc9RaXgW\x1e',53656,red
b'\xb0\x02\xf0W\xea\xf2]\x94',b'\xc5\xc9RaXgW\x1e',53006,red
b'\x1ae\xcb\xc5\n\xf2V\xeb',b'\x8d\x8fU\x81\xecE]K',52907,red
b'GSS\x07\xac\x89Q\n',b'\x8d\x8fU\x81\xecE]K',49591,red
b'$\xc1\xc4\xd7\x8c__\xa0',b'\x8d\x8fU\x81\xecE]K',53656,red
b':9JU\xf1\xd4]\xd4',b'\x8d\x8fU\x81\xecE]K',53006,red
b'u\x87\xa92}wQ\xcf',b's\x995\xbd\xa5\xb6[9',52907,red
b'HA\xc6*{\xf3[\xdf',b's\x995\xbd\xa5\xb6[9',49591,red
b'H\xb8\xa5k<\x9f^\xba',b's\x995\xbd\xa5\xb6[9',53656,red
b'\xc9\x8f\x02\x17\xc8\xcc]\x7f',b's\x995\xbd\xa5\xb6[9',53006,red
b'\r\xae8\x8c\\\xfa[c',b'%\xf1.\xc2\x8av]\xa9',52907,red
b'\x8dfT\x0b&\xcf_\xb7',b'%\xf1.\xc2\x8av]\xa9',49591,red
b'\xc7\x04\x16\xa1\xb8\x19\\\xc4',b'%\xf1.\xc2\x8av]\xa9',53656,red
b'\x93\xc3\x98\x8ag\x03X\x1a',b'%\xf1.\xc2\x8av]\xa9',53006,red
b'U\x1c\xa7\xe1\x14\xdfQV',b'\xdf1|j\x11\xecX\xbc',52907,red
b'8`8\x13\xa76X=',b'\xdf1|j\x11\xecX\xbc',49591,red
b'\xb8(\x9c\tR\x15R\xa7',b'\xdf1|j\x11\xecX\xbc',53656,red
b'\x1d\xc9\xc8\x8cb\x00P4',b'\xdf1|j\x11\xecX\xbc',53006,red
"b'9\r\xb3+_,^K'",b'\xd2h]\x1c0\xb1U\x03',52907,red
b'\x1e\xe5\x88m\x1a\xb9Z\xe3',b'\xd2h]\x1c0\xb1U\x03',49591,red
b'\xd4\x19\x94\xd0\x0b\xeeP<',b'\xd2h]\x1c0\xb1U\x03',53656,red
b'\xd2\x9df\xcd\x95\xf8U\x16',b'\xd2h]\x1c0\xb1U\x03',53006,red
b'X8S\xbb\x85\xf4^\xec',b'm@\xc9znhV\xab',52907,red
b'\x9d\xd7\xd4\xdd\xe4\xf9R\xaf',b'm@\xc9znhV\xab',49591,red
b'?\n9\x8c\xfe\xbeT\x7f',b'\x01~\x80$\xd6<P\xb8',52907,red
b'\x85\xa0\xea\xc3\x9d\xe0V\x88',b'\x01~\x80$\xd6<P\xb8',49591,red
"b""\xd4\x02\x85\x12\xf2']\x95""",b'\xa59\xc6\x9e\x13\xcf[\x7f',52907,red
b'~#\xd1\xa6\xf1\xe8[\x85',b'\xa59\xc6\x9e\x13\xcf[\x7f',49591,red
b'\xe2\x91\x08r\x9f\x82Q\xc1',b'Q\xedy\xba<\x18\\\xa8',52907,red
b'\x87\x8c\xa1\xdb\xfa8XF',b'Q\xedy\xba<\x18\\\xa8',49591,red
b'\xa2\xc4\xfe\x12L\xb5Y\x9d',b'\xe3\r&{\x93\x07Z\x8c',52907,red
b'\x83\xc2!\xdb\xa7\xa5^\xf0',b'\xe3\r&{\x93\x07Z\x8c',49591,red
b'\xa5\xca\x88N\xad\x15Vz',b'\n\xd2\x85\xfa|\x9aY0',52907,red
b'\x95^S\xd6\xeffP\x89',b'\n\xd2\x85\xfa|\x9aY0',49591,red
b'\xaf\x13\x83\xb1cO\\\xfe',b'\xf8\xf1vV\xaf\xb5Q\xfb',52907,red
b'j\xca\xaf\x1d#\xe1PC',b'\xf8\xf1vV\xaf\xb5Q\xfb',49591,red
b'|\x06\x19g(ET\x12',b'\x18\x89\x07\x07\xfcL]\xca',52907,red
b'\xc1\x08\xf3\xaba+Xf',b'\x18\x89\x07\x07\xfcL]\xca',49591,red
"b'\xa9\xfe\x13""\x93\xf6U\x1e'","b""\xe0>\xb6`\xcb\xcdT'""",52907,red
b'\xe1\x1f~\x02d\xc5_(',"b""\xe0>\xb6`\xcb\xcdT'""",49591,red
b'9\xf2\x97eh\x10S\xef',b'\x08H]\x9b$[T\x95',52907,red
b'\x82\xb4:cK\xb2P\xdc',b'\x08H]\x9b$[T\x95',49591,red
b'\xf8\xfe=\xee!\x01U\x04',b' 0\x13\x85\xf4*Z\xa0',52907,red
b'\x89o\xc4M\xe9\x1bV^',b' 0\x13\x85\xf4*Z\xa0',49591,red
b'\x83\x1a\xdc$\xe9\x90[R',"b""\xf8f'\xad\xc3\xe7U\xff""",52907,red
b'\xcc\xbe\x8e\x13v\xf8S1',"b""\xf8f'\xad\xc3\xe7U\xff""",49591,red
b'JS\x9a\xbaoB\\\xba',b'|>mu\x01\x1eV2',52907,red
b'\xd1\x91(>\x9c\xef]6',b'|>mu\x01\x1eV2',49591,red
b'~s\xdc\xd5\xed\x1d[\xb5',b'\x05\x86\xf5\x82\x93\x02SL',52907,red
b'\xdc\xbf[]\x9f\xebZ>',b'\x05\x86\xf5\x82\x93\x02SL',49591,red
b'\xc3\n\\N}\x17Z*',"b'U\x88\xa4\xb9-""[\x85'",52907,red
b'nQ\xef>d<^G',"b'U\x88\xa4\xb9-""[\x85'",49591,red
b'\xfa\xe5\xad\xcf\x99\xe7]\x80',b'\x01\xaf\x12\xdd\xb0\xc3P\x9b',52907,red
b'\x7fg\xf8\xd0\xcd\x06W?',b'\x01\xaf\x12\xdd\xb0\xc3P\x9b',49591,red
b'\xfb\\\x04E-\xf6\\ ',b'\x8eOx%\xd4>U\x80',52907,red
b'\xe4\x01\xe0\x9a\xc9RP\xbd',b'\x8eOx%\xd4>U\x80',49591,red
b'W\x16\x82\xd5\xffNV!',b'\xd1\x1b\xd2\xd5\xa0\xcaU ',52907,red
"b'\x19N""NIe^\xc7'",b'\xd1\x1b\xd2\xd5\xa0\xcaU ',49591,red
b'\xdbvK\xbb\xabJ[\x15',b'C\x99y\xeeg]TN',52907,red
b'\x0b\xda\x8e\x05\x9d\xc7S\x92',b'C\x99y\xeeg]TN',49591,red
"b""'e\xae\xd7\xb8\xaaQ\xfc""",b'\xbe\xdf\x11l]\xf3W\x87',52907,red
"b'A""y\xa7\xd3:Y!'",b'\xbe\xdf\x11l]\xf3W\x87',49591,red
b'p\x88W\xea~\x85\\\xba',"b'\xef\x02E""\x9d\x14\\\xea'",52907,red
b'\xb6\x0f\x99\xf5\xe74Zf',"b'\xef\x02E""\x9d\x14\\\xea'",49591,red
b'2X\x1b6\xa7p_\x8d',b'\x0e\xe6\x89\xc35\xdaS*',52907,red
b'\xedh\xd8m\xfd\x1bP\x8e',b'\x0e\xe6\x89\xc35\xdaS*',49591,red
b'\xf6\xbd\x8a\xfaS4^\x15',b'\xbf\x86C\xd2\xbd\xd6X\x97',52907,red
"b'\xd7\x00<""g\x8cR\x9f'",b'\xbf\x86C\xd2\xbd\xd6X\x97',49591,red
b'\xeb\xbaL\x9e\xcf\x80_\xad',b'\xb14\xb7\xc5p\x8dQj',52907,red
b'\x18\xeb\xfeY\x1f\x88^\xb7',b'\xb14\xb7\xc5p\x8dQj',49591,red
b'\xdd\x8c\xa4\xbc\x08O\\\xef',b'\xdb\x8f\xc8\x89\xab\xfd^\xb0',52907,red
b'\xde4\xc1\xef48W\xbc',b'\xdb\x8f\xc8\x89\xab\xfd^\xb0',49591,red
b' _\xab\x11 LQ\xb1',b'\xf1\x97\xeb\xc5\x13\x03U\xde',52907,red
b'\x81\xd4&\xe7\xa1lS\x18',b'\xf1\x97\xeb\xc5\x13\x03U\xde',49591,red
b'\xebC\x18\x0e\x9b\x86To',b'z\x13\x17\xe6\x95\x8fP\xa6',52907,red
b'\xc3\xb5a+\x15\x10T3',b'z\x13\x17\xe6\x95\x8fP\xa6',49591,red
b'DE\x1b\x86\xf4\xc4_h',b'L\xa1\x9b\xf0\xbe\xd8[\xcf',52907,red
b'f\xa4\xe0\xf9\nIQ\x12',b'L\xa1\x9b\xf0\xbe\xd8[\xcf',49591,red
b'O\x18\x16`6\xf0^L',b'I\xeeHy\\\x13[\xf3',52907,red
b'Z\x03&\n\xfb>]\x81',b'I\xeeHy\\\x13[\xf3',49591,red
b'|\x93P\x05\xc1\x8eY\x1e',b'\xd2\xf4&\xa1\xdc\xe6Z\x14',52907,red
b'\xf3w\xa0\xec\x0f9X\xb0',b'\xd2\xf4&\xa1\xdc\xe6Z\x14',49591,red
b'\xdf\xd9\x99\xbc\xd5\x03W\x04',b'\x94\x006oO\xe8Z\xaf',52907,red
b'N\xbb\x89\x93\x15\x98V;',b'\x94\x006oO\xe8Z\xaf',49591,red
b'PL\x9f3\xb2Z_\xa0',b'\x99\x1f\x19\x9f9\xccX\x82',52907,red
b'\xbfu\x92\xde\xba\xe5Wk',b'\x99\x1f\x19\x9f9\xccX\x82',49591,red
b'\x98\xfd\x1b\xd3ZcTD',b'^\x0c\xa0\xee\xc5|Zy',52907,red
b'u\x8b\xa6\x98Y{\\{',b'^\x0c\xa0\xee\xc5|Zy',49591,red
"b'\x96""\xd1\xe2\x87AW\xe7'",b'\xa5[l\xf5y\xf5V\x91',52907,red
b'ex\x95\xa6\x9d\xb9Z\xf7',b'\xa5[l\xf5y\xf5V\x91',49591,red
b'\xbf\xc4pRO2Rj',b'X\xf0M$\xd9\x89U\x94',52907,red
b'\xb5\x98|#R\xe7Q\xc2',b'X\xf0M$\xd9\x89U\x94',49591,red
b'\x98\x04\xd8\xef\x14PUV',b'K=\x8a\xe4\xa8\x07U(',52907,red
b'\tu&\xd6q\nT*',b'K=\x8a\xe4\xa8\x07U(',49591,red
"b',\x12\xfdG\x0b\xfeVl'",b'\xe3\xa7\xbc\x87\x04\x95Z\xfb',52907,red
b'\x9aU\xe9\xc4\x1b\xfb]\xfd',b'\xe3\xa7\xbc\x87\x04\x95Z\xfb',49591,red
b'y\xd8]\xd9\xb7p_\x8b',b'o\xb1\x9f\x8fh\xf2T\xb0',52907,red
b'-\xa9\x00\xa0\xeb\x11T\x11',b'o\xb1\x9f\x8fh\xf2T\xb0',49591,red
b'\xca\x18\x05\xa8\xaa\x94]\xeb',b'4\x8b4J\xd0\xdaS\x90',52907,red
"b'&\xeb,\xa9\xcc\x8bR\xb4'",b'4\x8b4J\xd0\xdaS\x90',49591,red
b'\xe1\xe6\x07\xef\xdf`Xg',b'\xbdD/\xe6\xbb\x8a\\G',52907,red
"b'[\xc3\x1c\x1d8\x96[""'",b'\xbdD/\xe6\xbb\x8a\\G',49591,red
b'\xafM\x8e5\x9f\x11V\xcb',b'U\xac2.\x04\x85V\x1f',52907,red
b'\xf0\x0b.\xe9\x0f-R\xf6',b'U\xac2.\x04\x85V\x1f',49591,red
b'/\x8e.\x1a\xbf\xe1Y\xa6',b'm\xf6\xf4N\xa0\xaaX\x8d',52907,red
b'(\x05J\xac\xf7\xe7S\xb6',b'm\xf6\xf4N\xa0\xaaX\x8d',49591,red
b'x\xb3rc\xc7\x07[\x19',"b'\xbf\x88O\x1b\x10""_`'",52907,red
b'\xd2\xdd\xdd^\xfffTh',"b'\xbf\x88O\x1b\x10""_`'",49591,red
b'\xb3\xaf\xa5r\xceBR)',b'm\x8dJ\xa4\xcb?R\xd6',52907,red
b'\x94ov\x0c\x1d\nR\x1f',b'm\x8dJ\xa4\xcb?R\xd6',49591,red
b'\xe4w\x00\xd7O\x82Z\xcc',b'+l\xdf\r%>[\xbb',52907,red
b'QJ\xe75\x18\xb1W\xda',b'+l\xdf\r%>[\xbb',49591,red
b'nzs\xd1F\x0fU\x96',"b""'\xdd\xddw\xa6\xdc[\xa1""",52907,red
b'SS\x90\xc69BS3',"b""'\xdd\xddw\xa6\xdc[\xa1""",49591,red
b'\x95\x0c\x8e\x02M\xa9Pq',b'k\xdcUao;R\xb2',52907,red
b'\x06W\t\xab\xeb>W6',b'k\xdcUao;R\xb2',49591,red
b'\x07\xde\xfb\xb1\xcc\xecQ\xb7',b'`V\x96<\x92\x0e^&',52907,red
b'\x88Z\xcd\xfb^YTc',b'`V\x96<\x92\x0e^&',49591,red
"b""\xb9\xb4\x1b\xc8'\xf1Z\xac""",b'\xa3\xc9|2Y\xd9W\x7f',52907,red
b'\xach\x02??\xe0^}',b'\xa3\xc9|2Y\xd9W\x7f',49591,red
b'\xe9\x1c\xe1\xc4v\x98W\xa0',b'\x08J~\xaa\xb8\xee[Q',52907,red
b'R6]L\xbeE^|',b'\x08J~\xaa\xb8\xee[Q',49591,red
"b'\xe4g\xb4,\xcfwQ\x0c'",b'#\x97\x19\x92U\xdeW\xf3',52907,red
b'2\xb6p\x12\xdcBQ\xb7',b'#\x97\x19\x92U\xdeW\xf3',49591,red
b'\xac\x81V2y\xf6Q\x05',b'\xf4\xb6\x14El\x01P\xe9',52907,red
b'\xab\x80M\x809cW\xcd',b'\xf4\xb6\x14El\x01P\xe9',49591,red
b'\xa8._Uj\xffP\x1b',b'\xa0J\x93\x7f\x05\x89V\xdd',52907,red
b'\xad}S\x89\xc87Z\xc4',b'\xa0J\x93\x7f\x05\x89V\xdd',49591,red
b'\x97\xea\xdc\xc3\x12\rW\xf6',b'\xdc\xef\xfa\xc9\x1e\xfcR\xa6',52907,red
b'\xb6\x03\x04\xf8\x99UYj',b'\xdc\xef\xfa\xc9\x1e\xfcR\xa6',49591,red
b'\xbb4\n`\xd1\n[m',b'q%\x00\x93\x1f\x0b]\x84',52907,red
b'\xb3sR\x078aQf',b'q%\x00\x93\x1f\x0b]\x84',49591,red
b'\xab\x12;\x8eL\xc5_\xb8',b'\xc8\xf7>\xbb\x8d\xcaUI',52907,red
b'3\xe2\xe5\xd9W\xd1T\x12',b'\xc8\xf7>\xbb\x8d\xcaUI',49591,red
b'\x80\xee\xd0\x94o\xcaW\xa4',b'\xe5\xcf\x95.{\x13Uk',52907,red
b'\xcaO\xfd\xc3\xa6\x16W\xb2',b'\xe5\xcf\x95.{\x13Uk',49591,red
b'y\\\xf2L}\x99]R',b'\x07KK\x17(sV\x03',52907,red
b'qe\xe1\x94\xb6\x0cY\xb1',b'\x07KK\x17(sV\x03',49591,red
b'\xd80u\xf2\xa8\xf5^\x12',b'!\xd7\xac\xcd\x8a\x18Y\x94',52907,red
b'T}\xf6\xf5\xedDR\x8d',b'!\xd7\xac\xcd\x8a\x18Y\x94',49591,red
b'PN\xf0\xacK\xbfWR',b'V\x0c\x1f\x9e\x82\xc0\\)',52907,red
b'\x03D\xe73G\x9cZ\n',b'V\x0c\x1f\x9e\x82\xc0\\)',49591,red
b'\xd58\xec\xa2{:Vq',b'\xee\xc3\x97\xd3&;X\xfa',52907,red
"b'\xa2,\xd0\xca\xa2WS\xb5'",b'\xee\xc3\x97\xd3&;X\xfa',49591,red
b'L\xa4\xd2z\xf4\xb4\\\xda',b'\xfd\x83\xd5)\x80aW\xd3',52907,red
b'@#0\x06\xber_\xcf',b'\xfd\x83\xd5)\x80aW\xd3',49591,red
b'cC\xa7=\xdfaY!',b'\xa1\xb1\xa1\x00\xb5\xf6[\x1b',52907,red
"b""\x84v\x08\xce'&S\xee""",b'\xa1\xb1\xa1\x00\xb5\xf6[\x1b',49591,red
b'`\xf9\xa0\xd4\xf5\xf6X\xb8',b'\xf1\x87\xbcj\xdf\xfbZ\x0c',52907,red
b'\xfc0\xfbw83RZ',b'\xf1\x87\xbcj\xdf\xfbZ\x0c',49591,red
b'>x\x04\xcf\xdc\xea[\xbf',b'\x80Q\x99\xa5p\x1cX\xb6',52907,red
b'oks\xc7\x95\x1fYL',b'\x80Q\x99\xa5p\x1cX\xb6',49591,red
b'\x01\xcf$\xb7\x8e\x1eX\xfe',b';\xd5\\\x1c;\xe6V?',52907,red
b'h\x9b\xac\xadHN_\x16',b';\xd5\\\x1c;\xe6V?',49591,red
b'\x10\xe5\xa9\xec\x1b\x9cY?',b'\xced&\x1f\x85C^\xa9',52907,red
b'\x8b\\\xb1\x16\xcaR[\xef',b'\xced&\x1f\x85C^\xa9',49591,red
b'JDL=\x02#_\r',b'w\t_\xec4\xf4Z\xce',52907,red
b'*aF\xeb\x92o]\x8e',b'w\t_\xec4\xf4Z\xce',49591,red
b')V\xe8\xb4\xb7=W\xcf',b'\x83L\x8co\xd9PQ\xce',52907,red
b'\xb0\xf4\x8d\xa5c\x94_\xb6',b'\x83L\x8co\xd9PQ\xce',49591,red
b'\x8b\xc9x\x98\x12\xe6V\x10',b'\x11\x85\xdc\xe3\x80\x1cS\x87',52907,red
b'#\x1b\xd0ITN\\h',b'\x11\x85\xdc\xe3\x80\x1cS\x87',49591,red
b'\x10\naVV\xa7X\xd0',b'D\x15\xafg\xbd\x1cYd',52907,red
b'\xe1\x8a\xe3\x8b\xfb2^\xf7',b'D\x15\xafg\xbd\x1cYd',49591,red
b'SNI\xf3\x01\x91]X',b'\x0e\xd0q\x1e\xdd\xa5_\xbb',52907,red
b'\x13\xb0V\xe7Z\xbd^j',b'\x0e\xd0q\x1e\xdd\xa5_\xbb',49591,red
b'8\xdbJ\xda\xf95S\xcf',b'\x0e\xd0q\x1e\xdd\xa5_\xbb',53279,red
b'@\x14\x96b\xf7\xc6U.',b'\x0e\xd0q\x1e\xdd\xa5_\xbb',48438,red
b'\xfe?$6\xcaz_\x8e',b'\x07c\xc3\x837\xc2P\xaa',52907,red
b'\x87\xbaw\xefr&P\x90',b'\x07c\xc3\x837\xc2P\xaa',49591,red
b'u\x8f\xbd \x89\xdc_E',b'\x07c\xc3\x837\xc2P\xaa',53279,red
b'f>\x04\x9f\x92C_\xb7',b'\x07c\xc3\x837\xc2P\xaa',48438,red
b'\xfe\x01\x14G\xf6\x05Vq',b'\xcc:\x87\xf64\x80Q\x13',52907,red
b'3\xda\xc5\xdf\x0cGS\xf5',b'\xcc:\x87\xf64\x80Q\x13',49591,red
"b'&k\xa6Vu\x8bW,'",b'\xcc:\x87\xf64\x80Q\x13',53279,red
b'\x81\x99\xf2\x96f\x94^p',b'\xcc:\x87\xf64\x80Q\x13',48438,red
b'\xc5\xc3\xd6\x16\xac\x85^|',b'\xaa\xa5\xa2\xf56\xfcZ\xee',52907,red
b'\x1e(\xa8o\xac\xdaV\xb0',b'\xaa\xa5\xa2\xf56\xfcZ\xee',49591,red
b'\xf5\xdc`~\x06\xb8[\x03',b'\xaa\xa5\xa2\xf56\xfcZ\xee',53279,red
b'~\xf9M\xd77\xfdU\x04',b'\xaa\xa5\xa2\xf56\xfcZ\xee',48438,red
b'M\x91\xea\xdcM\xf4[m',b'\x9f\x05\r:\x98\xa8Y\xd8',52907,red
b'\x03H\xcb\x89O\x1e[D',b'\x9f\x05\r:\x98\xa8Y\xd8',49591,red
b'\xf5\xc7\x98\xafyR_C',b'\x9f\x05\r:\x98\xa8Y\xd8',53279,red
"b'\xde#\x9c,\xa3CQ\x82'",b'\x9f\x05\r:\x98\xa8Y\xd8',48438,red
"b'\xc6""\x05=5[_\n'",b'\x01X\x060c\xdd_\xc1',52907,red
b'\xecI\xe6\x1f\xd3\x1b^\x12',b'\x01X\x060c\xdd_\xc1',49591,red
b'\x05Z=\x9d\x0f\xb0QR',b'\x01X\x060c\xdd_\xc1',53279,red
b'aNu\x00Q\x03X\xe5',b'\x01X\x060c\xdd_\xc1',48438,red
b'v6\xda\x83\xe1FUy',b'\x90\xf9*zodP\xba',52907,red
"b""\xb7'\xae\x01\xfb\x82R\xde""",b'\x90\xf9*zodP\xba',49591,red
b'\xf6vNu\xc2\x90Z\x07',b'\x90\xf9*zodP\xba',53279,red
b'[\xcf\x1d\\\x80\xe4T\x99',b'\x90\xf9*zodP\xba',48438,red
b'S$\xf8\x8c\xc4\xe9Xx',b'\xf3H\xce\xd8M\xd1W\xc0',52907,red
b'\xe8\xd1c\xbf\xaf~P\x19',b'\xf3H\xce\xd8M\xd1W\xc0',49591,red
b'(\xf1\x0fj\x0e\xccW\\',b'\xf3H\xce\xd8M\xd1W\xc0',53279,red
"b'\xc2Rj\x1f""\x1b[-'",b'\xf3H\xce\xd8M\xd1W\xc0',48438,red
b'\xd8\x8cE\x1e\xf4\xaaV\x02',b'p5s>\xc4\x92W\xe4',52907,red
b'_\x13\xedk\xd6\xa4U\x89',b'p5s>\xc4\x92W\xe4',49591,red
b'a=f\xc2\xc6\xaeXX',b'p5s>\xc4\x92W\xe4',53279,red
b'\x89\x1f\xadb\xaa\xc7R\xc4',b'p5s>\xc4\x92W\xe4',48438,red
b'?D\xcf\xc8\xab\xdaRo',b'D\xc2`\xab\x95\xb9T\x15',52907,red
b'Y|\n\n\xa5\xcdV\x08',b'D\xc2`\xab\x95\xb9T\x15',49591,red
b'C7K\x9f\xc4\x9cY\x15',b'D\xc2`\xab\x95\xb9T\x15',53279,red
b'\x9fb\xa9\xe10\xf5\\G',b'D\xc2`\xab\x95\xb9T\x15',48438,red
b'\x81\xe8\xeae\xb1\xaeVS',b'0\xd2\x90t^k\\d',52907,red
b'w\x1cO\xaf7\x90Y\xc5',b'0\xd2\x90t^k\\d',49591,red
b'\xaco\xc7\xdd5\xb4\\\xed',b'0\xd2\x90t^k\\d',53279,red
b'-\xafNT\x1b\x00Z\xd9',b'0\xd2\x90t^k\\d',48438,red
b'I\xf1J\xf4\xa26W$',b'\x9d\xfc~g\xb9\xbf[_',52907,red
b'x\xad{\x82\x81&^c',b'\x9d\xfc~g\xb9\xbf[_',49591,red
b'\x98\n=F!b\\\xce',b'\x9d\xfc~g\xb9\xbf[_',53279,red
b'\x14\xd2\x05\xac\x80\x96S\x04',b'\x9d\xfc~g\xb9\xbf[_',48438,red
b'n\x93\xdd\xe7\t*X=',b'\xe8h\xc5\x9d\xd7\xd3X~',52907,red
b'\xbc|\x037t\xeeS\xd9',b'\xe8h\xc5\x9d\xd7\xd3X~',49591,red
b'\xb0\rw\xb7\xeb\xbb]n',b'\xe8h\xc5\x9d\xd7\xd3X~',53279,red
b'\x02\xa5\xb3\x80s\x91Zj',b'\xe8h\xc5\x9d\xd7\xd3X~',48438,red
b'\x0b\xb7l\xbc\xabxV\xc3',b'm]\x8c\x8d\x9a\x8cT\xf7',52907,red
b'\x08%/f.\x98\\\xe2',b'm]\x8c\x8d\x9a\x8cT\xf7',49591,red
b'\x18\xe6{\xea\x03\x07\\\xe0',b'm]\x8c\x8d\x9a\x8cT\xf7',53279,red
b'\x85\xbdi\xf8\x8a\x8dY\x0b',b'm]\x8c\x8d\x9a\x8cT\xf7',48438,red
b'&\xa3\x1c\x7f\x98\xbe]\x8f',b'\x84[\xf3z\xe6\x83UQ',52907,red
b'8}J\xe2:\xedPp',b'\x84[\xf3z\xe6\x83UQ',49591,red
b'z\xcf\xff\x17\xe5&[\x0c',b'\x84[\xf3z\xe6\x83UQ',53279,red
b'\x1e2\x05\xf2\x9d\x12Wp',b'\x84[\xf3z\xe6\x83UQ',48438,red
b')_\xc7\xeed\x06\\\xc2',b'+\xbb\x02\xb7\x1a\x94Y\xd6',52907,red
b'\xc1vI\xb0\xb8\x12Y>',b'+\xbb\x02\xb7\x1a\x94Y\xd6',49591,red
b'\x07\xcfZm\xd0\x9cWx',b'+\xbb\x02\xb7\x1a\x94Y\xd6',53279,red
b'\x99\xc8\xfc\xf2\xda\x8cW\x99',b'+\xbb\x02\xb7\x1a\x94Y\xd6',48438,red
b'\x1a\x86e9\xf1K[\x17',b'\xed\x0c?\xdd\x07\xbeV\x07',52907,red
b'\x023\x14\x98\r\xebRP',b'\xed\x0c?\xdd\x07\xbeV\x07',49591,red
b'\x10\xae\xa3@\xd0v]d',b'\xed\x0c?\xdd\x07\xbeV\x07',53279,red
b'>\x95\x8b\xd7v\x07Y\x1d',b'\xed\x0c?\xdd\x07\xbeV\x07',48438,red
b'\x18\xe8\xa9\x9fdf]\xd9',b'\xf7%\x90\x0c\x07zQ\x1e',52907,red
b'A\x0f\xc3\x85\x1f\x0c[b',b'\xf7%\x90\x0c\x07zQ\x1e',49591,red
b'\x0eN\xc8\xd0\xda\xc7RN',b'\xf7%\x90\x0c\x07zQ\x1e',53279,red
b'\xefY\xdd\xea\xe7\xcdR)',b'\xf7%\x90\x0c\x07zQ\x1e',48438,red
b'\x83\xacC\x11_\xe3Qz',b'\xae\xab[fD\xadU<',52907,red
b':(7Wv\xbc]O',b'\xae\xab[fD\xadU<',49591,red
b'o\x10\xc6X\xb8_X\x8c',b'\xae\xab[fD\xadU<',53279,red
"b'\xffu\x93\x0c\x01,^\x96'",b'\xae\xab[fD\xadU<',48438,red
b'\xb9\x8cw\x19m}Y\xb3',b'\x88\xdb\x9bWT5[\x9f',52907,red
b'p\xb9=\xbf\x16\xa2Y\xa5',b'\x88\xdb\x9bWT5[\x9f',49591,red
b'\x12@g?t\xaaXh',b'\x88\xdb\x9bWT5[\x9f',53279,red
"b'\xc8\'""Md\xaf\\\xb7'",b'\x88\xdb\x9bWT5[\x9f',48438,red
b'\xad\xa7\xc8\x16\xe6\\]-',b'f!\xactH\xf9T\x99',53279,red
b'\xaf\t\x0e$\xd0\xd2^M',b'f!\xactH\xf9T\x99',52907,red
b'i\x90\xc50\xad\x86Vq',b'f!\xactH\xf9T\x99',48438,red
b'\x847\xed\xd2\xd6TSM',b'f!\xactH\xf9T\x99',49591,red
b'C\x1b\xc9\xdc!\x8f]\xf7',b'\xf4\xdb\xc8&\xe1\rZ\xa8',53279,red
b'U\x1a\x0b\x15\xb5.W>',b'\xf4\xdb\xc8&\xe1\rZ\xa8',52907,red
b'\xbe?S\xff\xbd_\\e',b'\xf4\xdb\xc8&\xe1\rZ\xa8',48438,red
b'\x0bx\xef\xd88\xfbQ-',b'\xf4\xdb\xc8&\xe1\rZ\xa8',49591,red
b'D\xe1D(A\xce\\\xbb',b'\x1ccc-\x1f\xf7T$',53279,red
b'b\xa6\xa6\x8c;g\\\x85',b'\x1ccc-\x1f\xf7T$',52907,red
b'ax48\xa7|V\xf4',b'\x1ccc-\x1f\xf7T$',48438,red
b'YT\xc9\x87\xe90\\\xbf',b'\x1ccc-\x1f\xf7T$',49591,red
b'?\x9ab{\xcf}^m',b'\x7f\xd8\x80\xc9\x94&^\xad',53279,red
b'\xcd\xd2\xd4i\xbd\xe2U\xc8',b'\x7f\xd8\x80\xc9\x94&^\xad',52907,red
b'\x80%\xaa-Ys[j',b'\x7f\xd8\x80\xc9\x94&^\xad',48438,red
b'\xe3:|\xd3`\xbfS\xba',b'\x7f\xd8\x80\xc9\x94&^\xad',49591,red
b'\x1f\xfb{\x9d\xf8\x1e]\xa0',b'\x04+\xdd\xed\xb6\x88[\x87',53279,red
b'\xf7\x10\xd2\x17\xf4#S\xde',b'\x04+\xdd\xed\xb6\x88[\x87',52907,red
b'\xf6@#\xc3\xbd\x85X\xdc',b'\x04+\xdd\xed\xb6\x88[\x87',48438,red
b'\x01\xac\x8d\x93\xf99]\x07',b'\x04+\xdd\xed\xb6\x88[\x87',49591,red
b'*\x84J\xd0bXR\x13',b'{\x1f\xcdk\xaa\xe4^\xea',53279,red
b'\xf7\x84\xe0\x82|;Z\x1f',b'{\x1f\xcdk\xaa\xe4^\xea',52907,red
b'!k\x9d1?\xd2]\xfd',b'{\x1f\xcdk\xaa\xe4^\xea',48438,red
b'Bc)\xf9&pY\xc5',b'{\x1f\xcdk\xaa\xe4^\xea',49591,red
b'\xff\x89\xa3\x88QmV[',b'\x9b[\xda\xe6\xff9X|',53279,red
b'\xf98\x88\x93W\xcfS\xfa',b'\x9b[\xda\xe6\xff9X|',52907,red
b'\xc6\xa1\\\xa5\xc3\xa2[\x16',b'\x9b[\xda\xe6\xff9X|',48438,red
b'\x84)\x9d\xb6\xee\x90[\x87',b'\x9b[\xda\xe6\xff9X|',49591,red
b'\x11\x9a\xcfF1KZ\x80',b'\xa6\x08\xb3\xf7y\x14\\\xba',53279,red
b'F\x86\xee\xdd\x96\xacY\xfe',b'\xa6\x08\xb3\xf7y\x14\\\xba',52907,red
b'%\xbf\x9ds\x90\xc2[\xbb',b'\xa6\x08\xb3\xf7y\x14\\\xba',48438,red
b'A\x00\x13(z\x7fU\x10',b'\xa6\x08\xb3\xf7y\x14\\\xba',49591,red
b'\xff\x87\x11\x96\xf1\xadRx',b'\x1a\x9b)\x14\xd3\xe3[\xfb',53279,red
b'X\xaa\xeckFZY\xe0',b'\x1a\x9b)\x14\xd3\xe3[\xfb',52907,red
b'q5\xcb\x7f1\x88Q\x8b',b'\x1a\x9b)\x14\xd3\xe3[\xfb',48438,red
b'\x0fZ:>\x99\x90T\xb9',b'\x1a\x9b)\x14\xd3\xe3[\xfb',49591,red
b'\xa7\x07Wy\xb0\xe7T\t',b'\x0e\xd3\xf7p\xb3\xecQ\x9b',53279,red
b'\x0b\x0c\xfef\xb0\xac\\s',b'\x0e\xd3\xf7p\xb3\xecQ\x9b',52907,red
b'f\x8f\xd0vBJRC',b'\x0e\xd3\xf7p\xb3\xecQ\x9b',48438,red
b'e\xe1q\xd6\xfaq[a',b'\x0e\xd3\xf7p\xb3\xecQ\x9b',49591,red
b'\xc3\x9fx\x01\xb3\xa9\\%',b'\xbc+-\xe9\xe9\xd3Y>',53279,red
"b'3"":\xd6.\x18Zf'",b'\xbc+-\xe9\xe9\xd3Y>',52907,red
"b""`\xc5\x8c\x8f'\xd5[\x83""",b'\xbc+-\xe9\xe9\xd3Y>',48438,red
"b'~\x85\x01\xa7""\\Vo'",b'\xbc+-\xe9\xe9\xd3Y>',49591,red
b'\x1d*\xf0\xce\xb2\x16P\xb7',b's\x87\n\x0bj-T\x1f',53279,red
b'+8Je\x0e3R\xbe',b's\x87\n\x0bj-T\x1f',52907,red
b'.\x9c)~\xcaCV\x84',b's\x87\n\x0bj-T\x1f',48438,red
b'\xdf\xb9-\xee\xf3.P\xbe',b's\x87\n\x0bj-T\x1f',49591,red
b'Cm\x86Zd[[\xca',b';\xdb\xca[\xc7B\\\x8a',53279,red
"b'\x9bHoE\xa4\x8a[,'",b';\xdb\xca[\xc7B\\\x8a',52907,red
b'3\x83M\xa3D\x8fYY',b';\xdb\xca[\xc7B\\\x8a',48438,red
b'\xc2\xd1x\xee/\xacWh',b';\xdb\xca[\xc7B\\\x8a',49591,red
b'\xc9\x87\x9b\xc6\xe6l[\xed',b'\x03\xae\xa4v3\xca_w',53279,red
b'\x11\x02\x81\xc4FPR\xdf',b'\x03\xae\xa4v3\xca_w',52907,red
b'RC\xd8@\xa3\xbeS\xd5',b'\x03\xae\xa4v3\xca_w',48438,red
b'\xbf\x83c\xaeK4]\xca',b'\x03\xae\xa4v3\xca_w',49591,red
b'\x8c\xdf\xed\x823\xac^l',b'$\x875\xed\x0b\x95T\xe2',53279,red
b'\x84\x98/E\x88\x97U\x10',b'$\x875\xed\x0b\x95T\xe2',52907,red
b'\xa3\x03\x81l\x1d4Z\x9c',b'$\x875\xed\x0b\x95T\xe2',48438,red
b'\xaaK\x9c\x95\x1eS^!',b'$\x875\xed\x0b\x95T\xe2',49591,red
b'\xd79G\xca\xd7yV\x8d',b'4\x94\xec\x90\x12\xb3Pj',53279,red
b'\xea\xa6\x93\x98\xab\x8fQ\xdc',b'4\x94\xec\x90\x12\xb3Pj',52907,red
b'w\xb9\x05\xcc2\x01P?',b'4\x94\xec\x90\x12\xb3Pj',48438,red
b'\x16us|\t\x8bXL',b'4\x94\xec\x90\x12\xb3Pj',49591,red
b'\xbaDzM\x1b8P\xc5',b'$\xe8ZG\xf2\xf0]\x9c',53279,red
b'\x9d<\xbev\x93\x96SZ',b'$\xe8ZG\xf2\xf0]\x9c',52907,red
b'\xd4\xfa5\xda^\xec[i',b'$\xe8ZG\xf2\xf0]\x9c',48438,red
b'\xf7\x85\xc9\xb8\x12\xd1Ws',b'$\xe8ZG\xf2\xf0]\x9c',49591,red
b'<lD*\xce\xf3X\x93',b'\xfc\x15\\\xf2\x14 _\xc1',53279,red
b': \x8d\x8d\xf2m]\xa5',b'\xfc\x15\\\xf2\x14 _\xc1',52907,red
b't\xfaH\xe2\x16\xd1[*',b'\xfc\x15\\\xf2\x14 _\xc1',48438,red
b'P\xb6\x86\xdaP\x9eR\xa6',b'\xfc\x15\\\xf2\x14 _\xc1',49591,red
b'\xa7[\x0f\xd4%PT6',b'\xa3m\xaa\x1a!\xcf[\xcf',53279,red
b'i\xc5\xe02\x16y^\xe0',b'\xa3m\xaa\x1a!\xcf[\xcf',52907,red
"b'q\x1c,c\xad\xac^m'",b'\xa3m\xaa\x1a!\xcf[\xcf',48438,red
b'a\x8c\xef$\xadp\\<',b'\xa3m\xaa\x1a!\xcf[\xcf',49591,red
b'r\xe3\x16n\xa1/^S',b'2\x1d\xc6\xb4\xac\xafS\x93',53279,red
b'<\xa6\x01\x8d~\x92U\x01',b'2\x1d\xc6\xb4\xac\xafS\x93',52907,red
b'\xf0#I\xd24y^\x81',b'2\x1d\xc6\xb4\xac\xafS\x93',48438,red
"b'r\xe8\xda\x80D\xe6X""'",b'2\x1d\xc6\xb4\xac\xafS\x93',49591,red
b'A\xdc\t\xc0\x9f\\Wz',b'\xc4\xb5\x1f\x94\xd7\xfa]\xc4',53006,green
b'\xab+\xfbK\x1b\x08\\W',b'\xc4\xb5\x1f\x94\xd7\xfa]\xc4',53656,green
b'/;\x8a\xd4yC]\xb1',b'\xc4\xb5\x1f\x94\xd7\xfa]\xc4',53279,red
b'\x8e\x1aA\xee\xe1\xc4^a',b'\xc4\xb5\x1f\x94\xd7\xfa]\xc4',52907,red
b'\xd1\x16D\xba\x0e\xb9Sv',b'\xc4\xb5\x1f\x94\xd7\xfa]\xc4',48438,red
b'_\t}\x07\xb5\xbaS\xea',b'\xc4\xb5\x1f\x94\xd7\xfa]\xc4',49591,red
b'\xe7[\x9fl{G[2',b'\xd21\xb7\xc2{T_{',53006,green
b'\xd6lwC\xc2\x0e^%',b'\xd21\xb7\xc2{T_{',53656,green
b'_\x165\x9b\x959V\x17',b'\xd21\xb7\xc2{T_{',53279,red
b'\xdau\x9b\xc8\xb7\xb3WI',b'\xd21\xb7\xc2{T_{',52907,red
b'rQ&\xdcnOR2',b'\xd21\xb7\xc2{T_{',48438,red
b'$\xd1\xb1\x0fz\x87[\xca',b'\xd21\xb7\xc2{T_{',49591,red
b'\x88<\xbf\x0f\x94\xd1S\xd3',b'\x02}\xcd\xf2+D[p',53006,green
b'qf)\x85A\x9fT\xd7',b'\x02}\xcd\xf2+D[p',53656,green
b'\x0b\xac.\xec\x85\xd9T\x99',b'\x02}\xcd\xf2+D[p',53279,red
b'M\xb1\x11BH\x07QV',b'\x02}\xcd\xf2+D[p',52907,red
b'`c\xb5\x12\x91\xb4Qg',b'\x02}\xcd\xf2+D[p',48438,red
b'w{-AZ\x87\\\xb9',b'\x02}\xcd\xf2+D[p',49591,red
b'\x1ak\x87\xe9\xc0EZ\x9f',b'\x02\x99|\xc5W\x82Wv',53006,green
b'3\x02wBq\xddU\x0c',b'\x02\x99|\xc5W\x82Wv',53656,green
b'\xc0?\x18\x88\xb3\x9cX\x03',b'\x02\x99|\xc5W\x82Wv',53279,red
b'\xb3\xcc\xef$\x0c\xd1Y+',b'\x02\x99|\xc5W\x82Wv',52907,red
b'\x03^vc\xaa\xe3Y\x17',b'\x02\x99|\xc5W\x82Wv',48438,red
b'/n\x82\xc4\xfc\x9aW\xbe',b'\x02\x99|\xc5W\x82Wv',49591,red
b'w\x13\xdbr\xe3\x1bQy',b'\x18\xfb\x84\x8e\xdbi_\xd1',53006,green
b'\xcf\xa93\xbdX\x81Z\x04',b'\x18\xfb\x84\x8e\xdbi_\xd1',53656,green
b']\xa8Y\xf2\xbegW\r',b'\x18\xfb\x84\x8e\xdbi_\xd1',53279,red
b'\xa1&\xb0s\x94\xb9]u',b'\x18\xfb\x84\x8e\xdbi_\xd1',52907,red
b'\xabd*+\x99\x05U\x1e',b'\x18\xfb\x84\x8e\xdbi_\xd1',48438,red
b'l\xa3\xcb\xaci\x0e\\\x90',b'\x18\xfb\x84\x8e\xdbi_\xd1',49591,red
b'\x8b\xb0\xdcN*m^Z',b'\xaf\x87\x12\x98`)V\xbe',53006,green
b'\xd8BH\xe97\xf8[\x1b',b'\xaf\x87\x12\x98`)V\xbe',53656,green
b'\xf3t\x80\x18\x97\xdd]\xb5',b'\xaf\x87\x12\x98`)V\xbe',53279,red
b'\x07M\xd3\xbf\xe0\x8fUU',b'\xaf\x87\x12\x98`)V\xbe',52907,red
b'\xbdToq\xf5&[\xb9',b'\xaf\x87\x12\x98`)V\xbe',48438,red
b'\x9d\xb9\x861QBV\xe4',b'\xaf\x87\x12\x98`)V\xbe',49591,red
b'\xb5\x0bi\x0e~\xf2_\xb5',b'\x96\x9e\x86\x90u\x03Y\xed',53006,green
b'\xf1P\xfc\xf9\xe3^^\xde',b'\x96\x9e\x86\x90u\x03Y\xed',53656,green
b'\xd1\xba\x15\x89F_R!',b'\x96\x9e\x86\x90u\x03Y\xed',53279,red
b'a\xe6Y\xf5\xd8\xb0Tt',b'\x96\x9e\x86\x90u\x03Y\xed',52907,red
b'>2\xd4\x89\xac\x80Rp',b'\x96\x9e\x86\x90u\x03Y\xed',48438,red
b'\x91\xfb\xc8\xc3j%R-',b'\x96\x9e\x86\x90u\x03Y\xed',49591,red
b'\x9du\x8fL\xe1?P\xd1',b'\xa9\x8f\n\x02\xe6fYZ',53006,green
b'7\\\x9d\x110xUV',b'\xa9\x8f\n\x02\xe6fYZ',53656,green
b'Ey^\x9eR\xe3Y\x19',b'\xa9\x8f\n\x02\xe6fYZ',53279,red
b'\xff\xdbk\x153\xe5[\xed',b'\xa9\x8f\n\x02\xe6fYZ',52907,red
b'\xc0o\xb5!$\tY\x02',b'\xa9\x8f\n\x02\xe6fYZ',48438,red
b'\xec\xac\xc6\xda\xde\xe1Z\xc2',b'\xa9\x8f\n\x02\xe6fYZ',49591,red
b'\xeds\xcdK\xa9\xe3W\xaa',b'\r:\x14ol\x1eQ\x16',53006,green
b'+\xb4\xadkvq^%',b'\r:\x14ol\x1eQ\x16',53656,green
b'\xd4{O\x17\x1c\x82Y(',b'\r:\x14ol\x1eQ\x16',53279,red
b'f\xa1\xf3r\xbc%S0',b'\r:\x14ol\x1eQ\x16',52907,red
b'W#\xdbz\x91+U\x0b',b'\r:\x14ol\x1eQ\x16',48438,red
b'\x91\xbfuE1\xe0]&',b'\r:\x14ol\x1eQ\x16',49591,red
b'\x1ek\x13\xb7\x86EVF',b'5v\x94\x98\x8d!Q\x96',53006,green
b'H\xbf%\x02\x89\xb4US',b'5v\x94\x98\x8d!Q\x96',53656,green
b'\xd8F\x14\xb60\x1a^\x08',b'5v\x94\x98\x8d!Q\x96',53279,red
b'T\xe2\x19\xcb&jZU',b'5v\x94\x98\x8d!Q\x96',52907,red
b'\\<\xc4G\xf7\xffP\xe9',b'5v\x94\x98\x8d!Q\x96',48438,red
b'mv\xcb\xae\xb3c[\x12',b'5v\x94\x98\x8d!Q\x96',49591,red
b']\xe2&\xc2+\x95[\xba',b'\x02\xea\xf6\x1f\x16O]\xa4',53006,green
b'P\xba`\x14\xdd\xde\\\xf4',b'\x02\xea\xf6\x1f\x16O]\xa4',53656,green
b'G\xace&\xbb\xd8VQ',b'\x02\xea\xf6\x1f\x16O]\xa4',53279,red
b'\xdd_\xc9\xc4\x0e\xf6T\xc2',b'\x02\xea\xf6\x1f\x16O]\xa4',52907,red
b'\xc7jkN\x86\xadQA',b'\x02\xea\xf6\x1f\x16O]\xa4',48438,red
b'r\r\xacJ\x03\xf9X~',b'\x02\xea\xf6\x1f\x16O]\xa4',49591,red
b'c\xd2\x99\x9f\x10\x0cS(',b'\xb1`s\xc8 \xf4QY',53006,green
"b'\xc1auZ\xb7f],'",b'\xb1`s\xc8 \xf4QY',53656,green
b'\x86\x91\x83\xbe\x907S\r',b'\xb1`s\xc8 \xf4QY',53279,red
b'\xff\x9eG\xc7u\xd8^\xcf',b'\xb1`s\xc8 \xf4QY',52907,red
b'\x1e)\xb5\x8c\x90\xafS\xa4',b'\xb1`s\xc8 \xf4QY',48438,red
b'{\x85\xa5q\xb4\xf3P\x00',b'\xb1`s\xc8 \xf4QY',49591,red
b'N^\xf7W\x1d\xb2]A',b'\xfc6\xf9\x81\x8e\xeaS\xf2',53006,green
b'\x8b)\x03R\r\x9eT\x83',b'\xfc6\xf9\x81\x8e\xeaS\xf2',53656,green
"b'\xc6_\xfcA""\x8d_\xd9'",b'\xfc6\xf9\x81\x8e\xeaS\xf2',53279,red
b'\xc3\x81\x847\xddCT&',b'\xfc6\xf9\x81\x8e\xeaS\xf2',52907,red
b'E\xa5\xf6\x89\xbd\x9b^\x96',b'\xfc6\xf9\x81\x8e\xeaS\xf2',48438,red
b'&\x8f\x94\x82VFY\x1c',b'\xfc6\xf9\x81\x8e\xeaS\xf2',49591,red
b'8\xba5\xf4\xb3\x1c^\xb4',b'\x96\xf8\x0e\x8bX\xf3_5',53006,green
b'\x0b\x9d\xf9\xf3X\x1e_F',b'\x96\xf8\x0e\x8bX\xf3_5',53656,green
b'\xce\xfcca8\x84_\xeb',b'\x96\xf8\x0e\x8bX\xf3_5',53279,red
b'\xdbVTr\xd3\xfb]?',b'\x96\xf8\x0e\x8bX\xf3_5',52907,red
b'x\xdaK\xa4(o_`',b'\x96\xf8\x0e\x8bX\xf3_5',48438,red
b'[\xfeQ[i\x81T\x7f',b'\x96\xf8\x0e\x8bX\xf3_5',49591,red
"b'!\xa3\x07\xcb\xdd""_]'",b'\x96\xf8\x0e\x8bX\xf3_5',53428,red
b'\xbb\x0c\x8b+|\xbbZa',b'\x96\xf8\x0e\x8bX\xf3_5',49673,red
b'XY\xf9>d\xbbV\xb4',b'\x96\xf8\x0e\x8bX\xf3_5',49674,red
b'\x82 b\xb75\xf8^\xb6',b'\x96\xf8\x0e\x8bX\xf3_5',48930,red
b'\xb7\xc7\xf94\xb6\xf9U\xaa',b'\x96\xf8\x0e\x8bX\xf3_5',48929,red
b'\x88R\xb4\xb2\x83\xd8\\\xe7',b'2\xff\xd3\x9f;\xb7Ze',53006,green
b'\x9eE\xd3?\xacM[\x00',b'2\xff\xd3\x9f;\xb7Ze',53656,green
b'\\l*\x94G\x08V0',b'2\xff\xd3\x9f;\xb7Ze',53279,red
b'Pb\x06\xe68\x93\\F',b'2\xff\xd3\x9f;\xb7Ze',52907,red
b'\xd1`_\xf1\xce\x1dP\xbd',b'2\xff\xd3\x9f;\xb7Ze',48438,red
"b""\x93\xa9'5\xbdPS\xaa""",b'2\xff\xd3\x9f;\xb7Ze',49591,red
"b"";C\xfd\\&!W'""",b'2\xff\xd3\x9f;\xb7Ze',53428,red
b'\x87\x11\x0c\xe5v\xeaS\xba',b'2\xff\xd3\x9f;\xb7Ze',49673,red
b'.\x00\xa3\x9b\xb1)XI',b'2\xff\xd3\x9f;\xb7Ze',49674,red
b'\x93\x97\xe3\xf4@FQ\x89',b'2\xff\xd3\x9f;\xb7Ze',48930,red
b'>Q9\xb4\xe3SS!',b'2\xff\xd3\x9f;\xb7Ze',48929,red
b'x\xc1C\xdf\x7fAT\x82',b'\x91&\xcb\xc4#SV\xe6',53006,green
b'\x99K\xac\x9f\xd1m[h',b'\x91&\xcb\xc4#SV\xe6',53656,green
b'c\xb5H\xe3\x84cP\xf0',b'\x91&\xcb\xc4#SV\xe6',53279,red
b'x\x0f\xc6/\x9a\xfbT\x1e',b'\x91&\xcb\xc4#SV\xe6',52907,red
b'\x8c\xd9\xd3\xe0\x08\xa4_\xff',b'\x91&\xcb\xc4#SV\xe6',48438,red
b'\xacP\x90f\xda\nQ^',b'\x91&\xcb\xc4#SV\xe6',49591,red
b'\xe9\xd8:\x12\xb9j[j',b'\x91&\xcb\xc4#SV\xe6',53428,red
b'\x1d\x11\xe6^\xff\x8aS\xac',b'\x91&\xcb\xc4#SV\xe6',49673,red
"b';&\xfaS\xfc\x14\\""'",b'\x91&\xcb\xc4#SV\xe6',49674,red
b'\xc3\xcf\xfb\xe3\xa3\xf8Q\xae',b'\x91&\xcb\xc4#SV\xe6',48930,red
b'\x84\x0e]\xfb*\x80V\x07',b'\x91&\xcb\xc4#SV\xe6',48929,red
b'Z\x91t\x01]5PI',b';\x8d\xff\xa4\xed\xdfR\x13',53006,green
b'\xcf\x85\x04\x82L\x12^\xc4',b';\x8d\xff\xa4\xed\xdfR\x13',53656,green
b'\x82\xc2c\xe0TIX\xe5',b';\x8d\xff\xa4\xed\xdfR\x13',53279,red
"b'}\xc2\xd6,\xf4\xd3Y\xcc'",b';\x8d\xff\xa4\xed\xdfR\x13',52907,red
b'\xb5y\xe5[-*Y^',b';\x8d\xff\xa4\xed\xdfR\x13',48438,red
b'j\xdde\xbd\xa7CU\x92',b';\x8d\xff\xa4\xed\xdfR\x13',49591,red
b'\xc0\x0b\x0f/\xf2\x89_\x01',b';\x8d\xff\xa4\xed\xdfR\x13',53428,red
b'\xce\xc2\xa2B\xf77[\xb0',b';\x8d\xff\xa4\xed\xdfR\x13',49673,red
b'\xfd\xa7AH\x0c\xbbU\xa6',b';\x8d\xff\xa4\xed\xdfR\x13',49674,red
b')\xe4w\xd5]\x9a^\xf7',b';\x8d\xff\xa4\xed\xdfR\x13',48930,red
b'\xac\xa0O8\xb6\xebY\x1b',b';\x8d\xff\xa4\xed\xdfR\x13',48929,red
b'\xbf\xf0a\xdc\xd2\x12ZS',b'\xb3\xb0G?*nU\x19',53006,green
b'\xc9Y+\xcb\xc4\x05VF',b'\xb3\xb0G?*nU\x19',53656,green
b'\xd5\xb4\x9a\xed\x04a[\xa6',b'\xb3\xb0G?*nU\x19',53279,red
b'\xa5\xc1\xa6\x90\x1f\xfa_\xe6',b'\xb3\xb0G?*nU\x19',52907,red
b'R\xfbC\xdb\xef\xe5_B',b'\xb3\xb0G?*nU\x19',48438,red
b'\xd0L\xcdI\xeb\x91_\xfc',b'\xb3\xb0G?*nU\x19',49591,red
b'\xb8/\xa42\xd3\xeb^e',b'\xb3\xb0G?*nU\x19',53428,red
b'>E\xfa\xe1*HV\x1e',b'\xb3\xb0G?*nU\x19',49673,red
b'\x1c\xbd\xa3\xe3\xcc#Yu',b'\xb3\xb0G?*nU\x19',49674,red
b'q\xceGwx\xc7Q$',b'\xb3\xb0G?*nU\x19',48930,red
b'\x0f`q8\xbf\x02Z\x93',b'\xb3\xb0G?*nU\x19',48929,red
b'<\xf2\x18D\xbcy_\xe0',b'\x8bb@ -;[\x98',53006,green
b'P2\xf0\x02:fVI',b'\x8bb@ -;[\x98',53656,green
b'6\xb7\x9e\xdd\xd4\x9aT\xf9',b'\x8bb@ -;[\x98',53279,red
b'L\x8f\xe1\xf3w\x04P\x1c',b'\x8bb@ -;[\x98',52907,red
b'\x91\xe0\xc9\x9f0\x8dS\xf8',b'\x8bb@ -;[\x98',48438,red
b'K\x163\xe4\x16\xf0V\xcd',b'\x8bb@ -;[\x98',49591,red
b'8\x91\x18\xe1\xe7\x81\\n',b'\x8bb@ -;[\x98',53428,red
b'>\x04\x11\xc4\xc9F]Q',b'\x8bb@ -;[\x98',49673,red
"b""K'v\xc9G%[&""",b'\x8bb@ -;[\x98',49674,red
b'\xc8ka\xf6\xe1a\\\xe2',b'\x8bb@ -;[\x98',48930,red
b't\xbe\xbaX\xd7\x17T\xa1',b'\x8bb@ -;[\x98',48929,red
b'\x1d\xe7\x14C~\xd0P\x07',b'jFD\x1d\xe3\xb5P!',53006,green
b'K\xbe\x0e\x91/\x90_s',b'jFD\x1d\xe3\xb5P!',53656,green
b'\xafS\xef3[f_ ',b'jFD\x1d\xe3\xb5P!',53279,red
b'\x8a\x7f\xde\xe0<\x15Y+',b'jFD\x1d\xe3\xb5P!',52907,red
b'\xdbn\xc8\xe2ol_\xc6',b'jFD\x1d\xe3\xb5P!',48438,red
b'\x7f\x02R\xb3\r\xf8V\xf1',b'jFD\x1d\xe3\xb5P!',49591,red
b't.F\x8d\xb7\xdaS\xea',b'jFD\x1d\xe3\xb5P!',53428,red
b'\xa2(\x9a\x03\xc8\xa2\\\x91',b'jFD\x1d\xe3\xb5P!',49673,red
b'\xef\xe6\xaa\xd7\xfb\xe1[o',b'jFD\x1d\xe3\xb5P!',49674,red
b'\x8d\x8e6\xae\xa6\x9fW;',b'jFD\x1d\xe3\xb5P!',48930,red
b'\xefNkS\x8d\xbcS\n',b'jFD\x1d\xe3\xb5P!',48929,red
b'Lq\xfdj\xb8\xdcXJ',"b'\xc06\x8b""\xb1;WH'",53006,green
b'\xc4/xB\x96@[\x8c',"b'\xc06\x8b""\xb1;WH'",53656,green
b't\x1f?\xfaE\x07[\x9a',"b'\xc06\x8b""\xb1;WH'",53279,red
b'\xf0\xce\xea\xf6\xa3\xc4^4',"b'\xc06\x8b""\xb1;WH'",52907,red
b'\x1c+T\x01\x85=S\x15',"b'\xc06\x8b""\xb1;WH'",48438,red
b'dFs\xaf\\\x18WE',"b'\xc06\x8b""\xb1;WH'",49591,red
b'\x97\x9d\x0f\x06\xc3EX\x86',"b'\xc06\x8b""\xb1;WH'",53428,red
b'\xd7r\xafjA<_\xba',"b'\xc06\x8b""\xb1;WH'",49673,red
b'\xce\xb8\xd2\x97&)Zb',"b'\xc06\x8b""\xb1;WH'",49674,red
b'\x00i\x04~\xf4\xe9Q\xa4',"b'\xc06\x8b""\xb1;WH'",48930,red
b'o\xa8\x1a\x8c\xfcDY\x91',"b'\xc06\x8b""\xb1;WH'",48929,red
b'\xff\xd7\xd8\x93\x90\xccQ?',b')\xfa\xc7\x03n\xd3Wv',53006,green
b'V\xb3\xd5)\xb2\xd4Y6',b')\xfa\xc7\x03n\xd3Wv',53656,green
b'\x83*\x12\x17\xdc\x16^\xb0',b')\xfa\xc7\x03n\xd3Wv',53279,red
b'\x84\xea\xb7\xb6\xd3\xf1]\x91',b')\xfa\xc7\x03n\xd3Wv',52907,red
b'\x19\x1e\xe7\xa0M\x8f]^',b')\xfa\xc7\x03n\xd3Wv',48438,red
b'-\x97\x1e#\xf7\xf1S=',b')\xfa\xc7\x03n\xd3Wv',49591,red
b'i>\x9b8B\xa6U\x00',b')\xfa\xc7\x03n\xd3Wv',53428,red
b'\xa4\xec\x08\x10\xab\xbb_\xc0',b')\xfa\xc7\x03n\xd3Wv',49673,red
b'\x14q\xef\xb4a\xb3XQ',b')\xfa\xc7\x03n\xd3Wv',49674,red
b'\x82\xdb\xb9`\xd1\x89]\xf2',b')\xfa\xc7\x03n\xd3Wv',48930,red
b'\xc50\xcc\t4\xd0Z\x06',b')\xfa\xc7\x03n\xd3Wv',48929,red
b'e3\xbb\x99\x13\xd3R\xec',b'\x91\x80^\xb4l1^d',53006,green
b'~\xe8\x88\x81v Pt',b'\x91\x80^\xb4l1^d',53656,green
"b'Uh\xc5\x13\xd6^[,'",b'\x91\x80^\xb4l1^d',53279,red
b'\x00\xffW\xebw\xc7[2',b'\x91\x80^\xb4l1^d',52907,red
b'\xe2o\xe6\xb7\x8au_\x8f',b'\x91\x80^\xb4l1^d',48438,red
b'\xb1\xc8\xd1*=\xf2P|',b'\x91\x80^\xb4l1^d',49591,red
b'\x12\xf5\xf6\x00\xb09Q\xc9',b'\x91\x80^\xb4l1^d',53428,red
b'\xb1\xcd-9\xf9\xe1Z\x00',b'\x91\x80^\xb4l1^d',49673,red
b'\xd9?\x05\x9cd\xd0X\xa2',b'\x91\x80^\xb4l1^d',49674,red
b'\x08\xe8\xc7\x17\x9d-T\x9d',b'\x91\x80^\xb4l1^d',48930,red
b'\x02\xae\xcc\x9e;\xf7Vi',b'\x91\x80^\xb4l1^d',48929,red
b'j\\7\xa2/\x80^\xb3',b'\xc6\xa9xy\xa7R\\K',53006,green
b'\xc4\xde\xab4Hm_\xb6',b'\xc6\xa9xy\xa7R\\K',53656,green
b'\xe5s$\xc7\x8b]S\xd0',b'\xc6\xa9xy\xa7R\\K',53279,red
b'\x97n\x9e\x11\xc0\x86]T',b'\xc6\xa9xy\xa7R\\K',52907,red
b'\xfd(\xd3AyuW\xd6',b'\xc6\xa9xy\xa7R\\K',48438,red
b'\xbb\x0bB: |^\xd6',b'\xc6\xa9xy\xa7R\\K',49591,red
b'm\xcf\xa2\xb8\x89\x1cY\xd9',b'\xc6\xa9xy\xa7R\\K',53428,red
b'\xd0\x90\x83\xfd_\x8fTa',b'\xc6\xa9xy\xa7R\\K',49673,red
b'M\xe1\xd6\x877\xb3Z\x8e',b'\xc6\xa9xy\xa7R\\K',49674,red
"b""\xc7\xf9\xbau|'V\xa2""",b'\xc6\xa9xy\xa7R\\K',48930,red
b'HD\x0fn\x90]R\x00',b'\xc6\xa9xy\xa7R\\K',48929,red
b'\xa7|\xa3\x19\xdaOZ\xc4',b'\xc7\xad\xc7\xcd8\xc8P\x8c',53006,green
b'\xf6\xdbi\xbe)\x99YW',b'\xc7\xad\xc7\xcd8\xc8P\x8c',53656,green
b'~[t\xbd\x15fU`',b'\xc7\xad\xc7\xcd8\xc8P\x8c',53279,red
"b'X;""YO3_\xaa'",b'\xc7\xad\xc7\xcd8\xc8P\x8c',52907,red
b'\xf6\xab(\xf4\xfb\x8bT\xfc',b'\xc7\xad\xc7\xcd8\xc8P\x8c',48438,red
b'\x86&\xfd\xfc\xc3\xd1Ul',b'\xc7\xad\xc7\xcd8\xc8P\x8c',49591,red
b'\x84[N?>`P\x15',b'\xc7\xad\xc7\xcd8\xc8P\x8c',53428,red
b'\xb7D\xa1??\xf7X\xdf',b'\xc7\xad\xc7\xcd8\xc8P\x8c',49673,red
b'\xadM\x1e`\xe6;WF',b'\xc7\xad\xc7\xcd8\xc8P\x8c',49674,red
b'\xe9\xe3R\xf1>dU\xca',b'\xc7\xad\xc7\xcd8\xc8P\x8c',48930,red
b';\xeaz|\x1c5Q\xd9',b'\xc7\xad\xc7\xcd8\xc8P\x8c',48929,red
b'\x8e\xb9\xdf\xc7\xd9RP\xa0',b'\xac\x8e\xf4\xae\x9b \\9',53006,green
b'2\xdd\xf0\x04\x1f\x9a^\xae',b'\xac\x8e\xf4\xae\x9b \\9',53656,green
"b""'\xeb}\xfd\x8c\xd0[\xc4""",b'\xac\x8e\xf4\xae\x9b \\9',53279,red
b'G\x7fD\xaf\x82aU\x98',b'\xac\x8e\xf4\xae\x9b \\9',52907,red
b'`l\xe3\x959\x8eWd',b'\xac\x8e\xf4\xae\x9b \\9',48438,red
b'kf\xb7Z\xe9\xe0R\x83',b'\xac\x8e\xf4\xae\x9b \\9',49591,red
b'm\xb2\xdb`\x9b\x9dW\xe1',b'\xac\x8e\xf4\xae\x9b \\9',53428,red
b'\xc0\xccV\xd2J\xba^X',b'\xac\x8e\xf4\xae\x9b \\9',49673,red
b'L)p\x9e3\xfdS\xc4',b'\xac\x8e\xf4\xae\x9b \\9',49674,red
b'\x87\x19d\xd6J\xc3UO',b'\xac\x8e\xf4\xae\x9b \\9',48930,red
b'\x16\xdf\xa8\xcc\xb7\xba_\x8b',b'\xac\x8e\xf4\xae\x9b \\9',48929,red
b'\xf1\xcf\x98\xdc-\x08TG',b'\xd7\xb5\xfd\x94#hS\xc6',53006,green
b'\x89K\xaf\x04\xec6U&',b'\xd7\xb5\xfd\x94#hS\xc6',53656,green
b'Ic\x1a\x81dzU\xa6',b'\xd7\xb5\xfd\x94#hS\xc6',53279,red
b'S\xd3B\x07\x86\x07V\x0b',b'\xd7\xb5\xfd\x94#hS\xc6',52907,red
b'R\xcc\xc7\x98]\x7f_\x90',b'\xd7\xb5\xfd\x94#hS\xc6',48438,red
b'\xb5\xd9KD\x03\xb0\\\xd6',b'\xd7\xb5\xfd\x94#hS\xc6',49591,red
"b'""7R\xd0\xb1\rP\x81'",b'\xd7\xb5\xfd\x94#hS\xc6',53428,red
b'\x16\x19\x89\x92\xda]Z\xaf',b'\xd7\xb5\xfd\x94#hS\xc6',49673,red
b'E\x18\x06\xe65\xc6U\x01',b'\xd7\xb5\xfd\x94#hS\xc6',49674,red
b'\x08n\xe8\x13\xe5NU\n',b'\xd7\xb5\xfd\x94#hS\xc6',48930,red
b'\xcc\xae\xa7\xe1a\x99_\xff',b'\xd7\xb5\xfd\x94#hS\xc6',48929,red
b'\x0b\xe4=\xf7o\xc9X\xed',b'2\x8b\xa6&t\xc8_\x9e',53006,green
b'\x85C4\xb1\xba7Y\xe5',b'2\x8b\xa6&t\xc8_\x9e',53656,green
b'\xdfDj\xf1*\xcdP5',b'2\x8b\xa6&t\xc8_\x9e',53279,red
b'Zn\x17U\xb7\x07S\xc8',b'2\x8b\xa6&t\xc8_\x9e',52907,red
b'\xfa]\xf8\xa7\x05\xc9\\\xf7',b'2\x8b\xa6&t\xc8_\x9e',48438,red
b'H\x1b\xd9\xb8\xe7\xc3Xv',b'2\x8b\xa6&t\xc8_\x9e',49591,red
b'\xb0\x85[\xcd\x049X\xa8',b'2\x8b\xa6&t\xc8_\x9e',53428,red
b')\x14\xc9\xf7\xd1\x82_m',b'2\x8b\xa6&t\xc8_\x9e',49673,red
b'V\x08\x1f\xc2\xa2=^\xc0',b'2\x8b\xa6&t\xc8_\x9e',49674,red
b'\x8bu|\xd5\xc7\xf8W\xb9',b'2\x8b\xa6&t\xc8_\x9e',48930,red
b'\xd13S\x9a\xd5\xfdR\xdd',b'2\x8b\xa6&t\xc8_\x9e',48929,red
b't\xf4\xe9l\xca\xbbU>',b'\xaa:\xd4\\r\xdc]y',53006,green
b'Mm<\x92\xe2\xc5ZG',b'\xaa:\xd4\\r\xdc]y',53656,green
b'el\xaf\xc2\x9a\xf4X\x1f',b'\xaa:\xd4\\r\xdc]y',53279,red
"b""f'!\x06a\xdfU\x82""",b'\xaa:\xd4\\r\xdc]y',52907,red
b'\xdfm\xd8\xb6\x94CR=',b'\xaa:\xd4\\r\xdc]y',48438,red
b'\x95_/+\xc1C_<',b'\xaa:\xd4\\r\xdc]y',49591,red
b'\x16\n\xbc\x89\x15\xa1[\x9c',b'\xaa:\xd4\\r\xdc]y',53428,red
b'\xeb\x9f\x98\xc5e\xfdR\xdd',b'\xaa:\xd4\\r\xdc]y',49673,red
b'\x8e\xd5\x85\xfe\x15\xd9R\\',b'\xaa:\xd4\\r\xdc]y',49674,red
b'\xd3C\x17b\x06oW\x8d',b'\xaa:\xd4\\r\xdc]y',48930,red
b'GX\xeb\xc2\x80ZRe',b'\xaa:\xd4\\r\xdc]y',48929,red
b'\xbc\xbf\x98\xa1\xc3:S\xa2',b'\xe3e\xaf\x8c\x84\xe9R\xb3',53006,green
b'\xc5\x16\x0f\tS\xd8]+',b'\xe3e\xaf\x8c\x84\xe9R\xb3',53656,green
b'2\x17\x08\xb5\xa7\xbaZe',b'\xe3e\xaf\x8c\x84\xe9R\xb3',53279,red
b'>\xdd\xb5v\xc4%Q\x88',b'\xe3e\xaf\x8c\x84\xe9R\xb3',52907,red
b'\x95KZ\xd1\xb7\x08^\xa9',b'\xe3e\xaf\x8c\x84\xe9R\xb3',48438,red
b'R\xb6P\xa9(\xc2U\xa8',b'\xe3e\xaf\x8c\x84\xe9R\xb3',49591,red
"b""\xd3\xef\x841\x08'Q\x0e""",b'\xe3e\xaf\x8c\x84\xe9R\xb3',53428,red
b'\xa5\xf3\xba\x1f\xe8\xbbU6',b'\xe3e\xaf\x8c\x84\xe9R\xb3',49673,red
b'\xd6\x14(\xea\x1d;ZY',b'\xe3e\xaf\x8c\x84\xe9R\xb3',49674,red
b'\xa4\x86\xb3\xf6w\xf0]\x16',b'\xe3e\xaf\x8c\x84\xe9R\xb3',48930,red
b'\xa1e\x18\xc6\x0b\xc5S\xa7',b'\xe3e\xaf\x8c\x84\xe9R\xb3',48929,red
b'l\x8dA\xfa\xdb4Qc',b'\xe4fY\xe2\x9c\x9d\\\x10',53006,green
b'n\x19\xa6\\`\xb4Q\xb8',b'\xe4fY\xe2\x9c\x9d\\\x10',53656,green
b'\x11\xb0\x8bM&dX\t',b'\xe4fY\xe2\x9c\x9d\\\x10',53279,red
b'W*\xcco\x18nU\xcd',b'\xe4fY\xe2\x9c\x9d\\\x10',52907,red
"b'\xfe\xbb\x96\x1b""HTu'",b'\xe4fY\xe2\x9c\x9d\\\x10',48438,red
b'\xf5\x1c\x08G\xb0\x18[q',b'\xe4fY\xe2\x9c\x9d\\\x10',49591,red
b'\xd0a7^\x04\xab]\x98',b'\xe4fY\xe2\x9c\x9d\\\x10',53428,red
b'd\xcc\xf4=\x0c\xe6V\xec',b'\xe4fY\xe2\x9c\x9d\\\x10',49673,red
b'.TFM\xb7l_\x7f',b'\xe4fY\xe2\x9c\x9d\\\x10',49674,red
b'\x9eu5\xe7\x16-S\x8d',b'\xe4fY\xe2\x9c\x9d\\\x10',48930,red
"b""\x1d'5\x8b\xdd\xbb_6""",b'\xe4fY\xe2\x9c\x9d\\\x10',48929,red
b'\x89\xd7b\xc9]\x0fT\x91',b'\x11\x0fh65\xdbY:',53006,green
b':\xf60\xf0\x8b~Z6',b'\x11\x0fh65\xdbY:',53656,green
b'Y#\xc1\xe9s%Q\x9c',b'\x11\x0fh65\xdbY:',53279,red
b'\xcb\x8c\xceMZ\x87Z\x15',b'\x11\x0fh65\xdbY:',52907,red
b'b\x9f\xfa\xc9\x96\xf2^\xec',b'\x11\x0fh65\xdbY:',48438,red
b'\x86\xd1^\x8c\n\x84YN',b'\x11\x0fh65\xdbY:',49591,red
"b'J\x08\x84\xcas\xf9P,'",b'\x11\x0fh65\xdbY:',53428,red
b')g\xa4w\x17\xc1S\xfd',b'\x11\x0fh65\xdbY:',49673,red
b'\x1c\xa7\xac\x94j\xc2Y\x8a',b'\x11\x0fh65\xdbY:',49674,red
b'>\x9d\xde\xc3l\xa7\\k',b'\x11\x0fh65\xdbY:',48930,red
"b'(*""*6\x9eZN'",b'\x11\x0fh65\xdbY:',48929,red
b'\x91\x93 (\xae\xd2]\xfc',b'\x12 T\xcbF\xab_q',53006,green
b'Z\xb1^\xb2\xbce_\xb1',b'\x12 T\xcbF\xab_q',53656,green
b'M\x82\x855w}P\xbf',b'\x12 T\xcbF\xab_q',53428,red
b'\x9dcE\x96)\x18Y\x06',b'\x12 T\xcbF\xab_q',49673,red
b'w@\rs\xc0\x17V\x15',b'\x12 T\xcbF\xab_q',53279,red
b'k)\xbd\xa1\xcd\xcfU\x07',b'\x12 T\xcbF\xab_q',49591,red
b'\x13\xac\xd5\x96j\xdcT\xbb',b'\x12 T\xcbF\xab_q',52907,red
b'pk\xd5\x9d\x97\xf3P\xb9',b'\x12 T\xcbF\xab_q',49674,red
b'0\x828\xa8\xef\xe7TL',b'\x12 T\xcbF\xab_q',48930,red
b'b\x8d\xaf\xfbB\xcbS\x91',b'\x12 T\xcbF\xab_q',48438,red
b'3l\xe1\xb4^\x9cQ\x06',b'\x12 T\xcbF\xab_q',48929,red
b'69\xa7M\x9b\xa2^<',b'\x18\xe5;A\r\x1cR\xee',53006,green
b'\xc4D\xa6}6d_e',b'\x18\xe5;A\r\x1cR\xee',53656,green
b'pS\x05\x05\x1f\xdaU_',b'\x18\xe5;A\r\x1cR\xee',53428,red
b'\xfd\x0c[\x1a\xd8\x81S}',b'\x18\xe5;A\r\x1cR\xee',49673,red
b'8\x8aJ}\xdd:Y\x85',b'\x18\xe5;A\r\x1cR\xee',53279,red
b'\x98(!\xe4\xc3\xadV\x08',b'\x18\xe5;A\r\x1cR\xee',49591,red
b'j\x83\xf1=\x0b\x87X\x00',b'\x18\xe5;A\r\x1cR\xee',52907,red
b'\x85\xedi\xab\xf6\xe5Z\xc7',b'\x18\xe5;A\r\x1cR\xee',49674,red
b'\xad\x1e1\x85\x8e\x86_o',b'\x18\xe5;A\r\x1cR\xee',48930,red
b'ch\x06\x07\xd0\x11[\x1c',b'\x18\xe5;A\r\x1cR\xee',48438,red
b'+>\x84\xa8\xf3\rV\xb1',b'\x18\xe5;A\r\x1cR\xee',48929,red
b'\x10s\xc3 \xcajQ\x8c',b'DqN\x86K\x01[\xd0',53006,green
b'\x87U\xe4\x95\x0f\xd1T\x9c',b'DqN\x86K\x01[\xd0',53656,green
b'\xb4\xe4\xc1\x119wUG',b'DqN\x86K\x01[\xd0',53428,red
b'\n&\x94q\rT[Z',b'DqN\x86K\x01[\xd0',49673,red
b'\xf7\xe74\xf7\xc5\xbeZ*',b'DqN\x86K\x01[\xd0',53279,red
b'(Ra\x19\x99\x9e^\xff',b'DqN\x86K\x01[\xd0',49591,red
b';W\x1c\x14}EZ]',b'DqN\x86K\x01[\xd0',52907,red
b'\x19\x9d\xd0g\nzR\x96',b'DqN\x86K\x01[\xd0',49674,red
b'\xc3\x1a\x04\xb7|\x11R\x11',b'DqN\x86K\x01[\xd0',48930,red
b'\xe1\xc7\xa3\x9b\x17\xb3Y\x04',b'DqN\x86K\x01[\xd0',48438,red
b'\xa1\xf2G\x9ansP\x06',b'DqN\x86K\x01[\xd0',48929,red
b'.\xf2s\xac$;V\x14',b'*\xa3BX\xbe\xbfR\xe6',53006,green
b'\x92\xf5@\xe2\x14\xe5V/',b'*\xa3BX\xbe\xbfR\xe6',53656,green
b'\xb8=+-l\x17U\x1b',b'*\xa3BX\xbe\xbfR\xe6',53428,red
b'\x93\xe1\xab\xc9\x08\x1e[\xb1',b'*\xa3BX\xbe\xbfR\xe6',49673,red
"b'\x9a\xe6""\xc1\xb5HX\xd7'",b'*\xa3BX\xbe\xbfR\xe6',53279,red
b'F(\xec\\\xc3=^\xc9',b'*\xa3BX\xbe\xbfR\xe6',49591,red
b'>i\xc5\xa5A\xefQ\x06',b'*\xa3BX\xbe\xbfR\xe6',52907,red
b'\xf4\xd2zu\xe6PZZ',b'*\xa3BX\xbe\xbfR\xe6',49674,red
b'\xf3\xd8\xeb77\tTQ',b'*\xa3BX\xbe\xbfR\xe6',48930,red
b'_\xdf\x92\xd4:KZ\x91',b'*\xa3BX\xbe\xbfR\xe6',48438,red
b'\xbax\xb1\x0b\x10hX\xf6',b'*\xa3BX\xbe\xbfR\xe6',48929,red
b')\xde~\xc0\xc8\xd9V\x8b',b'\xf6\x8f\x8b\xb34\x03SM',53006,green
b'\xc7FPu\x8aw^Z',b'\xf6\x8f\x8b\xb34\x03SM',53656,green
b'\x9fVa\x03\x00SY\xee',b'\xf6\x8f\x8b\xb34\x03SM',53428,red
b'\x8c\xa6\xf6\xd1\x93\xb7P\xd8',b'\xf6\x8f\x8b\xb34\x03SM',49673,red
b'\xde\xa6A\x03a7]\xa6',b'\xf6\x8f\x8b\xb34\x03SM',53279,red
b'#\xe6\x0b2\xb0\xec[\x1f',b'\xf6\x8f\x8b\xb34\x03SM',49591,red
b'\xbe\xb7\xcb\xf2|w\\\xd1',b'\xf6\x8f\x8b\xb34\x03SM',52907,red
b'\xdbe%=\xabs_u',b'\xf6\x8f\x8b\xb34\x03SM',49674,red
b'E\xac0\x17\x14+U\xcd',b'\xf6\x8f\x8b\xb34\x03SM',48930,red
b'\xb0\x1e\t\xf5|\xd5X\xfa',b'\xf6\x8f\x8b\xb34\x03SM',48438,red
b'\rU\xca\x0c\x81\x1bR\xd6',b'\xf6\x8f\x8b\xb34\x03SM',48929,red
b'k\xc1w\xe6\xb1\x81Yw',b'\xea\x1c=\x12\xca\xc8UC',53428,red
b'\x05\xa4e\xd9\xbb\x1bX\x7f',b'\xea\x1c=\x12\xca\xc8UC',49673,red
b'\x05E\xe0\xfd\xa3\x19\\L',b'\xea\x1c=\x12\xca\xc8UC',53279,red
b'\x1b\xd4\xa8\x94P\xb4P}',b'\xea\x1c=\x12\xca\xc8UC',49591,red
b'8<{\x8c\xad.T#',b'\xea\x1c=\x12\xca\xc8UC',52907,red
b'\x9a\x1d&g\xe4\x97^\x84',b'\xea\x1c=\x12\xca\xc8UC',49674,red
b'k-Lp=\xdbV\x11',b'\xea\x1c=\x12\xca\xc8UC',48930,red
b'#i|[Is\\\x97',b'\xea\x1c=\x12\xca\xc8UC',48438,red
b'6#\xce\\\x18\xc8\\/',b'\xea\x1c=\x12\xca\xc8UC',48929,red
b'zb1\xf5\x80\xc0U\xf7',b'S\xfb\xc3\x06\xb60RV',53428,red
b'\x11\xa13\xa8\xb3\xbb^\xdb',b'S\xfb\xc3\x06\xb60RV',49673,red
b'\xc7hd\x02\x93\xdcT\x07',b'S\xfb\xc3\x06\xb60RV',53279,red
b'\xac\x05=f\xa3\xacS\x8c',b'S\xfb\xc3\x06\xb60RV',49591,red
b'FD\x87\xe6P\xd1T\x1b',b'S\xfb\xc3\x06\xb60RV',52907,red
b'p\xbe\xac)\x8e/V\xed',b'S\xfb\xc3\x06\xb60RV',49674,red
b'\xd7\xd1{\xde\x1f\xfcP\xe8',b'S\xfb\xc3\x06\xb60RV',48930,red
b'\xae\xfaY\xfad\x9dR\xc9',b'S\xfb\xc3\x06\xb60RV',48438,red
b'\xf3\xba[\x12L=Y3',b'S\xfb\xc3\x06\xb60RV',48929,red
b'\xdf\x85\xee\xf2S Q\xda',b'\xf6\xf2\x96\xa1\xad\xdaZ\x01',53428,red
b'\xac\xed\x105+\x9fY\x06',b'\xf6\xf2\x96\xa1\xad\xdaZ\x01',49673,red
b'\xec\xf4+-\x10<P\xda',b'\xf6\xf2\x96\xa1\xad\xdaZ\x01',53279,red
b'\xdb\xbb\xb0\xea\xd3\x8a\\J',b'\xf6\xf2\x96\xa1\xad\xdaZ\x01',49591,red
b'N\xe6\xac\xe8%\xd0W<',b'\xf6\xf2\x96\xa1\xad\xdaZ\x01',52907,red
b'\xe8\x8c\xe5\xbe\xca\xa8]\xf0',b'\xf6\xf2\x96\xa1\xad\xdaZ\x01',49674,red
b'\xd9\xaa\x9b\xd5\x99 T\t',b'\xf6\xf2\x96\xa1\xad\xdaZ\x01',48930,red
b'\xf8\xd8\xe3.\x0b\xe5U\x8d',b'\xf6\xf2\x96\xa1\xad\xdaZ\x01',48438,red
b'\xda\xa7\x9b\xe3\x8d\xc2Po',b'\xf6\xf2\x96\xa1\xad\xdaZ\x01',48929,red
"b""\x13\x1e{p'PTq""","b""\xc9\x92'\xf6U\xd7W\x81""",53428,red
b'\x9e\xc9j}\x93eTP',"b""\xc9\x92'\xf6U\xd7W\x81""",49673,red
b'5N\x9c{\xa1\xb3XI',"b""\xc9\x92'\xf6U\xd7W\x81""",53279,red
"b""\xf5\x83\x92T8EX'""","b""\xc9\x92'\xf6U\xd7W\x81""",49591,red
b'\x8a H?\x94VP\xc1',"b""\xc9\x92'\xf6U\xd7W\x81""",52907,red
b'.-l$&\xdcR\xfd',"b""\xc9\x92'\xf6U\xd7W\x81""",49674,red
b'n\x88\x11E\xfd\x87_\xb0',"b""\xc9\x92'\xf6U\xd7W\x81""",48930,red
"b""||'\x17\x80\xa0P\xd5""","b""\xc9\x92'\xf6U\xd7W\x81""",48438,red
b'.\xa2\xc8\xa0\r\x16W\x8a',"b""\xc9\x92'\xf6U\xd7W\x81""",48929,red
b'\xa9a\xb6\xc1%/Zy',b'\x98/\x00\x19t9X\xda',53428,red
b'\xa8\xf6\xb0\xe4\xccHRt',b'\x98/\x00\x19t9X\xda',49673,red
b'm\xa0\x83\xe7\x02\x93\\\xdd',b'\x98/\x00\x19t9X\xda',53279,red
b')\xd8\x88B~\xff^\xcf',b'\x98/\x00\x19t9X\xda',49591,red
b'!q\xf2\x80\xb7\tW\xdc',b'\x98/\x00\x19t9X\xda',52907,red
b'\xe5\x93\xf4\x048\xe7QV',b'\x98/\x00\x19t9X\xda',49674,red
b'\x82wj\x99:\x0eUr',b'\x98/\x00\x19t9X\xda',48930,red
b'<P\x9d\xabp?S\xc8',b'\x98/\x00\x19t9X\xda',48438,red
b'\xfdt:U\x10\xb5_\xb9',b'\x98/\x00\x19t9X\xda',48929,red
"b""xj'rl\xb8P\xc1""",b'\x10\xd4\x89\xc3!j_\xad',53428,red
b'\x8d\x18@\x19\x91\x98\\\xb5',b'\x10\xd4\x89\xc3!j_\xad',49673,red
"b""f'1\xa1:\x15]\x8e""",b'\x10\xd4\x89\xc3!j_\xad',53279,red
b'\xce#U\xb3\xb43Tz',b'\x10\xd4\x89\xc3!j_\xad',49591,red
b'8EQ\xecotS\xfb',b'\x10\xd4\x89\xc3!j_\xad',52907,red
b'\x88|\xc0\xf32\xf5R\x9f',b'\x10\xd4\x89\xc3!j_\xad',49674,red
b'v\xad\xcf\x04\xcdj\\`',b'\x10\xd4\x89\xc3!j_\xad',48930,red
b'\xc9L\x12\xactAT*',b'\x10\xd4\x89\xc3!j_\xad',48438,red
b'\xbeP$f\xd0\xcfVs',b'\x10\xd4\x89\xc3!j_\xad',48929,red
b'\xdd^?\xba\xad\x89R\xa1',b'\x9e\xf9k\xba\xe8\xf9T\x16',53428,red
b'@\xee\xcc\x8f|\x19Z\xf5',b'\x9e\xf9k\xba\xe8\xf9T\x16',49673,red
b'j\x9az\x00gk[b',b'\x9e\xf9k\xba\xe8\xf9T\x16',53279,red
b'8\xab>\xc7\xd44Y\xad',b'\x9e\xf9k\xba\xe8\xf9T\x16',49591,red
b's\x97\xba\xba\xf1\t_l',b'\x9e\xf9k\xba\xe8\xf9T\x16',52907,red
b'l\xce)U\xac\x91^\xb9',b'\x9e\xf9k\xba\xe8\xf9T\x16',49674,red
b']\x08F\xe1\x87i[K',b'\x9e\xf9k\xba\xe8\xf9T\x16',48930,red
b'wS\xc8\xc6\xd6\x98Q\xbb',b'\x9e\xf9k\xba\xe8\xf9T\x16',48438,red
b'\x8e\xbf\xfdL\xc9mR\xfc',b'\x9e\xf9k\xba\xe8\xf9T\x16',48929,red
b't\xd1\xf0\xdb)`_\xbf',b' \xd0CC\x0b\x15^\xc1',53428,red
b'\xcc?\xd4\xed2\xaaT\xb5',b' \xd0CC\x0b\x15^\xc1',49673,red
b'#\xd6Z\x1b\x0f\x9eV3',b' \xd0CC\x0b\x15^\xc1',53279,red
b'q`x\xcb\xf8\xc6W\x8c',b' \xd0CC\x0b\x15^\xc1',49591,red
b'J\xef\x16z\xe4\xb1\\4',b' \xd0CC\x0b\x15^\xc1',52907,red
b'\xd0\xca\tlM~Pz',b' \xd0CC\x0b\x15^\xc1',49674,red
b']\xe8\xed0\xba\x17R\xf2',b' \xd0CC\x0b\x15^\xc1',48930,red
b'\xe3\x8bbjaEZ\xc4',b' \xd0CC\x0b\x15^\xc1',48438,red
b':\x9c\x9d\xd9[\x88Q\xe4',b' \xd0CC\x0b\x15^\xc1',48929,red
"b""\xe5\xd2B['cU\xf5""",b'P\xb9\xf6\xca\x97\xcb_K',53428,red
b'\\\x96\xb1\xa3\x16Y\\>',b'P\xb9\xf6\xca\x97\xcb_K',49673,red
b'u\x90\xfb#\xb6\x06R\x06',b'P\xb9\xf6\xca\x97\xcb_K',53279,red
b'\xc3\x18\xf6\xc5\xabRU\xd9',b'P\xb9\xf6\xca\x97\xcb_K',49591,red
b'\x0f\xeb1h\x9a\x02Y\xec',b'P\xb9\xf6\xca\x97\xcb_K',52907,red
b'/\xe5\x00\x80$\x10W\xff',b'P\xb9\xf6\xca\x97\xcb_K',49674,red
b'\xc6L\r\x9e\xccwZu',b'P\xb9\xf6\xca\x97\xcb_K',48930,red
b'A<E\x1fJ\x80\\i',b'P\xb9\xf6\xca\x97\xcb_K',48438,red
b'\xb7\xba\x01\xba\x97lQ-',b'P\xb9\xf6\xca\x97\xcb_K',48929,red
b'\x17P\x94\x06\xc7\xc3Y\x86',b'kc\x9c\xfc\x03\x9f]\xfe',53428,red
b'\xe5\x1c\xe8C\x17\x0eQo',b'kc\x9c\xfc\x03\x9f]\xfe',49673,red
b'yO\xce\xcd\xedvS\x7f',b'kc\x9c\xfc\x03\x9f]\xfe',49591,red
b'\t\x84F\x80^\x0fR\xdf',b'kc\x9c\xfc\x03\x9f]\xfe',52907,red
b'\x8a\xff\xf4\xa5\x90\xf2\\\\',b'kc\x9c\xfc\x03\x9f]\xfe',49674,red
b'\xa5g\xdb\xba\xcer[w',b'kc\x9c\xfc\x03\x9f]\xfe',48930,red
b'\x91\xe9Im\x97F[W',b'kc\x9c\xfc\x03\x9f]\xfe',48929,red
"b""'\x84p\x1bk\xb1Y\xf7""",b'kc\x9c\xfc\x03\x9f]\xfe',53279,red
b'\x85\x95/B\xdc\xd6Q\xed',b'kc\x9c\xfc\x03\x9f]\xfe',48438,red
b'f\xf9\x0c\xb2\xaf\x02TC',b'\xaed\xd6\x92\x88\xfcT\xcd',53428,red
b'\xa4+ntE\x1bSo',b'\xaed\xd6\x92\x88\xfcT\xcd',49673,red
b'n\xdf\xb9\x021\xb3\\\xe7',b'\xaed\xd6\x92\x88\xfcT\xcd',49591,red
b'\xc3V@\xcb\xc4\xd1R\xb1',b'\xaed\xd6\x92\x88\xfcT\xcd',52907,red
b'p\x0caS1>\\!',b'\xaed\xd6\x92\x88\xfcT\xcd',49674,red
b'\x91\xf4\x0b\x9c\xb4FR4',b'\xaed\xd6\x92\x88\xfcT\xcd',48930,red
b'R`]\x1c\xbf_X\x99',b'\xaed\xd6\x92\x88\xfcT\xcd',48929,red
b'=\xf4\x04\xb5\xd2m^\xb7',b'\xaed\xd6\x92\x88\xfcT\xcd',53279,red
b'\xba\xf8\xf4U\x0e._!',b'\xaed\xd6\x92\x88\xfcT\xcd',48438,red
"b'W\xa0\t,\x80\xe5_\xa5'",b'A\xc8=D\xe0\xa1P\x1a',53428,red
"b'Pv\x1e""\x02\xd2^\xde'",b'A\xc8=D\xe0\xa1P\x1a',49673,red
b'\x893XD\xdag]\xf6',b'A\xc8=D\xe0\xa1P\x1a',49591,red
b'#\x7f\xcf\xda\x06\xc3_)',b'A\xc8=D\xe0\xa1P\x1a',52907,red
b'sb\x96n<\xdaXa',b'A\xc8=D\xe0\xa1P\x1a',49674,red
b'\xb0\x1f\xe5\xcb\x15$Q\x83',b'A\xc8=D\xe0\xa1P\x1a',48930,red
b'\xf2\xc6\xe6;\xc5\xafVa',b'A\xc8=D\xe0\xa1P\x1a',48929,red
b'\xc3\x1dv\xd3\xa5\xebS@',b'A\xc8=D\xe0\xa1P\x1a',53279,red
b'K\xaa\xea\n7BP2',b'A\xc8=D\xe0\xa1P\x1a',48438,red
b'~\x8c\xc7`T\xa8^\xf2',b'\xa6\x9be\xc6~\x99_\x03',53428,red
b'\x1f\xe0*\x05\xbcf]\x80',b'\xa6\x9be\xc6~\x99_\x03',49673,red
b'\x10\xc4\xa3\xfa4p_\x8d',b'\xa6\x9be\xc6~\x99_\x03',49591,red
b'y\xc1\xdd\xfd\x0f\x9fV\xb9',b'\xa6\x9be\xc6~\x99_\x03',52907,red
b'\x97\x99j{\xec\xa1\\\x0c',b'\xa6\x9be\xc6~\x99_\x03',49674,red
b'\x92\xdc\xad>aHU\xef',b'\xa6\x9be\xc6~\x99_\x03',48930,red
b'o\xbe\x12\x02H#YH',b'\xa6\x9be\xc6~\x99_\x03',48929,red
b'\xb3O\xc9\x8eB\x93Rd',b'\xa6\x9be\xc6~\x99_\x03',53279,red
b'\xff\x10x\x03\x9a\xc2\\}',b'\xa6\x9be\xc6~\x99_\x03',48438,red
b'\x83\xa1^\xff\xba\xfdR\x1d',b'5\x1ca\x91\n\x0c[\x7f',53428,red
b'\x182\xb6%\xf2\x1dUL',b'5\x1ca\x91\n\x0c[\x7f',49673,red
b'\xf0Sx\xb7\x9e\x9c\\/',b'5\x1ca\x91\n\x0c[\x7f',49591,red
b'9\xb8e\xe1\xf3z^7',b'5\x1ca\x91\n\x0c[\x7f',52907,red
b')\xb3n>\x87|V\xea',b'5\x1ca\x91\n\x0c[\x7f',49674,red
b'\xad\x11\x92\x17\x1b^T\xe3',b'5\x1ca\x91\n\x0c[\x7f',48930,red
b'\xae1\xf5}\xa8\x9b^\xbb',b'5\x1ca\x91\n\x0c[\x7f',48929,red
b'q\xb3\xc8u\xaah]\t',b'5\x1ca\x91\n\x0c[\x7f',53279,red
"b'\xffp""\n\xbb2Xa'",b'5\x1ca\x91\n\x0c[\x7f',48438,red
b'\xeb\x8c\xf6\xf0h\xf7VW',b'\xd9\x81\x11\xd0S.^\xae',53428,red
b'\xd4\x9b&/\x8a\xb9^\xb2',b'\xd9\x81\x11\xd0S.^\xae',49673,red
b'[\xf8N\x02\xac\xefTo',b'\xd9\x81\x11\xd0S.^\xae',49591,red
b'\xc2h\x11\xf9\xa0\x81V\xbb',b'\xd9\x81\x11\xd0S.^\xae',52907,red
b'U\xeb\xcc\xb1\xe62]i',b'\xd9\x81\x11\xd0S.^\xae',49674,red
b'\xf3_\xa3\x99\xca\x19Wm',b'\xd9\x81\x11\xd0S.^\xae',48930,red
b'\x91\xd9IxV\xbaU\xd1',b'\xd9\x81\x11\xd0S.^\xae',48929,red
b'\xe7\xde\xd4c\x95\xd5V\x0e',b'\xd9\x81\x11\xd0S.^\xae',53279,red
b'\x83\xb8l\xd6\xe8(R\x7f',b'\xd9\x81\x11\xd0S.^\xae',48438,red
b'9\xc9\x9d\x04I\rZ4',b'Bd\xa6\xb86zY\xa0',53428,red
b'yF\x8b9\xf0\x93X\xce',b'Bd\xa6\xb86zY\xa0',49673,red
b'u1l\xe5\xf2\xc9^\xe3',b'Bd\xa6\xb86zY\xa0',49591,red
"b'\xd4&\xf1R""\x1dW\xe0'",b'Bd\xa6\xb86zY\xa0',52907,red
b'\xf0\x839\xf6\x99\x1fV\xf4',b'Bd\xa6\xb86zY\xa0',49674,red
b'$\x17\x8c\xf0\xd78]\xea',b'Bd\xa6\xb86zY\xa0',48930,red
"b'Z6\xb3\x80\x7f\xceV,'",b'Bd\xa6\xb86zY\xa0',48929,red
b'=x\xf5\xf4x\x07YR',b'Bd\xa6\xb86zY\xa0',53279,red
b'\x9dM\xaceeGTr',b'Bd\xa6\xb86zY\xa0',48438,red
b'\x8b{\xdf\x82 \x8dT[',b'\xdb\xaaP\x12\x15\xb5Y\xb1',53428,red
b'\x84\x98\xff\x9b\x9e(V\xa7',b'\xdb\xaaP\x12\x15\xb5Y\xb1',49673,red
b'\x95=\xc0Tl\xf2T\x94',b'\xdb\xaaP\x12\x15\xb5Y\xb1',49591,red
b'?\x13L8\x9d\xcfQ;',b'\xdb\xaaP\x12\x15\xb5Y\xb1',52907,red
b'Gr\x1f{\xc1\xcdXK',b'\xdb\xaaP\x12\x15\xb5Y\xb1',49674,red
b'\x1d\x07\x8c:T\x1cZ6',b'\xdb\xaaP\x12\x15\xb5Y\xb1',48930,red
b'\xbb4US\xf2\x1cXy',b'\xdb\xaaP\x12\x15\xb5Y\xb1',48929,red
b'J\xabm\x84\x8c%_\x06',b'\xdb\xaaP\x12\x15\xb5Y\xb1',53279,red
"b""'\xe22]K\xfd[\x84""",b'\xdb\xaaP\x12\x15\xb5Y\xb1',48438,red
b'\xe4\x1f26VEZv',b'k&\x16EH\xcbR1',53428,red
b'\xe4\x08\xe5/\x08\x9aQx',b'k&\x16EH\xcbR1',49673,red
b'!\x96\xb5;E\xf2\\\xe8',b'k&\x16EH\xcbR1',49591,red
b'\xd9\xb7\t4\x84oY\xc2',b'k&\x16EH\xcbR1',52907,red
b'9\xe1\x95\x9b:yQ\x80',b'k&\x16EH\xcbR1',49674,red
b'%\xcc\xf4\x01\x0c\xabSm',b'k&\x16EH\xcbR1',48930,red
b'\xcd\x93\x16n\xc0\xf5S\xca',b'k&\x16EH\xcbR1',48929,red
b'\xfb\x8c]\x0e\xb7[Ve',b'k&\x16EH\xcbR1',53279,red
b'B\x92<\x88\x9f\x96^~',b'k&\x16EH\xcbR1',48438,red
b'sa\x86wr\x8cW\xa9',b'\xb6W\xb5\x16#DUE',53428,red
b'\xa2{iB*\x19[\x81',b'\xb6W\xb5\x16#DUE',49673,red
b'kC\xd2Q4\xbe^D',b'\xb6W\xb5\x16#DUE',49591,red
b'D0j\xa9\x8d\x90YW',b'\xb6W\xb5\x16#DUE',52907,red
b'Vh~V\xe4\xacWm',b'\xb6W\xb5\x16#DUE',49674,red
b'){as&fT\xa4',b'\xb6W\xb5\x16#DUE',48930,red
b'\xed\x9e\x8c\x1cv\x9fU\xfb',b'\xb6W\xb5\x16#DUE',48929,red
b'P\x8e\xda\xff\xb3\x8dY\xd1',b'\xb6W\xb5\x16#DUE',53279,red
b'.\xdck!\x1b\x94\\p',b'\xb6W\xb5\x16#DUE',48438,red
b'\xe4\x01Rx\xeeAPw',b'\xac\xbf|\xbd\x04\x10T\x9c',53428,red
b'\xab\xc4\xc8\xa7\xd9@Q\x87',b'\xac\xbf|\xbd\x04\x10T\x9c',49673,red
b'o\xc1{m\xff\x10ZJ',b'\xac\xbf|\xbd\x04\x10T\x9c',49591,red
b'\xd9=&\xfb^\x1d^\xe8',b'\xac\xbf|\xbd\x04\x10T\x9c',52907,red
b'U[\xb56\x86gY?',b'\xac\xbf|\xbd\x04\x10T\x9c',49674,red
b'\xf7qrO\xe9cXW',b'\xac\xbf|\xbd\x04\x10T\x9c',48930,red
b'\xee@\xbc\xb2\xdb\x9cQ\xc1',b'\xac\xbf|\xbd\x04\x10T\x9c',48929,red
b'ZCo|\xd5]Zy',b'\xac\xbf|\xbd\x04\x10T\x9c',53279,red
b'<\xd1\xc9\xc3\xf9\x8fVM',b'\xac\xbf|\xbd\x04\x10T\x9c',48438,red
b'\x86\x05\x07=P\xb3W\x19',"b""\x05<\x03'z\x9aR\xfb""",53428,red
b'\x8e\x0b\x19\xc4\x89\xc0Q\x85',"b""\x05<\x03'z\x9aR\xfb""",49673,red
b'x\xfd\n\x95\xe0\xbcXI',"b""\x05<\x03'z\x9aR\xfb""",53279,red
b'\xc2u\xe8\x9a\xd1IPr',"b""\x05<\x03'z\x9aR\xfb""",49591,red
b'+\t\xbc\x13|eY\x83',"b""\x05<\x03'z\x9aR\xfb""",52907,red
b'\xc129?\x84\x94T\x06',"b""\x05<\x03'z\x9aR\xfb""",49674,red
b'J\xd1\x9b\x16&\x8dZ\x8e',"b""\x05<\x03'z\x9aR\xfb""",48930,red
"b',\x86\x1f\xfdF3Um'","b""\x05<\x03'z\x9aR\xfb""",48438,red
b'n\x1b\xd6UqSS\xcd',"b""\x05<\x03'z\x9aR\xfb""",48929,red
b'\xa7\xb1\xc3\xc3L\xbcX(',b'\xa6T_n\xd0\xa0U|',53428,red
b'\x00y\xec\xde+\xb9W\xf5',b'\xa6T_n\xd0\xa0U|',49673,red
b'$\xe7\xdd\xc8~\xc1TR',b'\xa6T_n\xd0\xa0U|',53279,red
b'\xf7\x9dc3\xacu[q',b'\xa6T_n\xd0\xa0U|',49591,red
b'\xab\x83\x04\x14\x0b\x86X\xf3',b'\xa6T_n\xd0\xa0U|',52907,red
b'\xb3\xf9y;\xa6G]\x14',b'\xa6T_n\xd0\xa0U|',49674,red
"b'\xf1z\x89dd""U\xd9'",b'\xa6T_n\xd0\xa0U|',48930,red
b'\x88\xc8\xeekm\xf1WH',b'\xa6T_n\xd0\xa0U|',48438,red
b'\xab\x7f\xf05\xd4\x15R\x06',b'\xa6T_n\xd0\xa0U|',48929,red
b'\x9e\xe0\xef\x1c\xec\x7f[\xb6',b'\x0fR\xfc!\xf4\x9cQ;',53428,red
b'\xb8\x1a\xa1r\xcc\x00X3',b'\x0fR\xfc!\xf4\x9cQ;',49673,red
b'\x0e\xdd\x96\xbd\x03\x91Z@',b'\x0fR\xfc!\xf4\x9cQ;',53279,red
"b""\x17\xdb8\xa2\xb8'P\xf0""",b'\x0fR\xfc!\xf4\x9cQ;',49591,red
b'iI\xed\xf1\xc4*\\\xdb',b'\x0fR\xfc!\xf4\x9cQ;',52907,red
b'\x89\xa5\x85\xdas!^G',b'\x0fR\xfc!\xf4\x9cQ;',49674,red
"b'\xf8\x82""\x0f;0W\x12'",b'\x0fR\xfc!\xf4\x9cQ;',48930,red
b'Y\xd2-_$\xb5]v',b'\x0fR\xfc!\xf4\x9cQ;',48438,red
b'\xb4\x10:\xe1_\x1b_j',b'\x0fR\xfc!\xf4\x9cQ;',48929,red
b'\x18\x01\xdc`$\xa9W\x07',b'.\xbb\xe5\x8fR\x92^M',53428,red
b'\xc5\xae\x9f\xd0\xcbYW\x08',b'.\xbb\xe5\x8fR\x92^M',49673,red
"b""\xc0\x8by\xac!\x14_'""",b'.\xbb\xe5\x8fR\x92^M',53279,red
b'\xd4\xca\x99\xb9\xf8\xf6P\xf8',b'.\xbb\xe5\x8fR\x92^M',49591,red
b'\xaes\x16Ef6R\x94',b'.\xbb\xe5\x8fR\x92^M',52907,red
b'\xbf+\xed\x0b\xe6 Sp',b'.\xbb\xe5\x8fR\x92^M',49674,red
b'\xe3\xbaa\xacn\x12RW',b'.\xbb\xe5\x8fR\x92^M',48930,red
b'\xf9\x02\xf6\x19\xf6\xf8ZW',b'.\xbb\xe5\x8fR\x92^M',48438,red
b'\x17\xa7\xd2lV\x94]\x84',b'.\xbb\xe5\x8fR\x92^M',48929,red
b'S\x06\x16\x17\x1ewR ',b'\xb1\xbaO\x81K\x83Z\xbb',53428,red
b'O\xce\x1c\xd7\x97\xea]\xf6',b'\xb1\xbaO\x81K\x83Z\xbb',49673,red
b'i\xbat\x9e\x8fp]\xea',b'\xb1\xbaO\x81K\x83Z\xbb',53279,red
"b'\xdf\xcd\xf4\x99""gTE'",b'\xb1\xbaO\x81K\x83Z\xbb',49591,red
b'\xac\xabZ\xee\xd3\xe9V\x1a',b'\xb1\xbaO\x81K\x83Z\xbb',52907,red
b'\xee\xd0\x93-\xfe\x9bV[',b'\xb1\xbaO\x81K\x83Z\xbb',49674,red
b'u\x02\x11\xb9cwZ\xd8',b'\xb1\xbaO\x81K\x83Z\xbb',48930,red
b'\xa8\xf8\x12\xe6\xb7\xaaZ\x1a',b'\xb1\xbaO\x81K\x83Z\xbb',48438,red
b'Ji\xb9\xed)\xc0X\xee',b'\xb1\xbaO\x81K\x83Z\xbb',48929,red
b'2\x00\x99_\xee$Z_',b't\x88\x01\x80\x86\x19W\x94',53428,red
b'\xa8\x968\xa9*eX\x02',b't\x88\x01\x80\x86\x19W\x94',49673,red
b'S\x11\xec\x98Y\xeaU=',b't\x88\x01\x80\x86\x19W\x94',53279,red
b'Z\x15\xf2\xc4\xb2fX\xcf',b't\x88\x01\x80\x86\x19W\x94',49591,red
b'\xc7\x8e\x91\x9a\xe4\x9aV\xb3',b't\x88\x01\x80\x86\x19W\x94',52907,red
b'\xf6\x19\x83\x00\xb3\xf0]h',b't\x88\x01\x80\x86\x19W\x94',49674,red
b'\x984`[\x19\x1eQN',b't\x88\x01\x80\x86\x19W\x94',48930,red
b'M\x19\xb6\x16~RV\x18',b't\x88\x01\x80\x86\x19W\x94',48438,red
b'\xff\x1fN\xa8\xce#Z\x0b',b't\x88\x01\x80\x86\x19W\x94',48929,red
"b'\xf7\x8c\x98\xd58""]\xf0'",b'\xba6\x8e\x98\xfd\x19Y\xdb',53428,red
b'\xda\xbf[\xb7rbSj',b'\xba6\x8e\x98\xfd\x19Y\xdb',49673,red
b'\xb1\xf7\xaa\xa5\xa2\x95U\xcb',b'\xba6\x8e\x98\xfd\x19Y\xdb',53279,red
b'?\x08\xc4\xe2m\x1aUr',b'\xba6\x8e\x98\xfd\x19Y\xdb',49591,red
b'\x94\x00T\xfe\xf6\xc7T\x07',b'\xba6\x8e\x98\xfd\x19Y\xdb',52907,red
b'\xe3\x14\xb0\xe1\x8c#U ',b'\xba6\x8e\x98\xfd\x19Y\xdb',49674,red
b'\x17\xa0\x06k}\xc2U\x00',b'\xba6\x8e\x98\xfd\x19Y\xdb',48930,red
b'<\xb6\x83\n\x9a_[@',b'\xba6\x8e\x98\xfd\x19Y\xdb',48438,red
b'7)~2$\xbe[C',b'\xba6\x8e\x98\xfd\x19Y\xdb',48929,red
b'\x056\x1c\x18\x93\xfdW\xa6',b'\xe6\xfa\x7f`m\xc0UV',53428,red
b'F\x9afa_RY\xc2',b'\xe6\xfa\x7f`m\xc0UV',49673,red
b'!%\x9d\xc8\x8b\x9dP\xf6',b'\xe6\xfa\x7f`m\xc0UV',53279,red
b'sb\x11\xcb;\xf6^0',b'\xe6\xfa\x7f`m\xc0UV',49591,red
b'\x0c\x130\xd15\xc3^\xdc',b'\xe6\xfa\x7f`m\xc0UV',52907,red
b'\x03I7\xf1\x95\x81W\x96',b'\xe6\xfa\x7f`m\xc0UV',49674,red
b'\x87\x8c\x18T\xa2kY\x14',b'\xe6\xfa\x7f`m\xc0UV',48930,red
b'$w\xb8\x0eF\xe2XN',b'\xe6\xfa\x7f`m\xc0UV',48438,red
b'9\xb0\xb5\xda\xfa\xc1S\x81',b'\xe6\xfa\x7f`m\xc0UV',48929,red
b'\t\t\xe95\xe3\xc7Z\xe1',b'\x02K\xbb\xf4\x91\x12^_',53428,red
"b""\xedn'&\t\xd5\\\x80""",b'\x02K\xbb\xf4\x91\x12^_',49673,red
b')\xf7\xe1%\xcckT\xbd',b'\x02K\xbb\xf4\x91\x12^_',53279,red
b'\xcc4\xf5\xdb\\\x80T\xb0',b'\x02K\xbb\xf4\x91\x12^_',49591,red
b'9d\x1a\xa1\xd7\x85Y;',b'\x02K\xbb\xf4\x91\x12^_',52907,red
b'\xa8U+G\xf4\x12Vm',b'\x02K\xbb\xf4\x91\x12^_',49674,red
b'\xc3\x02\xd8y%\x85R8',b'\x02K\xbb\xf4\x91\x12^_',48930,red
b'+P%\xae\x8f\x02^1',b'\x02K\xbb\xf4\x91\x12^_',48438,red
b'\x8dJWh\x0bQ\\\x00',b'\x02K\xbb\xf4\x91\x12^_',48929,red
b'B\xd4\xba\xee\x8be^~',b'\x18\xf4e.nBV\x15',53428,red
b'\x18\xb5\x8a\xe2|\xabR\xb5',b'\x18\xf4e.nBV\x15',49673,red
b'\xdcV\xad\n\xbc(Y\xfb',b'\x18\xf4e.nBV\x15',53279,red
b'E{c\x83\x8d\xb7Y\xba',b'\x18\xf4e.nBV\x15',49591,red
b'\x82\x993h`\x8f^\x87',b'\x18\xf4e.nBV\x15',52907,red
"b'\xb6H,\xbe\xe3GP2'",b'\x18\xf4e.nBV\x15',49674,red
b'B;+\x9a;\x80YI',b'\x18\xf4e.nBV\x15',48930,red
b'z\xf7\xaf\x8a\xb2:U\xb3',b'\x18\xf4e.nBV\x15',48438,red
b'\xbe\xc5\xc3\xa1\x02\x92Q\x1b',b'\x18\xf4e.nBV\x15',48929,red
b'\xfe\x00)\xf8\xd7\x0fW\x93',b't\xb5\xd4O\x08\n[\x81',53428,red
b'_\xd6\xf6vSPZ.',b't\xb5\xd4O\x08\n[\x81',49673,red
b'C7\xaa\xfd\xbc\xc2^\x18',b't\xb5\xd4O\x08\n[\x81',53279,red
b'\xd6\xbf\x10\x89VGT#',b't\xb5\xd4O\x08\n[\x81',49591,red
b'\xdbx\x91aP\xba^o',b't\xb5\xd4O\x08\n[\x81',52907,red
b'u0\x838\xd9\xe4Y\x1d',b't\xb5\xd4O\x08\n[\x81',49674,red
b'\xb7z\xe9auKY\xa2',b't\xb5\xd4O\x08\n[\x81',48930,red
b'\x82\xc9}\x1d\n\x90]\x89',b't\xb5\xd4O\x08\n[\x81',48438,red
b']\xce\x98@A\x03U\xec',b't\xb5\xd4O\x08\n[\x81',48929,red
b'\xd9\xaa\x91\xd4N0Z\x07',b';\xbe\xe3\xb3\x19\xf3Wb',53428,red
b'^{P\xf0\xc7MS\x18',b';\xbe\xe3\xb3\x19\xf3Wb',49673,red
b'`h\x95\xee\x9c\xffZ\xe6',b';\xbe\xe3\xb3\x19\xf3Wb',53279,red
b'Ngh\x9b\xb5^]\x0b',b';\xbe\xe3\xb3\x19\xf3Wb',49591,red
b'\xb5\x84\x8b1 \xb5U;',b';\xbe\xe3\xb3\x19\xf3Wb',52907,red
b't\xe5`\x94\xf8\x08_\xe8',b';\xbe\xe3\xb3\x19\xf3Wb',49674,red
"b'\x0c\x0f\xc9\xa4\xc9""Vp'",b';\xbe\xe3\xb3\x19\xf3Wb',48930,red
b'd\x10\xf6`\x05\n^\xed',b';\xbe\xe3\xb3\x19\xf3Wb',48438,red
b'\x81e\xdd\xd8P\xf4Q\xef',b';\xbe\xe3\xb3\x19\xf3Wb',48929,red
b'\x9f\xc1#\xa1DtYu',b'\nQ\xc0\x96w\xa8Wv',53428,red
b'U=|\x115\x92^u',b'\nQ\xc0\x96w\xa8Wv',49673,red
b'\x95\xf7;\xfb\xd2\xc3Yb',b'\nQ\xc0\x96w\xa8Wv',53279,red
b'w2J+\xe1\xac_2',b'\nQ\xc0\x96w\xa8Wv',49591,red
b'JH\xf0\xea\x84\x82P\xa0',b'\nQ\xc0\x96w\xa8Wv',52907,red
b'%|\xbb}\x0e\xfe[\xa1',b'\nQ\xc0\x96w\xa8Wv',49674,red
b'\x01>K\xe3\xc9\xb2_\x0e',b'\nQ\xc0\x96w\xa8Wv',48930,red
b'\xaaf\x0b\x91\xc5jX\xbe',b'\nQ\xc0\x96w\xa8Wv',48438,red
b'\xd0\xce*\xdd\xc3\x9dX}',b'\nQ\xc0\x96w\xa8Wv',48929,red
b'\xe4\xfc\x13S\xc6F]b',b'+\x17\xab\xdd\xf51V\xba',53428,red
b'\xb3\xb7\xde>@OV\xf6',b'+\x17\xab\xdd\xf51V\xba',49673,red
b')\xebF\x87\x04\xf0P\xb0',b'+\x17\xab\xdd\xf51V\xba',53279,red
b'\xeb\x8azR\xa1\x9a]#',b'+\x17\xab\xdd\xf51V\xba',49591,red
b'kn\xe8\x8b\x8b\xf2S$',b'+\x17\xab\xdd\xf51V\xba',52907,red
b'\xce\xb5y\x08\x85\x0bY\xcd',b'+\x17\xab\xdd\xf51V\xba',49674,red
b'\xe5\xee\x8b\xfa\x9eKY\xbf',b'+\x17\xab\xdd\xf51V\xba',48930,red
b'\xb8\x86_\xe9\x1beS\x9f',b'+\x17\xab\xdd\xf51V\xba',48438,red
b'\xce|\x82\xcc\xb2\xc7^\x9c',b'+\x17\xab\xdd\xf51V\xba',48929,red
b'\xdb\x05Vh\xac\xd8\\\xff',"b'w@,\x91q\xdeTa'",53428,red
b'\x02\xba\xba\xce\xfc\xb7Ry',"b'w@,\x91q\xdeTa'",49673,red
b'?\xbb\x8d\x13]\xb9U`',"b'w@,\x91q\xdeTa'",53279,red
b'\xab\xb5\n:>sR\n',"b'w@,\x91q\xdeTa'",49591,red
b'\xd4\xe0\x8c\x8d\x05\xd8_\x02',"b'w@,\x91q\xdeTa'",52907,red
b'\xf4\xc34\x89\xf7yRf',"b'w@,\x91q\xdeTa'",49674,red
b'\xbc\xed\xd8\xaf&~]|',"b'w@,\x91q\xdeTa'",48930,red
b'3\xe5\t\xe3\xe3wP\xb9',"b'w@,\x91q\xdeTa'",48438,red
b'\x96#\xf6\xc6\x1e)\\\xa7',"b'w@,\x91q\xdeTa'",48929,red
b'\xdap\xf7\x9f\xfddY\n',b'\x97\xe6\xaf\x1f\xb3\xc5W\x10',53428,red
b'1\x17U\x86fUTt',b'\x97\xe6\xaf\x1f\xb3\xc5W\x10',49673,red
b'l\xbf\xca\xde\xd6)_\x87',b'\x97\xe6\xaf\x1f\xb3\xc5W\x10',53279,red
b'qwT\x0e\xd0\x19[\x04',b'\x97\xe6\xaf\x1f\xb3\xc5W\x10',49591,red
b'\xa1\xdff\x92F\xfdR\xc5',b'\x97\xe6\xaf\x1f\xb3\xc5W\x10',52907,red
b'R\x98\x93\x932\x1bV0',b'\x97\xe6\xaf\x1f\xb3\xc5W\x10',49674,red
"b""\x06'5\x04m\x0cR\x0b""",b'\x97\xe6\xaf\x1f\xb3\xc5W\x10',48930,red
b'%A:\xd59\xff^\xb8',b'\x97\xe6\xaf\x1f\xb3\xc5W\x10',48438,red
b'c\x91\xe3\xee\x07g^X',b'\x97\xe6\xaf\x1f\xb3\xc5W\x10',48929,red
b'\x82\r0\x0eb\r[%',b'\xfc\xf6h\xfa\r\x7f[\xcd',53428,red
b'l\xac\x00FexW\x82',b'\xfc\xf6h\xfa\r\x7f[\xcd',49673,red
b'\x8c\x02lR\xf9]]!',b'\xfc\xf6h\xfa\r\x7f[\xcd',53279,red
b'\xde\xcf\x08\xb08\xa9S\xdc',b'\xfc\xf6h\xfa\r\x7f[\xcd',49591,red
b'\xc8\x8c:R\xd6\x90[\x07',b'\xfc\xf6h\xfa\r\x7f[\xcd',52907,red
b';\x87\xedd\xc8\xf8]\xd2',b'\xfc\xf6h\xfa\r\x7f[\xcd',49674,red
b'\x95\xe9u\xd6\x9e\xd1_\xe8',b'\xfc\xf6h\xfa\r\x7f[\xcd',48930,red
b'wi!\xc4 ;X\xe0',b'\xfc\xf6h\xfa\r\x7f[\xcd',48438,red
b'^\xd8\xa0u\xf2:Ql',b'\xfc\xf6h\xfa\r\x7f[\xcd',48929,red
b'U\x18\x1c<9\x87Z\x08',b'\x9f-\xe8\xc9(\xa8R\x9c',53428,red
b'\x8c\xb2*{\xee\xd6YN',b'\x9f-\xe8\xc9(\xa8R\x9c',49673,red
b'\xb5\x98\xc6G&0]\xf8',b'\x9f-\xe8\xc9(\xa8R\x9c',53279,red
b'.\x8e\xac.bbQU',b'\x9f-\xe8\xc9(\xa8R\x9c',49591,red
b'\xb1\x9e\xf8\x9f\xa3\x87_\xc5',b'\x9f-\xe8\xc9(\xa8R\x9c',52907,red
b'\xe6\x9e\xe0\xe8i\xfcUc',b'\x9f-\xe8\xc9(\xa8R\x9c',49674,red
b'\x87\xa2z\xf6#\xfb\\\xe2',b'\x9f-\xe8\xc9(\xa8R\x9c',48930,red
b'm\x98;\x07\xd2*^\xd8',b'\x9f-\xe8\xc9(\xa8R\x9c',48438,red
b'Q\xa1\xf8\x11Y+Y\xd2',b'\x9f-\xe8\xc9(\xa8R\x9c',48929,red
b'w\xcec~:4_C',b'\xa4\x98\x1c\x9aF]Y\xdc',53428,red
b'\x91\xc6\xc6\x8b\x83uYZ',b'\xa4\x98\x1c\x9aF]Y\xdc',49673,red
b'[\xecs\xfe\x8fDS\xbd',b'\xa4\x98\x1c\x9aF]Y\xdc',53279,red
b'\x95\xd2\xc8|\xf9)^~',b'\xa4\x98\x1c\x9aF]Y\xdc',49591,red
b'\xdauHI\x96\xefT\xfe',b'\xa4\x98\x1c\x9aF]Y\xdc',52907,red
b'\xf0\xeb\xbcR\xeaj^\xce',b'\xa4\x98\x1c\x9aF]Y\xdc',49674,red
b'\xd5D\x9d\xa9V\x13X\xfe',b'\xa4\x98\x1c\x9aF]Y\xdc',48930,red
b'\xf6\xc9\xfc\xad>b^N',b'\xa4\x98\x1c\x9aF]Y\xdc',48438,red
b'*\x02\xa840vT\x9f',b'\xa4\x98\x1c\x9aF]Y\xdc',48929,red
b'y*\xe6A\x9d\xdfX\x94',b'#f\xa8\x8f\x9d\xc7X\xde',53428,red
b'\xaal\xdf{\xce\xc4P\x04',b'#f\xa8\x8f\x9d\xc7X\xde',49673,red
b'\x83\xd3(\xac#\xc1[\x88',b'#f\xa8\x8f\x9d\xc7X\xde',53279,red
b'\x97W\xad8\x062_\xb1',b'#f\xa8\x8f\x9d\xc7X\xde',49591,red
b' h\x91\xbcI\xcaW\xc6',b'#f\xa8\x8f\x9d\xc7X\xde',52907,red
b'4\xbe}\xac rQJ',b'#f\xa8\x8f\x9d\xc7X\xde',49674,red
"b'""up\\\xbc\x86_\x9f'",b'#f\xa8\x8f\x9d\xc7X\xde',48930,red
b'\x8c\xba\xf6D\x8bbY\x11',b'#f\xa8\x8f\x9d\xc7X\xde',48438,red
b'\x03\x0b\xfa\x91\xee\xcePu',b'#f\xa8\x8f\x9d\xc7X\xde',48929,red
b'\xb5\xf3\xd5^\x05G^\xa4',b'\xdf\xcb\xf3BOw^N',53428,red
b' \x07Jd:xP&',b'\xdf\xcb\xf3BOw^N',49673,red
b'\xa9\x15\x95c\x1e\xe3^4',b'\xdf\xcb\xf3BOw^N',53279,red
b'%\xeb\xfbN\x8c\xe1]\xcb',b'\xdf\xcb\xf3BOw^N',49591,red
b'\x99/I\xfd\xcb\x93_\x1e',b'\xdf\xcb\xf3BOw^N',52907,red
b'\x8d\xee|\xc5\x0f\xe0T\x10',b'\xdf\xcb\xf3BOw^N',49674,red
b'\x1c\\\x1b\x06\xa8\xa8Y\x11',b'\xdf\xcb\xf3BOw^N',48930,red
"b""['\x18e\xa0\x8cU\xc8""",b'\xdf\xcb\xf3BOw^N',48438,red
b'\x0c\xe3t`\xdb\x19X\xfe',b'\xdf\xcb\xf3BOw^N',48929,red
b'N;\xad\x0fS\xb0VZ',"b""q\xecE\xfb\xcf\xa8Z'""",53428,red
b'\xb9\xcb\x9a\xa9\x8c\x80Qs',"b""q\xecE\xfb\xcf\xa8Z'""",49673,red
b'E\n\xfb\xf7\x8dkS\x1c',"b""q\xecE\xfb\xcf\xa8Z'""",53279,red
"b'\xe5\xdf[,\x95\x0c]R'","b""q\xecE\xfb\xcf\xa8Z'""",49591,red
b'o$}\x8b\xe2\xf5[\xef',"b""q\xecE\xfb\xcf\xa8Z'""",52907,red
b'\xd7A\x01\xa4[\xfdY\xdc',"b""q\xecE\xfb\xcf\xa8Z'""",49674,red
b'\x13W\xfc|\xd7\xdb^!',"b""q\xecE\xfb\xcf\xa8Z'""",48930,red
b'\xf5N\x82h\x8bWV[',"b""q\xecE\xfb\xcf\xa8Z'""",48438,red
b'ggE\x1e\x8cFV\xfa',"b""q\xecE\xfb\xcf\xa8Z'""",48929,red
b'\xeb\xd2F+Y:Z\xe9',b'[\x88\xdb>\xc4\xacWe',53428,red
b'\xcaU\\k\xf4\x8eXr',b'[\x88\xdb>\xc4\xacWe',49673,red
"b""\x86-\x19t\x85'U\x8f""",b'[\x88\xdb>\xc4\xacWe',53279,red
b'\x89j\xa9\x16\xae\xa6U#',b'[\x88\xdb>\xc4\xacWe',49591,red
b'g\xa9\xc2\x1e\xf2\xc6P\x93',b'[\x88\xdb>\xc4\xacWe',52907,red
b'X\x1c\xb5G\xdd\xf7\\\xe4',b'[\x88\xdb>\xc4\xacWe',49674,red
b'\nfu\xb5\xc9eY$',b'[\x88\xdb>\xc4\xacWe',48930,red
b'\xb2\xf4Nm\xc7\x08P\x19',b'[\x88\xdb>\xc4\xacWe',48438,red
b'\x89\xd8\xb5\x1fwa[o',b'[\x88\xdb>\xc4\xacWe',48929,red
b'NE~\xcaE\x83T\xf0',b'\xa0AO\xaat5R\\',53428,red
b'\x0f6\xef\xa9\xa7\x8dZ9',b'\xa0AO\xaat5R\\',49673,red
b'\xb6l\xcf\xe8\x9b4_\x80',b'\xa0AO\xaat5R\\',53279,red
b'\x00AWa\xf5\xd0R-',b'\xa0AO\xaat5R\\',49591,red
b'>\xe36\xadU\xc5T\xa5',b'\xa0AO\xaat5R\\',52907,red
b'`w\xcc\xa8P\xbfYB',b'\xa0AO\xaat5R\\',49674,red
b'\xec\x83\xd3\x107\xe4TJ',b'\xa0AO\xaat5R\\',48930,red
b'\xcf?.\x98\xf1\x8dY9',b'\xa0AO\xaat5R\\',48438,red
b'R\xa1pTG\xa2S\xde',b'\xa0AO\xaat5R\\',48929,red
b'S\xb3\xd5\xfe\xdcE]\xa1',b'$\xad\xd7E\x9c`\\\xb1',53428,red
b'\x0b\x88\xfd\xc2\x98\xba[R',b'$\xad\xd7E\x9c`\\\xb1',49673,red
b'\xb2\x80[\x98U\x91[\x93',b'$\xad\xd7E\x9c`\\\xb1',53279,red
"b"",u'\xeed\x11^\xa8""",b'$\xad\xd7E\x9c`\\\xb1',49591,red
b'#\xbdw\x9c\x82\x80^?',b'$\xad\xd7E\x9c`\\\xb1',52907,red
b'\xa5\xcf\xd2\xb1\x8e\x1aT0',b'$\xad\xd7E\x9c`\\\xb1',49674,red
b'\xcc\xf6\xa8s7\xf8S\xe5',b'$\xad\xd7E\x9c`\\\xb1',48930,red
b'\xfeXB\x1c]\xbcZ\xeb',b'$\xad\xd7E\x9c`\\\xb1',48438,red
"b'?\x8c+8""fX\xf1'",b'$\xad\xd7E\x9c`\\\xb1',48929,red
b'\xddt\xf6x\x91\xf4P\xaa',b'\xac+z\x82\xbc\x19S\x8a',53428,red
b'4\xcf\r\x93W\x80_\xa5',b'\xac+z\x82\xbc\x19S\x8a',49673,red
b'H\x95\xdd\xc3t%RD',b'\xac+z\x82\xbc\x19S\x8a',53279,red
b'\x8d\x8f\x00\xbd8\xccT]',b'\xac+z\x82\xbc\x19S\x8a',49591,red
b'\xfdLt\xb3(\xe9T\x03',b'\xac+z\x82\xbc\x19S\x8a',52907,red
b'\xb0?l\x18|\xda_\xde',b'\xac+z\x82\xbc\x19S\x8a',49674,red
b'\xb8\xe1B\xa5O\xb5Tu',b'\xac+z\x82\xbc\x19S\x8a',48930,red
b'\x9bq\xc4>\xea\xf9V?',b'\xac+z\x82\xbc\x19S\x8a',48438,red
b'\x02\xb5\xf1\xe0\xd9\xa0YK',b'\xac+z\x82\xbc\x19S\x8a',48929,red
b'\x13Bk\xf3\xcf@V\x13',b'w\x19\xe7\x16\x82SW\x83',53428,red
b'\xaa\xde\x02~5\x1aZ\xce',b'w\x19\xe7\x16\x82SW\x83',49673,red
b'\x14\xa0\xe4T#\x83[\xaa',b'w\x19\xe7\x16\x82SW\x83',53279,red
b'\x90\xea\xad\x06\xd4$^(',b'w\x19\xe7\x16\x82SW\x83',49591,red
"b']""\xbc\xc7\x8b\xf2SM'",b'w\x19\xe7\x16\x82SW\x83',52907,red
b'\x82R\\\x82x\xf0WI',b'w\x19\xe7\x16\x82SW\x83',49674,red
"b""\xc9nn \x96\xceS'""",b'w\x19\xe7\x16\x82SW\x83',48930,red
b'r\xbb\x02\xaa\xdc\x18T<',b'w\x19\xe7\x16\x82SW\x83',48438,red
b'c\r\xcc\xab\x06=P*',b'w\x19\xe7\x16\x82SW\x83',48929,red
b'Zw|\xcb\xa5\xabP\xcf',b'g%@eT\x8eZU',53428,red
b'*B\x01 \x8ctS\x99',b'g%@eT\x8eZU',49673,red
b'\x85\xdc\x8ek\xc6\xc1Y\x97',b'g%@eT\x8eZU',53279,red
b'\x96u\x92YO\xfaS\xd4',b'g%@eT\x8eZU',49591,red
b'\xde\x06\x9a\xfaq\tQ\x89',b'g%@eT\x8eZU',52907,red
"b'\x88)>\xd8\xab?S""'",b'g%@eT\x8eZU',49674,red
b'\x81~\xdf}AU\\/',b'g%@eT\x8eZU',48930,red
b'\xf5c\xdc\x95\x90\xfeW\xb4',b'g%@eT\x8eZU',48438,red
b'\xd1\xec\xd7\\O\xde^\x1e',b'g%@eT\x8eZU',48929,red
b'\x07l\x0c&\x1c\x86U\x17',b'o\x7f@z\x0f\xd6T\x91',53428,red
b'\xb2\xef\x01d=\rS\xa0',b'o\x7f@z\x0f\xd6T\x91',49673,red
b'\x83k\xc7P\xb6\xb7U\x8d',b'o\x7f@z\x0f\xd6T\x91',53279,red
b'\x8dn\xdc\xcb\x0bB[\xe8',b'o\x7f@z\x0f\xd6T\x91',49591,red
b'\xb5\xcbm\xc7\x92\xa5]\xf7',b'o\x7f@z\x0f\xd6T\x91',52907,red
b'\x04\x94\x93\x97Kx\\\xb1',b'o\x7f@z\x0f\xd6T\x91',49674,red
b'\x90\xa8\xe0\xe9\x88{[?',b'o\x7f@z\x0f\xd6T\x91',48930,red
b')\xa2\xdfY\ttP\xc0',b'o\x7f@z\x0f\xd6T\x91',48438,red
b'\xc3\xa4b6|\xd1Y\xcd',b'o\x7f@z\x0f\xd6T\x91',48929,red
b'\xfe\xc4\xcd\x1d\xbc\x08S\xcf',b'y\xd0~\xda\x10\xa7S:',53428,red
b'17\x8e\xf2\xf0\xad[\xfa',b'y\xd0~\xda\x10\xa7S:',49673,red
b'\x15\x8a\xcbv\xc0\xa9]\x1e',b'y\xd0~\xda\x10\xa7S:',53279,red
b'\xd0\xadFH\xdb&]\x91',b'y\xd0~\xda\x10\xa7S:',49591,red
b'\xe1\x1c0<>\x05Y\xcd',b'y\xd0~\xda\x10\xa7S:',52907,red
b'\xaat\xaajo|S6',b'y\xd0~\xda\x10\xa7S:',49674,red
b'ad\xea?p1V\xe8',b'y\xd0~\xda\x10\xa7S:',48930,red
b's\xfcl?5\xe9Xd',b'y\xd0~\xda\x10\xa7S:',48438,red
b'\xc1\x9c\xac&\xc2\xa9\\\xc8',b'y\xd0~\xda\x10\xa7S:',48929,red
b'\xd0\x1d\xe8\xd9\xb4aSD',b'\x15a\xe2\xf6F\x0bT\x1b',53428,red
b'\xdc\xed\xe2\x80\xf5SR\x19',b'\x15a\xe2\xf6F\x0bT\x1b',49673,red
b'A\xce~\x8c\x88\xc8T\xe7',b'\x15a\xe2\xf6F\x0bT\x1b',53279,red
b' F\xfbB\x05yW\xa6',b'\x15a\xe2\xf6F\x0bT\x1b',49591,red
b'\xb3\x96\x10k\x0e\xe7R\x11',b'\x15a\xe2\xf6F\x0bT\x1b',52907,red
b'\x08\xb5q\xc8\xed\x02SK',b'\x15a\xe2\xf6F\x0bT\x1b',49674,red
b'v\xe4\xafER\xdb[\xf7',b'\x15a\xe2\xf6F\x0bT\x1b',48930,red
"b""\xa0:A\xac\x19'Tv""",b'\x15a\xe2\xf6F\x0bT\x1b',48438,red
b'\xee\xec\xa8\xc1\xf1sP\xf3',b'\x15a\xe2\xf6F\x0bT\x1b',48929,red
"b'^\xc8p\x85\xa0\xb7W,'",b'@\xb1\xc0`m\x05T\xe7',53428,red
b'\xa8\xa5\xc3P\x84]]-',b'@\xb1\xc0`m\x05T\xe7',49673,red
b'\xdc%\xb5\xe9\xberR\x0b',b'@\xb1\xc0`m\x05T\xe7',53279,red
b'\xbb-5\xabZ\xd5_7',b'@\xb1\xc0`m\x05T\xe7',49591,red
b'\x16\x0cc\x9aLXW\x7f',b'@\xb1\xc0`m\x05T\xe7',52907,red
b'\xab\xb04m\\\xd1[\xa1',b'@\xb1\xc0`m\x05T\xe7',49674,red
b'4\xe9\xe8n\xb6EWY',b'@\xb1\xc0`m\x05T\xe7',48930,red
b'\xb5\x9dSs\x94\x0eV\r',b'@\xb1\xc0`m\x05T\xe7',48438,red
b'G$u{\xab\x14\\\xa8',b'@\xb1\xc0`m\x05T\xe7',48929,red
b'\xdd\x9aB\\\xcb\xf8V\x11',b'\x9b\xbd9M\xa5KSB',53428,red
b'\\9\x85\x07=\xb8\\\x8c',b'\x9b\xbd9M\xa5KSB',49673,red
b'\x85\x81\x81\x7f}\x9c_\x80',b'\x9b\xbd9M\xa5KSB',53279,red
b'`@\x83(\x8c\x89T\xcc',b'\x9b\xbd9M\xa5KSB',49591,red
b'\xf7#\x92\xafr\xf4U\xf6',b'\x9b\xbd9M\xa5KSB',52907,red
b'\x8f.\xabR/C_\x0c',b'\x9b\xbd9M\xa5KSB',49674,red
"b""\xa3\xb7\xde\xfe\xca\xffU'""",b'\x9b\xbd9M\xa5KSB',48930,red
b'\xde2n\xa5\x1aw\\\xb2',b'\x9b\xbd9M\xa5KSB',48438,red
b'\x86\xcf\x8f^\x8bDV/',b'\x9b\xbd9M\xa5KSB',48929,red
b'%\xf5O\xd3\xe3$X\x1e',b'\xbd\xeb\xd9wcRZ\xfe',53428,red
b'\xf8\x02\xd8\xe6#\xa9V\xe5',b'\xbd\xeb\xd9wcRZ\xfe',49673,red
b'Do\xbe\xd2d\x04W\x1a',b'\xbd\xeb\xd9wcRZ\xfe',53279,red
b'ZID\xc1\x9b\x9dZ\x87',b'\xbd\xeb\xd9wcRZ\xfe',49591,red
b'\x81Sb\x83\x10UX\xfd',b'\xbd\xeb\xd9wcRZ\xfe',52907,red
b'\x0c|\x94\xbc\xdc<V\x0c',b'\xbd\xeb\xd9wcRZ\xfe',49674,red
b'\xb0\x02\xbc)\xff\xf7\\\xa9',b'\xbd\xeb\xd9wcRZ\xfe',48930,red
"b""\xde\xf2\xdc\x134]\\'""",b'\xbd\xeb\xd9wcRZ\xfe',48438,red
b'\x0b|.\x92\\#[\xc7',b'\xbd\xeb\xd9wcRZ\xfe',48929,red
b'%\xb7\xaf\x82KJTm',"b'""\x15""T YPw'",53428,red
b'\xbf\xd7\xf4\xa4\xfb\xd7X@',"b'""\x15""T YPw'",49673,red
b'\x87\xbb\xc9\ns\x1aQ\xda',"b'""\x15""T YPw'",53279,red
b'\x90\xd1=Tn\x1b[8',"b'""\x15""T YPw'",49591,red
b'\xfb \x15\xa4\xe7\xb3U\xe1',"b'""\x15""T YPw'",52907,red
b'\x1cG$\xdd*\xc9W\xa3',"b'""\x15""T YPw'",49674,red
b'6^=\xfb\xd9\xf8Q*',"b'""\x15""T YPw'",48930,red
b'\xad\xe0P\xc2p\xceR\xa4',"b'""\x15""T YPw'",48438,red
b'\xb1S*\xd9\x94\xfdR\x92',"b'""\x15""T YPw'",48929,red
b'\xe3\x1d2\xa1M\xc0^F',b'\x82\x9fb0QCV\xb4',53428,red
b'/np\xd3\xcdxW\x10',b'\x82\x9fb0QCV\xb4',49673,red
b'_\xc3X\xa8\x16\x92Rk',b'\x82\x9fb0QCV\xb4',53279,red
b'\xc9\xaf\xa4\xd0\xec\xb5SH',b'\x82\x9fb0QCV\xb4',49591,red
b'\xf5\x84o\x1c\x96\xacU\xc9',b'\x82\x9fb0QCV\xb4',52907,red
b'\x82A\xa7|\xe0\xfb[S',b'\x82\x9fb0QCV\xb4',49674,red
b'\x03\xd1\xbb\xf4\xd9^UQ',b'\x82\x9fb0QCV\xb4',48930,red
b'h\xbfx~\n\x06W\xf2',b'\x82\x9fb0QCV\xb4',48438,red
b'-\xc7\xc4\xb7<]T\xcc',b'\x82\x9fb0QCV\xb4',48929,red
b'\xd4\xd1\xad3V\x7fW[',b'Q\x1bx\xefV%_3',53428,red
b'\x9a\xc48e\n(W\xbd',b'Q\x1bx\xefV%_3',49673,red
b'\xb50\xab\x10\xd5L][',b'Q\x1bx\xefV%_3',53279,red
b'\xb93\xcb\r]`_\xdd',b'Q\x1bx\xefV%_3',49591,red
b'\x03\xa1\x08\xf9\x89\xa2Y\xa3',b'Q\x1bx\xefV%_3',52907,red
b'0%\xd6\xab\xdb\x83R^',b'Q\x1bx\xefV%_3',49674,red
b'{\xa03\xed\xad)Y^',b'Q\x1bx\xefV%_3',48930,red
b'\xd1R]\xbe>\xde^Q',b'Q\x1bx\xefV%_3',48438,red
b'\xa0\x808%\x8bgW\xbd',b'Q\x1bx\xefV%_3',48929,red
b'=\xbf\x9bkhtZ\xbc',b'*\xe4\xab\xc2\xebc[\xd0',53428,red
b'\x15\xd6\xac\xe0\x02NR\xcc',b'*\xe4\xab\xc2\xebc[\xd0',49673,red
b'\xb7X[\x8a\x810Q\xfc',b'*\xe4\xab\xc2\xebc[\xd0',53279,red
b'\xdb\xcc\x01\xb6\xd6\x95^\xe2',b'*\xe4\xab\xc2\xebc[\xd0',49591,red
b'\xda\xf4u64\x90W[',b'*\xe4\xab\xc2\xebc[\xd0',52907,red
b'A(\xc6\xf3\x16kR6',b'*\xe4\xab\xc2\xebc[\xd0',49674,red
b'\x8e\xf26Rf\x9dV\x83',b'*\xe4\xab\xc2\xebc[\xd0',48930,red
b'\xf8C\x82<>!Pd',b'*\xe4\xab\xc2\xebc[\xd0',48438,red
b'\x84\xadIL\x9ao_\xc0',b'*\xe4\xab\xc2\xebc[\xd0',48929,red
b'Z0F\x0c\xd9M_h',b'\x9aB\xac\x0b\xa6\x9aP\xb6',53428,red
b'`\xe7\n\xf3\x83gS;',b'\x9aB\xac\x0b\xa6\x9aP\xb6',49673,red
b'\xcd\xa3\x16\x8f\x05\xa7^\xf5',b'\x9aB\xac\x0b\xa6\x9aP\xb6',53279,red
b'\x133;\xe1\x9dBS\x9c',b'\x9aB\xac\x0b\xa6\x9aP\xb6',49591,red
b'\x94\x93kyK\x94Zp',b'\x9aB\xac\x0b\xa6\x9aP\xb6',52907,red
b'\xbf\xe5\xb7\xaaJ\t\\\xef',b'\x9aB\xac\x0b\xa6\x9aP\xb6',49674,red
"b""r\xebn\x99\x14)T'""",b'\x9aB\xac\x0b\xa6\x9aP\xb6',48930,red
b'\xe3\x16\xba=\xcb\xcdRP',b'\x9aB\xac\x0b\xa6\x9aP\xb6',48438,red
b'\xea\xb1^4j\xaa\\\xc1',b'\x9aB\xac\x0b\xa6\x9aP\xb6',48929,red
b'\xe1XGk\xa70^^',b'\xde\xcd\xac\xbd\x83\xd5_\x94',53428,red
b'\xb5.\xf6\xbe\x15\x85_C',b'\xde\xcd\xac\xbd\x83\xd5_\x94',49673,red
b'pPl\xb2\xc3hTK',b'\xde\xcd\xac\xbd\x83\xd5_\x94',53279,red
b'\xcd\xb5|3\xcacU>',b'\xde\xcd\xac\xbd\x83\xd5_\x94',49591,red
b'\xd79M\x92\x87\x14VY',b'\xde\xcd\xac\xbd\x83\xd5_\x94',52907,red
b'\xc6nLxUP_o',b'\xde\xcd\xac\xbd\x83\xd5_\x94',49674,red
b'L\x85\x1du\xb8\x1a]\xe6',b'\xde\xcd\xac\xbd\x83\xd5_\x94',48930,red
b'P\xa8O\x13\x9f\x04V\x1c',b'\xde\xcd\xac\xbd\x83\xd5_\x94',48438,red
b'jR\xb7\x12l\x0b\\\x14',b'\xde\xcd\xac\xbd\x83\xd5_\x94',48929,red
b'%\xb4\x1b\r\xb8kQ\xd6',b'9\x97\xd0\xaa\xd7S[\xce',53428,red
b'\xcd\x96\x0b\xa68\xdcUD',b'9\x97\xd0\xaa\xd7S[\xce',49673,red
b'\xad\x00r\x92f\xf1V\xa7',b'9\x97\xd0\xaa\xd7S[\xce',53279,red
"b'\x94]E\x97F\xb2T,'",b'9\x97\xd0\xaa\xd7S[\xce',49591,red
b'\x84r<S\xd2\x98X\x82',b'9\x97\xd0\xaa\xd7S[\xce',52907,red
b'\xb5J\xf3\\G\nU\xb9',b'9\x97\xd0\xaa\xd7S[\xce',49674,red
b'\x90A\xc6dLTVS',b'9\x97\xd0\xaa\xd7S[\xce',48930,red
b'XoB\xf1\xedTP\x90',b'9\x97\xd0\xaa\xd7S[\xce',48438,red
b'\xb7:}\x03\xb1\x9eS\x1e',b'9\x97\xd0\xaa\xd7S[\xce',48929,red
b'M\x9a\x0e\xa9e&\\\x1d',b'O\x13\x8ang\xc2PP',53428,red
b'd\xe4\xe3\x98\x8a2X\xf4',b'O\x13\x8ang\xc2PP',49673,red
b'M\xd0\n\x9e\xb2\xc7[\xfb',b'O\x13\x8ang\xc2PP',53279,red
b'\xea\xc0>\xfc\xfbT\\k',b'O\x13\x8ang\xc2PP',49591,red
b'\x0f\xb2\xf4\x9d\x03\xbaP\x07',b'O\x13\x8ang\xc2PP',52907,red
"b""\xcc\x9b-8\x0c\xdc]'""",b'O\x13\x8ang\xc2PP',49674,red
b'f\xa1\x10\x16\xe7\xb7W\x7f',b'O\x13\x8ang\xc2PP',48930,red
b'-\xac\t\xaf\x90?S\x93',b'O\x13\x8ang\xc2PP',48438,red
b'w\xa4\xab\xa6\x94\x88\\\xbb',b'O\x13\x8ang\xc2PP',48929,red
b'\x04g\xbf9\xccGQ6',b'\xe9=\xca\xa23\x01U<',53428,red
"b'""`y\xd7\xc1\xd1_A'",b'\xe9=\xca\xa23\x01U<',49673,red
b'\x02w&kA-VY',b'\xe9=\xca\xa23\x01U<',53279,red
b'C\xb8\xa5\x01|\xf4P\xd3',b'\xe9=\xca\xa23\x01U<',49591,red
b'H\x83=>\xae\x89Z\x9e',b'\xe9=\xca\xa23\x01U<',52907,red
b'\x11\xf7W\xd5\x03\xfaX\xf5',b'\xe9=\xca\xa23\x01U<',49674,red
b'\xb6|s\x14z\x15^4',b'\xe9=\xca\xa23\x01U<',48930,red
b'\x13\x00bF\xcc}Y\xac',b'\xe9=\xca\xa23\x01U<',48438,red
b'\x05=\x8f\x10\xed5T\xf8',b'\xe9=\xca\xa23\x01U<',48929,red
b'>\x0b\xff)/\x89QM',b'\x10\xc1\xd6K\xef\x8bUD',53428,red
b'1\x9e\x04\xfb7U^E',b'\x10\xc1\xd6K\xef\x8bUD',49673,red
b's\x8f\\\xfb\x9e\xe9ZB',b'\x10\xc1\xd6K\xef\x8bUD',53279,red
b')Y\xe8T\xf6|V\xae',b'\x10\xc1\xd6K\xef\x8bUD',49591,red
b'k\xf9\xd6M\x7f5U0',b'\x10\xc1\xd6K\xef\x8bUD',52907,red
b'\xd3\x121\xd7\xb0.Y{',b'\x10\xc1\xd6K\xef\x8bUD',49674,red
b'\xb5\x97:\x1f\xc5\xb7]h',b'\x10\xc1\xd6K\xef\x8bUD',48930,red
b'\xcc\x99A\x12\xaa\xf3Tl',b'\x10\xc1\xd6K\xef\x8bUD',48438,red
b'\xe5X\xe8\xc1r\xfc\\\x94',b'\x10\xc1\xd6K\xef\x8bUD',48929,red
b'\x83f5\xc3\xc7\xe9R\xa9',b'\xbfS\xf2\x91\x15lS7',53428,red
b'McV\xba\x90\xceY\xc8',b'\xbfS\xf2\x91\x15lS7',49673,red
b'\x0ft4\xd3<\x05U\x16',b'\xbfS\xf2\x91\x15lS7',53279,red
b'\xe3yN\x0b\xa6VX\xe8',b'\xbfS\xf2\x91\x15lS7',49591,red
b'\xb7\xf1N\xba\x07\x94U\xfb',b'\xbfS\xf2\x91\x15lS7',52907,red
b'\x86\xc7\xfb\x8d\xa2=R\x92',b'\xbfS\xf2\x91\x15lS7',49674,red
b'y\xb4\xbev\xca\x8fQ\x8f',b'\xbfS\xf2\x91\x15lS7',48930,red
b'D>\xee\xefs\xf6]\xd4',b'\xbfS\xf2\x91\x15lS7',48438,red
b'\xbb\x07\xfeK\x85\xc1W\xf1',b'\xbfS\xf2\x91\x15lS7',48929,red
b'\xfbS#w]\x04\\4',b'\x8d\xa4\x89B\x91\xc9[o',53428,red
b'\xfe\xce\x80`6\x7f]B',b'\x8d\xa4\x89B\x91\xc9[o',49673,red
b'5\xf1\x02\xf5>\xbdWQ',b'\x8d\xa4\x89B\x91\xc9[o',53279,red
b'\x863L\xb0\x83QZ+',b'\x8d\xa4\x89B\x91\xc9[o',49591,red
b'\xdf}\x0c\x93\xabiZ\xa3',b'\x8d\xa4\x89B\x91\xc9[o',52907,red
b'\xf6h\xf5\x04\xaeX\\\x83',b'\x8d\xa4\x89B\x91\xc9[o',49674,red
b'\x8d;\x86\xdd\xef\xc9_\x84',b'\x8d\xa4\x89B\x91\xc9[o',48930,red
b'\xcf\xa1\x15\x9f\xda\xb4U\xec',b'\x8d\xa4\x89B\x91\xc9[o',48438,red
b'plF\x8a\xab\x1aW\x05',b'\x8d\xa4\x89B\x91\xc9[o',48929,red
b'y\xfc-s\xcb\x12Z\x07',b'Nj\x9e\xfe\xba\x1dRf',53428,red
b'2\x020\xdb\x90\xfcSI',b'Nj\x9e\xfe\xba\x1dRf',49673,red
"b'\xf6\xb2""f\x96\x84\\\x8a'",b'Nj\x9e\xfe\xba\x1dRf',53279,red
b'\xa7\xb0s\xe1%\xa7^\xc5',b'Nj\x9e\xfe\xba\x1dRf',49591,red
b'\x17\xbc5\x9e(a_\xe0',b'Nj\x9e\xfe\xba\x1dRf',52907,red
b'\x00\t\xbfs\xe1LT\x0c',b'Nj\x9e\xfe\xba\x1dRf',49674,red
b'\xa3\x88\xfc\xbe\x89/^\x87',b'Nj\x9e\xfe\xba\x1dRf',48930,red
b't\xb6R\x12\x87\xd9T\xd3',b'Nj\x9e\xfe\xba\x1dRf',48438,red
b'];\xe7U\x8e\xe0T\x80',b'Nj\x9e\xfe\xba\x1dRf',48929,red
b'\xe0b\xb7\x04\xd0H]\xbc',b'Y\x1a\xe1\x0c#\xd1]\xaf',53428,red
b'\x1b\xb7pG\x01\xceV\xbb',b'Y\x1a\xe1\x0c#\xd1]\xaf',49673,red
b'/Vq&\x1b\x86R\xdf',b'Y\x1a\xe1\x0c#\xd1]\xaf',53279,red
b'}\xfe\xa0\xd6\xa5\xb7Q\xd1',b'Y\x1a\xe1\x0c#\xd1]\xaf',49591,red
b'q\xc2?\xea\x17\x99X\xf1',b'Y\x1a\xe1\x0c#\xd1]\xaf',52907,red
b'\x96u\xc1!\xea\x04P\xbc',b'Y\x1a\xe1\x0c#\xd1]\xaf',49674,red
"b""8\xfal'7.SY""",b'Y\x1a\xe1\x0c#\xd1]\xaf',48930,red
b'\xbc\xc1\x93G`M^\xbe',b'Y\x1a\xe1\x0c#\xd1]\xaf',48438,red
"b'w\x8f,$\x12\xfbP\xf6'",b'Y\x1a\xe1\x0c#\xd1]\xaf',48929,red
b'<\xbc=2\xdewY\x9c',b'Q8\x9f\xb2\xd7\xcaYE',53428,red
b'\xb2\xca@\x9dS%R\x9e',b'Q8\x9f\xb2\xd7\xcaYE',49673,red
"b""E'\x18`\x86\xc2]>""",b'Q8\x9f\xb2\xd7\xcaYE',53279,red
b'!\xe4\xf7\xa9\xcf`V\xbb',b'Q8\x9f\xb2\xd7\xcaYE',49591,red
b'\xa6\xf5zc@\x1b_\xab',b'Q8\x9f\xb2\xd7\xcaYE',52907,red
b'G\xaa\xbc\xa7\xaeQQP',b'Q8\x9f\xb2\xd7\xcaYE',49674,red
b'\xf1\xed28\x99\x9eRa',b'Q8\x9f\xb2\xd7\xcaYE',48930,red
b'i\xb36]\xf8\xccT\xc8',b'Q8\x9f\xb2\xd7\xcaYE',48438,red
b'\xc2\xaf\xc4^\xc2\xcdQ\xb5',b'Q8\x9f\xb2\xd7\xcaYE',48929,red
b'+U\xd7\xbaNgX\n',b'\x13\x1a\xa9%\x9es^\xd1',53428,red
b'?\xacj\xde\xd72U\xe6',b'\x13\x1a\xa9%\x9es^\xd1',49673,red
b'\x14\x00\xa7\xcc\x18\xd0Z\xbd',b'\x13\x1a\xa9%\x9es^\xd1',53279,red
b'\x0e\xe5\x86\xdc\xa9\x13V\xa8',b'\x13\x1a\xa9%\x9es^\xd1',49591,red
b'\xd6\x1f\xc2\xd8\x06\xe1Q\xdc',b'\x13\x1a\xa9%\x9es^\xd1',52907,red
b'p\xce\xb6\xb2\xa3\xc2Xe',b'\x13\x1a\xa9%\x9es^\xd1',49674,red
b'\xc2\xd9\x82\xbcd8Y\x93',b'\x13\x1a\xa9%\x9es^\xd1',48930,red
"b',)\xd6Z\x07VS\xe0'",b'\x13\x1a\xa9%\x9es^\xd1',48438,red
b'\x9f\xfd\xfd\xada%Y\xb4',b'\x13\x1a\xa9%\x9es^\xd1',48929,red
b'\xaeqk]\xb62P\x83',b'\xf8+W\xbb\xb9P[\xcc',53428,red
b'\nj\tE:\x9aS\x85',b'\xf8+W\xbb\xb9P[\xcc',49673,red
b'\xaf\x85\xb2\x18:\x89P\xe1',b'\xf8+W\xbb\xb9P[\xcc',53279,red
b'\xf1\x0f[\x0bxj]\x80',b'\xf8+W\xbb\xb9P[\xcc',49591,red
b'%\xed\x8c\x86\xb7GXa',b'\xf8+W\xbb\xb9P[\xcc',52907,red
b'\x08\xf7\xa2J\x08\xe6_\xc8',b'\xf8+W\xbb\xb9P[\xcc',49674,red
b'\xa0\x9c\x1fc\xec7^B',b'\xf8+W\xbb\xb9P[\xcc',48930,red
b'\x8d\x9cshp\xf2[\x8b',b'\xf8+W\xbb\xb9P[\xcc',48438,red
b'\x8c\x9b\xc7\xe9\x90\xa6Z}',b'\xf8+W\xbb\xb9P[\xcc',48929,red
b'\xc1M\x8aM+}T*',b'\x18\xcc\xce+\x98g\\\x0b',53428,red
b'\xd13&\xb0\xc9AP\xee',b'\x18\xcc\xce+\x98g\\\x0b',49673,red
b'\x13L\x1c\xba7m]3',b'\x18\xcc\xce+\x98g\\\x0b',53279,red
b'\xef`\xae\xf9\xdfHU\x12',b'\x18\xcc\xce+\x98g\\\x0b',49591,red
b'\xc3\xf8\xde\xd0lvR\xd6',b'\x18\xcc\xce+\x98g\\\x0b',52907,red
b'\x03\x1e\xc9\xbf\x17\xc9^\xe5',b'\x18\xcc\xce+\x98g\\\x0b',49674,red
b'\xc1\x8c\xa8H\x8b\x01^\xc7',b'\x18\xcc\xce+\x98g\\\x0b',48930,red
b'\xa6R\x91\xb0@\xf8V\x94',b'\x18\xcc\xce+\x98g\\\x0b',48438,red
b'-w\xf6\x95w\xcc\\U',b'\x18\xcc\xce+\x98g\\\x0b',48929,red
b'\xfa\x96v\x05S7U\x87',b'\xef\xc1\x1c\x03qlQ7',53428,red
"b'""\xc2I\xea4\xf2T\x80'",b'\xef\xc1\x1c\x03qlQ7',49673,red
"b'\x1dc$=,\xc7Su'",b'\xef\xc1\x1c\x03qlQ7',53279,red
b'b\xb8\xde\xa7\xd0KPg',b'\xef\xc1\x1c\x03qlQ7',49591,red
"b'\x15\x08,\xfc\x18\x1d[\x94'",b'\xef\xc1\x1c\x03qlQ7',52907,red
b'++\xaex\x19\xf4Wx',b'\xef\xc1\x1c\x03qlQ7',49674,red
b'\xdbZ\x0c+\xbfdT\xaa',b'\xef\xc1\x1c\x03qlQ7',48930,red
b'\xa7\x1bO\xb9\x06\xe8Rf',b'\xef\xc1\x1c\x03qlQ7',48438,red
"b'J:f""\xe2gR\xbb'",b'\xef\xc1\x1c\x03qlQ7',48929,red
b'5J\x9fZ\x94\x88U\xad',b'l\xdd\x16\xc2L\x0eX\xdb',53428,red
b'\x122\xf74\xa4\xf1_9',b'l\xdd\x16\xc2L\x0eX\xdb',49673,red
b'\xf4\xc6y\xa0\xc1\xf4Y;',b'l\xdd\x16\xc2L\x0eX\xdb',53279,red
b'\x9f6k\xa8N\xe7V\xec',b'l\xdd\x16\xc2L\x0eX\xdb',49591,red
b'\x05\x07\x13\xf4\xdeuP\xa1',b'l\xdd\x16\xc2L\x0eX\xdb',52907,red
"b'4,u\xa5\xbe\xbe^\x8c'",b'l\xdd\x16\xc2L\x0eX\xdb',49674,red
b'\xdb\xe9q\xdf\xeb\x13V\xcb',b'l\xdd\x16\xc2L\x0eX\xdb',48930,red
b'\xb1\xf1\xe8\xdf\xe3\xfbQ\x10',b'l\xdd\x16\xc2L\x0eX\xdb',48438,red
b'R\xfb\xcf\xf17VW\xb3',b'l\xdd\x16\xc2L\x0eX\xdb',48929,red
b'\x12\x12\x9d\xf6\xa5NX4',b'u\\\xc3\xf0\x86\xcaW\x92',53428,red
b'\x02\x95\xd1\x8b]\xa8\\n',b'u\\\xc3\xf0\x86\xcaW\x92',49673,red
"b'\x96~\xb9\xc5,EU\xd4'",b'u\\\xc3\xf0\x86\xcaW\x92',53279,red
b'\xc1c\\!3\x91U\xef',b'u\\\xc3\xf0\x86\xcaW\x92',49591,red
b'\xedW\xe3s\xd1\xb8^^',b'u\\\xc3\xf0\x86\xcaW\x92',52907,red
b'k1F}\xed\x84[C',b'u\\\xc3\xf0\x86\xcaW\x92',49674,red
b'\xdd|\x08\x11z\xf4\\\xe9',b'u\\\xc3\xf0\x86\xcaW\x92',48930,red
b'\x0fq\xe0\xb5f\xcd\\y',b'u\\\xc3\xf0\x86\xcaW\x92',48438,red
b'b\xe3\x98\xdc\x8e\xcdUj',b'u\\\xc3\xf0\x86\xcaW\x92',48929,red
b'\xf8\x9a2O}PZg',b'\xaf\xa0SoD\xb9Uf',53428,red
b'7c\xb9\xd8\xb1YX%',b'\xaf\xa0SoD\xb9Uf',49673,red
"b'\xcb2^\t\xfa\xdaU,'",b'\xaf\xa0SoD\xb9Uf',53279,red
b'\x07\xb6\x80\xef}\xb8S!',b'\xaf\xa0SoD\xb9Uf',49591,red
b'\x99_G\x05\x9e~_F',b'\xaf\xa0SoD\xb9Uf',52907,red
b'\xaaL\x060\xed\xb4X\xbe',b'\xaf\xa0SoD\xb9Uf',49674,red
b'\xf7<\xd6\xd9\xc5\tYP',b'\xaf\xa0SoD\xb9Uf',48930,red
b'\xc0\xbb \xf1\xecY^\xb2',b'\xaf\xa0SoD\xb9Uf',48438,red
b'\xdc\xb5\xf6\x02\xb4\x07YC',b'\xaf\xa0SoD\xb9Uf',48929,red
b'y\xd3S\xc8\xf7\xe6Th',"b'\x84\xb4""\xb3\xd6\x86ZE'",53428,red
"b""'\xde\x92\x0e\xe5\xf6_\xb4""","b'\x84\xb4""\xb3\xd6\x86ZE'",49673,red
b'\x86\xbdb\x0c\x11\x14Y\xff',"b'\x84\xb4""\xb3\xd6\x86ZE'",53279,red
b'\xa2\xb9\xfe~#\xebW\x05',"b'\x84\xb4""\xb3\xd6\x86ZE'",49591,red
b'\xe5\x8a%\xe2]\xbcX\xe8',"b'\x84\xb4""\xb3\xd6\x86ZE'",52907,red
b'/<}\x18\x9c\xaa[f',"b'\x84\xb4""\xb3\xd6\x86ZE'",49674,red
b'\xd8\xab\xfb\xeb\x0b\xc5Q\x11',"b'\x84\xb4""\xb3\xd6\x86ZE'",48930,red
b'E\xef\xb0\x9b\xd3\xbbVX',"b'\x84\xb4""\xb3\xd6\x86ZE'",48438,red
b'\xa6X\xf7\xb6\xfcR_\xeb',"b'\x84\xb4""\xb3\xd6\x86ZE'",48929,red
b'\xc4\xbf\xe1V\xb6\x13X.',b'\x0eT\xe8\xb8\x11FP\x8f',53428,red
"b'T\xd5PLb""W\xf3'",b'\x0eT\xe8\xb8\x11FP\x8f',49673,red
b'\xd8\x95=\xea\xc8\xc0S\xa5',b'\x0eT\xe8\xb8\x11FP\x8f',53279,red
b'\xe8\xfc\x18\xf8nnXj',b'\x0eT\xe8\xb8\x11FP\x8f',49591,red
b' >JIe\t]c',b'\x0eT\xe8\xb8\x11FP\x8f',52907,red
b'n\xfc\xd0\x16Y\x9dZ\x1b',b'\x0eT\xe8\xb8\x11FP\x8f',49674,red
b'\t\x02\x99\x7fj\x18[y',b'\x0eT\xe8\xb8\x11FP\x8f',48930,red
b'\x0e\x92\x04\x98\xb2>SR',b'\x0eT\xe8\xb8\x11FP\x8f',48438,red
"b"",'\x89I\x04w\\\xd5""",b'\x0eT\xe8\xb8\x11FP\x8f',48929,red
b'\x10\xaa\x83>C\x1fRr',b'B\x7f\xf0\xc9\xc7\xe8W\xa0',53428,red
b'\x99]\xd0\xab4\xa5[\xe5',b'B\x7f\xf0\xc9\xc7\xe8W\xa0',49673,red
b'o\xff\x9a\x96g7U\xd5',b'B\x7f\xf0\xc9\xc7\xe8W\xa0',53279,red
b'\xbcBK^\x1a|R\x97',b'B\x7f\xf0\xc9\xc7\xe8W\xa0',49591,red
b'XJ\xc0S\xfc;_\x92',b'B\x7f\xf0\xc9\xc7\xe8W\xa0',52907,red
b'\xc8\x18d\xc4\x9b5Z\xb7',b'B\x7f\xf0\xc9\xc7\xe8W\xa0',49674,red
b'2\xd6[\x7f\x0b\xecS\x15',b'B\x7f\xf0\xc9\xc7\xe8W\xa0',48930,red
b'\x95\x8b\xd2\xd89\xbfYi',b'B\x7f\xf0\xc9\xc7\xe8W\xa0',48438,red
b'[\x12\xb7w\xb3\xf8_\xb5',b'B\x7f\xf0\xc9\xc7\xe8W\xa0',48929,red
b'\x0e\xd9~\x15\x17VP\xfc',b'\xf0\xf7\xcfZ\xd0\xfbQ$',53428,red
b'\xe9`\xf5|joZ\x99',b'\xf0\xf7\xcfZ\xd0\xfbQ$',49673,red
b'\x05\x19\xccl\xaaq\\\xe4',b'\xf0\xf7\xcfZ\xd0\xfbQ$',53279,red
b'T[\xbf\x83\xfa\x05X\x06',b'\xf0\xf7\xcfZ\xd0\xfbQ$',49591,red
b'\xd5I\xa2\xb4.\xad\\\xe5',b'\xf0\xf7\xcfZ\xd0\xfbQ$',52907,red
b'[\t\xbd\xa0\xc6\xc8_\xe4',b'\xf0\xf7\xcfZ\xd0\xfbQ$',49674,red
b'\x88\xd6\xd8\xa6u\x9cZ\xf5',b'\xf0\xf7\xcfZ\xd0\xfbQ$',48930,red
b'\x84\xd9\xef\x0c\xa9\x00W\xb9',b'\xf0\xf7\xcfZ\xd0\xfbQ$',48438,red
b'\x8e\xd9s\xb3\x10k]\x96',b'\xf0\xf7\xcfZ\xd0\xfbQ$',48929,red
b'c\x15Qf\x12M\\\xa0',b'\xff\xcd\xc2\xbf\xb5$Uo',53428,red
b'\xdc\xa4\x00\xf5g3TP',b'\xff\xcd\xc2\xbf\xb5$Uo',49673,red
b'\x10\x84\t9\xea\xdcVX',b'\xff\xcd\xc2\xbf\xb5$Uo',53279,red
b'8\xcf\xba\x85vpY[',b'\xff\xcd\xc2\xbf\xb5$Uo',49591,red
b'\x9e\xccuz\x10\xf5VW',b'\xff\xcd\xc2\xbf\xb5$Uo',52907,red
b'4\xda\t\x13[DRl',b'\xff\xcd\xc2\xbf\xb5$Uo',49674,red
b'\xe8E{[\x13zZ&',b'\xff\xcd\xc2\xbf\xb5$Uo',48930,red
b'J>.\xde\xe9\xc9P ',b'\xff\xcd\xc2\xbf\xb5$Uo',48438,red
b'\xf8\xa3\x8b\xbd \xe6T\xf5',b'\xff\xcd\xc2\xbf\xb5$Uo',48929,red
b'\n\xed9$\xb0\x9bY\x14',b'\x9ei\x98\xa8\xb6\xd0W%',53428,red
b'p\x80\x0c\xd5\xb0\xecS\xb5',b'\x9ei\x98\xa8\xb6\xd0W%',49673,red
b'\xd3\x98\xb9E\xc1\x85Ys',b'\x9ei\x98\xa8\xb6\xd0W%',53279,red
b'\xa9\xcba\x82g(S\x7f',b'\x9ei\x98\xa8\xb6\xd0W%',49591,red
b'k\xd241\x14\x18YW',b'\x9ei\x98\xa8\xb6\xd0W%',52907,red
b'C\x12Dw\x05\x18^\x88',b'\x9ei\x98\xa8\xb6\xd0W%',49674,red
b'\xbea\xfe\x8e_\xf2Q\xdd',b'\x9ei\x98\xa8\xb6\xd0W%',48930,red
b'\xa2\x98\xa6$\x12FYV',b'\x9ei\x98\xa8\xb6\xd0W%',48438,red
"b""\x89\xee'n\xed\x01V\xd8""",b'\x9ei\x98\xa8\xb6\xd0W%',48929,red
b'\xa9\xfe\x91.\xf0pR#',b'\xc2\x1f(\xb5\x88\xebPc',53428,red
b'\xbf\xfd\t\x86\x08\xc1ZD',b'\xc2\x1f(\xb5\x88\xebPc',49673,red
b'\x15\xda\xca\x92\xa7`YO',b'\xc2\x1f(\xb5\x88\xebPc',53279,red
b'~\xcd\xc6g\x11?S\x10',b'\xc2\x1f(\xb5\x88\xebPc',49591,red
b'\xd6\x12!\xfb\x82\xf5Q\x92',b'\xc2\x1f(\xb5\x88\xebPc',52907,red
b'\x1e\xed\x18XS\xb4R\xaa',b'\xc2\x1f(\xb5\x88\xebPc',49674,red
b'\xff\xddb\xfd\xaf4P\x80',b'\xc2\x1f(\xb5\x88\xebPc',48930,red
b'\x1f\x91Y\xc0\xee\xabU?',b'\xc2\x1f(\xb5\x88\xebPc',48438,red
b'\xb0\xa1\x8b\xda\xb6\xf5Pj',b'\xc2\x1f(\xb5\x88\xebPc',48929,red
b'\xe9+c\xd0x\xf3P\xa0',b'p~vg\x13M^^',53428,red
b'\x1e\xde\xcaa\x9c\xd1T\x94',b'p~vg\x13M^^',49673,red
b'\xa9\xc6&\xbcN![\x83',b'p~vg\x13M^^',53279,red
b'\x8dHe\xc5\xf1\xee\\j',b'p~vg\x13M^^',49591,red
b'\x06\xf4\x1eb\xbc\xabRN',b'p~vg\x13M^^',52907,red
b'\x9f\x8a\x82fb\xe7_\x89',b'p~vg\x13M^^',49674,red
b'L%k\x8a\x0b&]\xfa',b'p~vg\x13M^^',48930,red
b'9\x9b\r\xf7\xa6\xf7V\xd6',b'p~vg\x13M^^',48438,red
b'xm\xb4a\xfe\x1bUO',b'p~vg\x13M^^',48929,red
b'\xfc\xe5`\xb8m\x89Z\x81',b'B7\x96\xf2\x15\x7fVb',53428,red
b'\xa70I\x14\xbc{QZ',b'B7\x96\xf2\x15\x7fVb',49673,red
b'<\xd0\xa1\x0bw\xc7Q\xac',b'B7\x96\xf2\x15\x7fVb',53279,red
b'^%\x1a\xb9\xca\xc5R\xad',b'B7\x96\xf2\x15\x7fVb',49591,red
b'r\x91\x99\xa7\xef\xac\\\xf1',b'B7\x96\xf2\x15\x7fVb',52907,red
b'\x97\xd9\xf3\xf0%aS\xb8',b'B7\x96\xf2\x15\x7fVb',49674,red
b':H\xc6\xbe\xddqX\xd0',b'B7\x96\xf2\x15\x7fVb',48930,red
b'\x84z\xf4\x07(\xd3Z\x1f',b'B7\x96\xf2\x15\x7fVb',48438,red
b'[Ud\xa4\xe7BVd',b'B7\x96\xf2\x15\x7fVb',48929,red
b'\x9bb\x8f/\xef_Z\xda',b'\x8bm\xf0\xe8\x1a\x89Z\t',53428,red
b'\xc7\x0cq\xbbM\xcf\\#',b'\x8bm\xf0\xe8\x1a\x89Z\t',49673,red
b'!\xa1\x9d(#\xd1]#',b'\x8bm\xf0\xe8\x1a\x89Z\t',53279,red
b'\xaa\xec\xe8_1|R\x16',b'\x8bm\xf0\xe8\x1a\x89Z\t',49591,red
b'\x99\x12P\xca\xd8\x94Z\r',b'\x8bm\xf0\xe8\x1a\x89Z\t',52907,red
b'M\xf5\xa6\xa3\x84\x85T\x84',b'\x8bm\xf0\xe8\x1a\x89Z\t',49674,red
b'w\xad\xf2s\xb8\xddW&',b'\x8bm\xf0\xe8\x1a\x89Z\t',48930,red
b'\x15+\xa7b-\xcdW\xb6',b'\x8bm\xf0\xe8\x1a\x89Z\t',48438,red
b'V\xd5\xa13d\x94^\x1f',b'\x8bm\xf0\xe8\x1a\x89Z\t',48929,red
b'_&1\x9a\xe9\x93Q\xae',b'\xd7\xaeFYJ%_\x07',53428,red
b'|\x12$e\xf1\xdaUx',b'\xd7\xaeFYJ%_\x07',49673,red
b'\xb64E\xbcg\xc5W\x8a',b'\xd7\xaeFYJ%_\x07',53279,red
b'\x10v.\x91\x1c\xf7WF',b'\xd7\xaeFYJ%_\x07',49591,red
b'\xdc\xc3\\w;7]Z',b'\xd7\xaeFYJ%_\x07',52907,red
b's?\xd3\x001f^\xd0',b'\xd7\xaeFYJ%_\x07',49674,red
b'\xe8gZ\x04=\xceX\xdd',b'\xd7\xaeFYJ%_\x07',48930,red
b'\x98\x1ez\x1e\xfe\xa2^\xeb',b'\xd7\xaeFYJ%_\x07',48438,red
b'\x8f\xdb\xd8\xa4\xe6\xdd_9',b'\xd7\xaeFYJ%_\x07',48929,red
b'\x9aDO\xf4\xd1p[\r',b'\xdep\xa7\xd6\xf8+[\x9e',53428,red
b'\x1a\x12\x130>\x91W\x16',b'\xdep\xa7\xd6\xf8+[\x9e',49673,red
b'\xcc\xfbn\xe5\x80MRm',b'\xdep\xa7\xd6\xf8+[\x9e',53279,red
b'q\xcb\x9a\xeci\x11T]',b'\xdep\xa7\xd6\xf8+[\x9e',49591,red
b'\x94\xc0\xc2Eh]Yl',b'\xdep\xa7\xd6\xf8+[\x9e',52907,red
b'\x85\xcd\xce\xa2\xc4\tT\x7f',b'\xdep\xa7\xd6\xf8+[\x9e',49674,red
b'\x83k\xee\x98\xc9\xceW\x0e',b'\xdep\xa7\xd6\xf8+[\x9e',48930,red
b'G\xf2\x7f;|\x9e]\xee',b'\xdep\xa7\xd6\xf8+[\x9e',48438,red
"b'T\xcf\xc7\xa4\xf7A^,'",b'\xdep\xa7\xd6\xf8+[\x9e',48929,red
b'\x9e\xff\xf5(\xf5wQ\xea',b'H\x02\xa2\xa4j\xb7R\xf8',53428,red
b'\xbeK~\xa8\xd3\xe7QO',b'H\x02\xa2\xa4j\xb7R\xf8',49673,red
b'\xa7\x01HH\x02\x17X]',b'H\x02\xa2\xa4j\xb7R\xf8',53279,red
b'\xc7)F7\xa2\x07_H',b'H\x02\xa2\xa4j\xb7R\xf8',49591,red
b'\x97\xd8m\x7f\xfa\x13V+',b'H\x02\xa2\xa4j\xb7R\xf8',52907,red
b'\xa2}\xc0\x9d\xa9\xbeS\xb9',b'H\x02\xa2\xa4j\xb7R\xf8',49674,red
b'\xd9\xdd\x91\x7f\xc7fP\x9e',b'H\x02\xa2\xa4j\xb7R\xf8',48930,red
b'[\xb3I}\x9fTW\x04',b'H\x02\xa2\xa4j\xb7R\xf8',48438,red
b'\x08\xb2H\xa7\x02&^\xf7',b'H\x02\xa2\xa4j\xb7R\xf8',48929,red
b'\x0b\xa9\xb6\xd1n\x08\\\x12',b'9\x9c\xaa\xa0\x85\xa6R\x01',53428,red
b'\x1a\x1c\xa75x\x1dT\x0c',b'9\x9c\xaa\xa0\x85\xa6R\x01',49673,red
b'\x07x!\x10\xd5\x05R\xfc',b'9\x9c\xaa\xa0\x85\xa6R\x01',53279,red
b'<\xf1sE\x814S\x02',b'9\x9c\xaa\xa0\x85\xa6R\x01',49591,red
b'{z\xd2\x85\xa3\xa0W\xca',b'9\x9c\xaa\xa0\x85\xa6R\x01',52907,red
b'\x83\x189TK\xb9ZW',b'9\x9c\xaa\xa0\x85\xa6R\x01',49674,red
b'\xcbRK\xf9s\xc5P\x86',b'9\x9c\xaa\xa0\x85\xa6R\x01',48930,red
b'\xb1\xb5\xd7gg\x16Q\xfc',b'9\x9c\xaa\xa0\x85\xa6R\x01',48438,red
b'\x9d\xe4N\xde{\x0fTL',b'9\x9c\xaa\xa0\x85\xa6R\x01',48929,red
b's\xeb\x91\xb1C\xdc_\x96',b'\xf9&\x8c\xb23\x88U\x13',53428,red
b'\xc9~\r\xe0\xf0%S\x85',b'\xf9&\x8c\xb23\x88U\x13',49673,red
b'CO\xca\x00\xaa ^\x94',b'\xf9&\x8c\xb23\x88U\x13',53279,red
b'z\x00\xf18\xf7\x05^\xcd',b'\xf9&\x8c\xb23\x88U\x13',49591,red
b'\x9f\xcc\xe8\xe8\xd6\x1bV\xa1',b'\xf9&\x8c\xb23\x88U\x13',52907,red
b'\x82\xa0\x8cEb\x83T\x8b',b'\xf9&\x8c\xb23\x88U\x13',49674,red
b'5\xbe\x8f\xa4M\xc7[\xcb',b'\xf9&\x8c\xb23\x88U\x13',48930,red
b'\xe1u\xbcQd\x84X\x97',b'\xf9&\x8c\xb23\x88U\x13',48438,red
b'\x9fj\x1f\x10\xcfrY\xd4',b'\xf9&\x8c\xb23\x88U\x13',48929,red
b'P\x02\xd7bg\xdc^Q',b'A<2a\t\x8eX0',53428,red
b'l\x9d\xb0\x82[|W\xfa',b'A<2a\t\x8eX0',49673,red
b'\x16\x07\x88\xdf\xcd\xfaU\x82',b'A<2a\t\x8eX0',53279,red
b'jrm\xb6\xefT_?',b'A<2a\t\x8eX0',49591,red
b'\xa8\xb7/\xcco\xebS`',b'A<2a\t\x8eX0',52907,red
b'\x04]Yp\xc2\x92[\xf4',b'A<2a\t\x8eX0',49674,red
b'\x9a\x03\xa0\xdb\x0f(PH',b'A<2a\t\x8eX0',48930,red
b'\xe2\x1c?%9wQ\x92',b'A<2a\t\x8eX0',48438,red
b'c\xf3\xce\x13\xb8\xe9X\xe2',b'A<2a\t\x8eX0',48929,red
b'0\x03\xdd~\x1c\x83U\xa8',b'\xa8\xae\x16\t\xe9\xeeY8',53428,red
"b'\x16\xae""\xfc\xe7\xffY\xfd'",b'\xa8\xae\x16\t\xe9\xeeY8',49673,red
b'\xe9\xd6\xc5\x19\xd4oR#',b'\xa8\xae\x16\t\xe9\xeeY8',53279,red
b'?\x94KX\xcc\xcaW6',b'\xa8\xae\x16\t\xe9\xeeY8',49591,red
b'U\xc0w\xdb\x86\xfbV)',b'\xa8\xae\x16\t\xe9\xeeY8',52907,red
"b""T\x03'\x11\x99\xaf\\m""",b'\xa8\xae\x16\t\xe9\xeeY8',49674,red
b'\xb7\xb4\x89\xa6\xc8`[\xae',b'\xa8\xae\x16\t\xe9\xeeY8',48930,red
b'\x04@\x0e\x12\xf0\xa4V\xa8',b'\xa8\xae\x16\t\xe9\xeeY8',48438,red
b'\xc7\x13#\x1d(FS~',b'\xa8\xae\x16\t\xe9\xeeY8',48929,red
b'\xfboE~\xf0HV\xa8',b'St\xa5\x84f\x92Ri',53428,red
"b'oJ,\x97%F_\xca'",b'St\xa5\x84f\x92Ri',49673,red
b'\xa4\x10\xb2\xb49\xec^\r',b'St\xa5\x84f\x92Ri',53279,red
b'\x89\xa4\xbf[\xc9\x91Z%',b'St\xa5\x84f\x92Ri',49591,red
b'\xfe\xbf|\xe5\x86\xa5Y\x1d',b'St\xa5\x84f\x92Ri',52907,red
b'\xc3zx\xaa\x00\x15^\xee',b'St\xa5\x84f\x92Ri',49674,red
b'\x0c\x8f\xc5\\5\x9cUm',b'St\xa5\x84f\x92Ri',48930,red
b'\xa6\x8fV[\x88\xc7S\xf3',b'St\xa5\x84f\x92Ri',48438,red
b'\xe9\x14>\x00\xcbo]n',b'St\xa5\x84f\x92Ri',48929,red
b'\x10\xf2>\xd6LKYC',"b""\x12H\xc5o'$Rs""",53428,red
b'\xbb\x8f\xb1$W\xb5Zw',"b""\x12H\xc5o'$Rs""",49673,red
b'\xdfY\xd8D\xa7\xb9^(',"b""\x12H\xc5o'$Rs""",53279,red
"b'VIi\x88""\xd3U6'","b""\x12H\xc5o'$Rs""",49591,red
b'\xe9\xcd3\x17\xbc\x8bY\x1c',"b""\x12H\xc5o'$Rs""",52907,red
b'\xabTVI\xa8\xf4[\xd2',"b""\x12H\xc5o'$Rs""",49674,red
b'mg\xbd\x80s\xa4P\xce',"b""\x12H\xc5o'$Rs""",48930,red
b'\x1a\x82\xf8@\xf2\xcaZ\xe6',"b""\x12H\xc5o'$Rs""",48438,red
b'}h\xb0\x16&\x1f_N',"b""\x12H\xc5o'$Rs""",48929,red
b'6.z\xf4\x1c#]\x1e',b'\xdd\x83}\xcf\xd2_U\xd0',53428,red
b'\x88\xdb\t\xb1\xa4\x94X\xe9',b'\xdd\x83}\xcf\xd2_U\xd0',49673,red
b'\xbc\xf3\\\x85z\xe6_u',b'\xdd\x83}\xcf\xd2_U\xd0',53279,red
b'\x89\x10\x01\xab\xdeaUD',b'\xdd\x83}\xcf\xd2_U\xd0',49591,red
b'\xec\x91\x01$-\x95S\x0f',b'\xdd\x83}\xcf\xd2_U\xd0',52907,red
b'ul\xcf\xba@iX&',b'\xdd\x83}\xcf\xd2_U\xd0',49674,red
b'\xdb\x83HIh\xa1^\x1a',b'\xdd\x83}\xcf\xd2_U\xd0',48930,red
b'\xc5\xd0\xd6\x14\x8f8R$',b'\xdd\x83}\xcf\xd2_U\xd0',48438,red
b'\xaf^\x91x\xb9?P\x01',b'\xdd\x83}\xcf\xd2_U\xd0',48929,red
b'W\xe6\x96\x96\xcdKW\x9b',b'\xe2\x97\xd4\xee\x95yXz',53428,red
b'_X\xbc\x15&DZR',b'\xe2\x97\xd4\xee\x95yXz',49673,red
b'\xa24mt\x9b=V\xca',b'\xe2\x97\xd4\xee\x95yXz',53279,red
b'C\x94Ff/\xbaQ\xa1',b'\xe2\x97\xd4\xee\x95yXz',49591,red
b'\x81\xb8\xc1w\x10CSw',b'\xe2\x97\xd4\xee\x95yXz',52907,red
b'\xdc\x94X\x9d\xc4\x16Z\x94',b'\xe2\x97\xd4\xee\x95yXz',49674,red
b'\xbd#\xab\xcc\xa5V^\xe2',b'\xe2\x97\xd4\xee\x95yXz',48930,red
b'JR\xd2\x99\xe3\xba^\x13',b'\xe2\x97\xd4\xee\x95yXz',48438,red
b'\xe8)\xab\xbb\xe9\xe3^\x17',b'\xe2\x97\xd4\xee\x95yXz',48929,red
b'\xb8\xee\x96\x8c\x04SS\xf5',b'\x07\xb3\xf0A\x93\x10V%',53428,red
b'\xf0\xc8\n\xc4e\x12^-',b'\x07\xb3\xf0A\x93\x10V%',49673,red
b'\xef\x85\xe6\xfb\xb0\xcbQz',b'\x07\xb3\xf0A\x93\x10V%',53279,red
b'\x8a_\x9dR\xbc\xb4[3',b'\x07\xb3\xf0A\x93\x10V%',49591,red
b'J\n\xa6\xb7\xb6\x17Q=',b'\x07\xb3\xf0A\x93\x10V%',52907,red
b'\xc1dNR&\xab^X',b'\x07\xb3\xf0A\x93\x10V%',49674,red
b'\xc5\xdb\x13\xc2\x9b\x92Q2',b'\x07\xb3\xf0A\x93\x10V%',48930,red
b'\xc1\xb2A\xfe61X\xc0',b'\x07\xb3\xf0A\x93\x10V%',48438,red
"b'\x9fNU;,\xabY\xd7'",b'\x07\xb3\xf0A\x93\x10V%',48929,red
"b""?'\x0c\xb6dg^l""",b'\x8c\x9bO\x8b\xe8\\V\xa8',53428,red
b'\x1d\xf8\rGy3V\x89',b'\x8c\x9bO\x8b\xe8\\V\xa8',49673,red
b'\xfa\\\x9a\x9e<uT\xee',b'\x8c\x9bO\x8b\xe8\\V\xa8',53279,red
b'r\xde\xc9\x9c\x8f\xe8_\xb6',b'\x8c\x9bO\x8b\xe8\\V\xa8',49591,red
b'M0\xa7M\r\xe2]\x96',b'\x8c\x9bO\x8b\xe8\\V\xa8',52907,red
b'\x86\x8f1s3\x15U ',b'\x8c\x9bO\x8b\xe8\\V\xa8',49674,red
b'8\xa3\\\xec\xef\x9cYt',b'\x8c\x9bO\x8b\xe8\\V\xa8',48930,red
b'-;\xa9\xab[\x89\\h',b'\x8c\x9bO\x8b\xe8\\V\xa8',48438,red
b'\x15\xc6\xfe\x99CS[\xa9',b'\x8c\x9bO\x8b\xe8\\V\xa8',48929,red
b'\x9af\x14\xe7X\xed[\xe5',b'\xa3\x06p\x15\xdfg[\xd2',53428,red
b'tq\xd8\x83\xb8\x07X\x91',b'\xa3\x06p\x15\xdfg[\xd2',49673,red
b'\xc7\xa9h\x1d.\xc7^\xdb',b'\xa3\x06p\x15\xdfg[\xd2',53279,red
b'\xb8\xeef\xff\xa2)Q\xe1',b'\xa3\x06p\x15\xdfg[\xd2',49591,red
"b'M\x05\xb3""ZS\\b'",b'\xa3\x06p\x15\xdfg[\xd2',52907,red
b'\x10\xb6\x16\x85T\xd8\\/',b'\xa3\x06p\x15\xdfg[\xd2',49674,red
b'\xc1\r\xb4\x12\xfcD\\\xd6',b'\xa3\x06p\x15\xdfg[\xd2',48930,red
b'N\xb0I\xa74\xafTJ',b'\xa3\x06p\x15\xdfg[\xd2',48438,red
b'\xde\t<\xbc\x94\\Sh',b'\xa3\x06p\x15\xdfg[\xd2',48929,red
b'U\x7f\x954\xb8IP\xd4',b'\xde\x9f9\x99-\xaa_\x92',53428,red
b'\x9a\xc0d\x9d\xcfTP\\',b'\xde\x9f9\x99-\xaa_\x92',49673,red
b'o\xa3\r\x10\xe9\xedU(',b'\xde\x9f9\x99-\xaa_\x92',53279,red
b'\xa3\xeb\xe4w:\x94X\x1a',b'\xde\x9f9\x99-\xaa_\x92',49591,red
b':\x02\xf3\xfa\xb4\x05U\xa9',b'\xde\x9f9\x99-\xaa_\x92',52907,red
b'\x85\xdc\xe9\x0b\xe65[h',b'\xde\x9f9\x99-\xaa_\x92',49674,red
b'\r\x05\x9bj\x8e\x85W\x84',b'\xde\x9f9\x99-\xaa_\x92',48930,red
b'yH7\xc5\x90\x84Y\xaa',b'\xde\x9f9\x99-\xaa_\x92',48438,red
b'B6\xdd\\\x84\x04QE',b'\xde\x9f9\x99-\xaa_\x92',48929,red
b'DVo\xe5\xdfk^\xe9',b'\xf1\xc0\x01\xdd\xd9{Vm',53428,red
b'\xe0\x08\x8066|Q\x8f',b'\xf1\xc0\x01\xdd\xd9{Vm',49673,red
b'\xf2\xf4=\x18m\xe9\\n',b'\xf1\xc0\x01\xdd\xd9{Vm',53279,red
"b'\xa3\x19\xc4""7R]l'",b'\xf1\xc0\x01\xdd\xd9{Vm',49591,red
b'\xf2\xa0\xec\xa3\x93\xf8\\\xa4',b'\xf1\xc0\x01\xdd\xd9{Vm',52907,red
b'\xf6(\x8dK\x91\xbe]!',b'\xf1\xc0\x01\xdd\xd9{Vm',49674,red
b'\x82zW\x9b]\xe9S/',b'\xf1\xc0\x01\xdd\xd9{Vm',48930,red
b'S\x81\xfe\x87\xf9VU\x8f',b'\xf1\xc0\x01\xdd\xd9{Vm',48438,red
b'\xef\x1f\x8b\x87\xda.S\xe4',b'\xf1\xc0\x01\xdd\xd9{Vm',48929,red
b'9\xe0\x03\xb3\xa5\x9fQW',b'\x0fQ \x12?\xceQ\x03',53428,red
b'UX{\xdb\x97^U\x8d',b'\x0fQ \x12?\xceQ\x03',49673,red
b't\xe7\xf3\x8b\x10pR8',b'\x0fQ \x12?\xceQ\x03',53279,red
b'\xab(\xe6\x03\xb8\x1cU\xe2',b'\x0fQ \x12?\xceQ\x03',49591,red
b'\xafG\xcb\xa7\x94\xa3PP',b'\x0fQ \x12?\xceQ\x03',52907,red
b'\xa4\xbc\r\xa0\xe4\xdcU\xe4',b'\x0fQ \x12?\xceQ\x03',49674,red
b'\x91\x16\xddW\x9f\xd8W4',b'\x0fQ \x12?\xceQ\x03',48930,red
b'\x03\x91!\xc2\x18\x91\\\x01',b'\x0fQ \x12?\xceQ\x03',48438,red
b'\xd6_\xfeV\xe1\xb8^\x1b',b'\x0fQ \x12?\xceQ\x03',48929,red
b'\xfb\xdf\xafm\xf9\x96QD',b'|\xb7\xf5\x1b\xd9\xa1^\xd2',53428,red
b'O:t\xc8o\xe6PC',b'|\xb7\xf5\x1b\xd9\xa1^\xd2',49673,red
b'`\x93c\x1b#)R&',b'|\xb7\xf5\x1b\xd9\xa1^\xd2',53279,red
b'\xf7M\xa1X\xf9\xa5[\xe1',b'|\xb7\xf5\x1b\xd9\xa1^\xd2',49591,red
b'*\x96*\xf5\xbe\x9eQ\xfc',b'|\xb7\xf5\x1b\xd9\xa1^\xd2',52907,red
b'\x08wip>\xa9_\x91',b'|\xb7\xf5\x1b\xd9\xa1^\xd2',49674,red
b'\xe5\n\x02D\xda\xe8V\x88',b'|\xb7\xf5\x1b\xd9\xa1^\xd2',48930,red
"b'!8\x85\xdc^\xb0P""'",b'|\xb7\xf5\x1b\xd9\xa1^\xd2',48438,red
b'\x16`\x13\x1f\x12\x9a\\\xab',b'|\xb7\xf5\x1b\xd9\xa1^\xd2',48929,red
b'C2\xcf\xd4\x92\x15R?',b'\xaf\xd53!\xaa1Q\xdf',53428,red
b'[rh>R\r^\xf2',b'\xaf\xd53!\xaa1Q\xdf',49673,red
b'\x87\xcb\xd9\xa2\x8f\xddQ\xc1',b'\xaf\xd53!\xaa1Q\xdf',53279,red
b'5%\xcd\xec|SY\xc1',b'\xaf\xd53!\xaa1Q\xdf',49591,red
b'l\xe9\xf8\x97\x89\xfaT\xbc',b'\xaf\xd53!\xaa1Q\xdf',52907,red
b'\xcdo\x86\xaa\xc2\xd0Q\xae',b'\xaf\xd53!\xaa1Q\xdf',49674,red
b'\xfei\xad\xf24@W\xd7',b'\xaf\xd53!\xaa1Q\xdf',48930,red
b'H\xdb]y\x96\x13_\x05',b'\xaf\xd53!\xaa1Q\xdf',48438,red
b'ph\xbcj$\x92U\\',b'\xaf\xd53!\xaa1Q\xdf',48929,red
b'\x97cL\xdb\x82\x0fP\xea',b'*5\x0bD\x0c\x98Z\x95',53428,red
b'F\x9c\x9b`]\x9cS\xb1',b'*5\x0bD\x0c\x98Z\x95',49673,red
b'\x15k\xb2t*}V\xff',b'*5\x0bD\x0c\x98Z\x95',53279,red
"b""'\xeb\n!\xfd\x99ZR""",b'*5\x0bD\x0c\x98Z\x95',49591,red
b'\x04\xa7\xe9\xa8\xf7NTi',b'*5\x0bD\x0c\x98Z\x95',52907,red
b'\x9e\x83xT\xfa<_\x17',b'*5\x0bD\x0c\x98Z\x95',49674,red
b'\xd2\xc6V^\xc8\xd9[\x08',b'*5\x0bD\x0c\x98Z\x95',48930,red
b'\xa1\x88\xf0\x8c\x1c\xa2]U',b'*5\x0bD\x0c\x98Z\x95',48438,red
b'\xcc\xda\x0b]y\rX\xea',b'*5\x0bD\x0c\x98Z\x95',48929,red
b'98\x8d\x85\xf2\xeeW\x9b',b'r\x83\x01\x97\xae\x16ZP',53428,red
b'\xdf\xff\xc9>\xb2EX{',b'r\x83\x01\x97\xae\x16ZP',49673,red
"b'""]A\xbc%\x90P\xee'",b'r\x83\x01\x97\xae\x16ZP',53279,red
b'\x82\xde\xb3\x17\tiT\xda',b'r\x83\x01\x97\xae\x16ZP',49591,red
b'j\x04\x15\x05r>PS',b'r\x83\x01\x97\xae\x16ZP',52907,red
b'!V\xe2\xef\x97\xdaV:',b'r\x83\x01\x97\xae\x16ZP',49674,red
"b""\xd5s\x0b'\xd8+Q\xca""",b'r\x83\x01\x97\xae\x16ZP',48930,red
b'SH\xb32\x83+XH',b'r\x83\x01\x97\xae\x16ZP',48438,red
b'\x993\x84\xdb\xbbAX<',b'r\x83\x01\x97\xae\x16ZP',48929,red
b'\xaf\xdf\xf2\xc6\xe4\x80U\xe1',b'\x80\xc9G\xb7\xf1\xd0Q\x88',53428,red
"b'\x95,\xad\xa2<UQ;'",b'\x80\xc9G\xb7\xf1\xd0Q\x88',49673,red
b':\xb6\xcc\x19\xa8yXp',b'\x80\xc9G\xb7\xf1\xd0Q\x88',53279,red
b'\x91\xcf\xe7\xf2e\xaaQ\xa7',b'\x80\xc9G\xb7\xf1\xd0Q\x88',49591,red
b'\x04\xab4\xfcF\xebYt',b'\x80\xc9G\xb7\xf1\xd0Q\x88',52907,red
b'\xb7e\\\xc9\x9e\x0eYi',b'\x80\xc9G\xb7\xf1\xd0Q\x88',49674,red
b'>\xf4\xf5x\xa4\xb2U\x99',b'\x80\xc9G\xb7\xf1\xd0Q\x88',48930,red
b'\xf3;5\x02!\xac^\xd0',b'\x80\xc9G\xb7\xf1\xd0Q\x88',48438,red
b'#*\x85\xe9\xb9\x08T;',b'\x80\xc9G\xb7\xf1\xd0Q\x88',48929,red
b'\xc9#\xd49\xfa\xfaPE',b'\xa2\x17\x8b\xdb\xac{V*',53428,red
"b""D\xe2S\x19\xd4'U\x0f""",b'\xa2\x17\x8b\xdb\xac{V*',49673,red
b'j%\xb8k\xfa\x10Q\xca',b'\xa2\x17\x8b\xdb\xac{V*',53279,red
b'v\xe0\x960T\xe7P\xbf',b'\xa2\x17\x8b\xdb\xac{V*',49591,red
b'\x0f\xe8\xf7O\xf5\xf9]F',b'\xa2\x17\x8b\xdb\xac{V*',52907,red
b'\xafY\x1c\xb6\xbe=[\xbe',b'\xa2\x17\x8b\xdb\xac{V*',49674,red
"b""\xde'-\xd7\xa2\xd4T\xc0""",b'\xa2\x17\x8b\xdb\xac{V*',48930,red
b'\xb9&\x16)x\x84[\x01',b'\xa2\x17\x8b\xdb\xac{V*',48438,red
b'\xc4\x89$\x8a\xb5\xf4]a',b'\xa2\x17\x8b\xdb\xac{V*',48929,red
b'\x8b9PX\xae\x02\\e',"b""\xa0\x97'\x85m\x05\\\xa5""",53428,red
b'\xe9\x80\xfc\\\xd9\x82_Q',"b""\xa0\x97'\x85m\x05\\\xa5""",49673,red
b'\xb046e\xa0\xe1V\x8a',"b""\xa0\x97'\x85m\x05\\\xa5""",53279,red
b'\xf0-\xc3\xbbv\xa4\\\xca',"b""\xa0\x97'\x85m\x05\\\xa5""",49591,red
b'\x98+\x06\x13\xde\xc1]{',"b""\xa0\x97'\x85m\x05\\\xa5""",52907,red
b'\x14\xe3|\x9d\xe6>Zk',"b""\xa0\x97'\x85m\x05\\\xa5""",49674,red
b'\x8ag\xad\xa5\x05\xf0V\r',"b""\xa0\x97'\x85m\x05\\\xa5""",48930,red
b'\xf8\xee!N\x99o]\x0e',"b""\xa0\x97'\x85m\x05\\\xa5""",48438,red
b'sZvn\xdcI\\\x13',"b""\xa0\x97'\x85m\x05\\\xa5""",48929,red
b'/(\xb3ue\xecZI',b'\x9b\x9e\xbe5\xfe\xcc^\x06',53428,red
b')\xe7\xea3\xde\x90^\xc0',b'\x9b\x9e\xbe5\xfe\xcc^\x06',49673,red
"b'""nU\xaf\xa6$^\xfc'",b'\x9b\x9e\xbe5\xfe\xcc^\x06',53279,red
b'G\xe2\xd7\xc5\xef\xdbYP',b'\x9b\x9e\xbe5\xfe\xcc^\x06',49591,red
b'\x04\x82jg(\xa8Zf',b'\x9b\x9e\xbe5\xfe\xcc^\x06',52907,red
b'\xe3\xfb\xab\xd5\xae\xf2W\x1e',b'\x9b\x9e\xbe5\xfe\xcc^\x06',49674,red
b'x\x98\xd6L\\<_\xd3',b'\x9b\x9e\xbe5\xfe\xcc^\x06',48930,red
b'\xbdS7\t\x1b\xbeV9',b'\x9b\x9e\xbe5\xfe\xcc^\x06',48438,red
b'\x90\x19\xa1\x04\x05\xd2]\xd1',b'\x9b\x9e\xbe5\xfe\xcc^\x06',48929,red
b'\xb8\xc7\x18vU\x12[+',b'\x87]\xca!\xc0\xeaTg',53428,red
b'W\xdd\x0f\xe6Z=\\\xf1',b'\x87]\xca!\xc0\xeaTg',49673,red
b'\x190\xb7>_\xe3U\xb7',b'\x87]\xca!\xc0\xeaTg',53279,red
"b'\x97\x9f\x04\x15,\x98T\xac'",b'\x87]\xca!\xc0\xeaTg',49591,red
b'\x13\x00R\x1c\xf5j]\x05',b'\x87]\xca!\xc0\xeaTg',52907,red
b'\x1fO\x0f\xcd^\xabS\xdf',b'\x87]\xca!\xc0\xeaTg',49674,red
b'\x16\xe3\xb2\xe0\xab|]\x98',b'\x87]\xca!\xc0\xeaTg',48930,red
b'\xebr\x9e\x1c\xd1tR\xfe',b'\x87]\xca!\xc0\xeaTg',48438,red
b'$\xcf\x80\x9b\xec\xb9R9',b'\x87]\xca!\xc0\xeaTg',48929,red
b'\xed\x14\xee\xc8U\xff](',b'\xc2\x80\xc8\x05\xac\xc8P\xd3',53428,red
b'P\xe4\xf8\xe5\x16L^^',b'\xc2\x80\xc8\x05\xac\xc8P\xd3',49673,red
b'@\xb1X]\xd7\tUk',b'\xc2\x80\xc8\x05\xac\xc8P\xd3',53279,red
b'_\xd6\x8e\x0b\x1c4]\xbe',b'\xc2\x80\xc8\x05\xac\xc8P\xd3',49591,red
b'9I\xf0\x17ZNV\xe5',b'\xc2\x80\xc8\x05\xac\xc8P\xd3',52907,red
b'\xca(\xf6\xde\xe6\x8eQP',b'\xc2\x80\xc8\x05\xac\xc8P\xd3',49674,red
b'\x1a\x83-xi#Si',b'\xc2\x80\xc8\x05\xac\xc8P\xd3',48930,red
b'\x1f\xf1\x8f\xc5\x8e\x16U\x86',b'\xc2\x80\xc8\x05\xac\xc8P\xd3',48438,red
b'\x9f\xb4]{\xa7\xe7ZP',b'\xc2\x80\xc8\x05\xac\xc8P\xd3',48929,red
b'\xf7Y\xcaD@\xc5Z\xfe',"b'N""\x11\x01\x06\xb1R\x16'",53428,red
b'\x86\x19\x96\xa5\xe8\x00]\xdc',"b'N""\x11\x01\x06\xb1R\x16'",49673,red
b'\xef#?\xeb\xc6\xe7T\x98',"b'N""\x11\x01\x06\xb1R\x16'",53279,red
b'\xca\xc5\xb5PQV]\xbe',"b'N""\x11\x01\x06\xb1R\x16'",49591,red
"b""\xfd\xba'7\xc0wS8""","b'N""\x11\x01\x06\xb1R\x16'",52907,red
b'\x1e]\xb8\x9b)\xf4U\xe8',"b'N""\x11\x01\x06\xb1R\x16'",49674,red
b'R\xdf\x7f\x9bk_S\xa5',"b'N""\x11\x01\x06\xb1R\x16'",48930,red
b'P\x83@\x81\xc2A^\x88',"b'N""\x11\x01\x06\xb1R\x16'",48438,red
b'\x12]\xcb\xc9\x04\xccR=',"b'N""\x11\x01\x06\xb1R\x16'",48929,red
b'\x86N]\xfdg\xd7Zj',b'_\x82\x1du\xbd\xdaZ\xcc',53428,red
b'\x84.|\x95`\xd5Qw',b'_\x82\x1du\xbd\xdaZ\xcc',49673,red
b'lE4r\xef[[\x1d',b'_\x82\x1du\xbd\xdaZ\xcc',53279,red
b'\x95\xee\xf2\xaa\xbf^^\xe2',b'_\x82\x1du\xbd\xdaZ\xcc',49591,red
b'fgH\xcd\xa8\xdd^\xe6',b'_\x82\x1du\xbd\xdaZ\xcc',52907,red
b'\xdc\x0fE\xdc\xc0e]\x0b',b'_\x82\x1du\xbd\xdaZ\xcc',49674,red
b'0\xac\xcf\xd0\xf6\xedQ\t',b'_\x82\x1du\xbd\xdaZ\xcc',48930,red
b'|\xf0\x1c\xb2\xb1\xe5]d',b'_\x82\x1du\xbd\xdaZ\xcc',48438,red
b'\xe8\x8b\xaf\xd6\x8b\xbe]C',b'_\x82\x1du\xbd\xdaZ\xcc',48929,red
b'\x01\x93\xdc\xce9aQ~',b'\xc9\xf4\x1d\x98\x0b\x12W\x86',53428,red
b'\xb98\xb5\xa6\xe7\x8aZ\xef',b'\xc9\xf4\x1d\x98\x0b\x12W\x86',49673,red
b'^$\xc6X\xae\xd5P\xf7',b'\xc9\xf4\x1d\x98\x0b\x12W\x86',53279,red
b'\x0b\xe0\x0bG-\xf0Y\xde',b'\xc9\xf4\x1d\x98\x0b\x12W\x86',49591,red
b'D\x99\x1eeC\x99V\xbc',b'\xc9\xf4\x1d\x98\x0b\x12W\x86',52907,red
b'\x17\x17\xd7\xf3*\x07U\x95',b'\xc9\xf4\x1d\x98\x0b\x12W\x86',49674,red
b'\xdc\x83\x02[\xdb\xbeV\x89',b'\xc9\xf4\x1d\x98\x0b\x12W\x86',48930,red
b'S\x0e\xa4\tZ\xbcZ\xb0',b'\xc9\xf4\x1d\x98\x0b\x12W\x86',48438,red
b'\xdaj\x83l\xa0|X\x1e',b'\xc9\xf4\x1d\x98\x0b\x12W\x86',48929,red
b'\x81\xa0\xe3:\x8bxW\xf6',b'\x0eq\x046\x90\xd2Y)',53428,red
b'\xfe\xfc\xa0\xf4\t/Q?',b'\x0eq\x046\x90\xd2Y)',49673,red
b'(\x0c\xb7\x02n\x88^Q',b'\x0eq\x046\x90\xd2Y)',53279,red
b'\x9ad\x9f\xb8\xe1\x15Z\xb2',b'\x0eq\x046\x90\xd2Y)',49591,red
b'\x94N\xa8\xd48\xaaX\x18',b'\x0eq\x046\x90\xd2Y)',52907,red
b'\xbc\xed\xda\xb1dhS`',b'\x0eq\x046\x90\xd2Y)',49674,red
b'\xc0\x92?\xd7\xbd\xfa]\xf2',b'\x0eq\x046\x90\xd2Y)',48930,red
b'|\xbbi\x93\xdb+X\xff',b'\x0eq\x046\x90\xd2Y)',48438,red
b'Ic\x0f|\x8d\xfb^=',b'\x0eq\x046\x90\xd2Y)',48929,red
b'i\x96\xe9U6\xd7\\\xe1',b'\xc8\xb3\xe3\xee.\xe9^B',53428,red
b'\x97l\xc4=\xdb\x1dQ\xe7',b'\xc8\xb3\xe3\xee.\xe9^B',49673,red
"b""\xfe\x86'\xea\xdb\x9b]\xfd""",b'\xc8\xb3\xe3\xee.\xe9^B',53279,red
b'\xd0;\xa3\x13>\xf5U5',b'\xc8\xb3\xe3\xee.\xe9^B',49591,red
b'v\xce\x04^\r\x90^w',b'\xc8\xb3\xe3\xee.\xe9^B',52907,red
b'e\xb1o>\x03\xce^\x91',b'\xc8\xb3\xe3\xee.\xe9^B',49674,red
b'\xa5\x93\xf8L\xdd/_\xd1',b'\xc8\xb3\xe3\xee.\xe9^B',48930,red
b'\xb3+\xebz\xc1\x9fT\xba',b'\xc8\xb3\xe3\xee.\xe9^B',48438,red
b'\x03\xa2i\xb0R\xdf]\xf6',b'\xc8\xb3\xe3\xee.\xe9^B',48929,red
"b""\xcf\xe0{'\xe8)[>""",b'\xfd\xea\xd2\x11\xadcR\xe7',53428,red
b'\x9b!\x8e\x16\x9e\tW\x02',b'\xfd\xea\xd2\x11\xadcR\xe7',49673,red
b'\xf8x\xed|)\xae\\\xce',b'\xfd\xea\xd2\x11\xadcR\xe7',53279,red
b'J\x98\xf5;\x165\\h',b'\xfd\xea\xd2\x11\xadcR\xe7',49591,red
b'\xc6\xe7{\xc2T\x0f_\x17',b'\xfd\xea\xd2\x11\xadcR\xe7',52907,red
b'\xec\r\xe1\x83<GR\xad',b'\xfd\xea\xd2\x11\xadcR\xe7',49674,red
b'\xedC\xba\xa5\xf1\xc9Wu',b'\xfd\xea\xd2\x11\xadcR\xe7',48930,red
b'Rg\xfdS\xe0\x9bX\xcc',b'\xfd\xea\xd2\x11\xadcR\xe7',48438,red
b'F\xed\x9e\xa3\t3PR',b'\xfd\xea\xd2\x11\xadcR\xe7',48929,red
b'\xb5\xcd\xf9\xfd\xfd\x1dX\xaf',b'\xefM#\x00\x9d\xdeSg',53428,red
b'\x7f\xccS\xe2=$]\xe5',b'\xefM#\x00\x9d\xdeSg',49673,red
b'M\xb6\xe5\xc1P\x99S\x9b',b'\xefM#\x00\x9d\xdeSg',53279,red
b'\x1cc\x86\x180\xdaW0',b'\xefM#\x00\x9d\xdeSg',49591,red
b'\xcd\xe3\xa1\xb1\n\xe8\\\xfe',b'\xefM#\x00\x9d\xdeSg',52907,red
b's1\xf7\xa4\xcd\xd4_\xd8',b'\xefM#\x00\x9d\xdeSg',49674,red
"b""\x9ad\xa5\xb0\x1a']\xa8""",b'\xefM#\x00\x9d\xdeSg',48930,red
b'\xaa\x8bs\x0e[\x84^\xb2',b'\xefM#\x00\x9d\xdeSg',48438,red
b'\xcf\xea\xb4 \xb66^\x84',b'\xefM#\x00\x9d\xdeSg',48929,red
b'\xfa\xaa|\xa2\x02\xf1T\x7f',b'\x96\x08\xb4\xf5\xd5\xf8_\xe6',53428,red
b'!\xa5\x8e\xa9\xa6\x18R3',b'\x96\x08\xb4\xf5\xd5\xf8_\xe6',49673,red
b'\x8fr\xfdT\x8b0Td',b'\x96\x08\xb4\xf5\xd5\xf8_\xe6',53279,red
b'\x06)|[\xed^R\x94',b'\x96\x08\xb4\xf5\xd5\xf8_\xe6',49591,red
b'\xba\xb3\xd3\x9d\xd7\xe0T\xd4',b'\x96\x08\xb4\xf5\xd5\xf8_\xe6',52907,red
b'{\x1b\x1dI\x00H\\\x9c',b'\x96\x08\xb4\xf5\xd5\xf8_\xe6',49674,red
b'\xf4N\xa7\xdcStZ\xca',b'\x96\x08\xb4\xf5\xd5\xf8_\xe6',48930,red
b'\x0c\x8c;6l\x18Z\xd0',b'\x96\x08\xb4\xf5\xd5\xf8_\xe6',48438,red
b'\x94\x9a\xd9\xbeyX]`',b'\x96\x08\xb4\xf5\xd5\xf8_\xe6',48929,red
b'\x15\xc8\x15\x96z3Z\xef',b'I\xb8\xcb\x10\x0cK\\\xf3',53428,red
b'H^\xd5\xc4zV\\a',b'I\xb8\xcb\x10\x0cK\\\xf3',49673,red
b'\x80:\xe5\x0c\x9f\xca_\xe6',b'I\xb8\xcb\x10\x0cK\\\xf3',53279,red
b'\x10=\xc0\xb16\nY7',b'I\xb8\xcb\x10\x0cK\\\xf3',49591,red
b'\xd0\x8cF6\xd7\xc1Qr',b'I\xb8\xcb\x10\x0cK\\\xf3',52907,red
b'\xe3\xc0\xff\xaf\xb0\x18\\\xad',b'I\xb8\xcb\x10\x0cK\\\xf3',49674,red
b'\x8c\xa6\xc1\x83\xb7\x96T\xb1',b'I\xb8\xcb\x10\x0cK\\\xf3',48930,red
b'Z\xc24\xab\x1f\x19W\x85',b'I\xb8\xcb\x10\x0cK\\\xf3',48438,red
b'L?\x1d\x10#n^f',b'I\xb8\xcb\x10\x0cK\\\xf3',48929,red
b'e\xe2\x86~\xfd;\\\xe2',b'\xdd\xc4\x81G!\xd2XA',53428,red
b'Hs\x03\x13\x8a\xa5T\x7f',b'\xdd\xc4\x81G!\xd2XA',49673,red
b'\x8fY\xfb\xe0\xef\x19X2',b'\xdd\xc4\x81G!\xd2XA',53279,red
b'\x90\x98mK\xacPU\xc4',b'\xdd\xc4\x81G!\xd2XA',49591,red
b'\xf4\xcbZ\x83o\xb8Uz',b'\xdd\xc4\x81G!\xd2XA',52907,red
b'\x9f\x96\xb3\xb8\x1b\x9d\\]',b'\xdd\xc4\x81G!\xd2XA',49674,red
"b'M\xee\xd7f\xac""\\M'",b'\xdd\xc4\x81G!\xd2XA',48930,red
"b'Q\xed,\xd0\xa9\xffP\x08'",b'\xdd\xc4\x81G!\xd2XA',48438,red
b'\xd3\xa41O?iRL',b'\xdd\xc4\x81G!\xd2XA',48929,red
b'\x10\xd7\xfd\xd5\xfb\xb3[Z',b'\xc3\xfb\xca\xb6\x9f%V\xf5',53428,red
"b'H\xe5{\x88,\xf6]:'",b'\xc3\xfb\xca\xb6\x9f%V\xf5',49673,red
b'\xf4\xf4\x93\xd23\x87S\x11',b'\xc3\xfb\xca\xb6\x9f%V\xf5',53279,red
b'\x03*\\\xf9\xd6\xf9W\xf6',b'\xc3\xfb\xca\xb6\x9f%V\xf5',49591,red
b'mE\xab\xae\x16p[W',b'\xc3\xfb\xca\xb6\x9f%V\xf5',52907,red
b'\xe7\xf4-Y\x94sVT',b'\xc3\xfb\xca\xb6\x9f%V\xf5',49674,red
b'\x1c\xe6\x90\xac\xcc\xa8Q\n',b'\xc3\xfb\xca\xb6\x9f%V\xf5',48930,red
b'W\x84w\xe1<CS\x9c',b'\xc3\xfb\xca\xb6\x9f%V\xf5',48438,red
"b""'\x0e\x8f\xa8g+^\xb7""",b'\xc3\xfb\xca\xb6\x9f%V\xf5',48929,red
b'\x92\x92\xbe\xbd\xc0\x88P\xcf',"b'\x13\xb0\xf8\x93\x85\xe1_""'",53428,red
b'9\xe2\x19\x16]\xbb[\x1a',"b'\x13\xb0\xf8\x93\x85\xe1_""'",49673,red
b'd\xca\xb1\x0b\xc1\xa8U\x95',"b'\x13\xb0\xf8\x93\x85\xe1_""'",53279,red
b'\xb5\x05\xf4y\t\xd8WT',"b'\x13\xb0\xf8\x93\x85\xe1_""'",49591,red
b'\xe7\xe6\xfa\x8d\xed\x13Y\xcd',"b'\x13\xb0\xf8\x93\x85\xe1_""'",52907,red
b'\x84\xda\x86\x9e\xc5p_\xdf',"b'\x13\xb0\xf8\x93\x85\xe1_""'",49674,red
b'\x8beTZ\x884^V',"b'\x13\xb0\xf8\x93\x85\xe1_""'",48930,red
b'\x0f\xcc\xc01\x88\x04Yt',"b'\x13\xb0\xf8\x93\x85\xe1_""'",48438,red
b'\x93\xf3%+\x00yP\x1b',"b'\x13\xb0\xf8\x93\x85\xe1_""'",48929,red
b'V\x01\x8c\xc2Q\xc6P}',b'\xe8\xabl\xcfE\xf3[A',53428,red
b'\x0e>^\x9e\xc6\xacX\xba',b'\xe8\xabl\xcfE\xf3[A',49673,red
b'\xa6\xfd\xfc\x7f\xed\x19X\xd4',b'\xe8\xabl\xcfE\xf3[A',53279,red
b'V7\xa6\\\xe1\x10^\xc1',b'\xe8\xabl\xcfE\xf3[A',49591,red
b'\x7f\xb9Z~\xd7\xd2T\xe7',b'\xe8\xabl\xcfE\xf3[A',52907,red
b'\x7f\x13\xe9\xe1\xc5D[\x15',b'\xe8\xabl\xcfE\xf3[A',49674,red
b'^\xe8\xf6o\x0b\x05\\|',b'\xe8\xabl\xcfE\xf3[A',48930,red
b'\xe96\xf6\x98\xcb\xfeW0',b'\xe8\xabl\xcfE\xf3[A',48438,red
b'\x0c\xa5l\x8df\xecP\xc0',b'\xe8\xabl\xcfE\xf3[A',48929,red
"b',\xe6p\xf8]\x97]\xc4'",b'\xdc\xbd\xefB\tm[6',53428,red
b'}~s\x85\xafVY5',b'\xdc\xbd\xefB\tm[6',49673,red
b'\xc7 \xb4\xb3\x1dn^\xab',b'\xdc\xbd\xefB\tm[6',53279,red
b'wpX\xa3\x05\x9fX\xfe',b'\xdc\xbd\xefB\tm[6',49591,red
b'{}&\xacB.V\x8d',b'\xdc\xbd\xefB\tm[6',52907,red
b'\x1a}\x14\xcd\x8d)R\xeb',b'\xdc\xbd\xefB\tm[6',49674,red
"b""Q\x17'\x02\x0cyY\x17""",b'\xdc\xbd\xefB\tm[6',48930,red
b'7T\x94\xe4\xf0\x06\\ ',b'\xdc\xbd\xefB\tm[6',48438,red
b'\xafE\xb1\xb11\tVB',b'\xdc\xbd\xefB\tm[6',48929,red
b'\xdaME\xf5\xeb\x82S\xfb',b'\xa6C\xcf\x97\x99Q_C',53428,red
b'\x93\xbe\x9b\xd3\xb1#RW',b'\xa6C\xcf\x97\x99Q_C',49673,red
b'\xb4\xfb|F \xc0S\xc8',b'\xa6C\xcf\x97\x99Q_C',53279,red
b'\xcc\xc0\x92\x04\xcdT[\x1c',b'\xa6C\xcf\x97\x99Q_C',49591,red
b'y\xcbe\xa7\x1d-WS',b'\xa6C\xcf\x97\x99Q_C',52907,red
b'J-\x1e\xcb.\xabU\x07',b'\xa6C\xcf\x97\x99Q_C',49674,red
b'\xc3~\xc7\x97Yi[5',b'\xa6C\xcf\x97\x99Q_C',48930,red
b'\x13wf\x0f\xefgTg',b'\xa6C\xcf\x97\x99Q_C',48438,red
b'\x87\xd9\xd8?\xb4\x95[\xbc',b'\xa6C\xcf\x97\x99Q_C',48929,red
b'\x052\xe7\t0cX%',b'\xe0#R\xcf\xf5\x00Z(',53428,red
"b""'\xac\x11\x854\xe3]\xe2""",b'\xe0#R\xcf\xf5\x00Z(',49673,red
b'\xb4\xca\xf1;\xb6\xf5^/',b'\xe0#R\xcf\xf5\x00Z(',53279,red
b'\x94\xa0.:\xa4\\[\xc2',b'\xe0#R\xcf\xf5\x00Z(',49591,red
b'\xb4\x97\x8dj\x89{T\x7f',b'\xe0#R\xcf\xf5\x00Z(',52907,red
b'\xcc/*D\r\x13P\xed',b'\xe0#R\xcf\xf5\x00Z(',49674,red
b'\x1ct\x18\xa5\x98\x86^g',b'\xe0#R\xcf\xf5\x00Z(',48930,red
b'\xb2c\x83\x16R\xb0R\xeb',b'\xe0#R\xcf\xf5\x00Z(',48438,red
b':;\xb89\xd7sY\xec',b'\xe0#R\xcf\xf5\x00Z(',48929,red
b'y\xf7\xf5<p\x9bWN',b'\n\xbc\x9erI\x0f\\\xe6',53428,red
"b'\xb2""\xaf\xc9\xc3\xcdQ\xfc'",b'\n\xbc\x9erI\x0f\\\xe6',49673,red
b'5\xb8\xd0\xff\xda\x86Wc',b'\n\xbc\x9erI\x0f\\\xe6',53279,red
"b""$\xdb\x0b~'\x1b[[""",b'\n\xbc\x9erI\x0f\\\xe6',49591,red
b'w\xa3\x01\x14 \x99U\xbe',b'\n\xbc\x9erI\x0f\\\xe6',52907,red
b'\x02u5\xd1\xfc\xf5T#',b'\n\xbc\x9erI\x0f\\\xe6',49674,red
b'\x8e_h\x12\xe2\xc7Y\xe6',b'\n\xbc\x9erI\x0f\\\xe6',48930,red
b'\xfc\x86\x0b*\xba\xa1Vt',b'\n\xbc\x9erI\x0f\\\xe6',48438,red
b'Q9\xa6\x9d\xa0\x87\\k',b'\n\xbc\x9erI\x0f\\\xe6',48929,red
b'y\x95H\xef\xec<U\xa8',b'\x87\x9e\x10\x13\x8d\xdd[\xe3',53428,red
b'\xf6\xd3\xf4$\x0f\xd9]W',b'\x87\x9e\x10\x13\x8d\xdd[\xe3',49673,red
b'\x01K\x99\xbf>JQ~',b'\x87\x9e\x10\x13\x8d\xdd[\xe3',53279,red
"b'\x99\x06""h\xb20Z\xc4'",b'\x87\x9e\x10\x13\x8d\xdd[\xe3',49591,red
b'|\xf8:B\xb9UT~',b'\x87\x9e\x10\x13\x8d\xdd[\xe3',52907,red
b'{\x14?\xe9Bk_P',b'\x87\x9e\x10\x13\x8d\xdd[\xe3',49674,red
b'E\r\xf5\xea?\x07Q\xe3',b'\x87\x9e\x10\x13\x8d\xdd[\xe3',48930,red
b'\x93\xe3\x9f\x86\xb0lU{',b'\x87\x9e\x10\x13\x8d\xdd[\xe3',48438,red
b'\xa8\xc9\x7f\x80m\x1cQ\xca',b'\x87\x9e\x10\x13\x8d\xdd[\xe3',48929,red
b'\x92\x84&+iMP\x8f',b'%/\xb2\x11M\xf1\\\xc5',53428,red
b'\xe1\x1d?\xaa\xdf\xb9RV',b'%/\xb2\x11M\xf1\\\xc5',49673,red
b'\xa9g\xc3\xff\xf2{X\x9f',b'%/\xb2\x11M\xf1\\\xc5',53279,red
b's\xbcR\xa2\x19\xda\\y',b'%/\xb2\x11M\xf1\\\xc5',49591,red
b'f\xfc\x0ey\x88\xabP\x02',b'%/\xb2\x11M\xf1\\\xc5',52907,red
b'+\x0e!\\x\xd8U\x89',b'%/\xb2\x11M\xf1\\\xc5',49674,red
b'\x10V\xdbfk\x87S\x8e',b'%/\xb2\x11M\xf1\\\xc5',48930,red
b'\xb1\xf8\xcc\xb79\xc7S\xf1',b'%/\xb2\x11M\xf1\\\xc5',48438,red
b'\xa8\x97}\xaaUmR\xae',b'%/\xb2\x11M\xf1\\\xc5',48929,red
b'A\x05\x91\x12\xf1\xb7U\xcd',b'\xacB\xaeQY\xa0Q\xfe',53428,red
b'\xeck\x93\xba5\xbd_\xac',b'\xacB\xaeQY\xa0Q\xfe',49673,red
b'\x92\xe6\x81\xa2\x08PS\xa3',b'\xacB\xaeQY\xa0Q\xfe',53279,red
b'p\xbd\x13\n\xb6eY\x87',b'\xacB\xaeQY\xa0Q\xfe',49591,red
b'\t\xde\xa7>>\xd7Q\xc2',b'\xacB\xaeQY\xa0Q\xfe',52907,red
b'\x897\xb4A\x8aI[\xb4',b'\xacB\xaeQY\xa0Q\xfe',49674,red
b'\xb2T4\xd9\xfd\xb4\\]',b'\xacB\xaeQY\xa0Q\xfe',48930,red
b'\xe4\t\xe3\xee\xe6\x80P\x03',b'\xacB\xaeQY\xa0Q\xfe',48438,red
"b'\x9f\xc6,:\xf4\x7f\\\x9f'",b'\xacB\xaeQY\xa0Q\xfe',48929,red
b'\xef5\xd8/\xc8P[\xac',b'w\xa1\x88\x17G\x93\\\n',53428,red
b'|I\xc9|\x15\xb7P\x97',b'w\xa1\x88\x17G\x93\\\n',49673,red
b'\xadU\x82.F5_*',b'w\xa1\x88\x17G\x93\\\n',53279,red
"b'\xc5\xba\xd1""\xa3{_\x87'",b'w\xa1\x88\x17G\x93\\\n',49591,red
b'.#\xfc\xc4\x1a\xd7[]',b'w\xa1\x88\x17G\x93\\\n',52907,red
b'\xe3\x89\xcd\x05\xb51[`',b'w\xa1\x88\x17G\x93\\\n',49674,red
b'\xad\x92\xefxX\x1eZV',b'w\xa1\x88\x17G\x93\\\n',48930,red
b'\xaee\xd1\x13\xfd\x90_\x1d',b'w\xa1\x88\x17G\x93\\\n',48438,red
b'\xe8\x9e\xb5\x9a\x94\xf9P\x9d',b'w\xa1\x88\x17G\x93\\\n',48929,red
b'\xdej!Jc\xab]\xbe',"b""l\x8b\x83\xfa'\xba]\xa8""",53428,red
b'\x16\x05\xe0r^\xb2Zy',"b""l\x8b\x83\xfa'\xba]\xa8""",49673,red
b'\x88CH\x97\x9c4Q\x01',"b""l\x8b\x83\xfa'\xba]\xa8""",53279,red
b'\xf8\x0c\xc1\xd3\x0b\xfbW~',"b""l\x8b\x83\xfa'\xba]\xa8""",49591,red
b'S\x9a\xfd\x16\xba4Y ',"b""l\x8b\x83\xfa'\xba]\xa8""",52907,red
b' T\xd8\x1f\xd1\xf6\\\xf3',"b""l\x8b\x83\xfa'\xba]\xa8""",49674,red
b'X<_\xa2\x80\x90Qk',"b""l\x8b\x83\xfa'\xba]\xa8""",48930,red
b'\xf8\xdc4\xc2h\xbd_w',"b""l\x8b\x83\xfa'\xba]\xa8""",48438,red
"b'\x98\x9a\x8e\x92""\xa0Z\x06'","b""l\x8b\x83\xfa'\xba]\xa8""",48929,red
b'?\xa2\xcb\xfaS\x9eY_',b'%\xf9o\xdbONT\xff',53428,red
b'\xfd{&_S\x0cTo',b'%\xf9o\xdbONT\xff',49673,red
b'\xa5\xaa$S.\xb4^\xc8',b'%\xf9o\xdbONT\xff',53279,red
b'^\x81Fb\xb41YT',b'%\xf9o\xdbONT\xff',49591,red
b'\x98Vz%\xde\xb5^<',b'%\xf9o\xdbONT\xff',52907,red
b'\xd8\x0cI^\x94\x84]I',b'%\xf9o\xdbONT\xff',49674,red
b'\xcb\xeb\nPb\x84U\n',b'%\xf9o\xdbONT\xff',48930,red
b'\x85\x90\xa0\xc9\xa8\xf1\\.',b'%\xf9o\xdbONT\xff',48438,red
b'\xe7\x843\xa6#[P\xa9',b'%\xf9o\xdbONT\xff',48929,red
b'\xf3\xa6\x82S\x9eUR\xfb',b'\xf0\x0f\x07\n>KU\xac',53428,red
b'N`\xef\x00\xfeiS!',b'\xf0\x0f\x07\n>KU\xac',49673,red
b'\x14\xa2X%\x81\x19Y\xc4',b'\xf0\x0f\x07\n>KU\xac',53279,red
b'\x87^\xaa\xee\xc7\xecY\xb8',b'\xf0\x0f\x07\n>KU\xac',49591,red
b'\x83\x8d\xce\x97\x0bTX\xa4',b'\xf0\x0f\x07\n>KU\xac',52907,red
b'\x89\xdb\xb6D\xc3\xd2T5',b'\xf0\x0f\x07\n>KU\xac',49674,red
"b""\xa1\xb5\xb5$\x1c'Y$""",b'\xf0\x0f\x07\n>KU\xac',48930,red
b'\x9d\x1d_I\x13\xffQ\t',b'\xf0\x0f\x07\n>KU\xac',48438,red
b'\xd0AU\xe1\xd3S^s',b'\xf0\x0f\x07\n>KU\xac',48929,red
b'\xab#\x10\x9a\x970\\b',b'F\xac\xbe\x97\x80-P\xae',53428,red
b'\xdbC{\xbf\xdf\tT\x97',b'F\xac\xbe\x97\x80-P\xae',49673,red
b'/\x96\x9c:\x8c\x86\\\x07',b'F\xac\xbe\x97\x80-P\xae',53279,red
b'\xb6\xd8\xe6\xa7G\xff^\x1f',b'F\xac\xbe\x97\x80-P\xae',49591,red
b'\x8c\xe2\x13\xf7\xed\xaeU\xf9',b'F\xac\xbe\x97\x80-P\xae',52907,red
b'n\x87\x96f\xcbeR\x84',b'F\xac\xbe\x97\x80-P\xae',49674,red
b'n\x9f7q+\xa2Q1',b'F\xac\xbe\x97\x80-P\xae',48930,red
b'\xac\x08>~\x8e\x0cYX',b'F\xac\xbe\x97\x80-P\xae',48438,red
b'\xb1\x17\x1c\xd9\x7f\x99Q\xb2',b'F\xac\xbe\x97\x80-P\xae',48929,red
b'\xa7N\xa5O\xe4\x88[3',b'\xc7^\xe2\xdf;\xdcRb',53428,red
b'\xb3}\t\x849&_\r',b'\xc7^\xe2\xdf;\xdcRb',49673,red
b'\x07\x8c:\x07\x02\xb0U3',b'\xc7^\xe2\xdf;\xdcRb',53279,red
b'\xb6P+\xde#\xfeUr',b'\xc7^\xe2\xdf;\xdcRb',49591,red
b'\xde\xc3[N\x8d\x8fX\x8f',b'\xc7^\xe2\xdf;\xdcRb',52907,red
b'\xffj\xe6\xe0)^V7',b'\xc7^\xe2\xdf;\xdcRb',49674,red
b'\xd8 \xb8\xa6V\xd6T\xda',b'\xc7^\xe2\xdf;\xdcRb',48930,red
b'\xbb\x81+#\x83\x98S\x1e',b'\xc7^\xe2\xdf;\xdcRb',48438,red
b'3n\xffKC\x8e_q',b'\xc7^\xe2\xdf;\xdcRb',48929,red
b')d\xce\x118\x97Rf',b'!r|\x18\xae\xf2V\xa7',53428,red
b'\x10u\xbe\xe7q\x9cY\x82',b'!r|\x18\xae\xf2V\xa7',49673,red
b'%q\xc3\xcd\x02\x9aQ\xcb',b'!r|\x18\xae\xf2V\xa7',53279,red
b'\xc0\x83=p\xb6\xd6]\xae',b'!r|\x18\xae\xf2V\xa7',49591,red
b'$\xf3%\xc8=\x89Z\x12',b'!r|\x18\xae\xf2V\xa7',52907,red
b'\x18\xa3\xaaN \xf5P\xb9',b'!r|\x18\xae\xf2V\xa7',49674,red
b'\x90y\x9e7-o[\xe5',b'!r|\x18\xae\xf2V\xa7',48930,red
b'\x84\x16\x87\xd0\x93\x03^b',b'!r|\x18\xae\xf2V\xa7',48438,red
b'=W\xc8k\xa0\x03Q\xd5',b'!r|\x18\xae\xf2V\xa7',48929,red
b'x\x8e\xc1\xa0k\xaa^\x07',b'\xd0[\xd8\xf6\xcd.Z\x91',53428,red
b'&V\xbb\xce\xbf/_\xba',b'\xd0[\xd8\xf6\xcd.Z\x91',49673,red
b'\x04*a1c\x04Q\xba',b'\xd0[\xd8\xf6\xcd.Z\x91',53279,red
b'_\xfc3v\xf3([\xc9',b'\xd0[\xd8\xf6\xcd.Z\x91',49591,red
b'l\xe8\xebs\xa7\x82W#',b'\xd0[\xd8\xf6\xcd.Z\x91',52907,red
b'0\x19\xb3)\xb8\xc4W-',b'\xd0[\xd8\xf6\xcd.Z\x91',49674,red
b'\xac\x9dR\xf9.DP\x93',b'\xd0[\xd8\xf6\xcd.Z\x91',48930,red
b'\xf2gde\x060V\\',b'\xd0[\xd8\xf6\xcd.Z\x91',48438,red
"b'\xe1""H\xcaj\x00_W'",b'\xd0[\xd8\xf6\xcd.Z\x91',48929,red
b'y\xc8\xa8\xc8;\x08R\x14',b'\x8b\x83\xdd\x9a\xc8\xe6P\xd9',53428,red
b'\xe9]\xf6\xbf\xba\xe2^\xdb',b'\x8b\x83\xdd\x9a\xc8\xe6P\xd9',49673,red
b'\xfa\x14BS\x82v]\xc6',b'\x8b\x83\xdd\x9a\xc8\xe6P\xd9',53279,red
b'\xf1&N\x9b\xe93V\x9d',b'\x8b\x83\xdd\x9a\xc8\xe6P\xd9',49591,red
b'M\xc6\x13\x13\xf7\xad_8',b'\x8b\x83\xdd\x9a\xc8\xe6P\xd9',52907,red
b'\x13\xbf\xc3\xce\xa5nR\x01',b'\x8b\x83\xdd\x9a\xc8\xe6P\xd9',49674,red
b'c\xbbZ\x1dua[~',b'\x8b\x83\xdd\x9a\xc8\xe6P\xd9',48930,red
b'P>DN\xc5X\\L',b'\x8b\x83\xdd\x9a\xc8\xe6P\xd9',48438,red
b'\xec\x17\xc6mLKZ^',b'\x8b\x83\xdd\x9a\xc8\xe6P\xd9',48929,red
b'd\xba\x16gpOW^',b'\xd6\xa5N\x9eUFVx',53428,red
b'\x8a\x89\xd1\x96\x07\xccZ\xb4',b'\xd6\xa5N\x9eUFVx',49673,red
b'\xea\xf7$\x15.\xb7Z\x91',b'\xd6\xa5N\x9eUFVx',53279,red
b'\x8e\xa835\x9e\xdc\\\x00',b'\xd6\xa5N\x9eUFVx',49591,red
b'8!W\xb3\x89aU\x98',b'\xd6\xa5N\x9eUFVx',52907,red
b'\xa0xM%W\x15R\xfe',b'\xd6\xa5N\x9eUFVx',49674,red
b'C\xc9\x1c\x99\xb9\xdaZ\x08',b'\xd6\xa5N\x9eUFVx',48930,red
b'\x17\xfe\xf1n\xf2\x8cZz',b'\xd6\xa5N\x9eUFVx',48438,red
b'\x9cg;.x\\_\xfe',b'\xd6\xa5N\x9eUFVx',48929,red
b'\xb6i\x90\x88s\xabX=',b'\xdc\xc9bg\xe9\xbbT\xe2',53428,red
b'Z\xf6\x13W\xdc\xc4Qs',b'\xdc\xc9bg\xe9\xbbT\xe2',49673,red
b'\xfe;b\x01\x82\xacQ\xda',b'\xdc\xc9bg\xe9\xbbT\xe2',53279,red
b'M\xffJ\xa39\xa8Us',b'\xdc\xc9bg\xe9\xbbT\xe2',49591,red
b'\xba8:z*$\\\xf5',b'\xdc\xc9bg\xe9\xbbT\xe2',52907,red
b'\x1f\xc1\x19\xdf)\x85_^',b'\xdc\xc9bg\xe9\xbbT\xe2',49674,red
b'x\xe496\xdb\x15S\xf2',b'\xdc\xc9bg\xe9\xbbT\xe2',48930,red
"b'\x94\x81\x11_\xc8KQ""'",b'\xdc\xc9bg\xe9\xbbT\xe2',48438,red
b'\x7f\x8f!;\x98:UD',b'\xdc\xc9bg\xe9\xbbT\xe2',48929,red
b'v\xbb\x9aMI\x9eT\xcc',b'iUn\xea\xf7\x83_\xb8',53428,red
b'ri\xd9\x99\xe8\xdfS\x90',b'iUn\xea\xf7\x83_\xb8',49673,red
b'\x92\x90\xb0S\xa3?PB',b'iUn\xea\xf7\x83_\xb8',53279,red
b'\xbfL\xc4\xb5\xf1\xe6[y',b'iUn\xea\xf7\x83_\xb8',49591,red
b'\x99\x8c\xbb\x15p\xacU\x97',b'iUn\xea\xf7\x83_\xb8',52907,red
b'\xbcj\\\xa8\xec\xc4Qg',b'iUn\xea\xf7\x83_\xb8',49674,red
b'U\xbf\xd6\xb8V\xf3^.',b'iUn\xea\xf7\x83_\xb8',48930,red
b'\xdb\xeap\x80\xd9\xa1Q\x1a',b'iUn\xea\xf7\x83_\xb8',48438,red
"b""Z+\xd1\x0f'\x12T\x1f""",b'iUn\xea\xf7\x83_\xb8',48929,red
b'\x99\xf8\xce\x8e\xfb\xfaP\xbe',b'\x85\x03\xb2k2\xa4^I',53428,red
b'0\x80>\x8eP\xa0R\xeb',b'\x85\x03\xb2k2\xa4^I',49673,red
b'|\xb4\x91\xb31\xd9^\xa4',b'\x85\x03\xb2k2\xa4^I',53279,red
"b'\x8a\xa2d,\x9dPP|'",b'\x85\x03\xb2k2\xa4^I',49591,red
b'\xd6\xbf\xcc\x05\xdeZ_\x1f',b'\x85\x03\xb2k2\xa4^I',52907,red
b'\xf08\x14\xfd\x14\xdaV\xc8',b'\x85\x03\xb2k2\xa4^I',49674,red
b'U\x1e\xa6\xa2`\xd2V2',b'\x85\x03\xb2k2\xa4^I',48930,red
b'-\xbd\xad\x1e\xf8\xc4W\xa6',b'\x85\x03\xb2k2\xa4^I',48438,red
b'}Q\x0e_\xeePXq',b'\x85\x03\xb2k2\xa4^I',48929,red
b'\x81\xfaz\x8aU\xe3P\xc7',b'9\xbf)\x00/\xeeW\x81',53428,red
b'\r\xea\x90\xe9\x03iP\x8d',b'9\xbf)\x00/\xeeW\x81',49673,red
b'\xfe\x1a`\x01\x0bnXa',b'9\xbf)\x00/\xeeW\x81',53279,red
b'\xe7\xf2\xd7\xc4\xeb\xb3R\x18',b'9\xbf)\x00/\xeeW\x81',49591,red
b'f\xd1\xd2=\xe5\xebQ\xf3',b'9\xbf)\x00/\xeeW\x81',52907,red
b'\xcce\xdd\xfe\x00\xc3X(',b'9\xbf)\x00/\xeeW\x81',49674,red
b'\x0bj\xce\xb5\xa1e^T',b'9\xbf)\x00/\xeeW\x81',48930,red
b'+1\xad\xddA=\\\xbb',b'9\xbf)\x00/\xeeW\x81',48438,red
b'`\xe9u\xd1\xcd\xd9R0',b'9\xbf)\x00/\xeeW\x81',48929,red
b'\xe5\xa1\x9f>\x836Z\xd0',b'b\x8e\xb7\\r\t[Y',53428,red
b'\xb3Eb\xed..[\xb2',b'b\x8e\xb7\\r\t[Y',49673,red
b'K8z\x7f\xd6\x93T\xcc',b'b\x8e\xb7\\r\t[Y',53279,red
b'UIll\x19*_\x0c',b'b\x8e\xb7\\r\t[Y',49591,red
b'\xdf\xc7x0\xedoSN',b'b\x8e\xb7\\r\t[Y',52907,red
b'w\xec\xb2T\x10\x0bVk',b'b\x8e\xb7\\r\t[Y',49674,red
b'\xe7\xfc\x86\xe5\xaavS\xae',b'b\x8e\xb7\\r\t[Y',48930,red
b'\xc8)\x99\xfei\x19T\x19',b'b\x8e\xb7\\r\t[Y',48438,red
b'2w\xe5I\x18\x96T\x95',b'b\x8e\xb7\\r\t[Y',48929,red
b'\xdd\x05\xdbh6\xf8S\x00',b'o\xe9\xa3Y\xdfmQ\x16',53428,red
b'\x00\x14\xd8\xfaX\xc1_5',b'o\xe9\xa3Y\xdfmQ\x16',49673,red
b'\x0eel\x11P\x95X\x80',b'o\xe9\xa3Y\xdfmQ\x16',53279,red
b'\x1e\x97\r\x8f\xf0M\\\xad',b'o\xe9\xa3Y\xdfmQ\x16',49591,red
b'&\x9eR\xa4y\xd7Q\xaa',b'o\xe9\xa3Y\xdfmQ\x16',52907,red
b'\x89.\x03H\xf7\xf3Q\xba',b'o\xe9\xa3Y\xdfmQ\x16',49674,red
b'\n\xd6\xcb\xe8r\x16X\xff',b'o\xe9\xa3Y\xdfmQ\x16',48930,red
b'H\xdc&\xb6\xc6\x96X\xd8',b'o\xe9\xa3Y\xdfmQ\x16',48438,red
b'\xd3\xe2\xfb\xd7\x17dP\x0f',b'o\xe9\xa3Y\xdfmQ\x16',48929,red
b'\x98\xec\xf5\xbd\xf8\xe9]\xb6',b'\xc3fq*\xb4\xd0Q\x8c',53428,red
b'\xa3\x81\x0b\x14\xfekT\xe5',b'\xc3fq*\xb4\xd0Q\x8c',49673,red
b'|\x19I\xa1\xb0\xbcUD',b'\xc3fq*\xb4\xd0Q\x8c',53279,red
b'2\x95\xbe\xfb\x95\xc4Z5',b'\xc3fq*\xb4\xd0Q\x8c',49591,red
b'\x1c\xe9\x0bZ\xad\xfd_\xf9',b'\xc3fq*\xb4\xd0Q\x8c',52907,red
b'Ze\xeb\xad\xe9\xc5U\xd3',b'\xc3fq*\xb4\xd0Q\x8c',49674,red
b'wJ\x9b\x8f\x11xT\xa1',b'\xc3fq*\xb4\xd0Q\x8c',48930,red
b'\xac\xea\x10\x92\x1f\x8a^\x97',b'\xc3fq*\xb4\xd0Q\x8c',48438,red
b'\xd6\x87\xed\x15:\xefQ\xb0',b'\xc3fq*\xb4\xd0Q\x8c',48929,red
b'LK\xaf\xd8\x08fV\xd1',b'\x0f\x8e\x1b\x86\x00\xc1V\xed',53428,red
"b'V\xd0\x0c\xf2@""^\x0b'",b'\x0f\x8e\x1b\x86\x00\xc1V\xed',49673,red
b'\xb0\xf2h\xa9W\xacT\xa5',b'\x0f\x8e\x1b\x86\x00\xc1V\xed',53279,red
"b'\xddmS\x8b9""X\xde'",b'\x0f\x8e\x1b\x86\x00\xc1V\xed',49591,red
b'8(o`+|V\x07',b'\x0f\x8e\x1b\x86\x00\xc1V\xed',52907,red
b'X\x1d\xcd\xae#\xf1Q\xe5',b'\x0f\x8e\x1b\x86\x00\xc1V\xed',49674,red
b'\xed\xe2\x85\xcc`\xb5]\xcc',b'\x0f\x8e\x1b\x86\x00\xc1V\xed',48930,red
b'\xdbk\xaa\xda\xfc\x02R ',b'\x0f\x8e\x1b\x86\x00\xc1V\xed',48438,red
b'\xc6\x81\xb5\x97\xf8\xefWJ',b'\x0f\x8e\x1b\x86\x00\xc1V\xed',48929,red
b'\xfe\x96\xa3\xa2\xd2\x16Z:',b'\xdb\xe5\x1e\xa3\xd0\xc3Zx',53428,red
b'\xb3\xaa\x85\x9e\xf2\xee^\x87',b'\xdb\xe5\x1e\xa3\xd0\xc3Zx',49673,red
b'c\xb5\xbb\x94\xe3\x12R\xb1',b'\xdb\xe5\x1e\xa3\xd0\xc3Zx',53279,red
b')!\x15\xcb\xb6lPD',b'\xdb\xe5\x1e\xa3\xd0\xc3Zx',49591,red
"b'\x8b\xd0\xd1,,\xe6R\x9d'",b'\xdb\xe5\x1e\xa3\xd0\xc3Zx',52907,red
b'q\xf5\xb4\xae\x8f\xcfP1',b'\xdb\xe5\x1e\xa3\xd0\xc3Zx',49674,red
b'\x05\x11\x05\xb1B\x84Z\xee',b'\xdb\xe5\x1e\xa3\xd0\xc3Zx',48930,red
b'4\xd0\xc12`hZM',b'\xdb\xe5\x1e\xa3\xd0\xc3Zx',48438,red
b'\xd3\xc5\xab80UR\x9c',b'\xdb\xe5\x1e\xa3\xd0\xc3Zx',48929,red
b'\xeb5\x9f\x8c\x1e\x9bY\xef',b'\xfb\x972\x13#\x9fP\x8a',53428,red
b'\x95\x94\xfa\x19\x84\xb8\\\xc0',b'\xfb\x972\x13#\x9fP\x8a',49673,red
b'\x04\x8f\xfd\xb2$RP\x14',b'\xfb\x972\x13#\x9fP\x8a',53279,red
b'\xd0\x11/BI\xc6R\xcf',b'\xfb\x972\x13#\x9fP\x8a',49591,red
"b'+ \xe1\x98,\x99Y)'",b'\xfb\x972\x13#\x9fP\x8a',52907,red
b'9\x01\x13\xfa\x18\xa9Q\xf4',b'\xfb\x972\x13#\x9fP\x8a',49674,red
b'\xac\xbdC\x01\xba\tT\x14',b'\xfb\x972\x13#\x9fP\x8a',48930,red
b'N.w9~\xefW\xa4',b'\xfb\x972\x13#\x9fP\x8a',48438,red
"b""\xb2\xcc#\x11=WZ'""",b'\xfb\x972\x13#\x9fP\x8a',48929,red
b'Oo\xf9\xa4\x8e\xaeQ]',b'J\x0c\xd6\xaa\xbe\xc4TD',53428,red
b'!\xbd7\x13\xb0\xefX|',b'J\x0c\xd6\xaa\xbe\xc4TD',49673,red
b'6\x85\xd88\x0fyVq',b'J\x0c\xd6\xaa\xbe\xc4TD',53279,red
b'\xbe\xbc\x841\x0f\xa1T\x0e',b'J\x0c\xd6\xaa\xbe\xc4TD',49591,red
b';\x95)zT$]\x03',b'J\x0c\xd6\xaa\xbe\xc4TD',52907,red
b'C;N\x9anr]\xb9',b'J\x0c\xd6\xaa\xbe\xc4TD',49674,red
b'P\x13\xb6E+\x1dV\x8c',b'J\x0c\xd6\xaa\xbe\xc4TD',48930,red
b'\xc4S\xb5\x80\xb8\x99R\xa7',b'J\x0c\xd6\xaa\xbe\xc4TD',48438,red
b'iL\x10rE\xf4^\xe4',b'J\x0c\xd6\xaa\xbe\xc4TD',48929,red
b'n-\xe9\xf1\x16\xe5V\xb8',b'\x01\xe7\x8f\xc1\xc2\xe3Z\x95',53428,red
b'T\x84t\x90\x94iR\xb0',b'\x01\xe7\x8f\xc1\xc2\xe3Z\x95',49673,red
"b'\xc06\xfb\x00""\xb3U\xf3'",b'\x01\xe7\x8f\xc1\xc2\xe3Z\x95',53279,red
b'\xdbe\xcf`h\x9fP\x06',b'\x01\xe7\x8f\xc1\xc2\xe3Z\x95',49591,red
b'\xef\x89\x13\xf7\x83:S\x93',b'\x01\xe7\x8f\xc1\xc2\xe3Z\x95',52907,red
b'\x8c\x86\xab\x8a\xc7\xadT\xd3',b'\x01\xe7\x8f\xc1\xc2\xe3Z\x95',49674,red
"b'\x9e\xc2,\x14\x06\x8fT|'",b'\x01\xe7\x8f\xc1\xc2\xe3Z\x95',48930,red
b'\xa3u\xdf\x0ct\xe8]L',b'\x01\xe7\x8f\xc1\xc2\xe3Z\x95',48438,red
b'\xcb\xe6\x86\xf6@!U\xc8',b'\x01\xe7\x8f\xc1\xc2\xe3Z\x95',48929,red
b'\xc4$|s\x01P_\x07',b'/\x03\x84\xab\xed\xae]R',53428,red
b']\x18p%\x8f\xc2U\x8f',b'/\x03\x84\xab\xed\xae]R',49673,red
b'\xef\xcf\xa0\x10\x10\xdbW\n',b'/\x03\x84\xab\xed\xae]R',53279,red
b'\x9e\xe3\xa8J\xe5\x10X\x95',b'/\x03\x84\xab\xed\xae]R',49591,red
b'\x0c\xd6[\xf3p\xc9RZ',b'/\x03\x84\xab\xed\xae]R',52907,red
b'\xcf\x95\xa4B\xfe\xd7_*',b'/\x03\x84\xab\xed\xae]R',49674,red
b'\x7f\xbe5\xf6\x1a0T<',b'/\x03\x84\xab\xed\xae]R',48930,red
b'\xe5\xf7LejpR\xbf',b'/\x03\x84\xab\xed\xae]R',48438,red
b'\xccu#JH\xfcU\x9e',b'/\x03\x84\xab\xed\xae]R',48929,red
b'\xdc\xe6\xa4^\x8bzZ\x8c',b'}\xb7t\x86\x0e\xfb]\xeb',53428,red
"b""wH\x01\xba'\x08XM""",b'}\xb7t\x86\x0e\xfb]\xeb',49673,red
b'Q\x0f\x16\xe3mEQ:',b'}\xb7t\x86\x0e\xfb]\xeb',53279,red
b'\x00m%\xb5\xfe\xf8Yl',b'}\xb7t\x86\x0e\xfb]\xeb',49591,red
b'\x91g\xab\xf5\x99\x96Z\xf1',b'}\xb7t\x86\x0e\xfb]\xeb',52907,red
b'\xe3u\x8f\x1b\xb3L\\d',b'}\xb7t\x86\x0e\xfb]\xeb',49674,red
b'\xc24-\x1b\xf1\xfeW\xd5',b'}\xb7t\x86\x0e\xfb]\xeb',48930,red
b'\xa5\x11\xbe.d@\\/',b'}\xb7t\x86\x0e\xfb]\xeb',48438,red
b'\xe5EdORu\\\xcc',b'}\xb7t\x86\x0e\xfb]\xeb',48929,red
b'\xd6P\xbeC\x07\xc4]\x8d',b'\x15\x12PH)\xb7W\xaa',53428,red
b'@Z\xbc\xdf\x1d_Q\x9b',b'\x15\x12PH)\xb7W\xaa',49673,red
b'\r\r\x88L\xfc}Z4',b'\x15\x12PH)\xb7W\xaa',53279,red
b'=\xa5=\\\x89<Y3',b'\x15\x12PH)\xb7W\xaa',49591,red
b'J\x81\x88\x8f\tAW\x01',b'\x15\x12PH)\xb7W\xaa',52907,red
b'\xee\xca\x88\xda\xe0\xc3Q\\',b'\x15\x12PH)\xb7W\xaa',49674,red
b'7;\xbd\xb6\xb2{^\\',b'\x15\x12PH)\xb7W\xaa',48930,red
b'\x9c\xb7>\xaa\x92\x9f\\0',b'\x15\x12PH)\xb7W\xaa',48438,red
b'\xf1-S\x1f\xec\xc7X\\',b'\x15\x12PH)\xb7W\xaa',48929,red
"b""\xf5\xe1q'\xd9IT\xeb""",b'<\xab3\x03\x08\xe8U\r',53428,red
"b'\x08\x866\xc1\x8f\xecR,'",b'<\xab3\x03\x08\xe8U\r',49673,red
b'\xd0\xdb\xe1\xda_\xefV\x1b',b'<\xab3\x03\x08\xe8U\r',53279,red
b'\xe1\xdd\xaa>\xe6oS\xf5',b'<\xab3\x03\x08\xe8U\r',49591,red
b'\xdd*#)\xbd\xb6P%',b'<\xab3\x03\x08\xe8U\r',52907,red
b'\xb6~|3n\xc6X5',b'<\xab3\x03\x08\xe8U\r',49674,red
b'\x8d<\x87;\xdc\x97[\xf7',b'<\xab3\x03\x08\xe8U\r',48930,red
b'\xb4\x83\x88\xbdZ\xeeV7',b'<\xab3\x03\x08\xe8U\r',48438,red
b'u[\xc3\xc6\xd3\xdc\\\\',b'<\xab3\x03\x08\xe8U\r',48929,red
b'8\xc9\xc7W\x1c1Q\xbd',"b'\x0c.\xd2\x85\x93\xddU""'",53428,red
b'\xc7\x9d\x04\xf6\xdd\x12U\x8a',"b'\x0c.\xd2\x85\x93\xddU""'",49673,red
b'\xb8)\xaf\x9fz\x13P\xcb',"b'\x0c.\xd2\x85\x93\xddU""'",53279,red
b'\x11\x90\xf2\xbe\x99HT?',"b'\x0c.\xd2\x85\x93\xddU""'",49591,red
b'\x86\x818Y\xf6JX\x85',"b'\x0c.\xd2\x85\x93\xddU""'",52907,red
b'n\xd7\xc0\x9a\xbb\x1f^X',"b'\x0c.\xd2\x85\x93\xddU""'",49674,red
b'S\x8c\x87\xb7\xea\xbaY%',"b'\x0c.\xd2\x85\x93\xddU""'",48930,red
b'\x1c\xa1X\x07\x0f!U\xf8',"b'\x0c.\xd2\x85\x93\xddU""'",48438,red
b'\xbeM]>\xdb^Y&',"b'\x0c.\xd2\x85\x93\xddU""'",48929,red
b'\x87\xf0\x8c\xc9z}X\x11',b'\xcc\xde\xf3\\]#Y\xf4',53428,red
"b""\x8a\x02|P'\xf1\\x""",b'\xcc\xde\xf3\\]#Y\xf4',49673,red
b'-G\xe8\x17\xb4\x19R\xba',b'\xcc\xde\xf3\\]#Y\xf4',53279,red
b'|\xa4\xe0\xc0a1Q\xca',b'\xcc\xde\xf3\\]#Y\xf4',49591,red
b'gn\xa0\xff\xa72Y\xa8',b'\xcc\xde\xf3\\]#Y\xf4',52907,red
b'\x1e\xd3D1\xb2)V\xa0',b'\xcc\xde\xf3\\]#Y\xf4',49674,red
b'\xa5\x84kq\x90\xd6V\xc7',b'\xcc\xde\xf3\\]#Y\xf4',48930,red
b'\xe2\xf4\xebx\xe1\x11W\xdb',b'\xcc\xde\xf3\\]#Y\xf4',48438,red
b'%\xfcP.\x92\xa1]\xbb',b'\xcc\xde\xf3\\]#Y\xf4',48929,red
b'&\xfe\x15\xe7&sW\x90',b'\x8b\xc6i\x9a\xeb\xf4]\xa2',53428,red
b'\n\xebW$\x8b\xbcS\x0e',b'\x8b\xc6i\x9a\xeb\xf4]\xa2',49673,red
b'H7\xcb\xc1\xc1\xaeR\xb9',b'\x8b\xc6i\x9a\xeb\xf4]\xa2',53279,red
b'\xc8\x1a\xbf\x17\xe3xQR',b'\x8b\xc6i\x9a\xeb\xf4]\xa2',49591,red
b'\xedN\xb9\xc3\xc7z]Z',b'\x8b\xc6i\x9a\xeb\xf4]\xa2',52907,red
b'\xcc\xc9\x8e8AH[\x84',b'\x8b\xc6i\x9a\xeb\xf4]\xa2',49674,red
b'\xbf\xa1\xb30\x0cG[&',b'\x8b\xc6i\x9a\xeb\xf4]\xa2',48930,red
b'M\xd5\xe8\xafv\x1c\\\xde',b'\x8b\xc6i\x9a\xeb\xf4]\xa2',48438,red
b'\xa6M\xa8k\x1c\x96_\xae',b'\x8b\xc6i\x9a\xeb\xf4]\xa2',48929,red
b'\x83\xa93\xda\xb05_\xee',b'8N]\xee+\x02^k',53428,red
b'\x11\x92BL\x97\x0fP\x0e',b'8N]\xee+\x02^k',49673,red
"b""!&d'*\x8fY\x1d""",b'8N]\xee+\x02^k',53279,red
b'5\xfd\xabn\xb3JW\xdb',b'8N]\xee+\x02^k',49591,red
b'\xe7\xa4nkz\x96W$',b'8N]\xee+\x02^k',52907,red
b'\r\xddS\x80\xc9lY~',b'8N]\xee+\x02^k',49674,red
"b'""}\xbb\xf5\xc3\xe2X\x8b'",b'8N]\xee+\x02^k',48930,red
b'lU-\xf6\x97\x80S9',b'8N]\xee+\x02^k',48438,red
b'\xe5p2\x9b\x0e\xca]\x95',b'8N]\xee+\x02^k',48929,red
b'\xa8\xf9\x19\xba7\xe6[v',"b""'\x92\xa2\x01\xf3\x9bZW""",53428,red
b'ZL\xc4B\xca\xe4^\r',"b""'\x92\xa2\x01\xf3\x9bZW""",49673,red
b'\x8f\x15vMX)VJ',"b""'\x92\xa2\x01\xf3\x9bZW""",53279,red
"b'\x9d\xcc\xbc""C\x0eZh'","b""'\x92\xa2\x01\xf3\x9bZW""",49591,red
b'g\x89\x87J\xb4;Z\xf9',"b""'\x92\xa2\x01\xf3\x9bZW""",52907,red
b'e\n7\xe3\x12\x08\\C',"b""'\x92\xa2\x01\xf3\x9bZW""",49674,red
b'\xef\xf8\x1eIJ\x9eP\xe5',"b""'\x92\xa2\x01\xf3\x9bZW""",48930,red
b'\xcb\x8a\x94\x92roU.',"b""'\x92\xa2\x01\xf3\x9bZW""",48438,red
b'8\xee\x1cjO\xf3V\x11',"b""'\x92\xa2\x01\xf3\x9bZW""",48929,red
b'\xdbrF\x99\\\x1bVK',b'x!\xbaj\xcdZWP',53428,red
b'\x00\x8b\x8cW\x9d\x0cP\xc6',b'x!\xbaj\xcdZWP',49673,red
b'\x1e\xf4\xc1\xbf\x80\xcaZ\xef',b'x!\xbaj\xcdZWP',53279,red
b'u>\x9b\xbfD=S\xa9',b'x!\xbaj\xcdZWP',49591,red
b'@\x96\x9f;\x0f\xa3Z\xeb',b'x!\xbaj\xcdZWP',52907,red
b'\xd3\xb7\xb0[&\xe8[\x92',b'x!\xbaj\xcdZWP',49674,red
b'/\xda\xcd\xff\x04|_\x10',b'x!\xbaj\xcdZWP',48930,red
b'9oH-\x08\xa3Tn',b'x!\xbaj\xcdZWP',48438,red
b'\xab\x88R\xe3+\x7fS\xc4',b'x!\xbaj\xcdZWP',48929,red
b'jV\xf2fB\xbbVs',b'-\xc8\xb2\\\xfa\x80_\xfc',53428,red
"b'\xed9,v\xdd#V+'",b'-\xc8\xb2\\\xfa\x80_\xfc',49673,red
b'>g\xe2\xf92\xd1^\xaf',b'-\xc8\xb2\\\xfa\x80_\xfc',53279,red
b'\x95eU.Q\x15R*',b'-\xc8\xb2\\\xfa\x80_\xfc',49591,red
b'4\xb9\xe33\x0e3U/',b'-\xc8\xb2\\\xfa\x80_\xfc',52907,red
b'Q\x16\xbf[\x80n\\t',b'-\xc8\xb2\\\xfa\x80_\xfc',49674,red
b'D\xdfG3\x96iP[',b'-\xc8\xb2\\\xfa\x80_\xfc',48930,red
b'\x87o\x19\xd0\xdd\xda_w',b'-\xc8\xb2\\\xfa\x80_\xfc',48438,red
b'\xadn\xfa\x08\x8f]P\x12',b'-\xc8\xb2\\\xfa\x80_\xfc',48929,red
b'\xc1*\xcd8\x03/^\xad',b'4?)\x8as\x83^<',53428,red
b'@\xdb2\x8e\xaa\xb3]\xcf',b'4?)\x8as\x83^<',49673,red
b'm\xaf\xc7\x04\x12\x93_0',b'4?)\x8as\x83^<',53279,red
b'\xc2\x1c$0\xc0s[E',b'4?)\x8as\x83^<',49591,red
b'o0\xe3E1\xb0Z\xfb',b'4?)\x8as\x83^<',52907,red
b'i[\xb3%\xc2qQ\xcb',b'4?)\x8as\x83^<',49674,red
b'\xacw\xaf<\xdd\x8b\\\\',b'4?)\x8as\x83^<',48930,red
b'\x963q\xdc\\\xa7S\xd7',b'4?)\x8as\x83^<',48438,red
b')\xdc\xd8\xfe\xb6\xdfZ\x11',b'4?)\x8as\x83^<',48929,red
b'\xbf\xe2\xa1)\xeby]\xb4',b'\xc4\xf2\xf1\xf73\x01Y]',53428,red
b'\xee\xb253=FP\xc0',b'\xc4\xf2\xf1\xf73\x01Y]',49673,red
b'\xb4\xb3\xb18\x05\xfc\\\xdc',b'\xc4\xf2\xf1\xf73\x01Y]',53279,red
b'tWd\x9c+\xf2V\xc1',b'\xc4\xf2\xf1\xf73\x01Y]',49591,red
b'[I\x8b\xeb/GZ!',b'\xc4\xf2\xf1\xf73\x01Y]',52907,red
b'{\x0b\xe8\n9\x8c]\xa8',b'\xc4\xf2\xf1\xf73\x01Y]',49674,red
"b""*\x1c[9';VS""",b'\xc4\xf2\xf1\xf73\x01Y]',48930,red
b'\x89\xb73\x9a\xb9rW\x88',b'\xc4\xf2\xf1\xf73\x01Y]',48438,red
b'\xae\xa8\x16\xf0O\xfaX\x0f',b'\xc4\xf2\xf1\xf73\x01Y]',48929,red
b'\xa0\xe1M$\xbf\x17[\x00',b'\x12\xd6m\xa1t\x9bR\x05',53428,red
b'\x8dB\xff\xe9T\xba]3',b'\x12\xd6m\xa1t\x9bR\x05',49673,red
b'\xbb\xa0)\xcbc\xa7T>',b'\x12\xd6m\xa1t\x9bR\x05',53279,red
b'|\xcc*\x81\xd7\xdd\\\x83',b'\x12\xd6m\xa1t\x9bR\x05',49591,red
b'h\xae=\x9b\xa3MR/',b'\x12\xd6m\xa1t\x9bR\x05',52907,red
b'.\x12\xa7\x8e\xf9\xe9Qu',b'\x12\xd6m\xa1t\x9bR\x05',49674,red
b'\xcc\xb5|\x02\x1e\xf7^K',b'\x12\xd6m\xa1t\x9bR\x05',48930,red
b'7\xd9c\\\xcf\xafZ~',b'\x12\xd6m\xa1t\x9bR\x05',48438,red
b'~\xde\xc7\xd1\xbc\xeeX\x05',b'\x12\xd6m\xa1t\x9bR\x05',48929,red
b'x\xa7\xc9\x9e\xbe\xf8^F',b'\xb99\xe3\x08n\x96P7',53428,red
b'\xc2\xf3\xdaH\x974X ',b'\xb99\xe3\x08n\x96P7',49673,red
b'Aa\x11|\xaa\x16Y\xd0',b'\xb99\xe3\x08n\x96P7',53279,red
"b'ru\x19at\x84P,'",b'\xb99\xe3\x08n\x96P7',49591,red
b'/\xf5\xae\x0f3\xf6V\x08',b'\xb99\xe3\x08n\x96P7',52907,red
b'\x97\xc6\xfc\xb8-\xbf_\xcf',b'\xb99\xe3\x08n\x96P7',49674,red
"b""\x1bA\xdb'\x17\x95XI""",b'\xb99\xe3\x08n\x96P7',48930,red
b'\xd6\xb3\x08%\xde\x16W\xc6',b'\xb99\xe3\x08n\x96P7',48438,red
b'f\xa7\x7f\xdc\xb75Y\xa4',b'\xb99\xe3\x08n\x96P7',48929,red
b'\x85R\x0f\x05bSP~',b'\x19\xb3\xdfH\x16-_\xf3',53428,red
b'*\xf5\x88\x1d\xa0\xa5V\xc0',b'\x19\xb3\xdfH\x16-_\xf3',49673,red
b'\x95v\x19\x1e\xa1Q_*',b'\x19\xb3\xdfH\x16-_\xf3',53279,red
b')\x13\xdc\xd0\x00$V3',b'\x19\xb3\xdfH\x16-_\xf3',49591,red
b'\x90\xc4\xff[\xe9KY\x8b',b'\x19\xb3\xdfH\x16-_\xf3',52907,red
"b"" '\x93\xb5`$R\xed""",b'\x19\xb3\xdfH\x16-_\xf3',49674,red
b'm\xbd\x8f\xecr|P\xf4',b'\x19\xb3\xdfH\x16-_\xf3',48930,red
b'\x951X\x91k\x8dR\xaf',b'\x19\xb3\xdfH\x16-_\xf3',48438,red
"b'\x14\x00""\x7f\xa7\xe7XI'",b'\x19\xb3\xdfH\x16-_\xf3',48929,red
b'\x0b\xfc\x14Jj\xbcT\x8d',b'e\xf5\xf5^\x18\x86Tp',53428,red
b'l`BQ\xc3\x14Wo',b'e\xf5\xf5^\x18\x86Tp',49673,red
b'\xc4\x07\xf2\x9e\x05oR\x97',b'e\xf5\xf5^\x18\x86Tp',53279,red
b'\xe7V\x1e\xd7\xf2\xe2^\xe0',b'e\xf5\xf5^\x18\x86Tp',49591,red
b'\xcdcV\xea\x9d\x11R)',b'e\xf5\xf5^\x18\x86Tp',52907,red
b'Kv\xc3\\\x7f\xf1V=',b'e\xf5\xf5^\x18\x86Tp',49674,red
b'\t\r\x08\x87\xdb\xb4Y9',b'e\xf5\xf5^\x18\x86Tp',48930,red
b'1k\xbd\xbfi\x88Q\xdb',b'e\xf5\xf5^\x18\x86Tp',48438,red
"b'\xd4\xfa\xa9\x9d\xd3sY,'",b'e\xf5\xf5^\x18\x86Tp',48929,red
"b'\xe7\x81\x1a\r""MW<'",b'\xd0\xad\xf4\x1d~JZa',53428,red
"b'2""\xc2\x11 ,Ru'",b'\xd0\xad\xf4\x1d~JZa',49673,red
b'\xe2\x0c>r\x1e\xd2^\xca',b'\xd0\xad\xf4\x1d~JZa',53279,red
b'\x1e\xaf\x82\x86\xd9\x81Xn',b'\xd0\xad\xf4\x1d~JZa',49591,red
b'\xc3\\rc\x9b\x8cV|',b'\xd0\xad\xf4\x1d~JZa',52907,red
b'!\x87\x1b\x9e\xd2\x96Z\xe2',b'\xd0\xad\xf4\x1d~JZa',49674,red
b't\x8e\xc1\xe6=\xac[\x1a',b'\xd0\xad\xf4\x1d~JZa',48930,red
b'\r=\x94a\xad\x1eS_',b'\xd0\xad\xf4\x1d~JZa',48438,red
b'K\xc7\xa0\x87\x80\\\\\xf9',b'\xd0\xad\xf4\x1d~JZa',48929,red
b'Sk6g.\xfaPQ',b'I4\xde\x15\x1d1]\x94',53428,red
b'\xa4\xdd3\xcfYfS\x0c',b'I4\xde\x15\x1d1]\x94',49673,red
b'\x95\xdf\x98\x90\xe1\x1bRb',b'I4\xde\x15\x1d1]\x94',53279,red
b'\x9f-\xa2z\\lR\xef',b'I4\xde\x15\x1d1]\x94',49591,red
b'\x1a\xbb\xd5b=\xb8^\xd7',b'I4\xde\x15\x1d1]\x94',52907,red
b'bet\xdb|\xc9Y=',b'I4\xde\x15\x1d1]\x94',49674,red
"b'C\x1c\x1c\xf5,\xeaU\xc9'",b'I4\xde\x15\x1d1]\x94',48930,red
b'\x05\x06\xcb\xc6/\x85\\<',b'I4\xde\x15\x1d1]\x94',48438,red
b'\x88\xba\xd5\xe99MYs',b'I4\xde\x15\x1d1]\x94',48929,red
"b'\xff""\x1f\x07\xcflX!'",b'\xf5B\xe5\xeb\x88\xa8Xk',53428,red
"b""~\x80\xb5r\xc0PS'""",b'\xf5B\xe5\xeb\x88\xa8Xk',49673,red
"b'\x0f\xbac\xfffuT,'",b'\xf5B\xe5\xeb\x88\xa8Xk',53279,red
b'\xffV\x97|/\xbbP\x91',b'\xf5B\xe5\xeb\x88\xa8Xk',49591,red
b'B\x88\x00\xad\x01\xa5W\xb2',b'\xf5B\xe5\xeb\x88\xa8Xk',52907,red
b'}\xf2\x92c\x9doT\xbd',b'\xf5B\xe5\xeb\x88\xa8Xk',49674,red
b'\xbb\xd8i&04Z\xba',b'\xf5B\xe5\xeb\x88\xa8Xk',48930,red
b'~\x98R\xd2\xf3\x86^\xc1',b'\xf5B\xe5\xeb\x88\xa8Xk',48438,red
b'\xa3\xfbK>\xda\xdf]7',b'\xf5B\xe5\xeb\x88\xa8Xk',48929,red
b'\xc4F*-\xac\xd0Xs',b'\xfb\xbf9\x12\xc0\xccT\xac',53428,red
b'\x17\xf9\x94E-$Z\x81',b'\xfb\xbf9\x12\xc0\xccT\xac',49673,red
b'k\x0e_k\x19lWK',b'\xfb\xbf9\x12\xc0\xccT\xac',53279,red
b'\xf6\xf0\xd1\x1d#1]C',b'\xfb\xbf9\x12\xc0\xccT\xac',49591,red
b'\x1c\xcd\xe9\xea\x18\\Z\xfa',b'\xfb\xbf9\x12\xc0\xccT\xac',52907,red
b'\xbe\xe3\xae\xef:\x88P\xde',b'\xfb\xbf9\x12\xc0\xccT\xac',49674,red
b'\x87\x87Y\x0cy\xf6U\xb9',b'\xfb\xbf9\x12\xc0\xccT\xac',48930,red
b'\xf1\xbfm\x07K\xbeUw',b'\xfb\xbf9\x12\xc0\xccT\xac',48438,red
"b'^u`I\x15\xf7Y,'",b'\xfb\xbf9\x12\xc0\xccT\xac',48929,red
"b""'\x91\xb6\xc2\x1d?Vb""",b'g`j\xbbs~_j',53428,red
b'\xac\xce\xc1\\\xb9\xfcR\x13',b'g`j\xbbs~_j',49673,red
b'\xbch&\x86Z\x0eR\xe6',b'g`j\xbbs~_j',53279,red
b'\x14\x98\xa6\xb3:\xdaR\xd3',b'g`j\xbbs~_j',49591,red
b'\r\xa4\xca?q\xe7^\t',b'g`j\xbbs~_j',52907,red
b'\xbe\xc7\x89\xdc\x83.^\x85',b'g`j\xbbs~_j',49674,red
b'\xd6\xc3^^.}\\B',b'g`j\xbbs~_j',48930,red
b'\x074\xf2\xf3\xf7JP\x86',b'g`j\xbbs~_j',48438,red
b'\x7f[\xf5e\xa3\xf3S9',b'g`j\xbbs~_j',48929,red
b'$\xe38p`\xf5W\xc5',b'c\x16\xab\xc1\x94\xc0[\xed',53428,red
"b""\xc8>\x0e\xf0'\xe2Y\x91""",b'c\x16\xab\xc1\x94\xc0[\xed',49673,red
b'\x8a\x16\x9cJ\x84\x89_\xc4',b'c\x16\xab\xc1\x94\xc0[\xed',53279,red
b'\x7f\xd9\xbf\x0fI\xe3^\xe8',b'c\x16\xab\xc1\x94\xc0[\xed',49591,red
b'?q\x07\xa3\xde{Y\xe6',b'c\x16\xab\xc1\x94\xc0[\xed',52907,red
b'y\x93v\xd4\x0ceZc',b'c\x16\xab\xc1\x94\xc0[\xed',49674,red
"b""\xf7Jo\xba\xf7HR'""",b'c\x16\xab\xc1\x94\xc0[\xed',48930,red
"b'UM:""\x12hW\x81'",b'c\x16\xab\xc1\x94\xc0[\xed',48438,red
b'\x10\xa1\xc1GK\xedP-',b'c\x16\xab\xc1\x94\xc0[\xed',48929,red
b'\xfd\x93\r4\xe5\xb6UF',b'\xaaH\xdf y\x19WD',53428,red
b'\xe1\x87F=@K[\xe7',b'\xaaH\xdf y\x19WD',49673,red
b'd\xef@\x83]lXK',b'\xaaH\xdf y\x19WD',53279,red
b'\r\xb4j\xb3\xa4\xdeU\xbc',b'\xaaH\xdf y\x19WD',49591,red
b'\x14\xea\x17T\x10 X\xe7',b'\xaaH\xdf y\x19WD',52907,red
b'\xff\x05EH\x13\x89^/',b'\xaaH\xdf y\x19WD',49674,red
b'I\xc0Z7\x12O[\xd2',b'\xaaH\xdf y\x19WD',48930,red
b'\x9e\xb6\x19\xc3x\x14VO',b'\xaaH\xdf y\x19WD',48438,red
b'<)\xeb!\xf7\xacQ\x12',b'\xaaH\xdf y\x19WD',48929,red
b'x\xf3\xbf\x81P\x97V\x84',b'\x94\x91\x144\xa5\xd7^\xea',53428,red
b'jSW>\x96;TS',b'\x94\x91\x144\xa5\xd7^\xea',49673,red
b'\x8a\x1c\xa4l\x8d\x17]v',b'\x94\x91\x144\xa5\xd7^\xea',53279,red
b'\xa0\x88K\x8cV@^w',b'\x94\x91\x144\xa5\xd7^\xea',49591,red
b'\x03w8_\xe2\x90_!',b'\x94\x91\x144\xa5\xd7^\xea',52907,red
b'\xb4I!O\xe4\xb3V}',b'\x94\x91\x144\xa5\xd7^\xea',49674,red
b'}\xce\xaa\xe6\xd4oP\x9b',b'\x94\x91\x144\xa5\xd7^\xea',48930,red
"b""\xeb}\x19\x03t\xd8]'""",b'\x94\x91\x144\xa5\xd7^\xea',48438,red
b'\xc7\xb5\xdeh\x87\xd3[\xc0',b'\x94\x91\x144\xa5\xd7^\xea',48929,red
b'A\xa8\x13\xa9\x9b%U\x7f',b'T\x88\xb4$\x849^\xd6',53428,red
b'\xefh\xf7\xf5\xb0HV<',b'T\x88\xb4$\x849^\xd6',49673,red
b'\xc6\xba\xb1\xda:\x04\\r',b'T\x88\xb4$\x849^\xd6',53279,red
b'\x0c:=h`\xecSu',b'T\x88\xb4$\x849^\xd6',49591,red
b'Km\xe6\x93\xc8\x93Q\x1d',b'T\x88\xb4$\x849^\xd6',52907,red
b';U6\xf2Z\x87UZ',b'T\x88\xb4$\x849^\xd6',49674,red
b'\xab\xd1\xb9d+&\\\xb6',b'T\x88\xb4$\x849^\xd6',48930,red
b'^\x84\x9eY\xcfp\\\x11',b'T\x88\xb4$\x849^\xd6',48438,red
b'pL\tp\x18\xe8_\x1f',b'T\x88\xb4$\x849^\xd6',48929,red
b'6\x82$m\xbf{T\x84',b'\x85\xc3\x97\x19\x83\xe6\\\xb1',53428,red
b'\x15\x1a\x91R\xb6yTv',b'\x85\xc3\x97\x19\x83\xe6\\\xb1',49673,red
b'\x17\xc3\xb8\xa7=\xc1V\xbf',b'\x85\xc3\x97\x19\x83\xe6\\\xb1',53279,red
b'\xf5-\x97\x9dI\xb6Y\xd1',b'\x85\xc3\x97\x19\x83\xe6\\\xb1',49591,red
b'\xe8I\x14\xf2Z!W\xec',b'\x85\xc3\x97\x19\x83\xe6\\\xb1',52907,red
b'\x88\xb3\x95\x97\x04\xd3[\xdc',b'\x85\xc3\x97\x19\x83\xe6\\\xb1',49674,red
"b""\x10M\x19pV'Vs""",b'\x85\xc3\x97\x19\x83\xe6\\\xb1',48930,red
b'y\xf6\x05v\xdeYU\xcc',b'\x85\xc3\x97\x19\x83\xe6\\\xb1',48438,red
"b',/\tq\xcbKP\x8b'",b'\x85\xc3\x97\x19\x83\xe6\\\xb1',48929,red
b'\xe0>\xd4\x8d2o]\xb5',b'\xee\xd8\xaf\x11\xb5\x02U\t',53428,red
b'\x1e\xbf\x9e\xce\x01R]\x83',b'\xee\xd8\xaf\x11\xb5\x02U\t',49673,red
b'?\x91\x84\x86\x99%V\xdc',b'\xee\xd8\xaf\x11\xb5\x02U\t',53279,red
b'R\xa8~\x7f\x08\xdaU\x9c',b'\xee\xd8\xaf\x11\xb5\x02U\t',49591,red
b'[\xa6HKP Q\xee',b'\xee\xd8\xaf\x11\xb5\x02U\t',52907,red
b'\x97c\xc2w*\x8bS\xfd',b'\xee\xd8\xaf\x11\xb5\x02U\t',49674,red
b'!zS;\x85V^\x08',b'\xee\xd8\xaf\x11\xb5\x02U\t',48930,red
b'\xd73\xb4\x08u\x1bS\x9c',b'\xee\xd8\xaf\x11\xb5\x02U\t',48438,red
b'DB2\xe1s\xe4Q\x0f',b'\xee\xd8\xaf\x11\xb5\x02U\t',48929,red
b'\xbd\x9a\x06\x06CqY\xbd',b'\xe9\xeckk\x1b\xdd_<',53428,red
b'\xf0 &\x13>\xd7^\xf9',b'\xe9\xeckk\x1b\xdd_<',49673,red
b'\x02E\xc9\xa9u\xb5U\x82',b'\xe9\xeckk\x1b\xdd_<',53279,red
b'\x9aba\x0f\xc9\xb1W\xf9',b'\xe9\xeckk\x1b\xdd_<',49591,red
b'2\x90\xeb\xcb\xd8\xe9R\xad',b'\xe9\xeckk\x1b\xdd_<',52907,red
b'\x18\xf9\x15\xaa\x87zS\xfc',b'\xe9\xeckk\x1b\xdd_<',49674,red
b'\x97\xb5\xc4U6kWO',b'\xe9\xeckk\x1b\xdd_<',48930,red
b'$\xda\xf5\xa1\xfc(]C',b'\xe9\xeckk\x1b\xdd_<',48438,red
b':\xe4\x95\xd7N\xde]S',b'\xe9\xeckk\x1b\xdd_<',48929,red
b'\x01\xe2*6\xa7EQ\xc1',b'\x86\x9f4\xeb\xfcVV\xf3',53428,red
b'\r\xc1\xe9a\xa1)X\xc7',b'\x86\x9f4\xeb\xfcVV\xf3',49673,red
b':\xa5\xea\xa5\x1f\x92T\x0c',b'\x86\x9f4\xeb\xfcVV\xf3',53279,red
"b""\xa4'\xd6O5<^|""",b'\x86\x9f4\xeb\xfcVV\xf3',49591,red
b'\xac\xf3\x94\x91\xd0t_\x03',b'\x86\x9f4\xeb\xfcVV\xf3',52907,red
b'\xbd\xdcuL\x14\xa8R4',b'\x86\x9f4\xeb\xfcVV\xf3',49674,red
b'r\x1c\xa4N\xbfM^\x87',b'\x86\x9f4\xeb\xfcVV\xf3',48930,red
b'\xce\xf0\x08\xa7\x14\x11[\x17',b'\x86\x9f4\xeb\xfcVV\xf3',48438,red
b'l\x05\x0b\x89*4Xu',b'\x86\x9f4\xeb\xfcVV\xf3',48929,red
b'F\xc1\x85\xb5\xd4\x04S\x99',b'\x9d\x08\x94\x8fh^\\\xd6',53428,red
b'QT\x9bn\xf1\xfaZG',b'\x9d\x08\x94\x8fh^\\\xd6',49673,red
b'@\x08R\xbf\xfa\xd5\\\xe8',b'\x9d\x08\x94\x8fh^\\\xd6',53279,red
b'\x1f\xf8\x85\x9av)]\xb4',b'\x9d\x08\x94\x8fh^\\\xd6',49591,red
"b""oQ?Z'\xeaV\xc2""",b'\x9d\x08\x94\x8fh^\\\xd6',52907,red
b'u\x08\xb2\xc37\x08X\x9b',b'\x9d\x08\x94\x8fh^\\\xd6',49674,red
b'\x1f\xa4\xf7-HgQ\xfd',b'\x9d\x08\x94\x8fh^\\\xd6',48930,red
b'\xc3\xdc\x05w|#Y0',b'\x9d\x08\x94\x8fh^\\\xd6',48438,red
b'\x15-S+\xd5\xd0ZA',b'\x9d\x08\x94\x8fh^\\\xd6',48929,red
b'P\xc6\xd2z\x16\x8aU\x84',b'\\\x14D\xe2\xa0\x85]\xa1',53428,red
b'|\x97\xa3\xd9r\xfaT\x01',b'\\\x14D\xe2\xa0\x85]\xa1',49673,red
b'\xe6\xc0\x12\xa2v\x06^d',b'\\\x14D\xe2\xa0\x85]\xa1',53279,red
b'\x9e\x12O\x02V\x1bY\xa2',b'\\\x14D\xe2\xa0\x85]\xa1',49591,red
b'\xbd\xcb\xfc\x00\xa3\xbc^\x07',b'\\\x14D\xe2\xa0\x85]\xa1',52907,red
b'\x02\xd6\xd5\xec\x02\x95Z\xa3',b'\\\x14D\xe2\xa0\x85]\xa1',49674,red
b'\x1co\x18F\xfc;PK',b'\\\x14D\xe2\xa0\x85]\xa1',48930,red
b'\xdf&\x85\x7fF4Xp',b'\\\x14D\xe2\xa0\x85]\xa1',48438,red
b'\xeeJ/ -\x02]\xfa',b'\\\x14D\xe2\xa0\x85]\xa1',48929,red
b'\x0bA\xc2\x85\xd6w_\xd5',b'\x9b\x89\xe2\xf3:\x99VG',53428,red
b'c\x18a\xa1@\xf6Q\xfb',b'\x9b\x89\xe2\xf3:\x99VG',49673,red
b'n\x0eHW\xa6\xbdZ\xe2',b'\x9b\x89\xe2\xf3:\x99VG',53279,red
b'{sFNC\xa6Vp',b'\x9b\x89\xe2\xf3:\x99VG',49591,red
b'o\x87-\xa7\x13\xc8Y\n',b'\x9b\x89\xe2\xf3:\x99VG',52907,red
b'\xaf\xddM\xe2ZbZc',b'\x9b\x89\xe2\xf3:\x99VG',49674,red
"b""'E\xa1\x97,/Z\xa0""",b'\x9b\x89\xe2\xf3:\x99VG',48930,red
b'|\xd3\xcb\xca\xa2\x8dV#',b'\x9b\x89\xe2\xf3:\x99VG',48438,red
b'\xe8\x8d\xe9\xd5:\xacW1',b'\x9b\x89\xe2\xf3:\x99VG',48929,red
b'\xc7?G2\xc1\xcc_\x10',b'}\xed\x06\xb6_\xee]\x86',53428,red
"b'""\xd8\xeb~\xafUY\xbb'",b'}\xed\x06\xb6_\xee]\x86',49673,red
b'?Zj:\x17\xffX\xc4',b'}\xed\x06\xb6_\xee]\x86',53279,red
b'\x9bN \xdc\xfc X;',b'}\xed\x06\xb6_\xee]\x86',49591,red
b'&7\x1b\x98\x95\x05TL',b'}\xed\x06\xb6_\xee]\x86',52907,red
b'\x96\xb4\nL7!T\xce',b'}\xed\x06\xb6_\xee]\x86',49674,red
"b',I\xac\x08\xa8\xd7[\xb6'",b'}\xed\x06\xb6_\xee]\x86',48930,red
b'\xed\t\x99\x11\x0e\xbdW\xb7',b'}\xed\x06\xb6_\xee]\x86',48438,red
b'(\xdf\xb7\xdfO2UA',b'}\xed\x06\xb6_\xee]\x86',48929,red
b'\x83\xdd&\xf8\x8f6T<',b' \xcc_7K\xf0T\xdb',53428,red
b'\x9b\xc1\x98y\x81WP#',b' \xcc_7K\xf0T\xdb',49673,red
b'\xe2\xe1\xd8#\xd9\x82Y\x9e',b' \xcc_7K\xf0T\xdb',53279,red
b'\x85\x8e\x00\xf2c/Y\xbb',b' \xcc_7K\xf0T\xdb',49591,red
b'\x87\xaf\xe7\x8e\xa4:U\xd9',b' \xcc_7K\xf0T\xdb',52907,red
b'\xc9\x03j\x1f\x14VT\xf9',b' \xcc_7K\xf0T\xdb',49674,red
b'!\x98aH`\x80YY',b' \xcc_7K\xf0T\xdb',48930,red
b'\xae\xc7\x19\xca\xc4\xdaQ:',b' \xcc_7K\xf0T\xdb',48438,red
b'J*\x02\x10\xce\xd3^\xfc',b' \xcc_7K\xf0T\xdb',48929,red
b'eI=\x04P\xccQ\xf2',b'\xf7Q\x05\xbd\xb9\x14Q\x9c',53428,red
b'\x8d\x08\n\xaa\x91\x9a[\x89',b'\xf7Q\x05\xbd\xb9\x14Q\x9c',49673,red
b'r2\xdd0\x14OT\x94',b'\xf7Q\x05\xbd\xb9\x14Q\x9c',53279,red
b'v\xcd\x86I<\xd9]\xf3',b'\xf7Q\x05\xbd\xb9\x14Q\x9c',49591,red
b'P\x8bLD\x939^\xc5',b'\xf7Q\x05\xbd\xb9\x14Q\x9c',52907,red
b'\x99O\x12\x17\x8c\xfbT\xa0',b'\xf7Q\x05\xbd\xb9\x14Q\x9c',49674,red
b'\x82/\x05f\xaf\xedT\x8e',b'\xf7Q\x05\xbd\xb9\x14Q\x9c',48930,red
b'\x14\x9b\xe5\x08\x982]\xd0',b'\xf7Q\x05\xbd\xb9\x14Q\x9c',48438,red
b'\xeffmxJ\x17SS',b'\xf7Q\x05\xbd\xb9\x14Q\x9c',48929,red
b';\x1b\xcav\x01\x97TU',b'icY>Z)U\xc2',53428,red
b'\xb2\xf6\xfb~\xc58S\xee',b'icY>Z)U\xc2',49673,red
b'\xfb-\x93\xf8\x82\xf5Z/',b'icY>Z)U\xc2',53279,red
b'\x95\xfbY\xce\xb0$^p',b'icY>Z)U\xc2',49591,red
b'\xb3 \xac\x0f\x90\x05\\I',b'icY>Z)U\xc2',52907,red
b':p\xfd\xdc>\xd2Yz',b'icY>Z)U\xc2',49674,red
b'\xf9\xd4\xf4d}pX.',b'icY>Z)U\xc2',48930,red
"b'\x12\xaf\xc0},@PF'",b'icY>Z)U\xc2',48438,red
b'\xfe\xd9jQ_fQ\x80',b'icY>Z)U\xc2',48929,red
b'&\x8c\x97\xc9\xe3\xfd_~',b'\xe8\xa4\xc5\x01\x81#_Y',53428,red
b'\xd1C\x13-\xfd\x19Wh',b'\xe8\xa4\xc5\x01\x81#_Y',49673,red
b'\x19\x08W\x0f<\xf8\\5',b'\xe8\xa4\xc5\x01\x81#_Y',53279,red
b'\x8f\xfa\xfb\xd7\xa1\xb7P\xb7',b'\xe8\xa4\xc5\x01\x81#_Y',49591,red
b'\xd3\xe7fu\x19\xf1RE',b'\xe8\xa4\xc5\x01\x81#_Y',52907,red
b'C\x1dO\xf7\x1d\x8dS\xd3',b'\xe8\xa4\xc5\x01\x81#_Y',49674,red
"b'\xa2\x03A""q`W\x93'",b'\xe8\xa4\xc5\x01\x81#_Y',48930,red
b'p\x0bRN\xeeHW\x8f',b'\xe8\xa4\xc5\x01\x81#_Y',48438,red
b'\xb3O9d\xbbjT%',b'\xe8\xa4\xc5\x01\x81#_Y',48929,red
b'\xd2.\x0e\xeb\xc9{V\xf3',b'\xfa\x06\xaf\xe1:\xfa\\N',53428,red
b'\x8e\xe5<\x12b\rX}',b'\xfa\x06\xaf\xe1:\xfa\\N',49673,red
b'\xe1]h\xff3\x01Z]',b'\xfa\x06\xaf\xe1:\xfa\\N',53279,red
b'r\xa8\xa8\xfe\x9d\x13_9',b'\xfa\x06\xaf\xe1:\xfa\\N',49591,red
b'\xa8[\x1fG\x16>V*',b'\xfa\x06\xaf\xe1:\xfa\\N',52907,red
b'd\x9c\x02 \xd2\xa9U\x84',b'\xfa\x06\xaf\xe1:\xfa\\N',49674,red
b'\x15\xc0Z\xef ~S\xab',b'\xfa\x06\xaf\xe1:\xfa\\N',48930,red
"b""\x13\xe2\xda\xfa'\x85P\x98""",b'\xfa\x06\xaf\xe1:\xfa\\N',48438,red
b'\xb0\xbe\x81\xa6\xbc\xb9S\xd8',b'\xfa\x06\xaf\xe1:\xfa\\N',48929,red
b'_b4\x85\r\xb7_\xab',b'\x17s\xbd]\xde!V\xca',53428,red
b'\x8a\x0b\xc2\x9a\x89\xa2P\xff',b'\x17s\xbd]\xde!V\xca',49673,red
b'\x9e\x8b\x05(\t__:',b'\x17s\xbd]\xde!V\xca',53279,red
b'\xd0\xf8\xfde0\x07R\x9f',b'\x17s\xbd]\xde!V\xca',49591,red
b'\x9b\xd2\x99[\x05 R9',b'\x17s\xbd]\xde!V\xca',52907,red
b'Jq\xf9\xec/\xf0^\x0e',b'\x17s\xbd]\xde!V\xca',49674,red
"b'\xfd\xdf\xf9\x00,uU\xb4'",b'\x17s\xbd]\xde!V\xca',48930,red
"b""\x81p\xd5\n'fW\xd8""",b'\x17s\xbd]\xde!V\xca',48438,red
b'\xfbx#V\x11iP\xc1',b'\x17s\xbd]\xde!V\xca',48929,red
b'\xa2)\xb4C2\x03QX',b'\x04\x06S\n\xd4\xf7\\l',53428,red
b'\x9fB0t\xb3\x85R\x18',b'\x04\x06S\n\xd4\xf7\\l',49673,red
b'\x17\xc5\xa8F\xcf\rS\x81',b'\x04\x06S\n\xd4\xf7\\l',53279,red
b'iX\xddf\xf2\xe6T\xa9',b'\x04\x06S\n\xd4\xf7\\l',49591,red
b'\xb2\x0b\xf7Bv\x05_q',b'\x04\x06S\n\xd4\xf7\\l',52907,red
b'\xcf\xdf\xf9Z\x92>\\\x00',b'\x04\x06S\n\xd4\xf7\\l',49674,red
b'\xb6\xdb)*WsX\x03',b'\x04\x06S\n\xd4\xf7\\l',48930,red
b'\xd2rK\x7f\xe0\xacT\xc9',b'\x04\x06S\n\xd4\xf7\\l',48438,red
b'N\xc3\xff\x9eW\xa0Q\x9f',b'\x04\x06S\n\xd4\xf7\\l',48929,red
b'\x0bB4\xbd@\xdf]y',b'\xf3@\xa3\xb5\x95_V_',53428,red
b'~\x04\x8c\xe0\xc7s]5',b'\xf3@\xa3\xb5\x95_V_',49673,red
b'\x02\xa3*\x9f}@Z\x8c',b'\xf3@\xa3\xb5\x95_V_',53279,red
b'\x89\x8c\x8f\xca\xa9OP\xed',b'\xf3@\xa3\xb5\x95_V_',49591,red
b'\xa9\xaav\x85\x90\rX\xda',b'\xf3@\xa3\xb5\x95_V_',52907,red
"b""'\x1b\xbb\xac\x16\\R\x8f""",b'\xf3@\xa3\xb5\x95_V_',49674,red
b'\xd0\x86IE;\xcdQ*',b'\xf3@\xa3\xb5\x95_V_',48930,red
b'\x89\xc0zR)\x9cPm',b'\xf3@\xa3\xb5\x95_V_',48438,red
b'\xd6\xd8{\x88\x90S]\x1b',b'\xf3@\xa3\xb5\x95_V_',48929,red
b'&M9\x99\xf1\xe7R\x88',b'\xb0\xe5\xbcKj\x83X\xc0',53428,red
b'\xbb\xac\xaf\xcc+\xbc\\\x97',b'\xb0\xe5\xbcKj\x83X\xc0',49673,red
b'\x93\xdb9\x17\xcd\x15\\\x02',b'\xb0\xe5\xbcKj\x83X\xc0',53279,red
b'\xd4\xf3\x95\x16/gR\xd5',b'\xb0\xe5\xbcKj\x83X\xc0',49591,red
b'\x14\x7f\xe3\xa5.B_\xe8',b'\xb0\xe5\xbcKj\x83X\xc0',52907,red
b'\xb4\xc4l\xda\xe6uTA',b'\xb0\xe5\xbcKj\x83X\xc0',49674,red
b'\x08\x02\x0c\x85\xc1\x90_/',b'\xb0\xe5\xbcKj\x83X\xc0',48930,red
b'\xaa\x83\x17\xd2\xe9\xc7P\x9d',b'\xb0\xe5\xbcKj\x83X\xc0',48438,red
b'p|\x98\xa3i/_\x99',b'\xb0\xe5\xbcKj\x83X\xc0',48929,red
b'\xaae\xa1\x9a\n=\\\xc6',b'\x10\x94\x9c\xb4\xc4\x82S\xc5',53428,red
b'Cah\x03u\xe4W\xbd',b'\x10\x94\x9c\xb4\xc4\x82S\xc5',49673,red
b'\x8e:d\xda\x86?U\xc7',b'\x10\x94\x9c\xb4\xc4\x82S\xc5',53279,red
b'\x9a\x8d\xce\xc1\x89\x1aYH',b'\x10\x94\x9c\xb4\xc4\x82S\xc5',49591,red
b'\xbe\xd3\xf1\x92&?Yx',b'\x10\x94\x9c\xb4\xc4\x82S\xc5',52907,red
b'\xa6\xa0.\xbe\xb1@]M',b'\x10\x94\x9c\xb4\xc4\x82S\xc5',49674,red
b'o\xec\xe3 6+\\\x9c',b'\x10\x94\x9c\xb4\xc4\x82S\xc5',48930,red
b'\x8b\xdaS\x1a\xa0\x96TR',b'\x10\x94\x9c\xb4\xc4\x82S\xc5',48438,red
b'\x89.[03\xaa^?',b'\x10\x94\x9c\xb4\xc4\x82S\xc5',48929,red
b'\xe9O\xdfLF\xfbQ\xb4',b'D(R;\xe3#Ra',53428,red
b']~\r\xf2\xc5\xd3V|',b'D(R;\xe3#Ra',49673,red
b'Kz\x15\xfa\xec\x98[\x87',b'D(R;\xe3#Ra',53279,red
b'\xaeK\xfb\x0e\xda R\xa9',b'D(R;\xe3#Ra',49591,red
b'\x93Zt\xe2^/P.',b'D(R;\xe3#Ra',52907,red
b'l{\x92u\n\xf6TQ',b'D(R;\xe3#Ra',49674,red
b'\xb8\xbd\x9b:jt]\xe2',b'D(R;\xe3#Ra',48930,red
b'\xa9o\x8f*/&V#',b'D(R;\xe3#Ra',48438,red
b'\x96l^4\xb0IP\xb3',b'D(R;\xe3#Ra',48929,red
b'\x1b\xbb\x1b 8\xcdQ\xf1',b'\x1e\xbf\xd9\xa2V\x1dQ\xcd',53428,red
b'\xabB4\xc1\xa0DT\xea',b'\x1e\xbf\xd9\xa2V\x1dQ\xcd',49673,red
"b'\xa2\xec\x9f,\x98nQK'",b'\x1e\xbf\xd9\xa2V\x1dQ\xcd',53279,red
"b'\x17\xe2:S\xdbWU,'",b'\x1e\xbf\xd9\xa2V\x1dQ\xcd',49591,red
b'\xadK\x96\xe5\x1b\xbfT\x1f',b'\x1e\xbf\xd9\xa2V\x1dQ\xcd',52907,red
"b'""\xed\xf0\xa5\x0eY\\c'",b'\x1e\xbf\xd9\xa2V\x1dQ\xcd',49674,red
b'\xad\xef\x8e\x14mX\\\xbf',b'\x1e\xbf\xd9\xa2V\x1dQ\xcd',48930,red
b'q6\xf5\x01u\xdeY\xab',b'\x1e\xbf\xd9\xa2V\x1dQ\xcd',48438,red
b'\xd2\\\xe7\xf7k\xc9P\x03',b'\x1e\xbf\xd9\xa2V\x1dQ\xcd',48929,red
b's@E\x85\xc9\xecU\xce',b'\xe0\x9eG9.\x0b[i',53428,red
b'(\x85]\xf2X\x02S\xb0',b'\xe0\x9eG9.\x0b[i',49673,red
b'!\x96\x9a\xeeFHS\xb0',b'\xe0\x9eG9.\x0b[i',53279,red
b'X?<P\x06w\\\x9c',b'\xe0\x9eG9.\x0b[i',49591,red
b'q\x06\x9f\xach\x96Y\xbd',b'\xe0\x9eG9.\x0b[i',52907,red
b'\xf7\x06\xf9iw\x05Q\xc1',b'\xe0\x9eG9.\x0b[i',49674,red
b'\xfb\x07S\xedZ\xf2X\xd4',b'\xe0\x9eG9.\x0b[i',48930,red
b'\xc1\xf4\xad.Y\xbe_\xd1',b'\xe0\x9eG9.\x0b[i',48438,red
b'\x89@4\xa1\xaa\xdb]\xce',b'\xe0\x9eG9.\x0b[i',48929,red
b'@Q\xfc\xf4\x16\r]Z',b'\xf1\xca\xd3s\xeb\x1fXr',53428,red
b'\xb3E\xf1f\xa0\xcfU6',b'\xf1\xca\xd3s\xeb\x1fXr',49673,red
b'\x03\xe58\xb2yXZ6',b'\xf1\xca\xd3s\xeb\x1fXr',53279,red
"b""\x8b\xcd'\x96c\x03_Y""",b'\xf1\xca\xd3s\xeb\x1fXr',49591,red
b'v~\x06\xbfh\xcf_\x85',b'\xf1\xca\xd3s\xeb\x1fXr',52907,red
b'1\x89\xe7\x12Y\x8cU\\',b'\xf1\xca\xd3s\xeb\x1fXr',49674,red
b'b\xf6w\xeeQ5T\xd1',b'\xf1\xca\xd3s\xeb\x1fXr',48930,red
b'd(\x9b\x05\xb7+X\x89',b'\xf1\xca\xd3s\xeb\x1fXr',48438,red
b'\x03\xd1\x97g\xd0\x96U\xcc',b'\xf1\xca\xd3s\xeb\x1fXr',48929,red
b'\xdcKf)\x81\xc3SR',b'3~\xc6\xe6\xa0cV\x98',53428,red
b'\xe1\x8ed\xe9\xb2JQ\xd5',b'3~\xc6\xe6\xa0cV\x98',49673,red
b'\x8eS@\x91\xed7W\xa0',b'3~\xc6\xe6\xa0cV\x98',53279,red
b'>\xdf\xe1t\xcb\xdfY-',b'3~\xc6\xe6\xa0cV\x98',49591,red
b'%\x1c\x00\xf7\xb6\xf5_\xf0',b'3~\xc6\xe6\xa0cV\x98',52907,red
b'\xd2\x87\x82C\xc8\x81_\xe9',b'3~\xc6\xe6\xa0cV\x98',49674,red
b'\x0fW\x80H\xfd\xb1V\x98',b'3~\xc6\xe6\xa0cV\x98',48930,red
b'B\xac\xbd\x1b\x15!S\x18',b'3~\xc6\xe6\xa0cV\x98',48438,red
b'q\xa1z\x80<\x8f[\xda',b'3~\xc6\xe6\xa0cV\x98',48929,red
"b""'z^\xe5%\xdfQ\x17""",b'3M\x885l\x16T/',53428,red
b'nR\xc1/c\xa2SW',b'3M\x885l\x16T/',49673,red
b'\xa8\xe8\xe5\x8b\xd9\x1a_g',b'3M\x885l\x16T/',53279,red
b'r\x81\x8e\xda\xfa\x9eT\x83',b'3M\x885l\x16T/',49591,red
b'I<\\\xec\xb4\x8fQ\xb0',b'3M\x885l\x16T/',52907,red
b'\x00\xa8J\x10\x15\xd7P\xc2',b'3M\x885l\x16T/',49674,red
b'2.X\xf3\x8d\x87Y)',b'3M\x885l\x16T/',48930,red
b'\xaa\xc7T\x83\xec\x80Y2',b'3M\x885l\x16T/',48438,red
"b""\x06\xe8E~'\x92\\\x94""",b'3M\x885l\x16T/',48929,red
b')\xf5c\x10\xc6\xa6Pz',b'\x19\xaet\xf4\xb9`[\xf3',53428,red
b'\xa0\xa0\xeb\xb4\x12\xa0\\\xcc',b'\x19\xaet\xf4\xb9`[\xf3',49673,red
b'C\xa2a\x8e\x18mR\x06',b'\x19\xaet\xf4\xb9`[\xf3',53279,red
"b""\x1f{\xd3'\x89)]\x7f""",b'\x19\xaet\xf4\xb9`[\xf3',49591,red
b'\x07\xeck\t\xd5\xd9P\xe5',b'\x19\xaet\xf4\xb9`[\xf3',52907,red
b'\xee(\x9a\xa2\x98\x06]\xae',b'\x19\xaet\xf4\xb9`[\xf3',49674,red
b'\x0c\xa6\x0e!\xcb\x0eTs',b'\x19\xaet\xf4\xb9`[\xf3',48930,red
b'\xfa{V2\x98\xb3_j',b'\x19\xaet\xf4\xb9`[\xf3',48438,red
b'\xa0\xbc\x00+\x0f\xf6Y\xcf',b'\x19\xaet\xf4\xb9`[\xf3',48929,red
b'\xb8]\x0c\xec\xf2\x1bY\xc5',b'\xee\xb2%:\xf3QX\xe6',53428,red
b'w\xd1\xd4\xaa\xef\xafW\xb4',b'\xee\xb2%:\xf3QX\xe6',49673,red
b'\x88\xc4\x91_\xa2+\\k',b'\xee\xb2%:\xf3QX\xe6',53279,red
b'\xc5D\xf6V*}U\xf9',b'\xee\xb2%:\xf3QX\xe6',49591,red
b'k\xf3_\x9e\xf6\xccU\xe6',b'\xee\xb2%:\xf3QX\xe6',52907,red
b'V\xdd\r7\xa1\xffZ\xf1',b'\xee\xb2%:\xf3QX\xe6',49674,red
b'j\xd4\xd3\x0b\xd6JQ`',b'\xee\xb2%:\xf3QX\xe6',48930,red
b'\x078\x8e\xaak\xa0W\xc8',b'\xee\xb2%:\xf3QX\xe6',48438,red
b'\xde\xbb;\x8c\xfa\xf3V#',b'\xee\xb2%:\xf3QX\xe6',48929,red
"b""\xec\x9d\xd6'\xec\xedP\x1c""",b'\xd9\x94\xc1e#\xa5[&',53428,red
b'\xc1\xfe\x8a\xc160^\xa7',b'\xd9\x94\xc1e#\xa5[&',49673,red
b'\xac\xfb\xab\x19\x07z_:',b'\xd9\x94\xc1e#\xa5[&',53279,red
b'\x16]\xd6\x94&\xdfS\xa5',b'\xd9\x94\xc1e#\xa5[&',49591,red
"b'\xa2\x13,\x1c\xa4e^\xd2'",b'\xd9\x94\xc1e#\xa5[&',52907,red
b'\xc7a\x18\xf2\x88\x8bX\xb2',b'\xd9\x94\xc1e#\xa5[&',49674,red
b'$\xf4\x1f\xc8y\xe3Py',b'\xd9\x94\xc1e#\xa5[&',48930,red
b'Q\x0f@D\xe0\x05Z\xf8',b'\xd9\x94\xc1e#\xa5[&',48438,red
b'v\n\xdbx\x95AV_',b'\xd9\x94\xc1e#\xa5[&',48929,red
"b'\x91""\x1c%\x01\xc9Y\xc3'",b'k=\ng&\xacR\xb2',53428,red
b'o\xd7\xf1\\~\xa9T\xef',b'k=\ng&\xacR\xb2',49673,red
b'*\xb2\xac\xbf\xf7fY\xc5',b'k=\ng&\xacR\xb2',53279,red
b'\xc2\xb7f\x88\xbc\x1a]\x87',b'k=\ng&\xacR\xb2',49591,red
b'\xefr\x13\xfd\x82NY\xec',b'k=\ng&\xacR\xb2',52907,red
b'\xa3a\x85U+\x85\\\xbd',b'k=\ng&\xacR\xb2',49674,red
b'.NO\x1b\x0c^^E',b'k=\ng&\xacR\xb2',48930,red
b'\x0f\xe4\xd9\x08\x0e\rQB',b'k=\ng&\xacR\xb2',48438,red
b'\xd6\x83\x88\x96<^P6',b'k=\ng&\xacR\xb2',48929,red
b'\xd7\x93>\xff\x86\x8d_\xb4',b'\x8a\xd36\xd31\xa9Y\xf0',53428,red
"b""\xd5\x98\xad#'\xbdU\x89""",b'\x8a\xd36\xd31\xa9Y\xf0',49673,red
"b'\xb8z\x02\x00,o]\xee'",b'\x8a\xd36\xd31\xa9Y\xf0',53279,red
b'\xfc\x19\x01\x90~\xcfS\xe7',b'\x8a\xd36\xd31\xa9Y\xf0',49591,red
b'\x04]\xa4\xc9\xad\xabT%',b'\x8a\xd36\xd31\xa9Y\xf0',52907,red
b'\xa5\x80\xbae\x08\xe0YD',b'\x8a\xd36\xd31\xa9Y\xf0',49674,red
b'\x17\xa0\xecBf\xa4R\xe0',b'\x8a\xd36\xd31\xa9Y\xf0',48930,red
"b'I(r\x81\xfd\x1dT,'",b'\x8a\xd36\xd31\xa9Y\xf0',48438,red
b'\xa0\xaf\xab\xdc\xfc\x91X\xcf',b'\x8a\xd36\xd31\xa9Y\xf0',48929,red
b'\x8d\x07\r\xab;2T\xd0',b'\xc9\x8b\xf9\x89-\xf8PF',53428,red
b'\xdcV\xf4\xd1/\xeeTO',b'\xc9\x8b\xf9\x89-\xf8PF',49673,red
"b'\xcb\xb2\x163""\x1eR\x12'",b'\xc9\x8b\xf9\x89-\xf8PF',53279,red
b'\xc9\xf1\x7f\xa0\r\xc5Z\x00',b'\xc9\x8b\xf9\x89-\xf8PF',49591,red
b'\x1d.\xd32J\x18]\xae',b'\xc9\x8b\xf9\x89-\xf8PF',52907,red
b'\xae\xd8\x16\xda~RU\x8e',b'\xc9\x8b\xf9\x89-\xf8PF',49674,red
"b',\x1dc\x97\xcc\xe4]\xe4'",b'\xc9\x8b\xf9\x89-\xf8PF',48930,red
b'Z*\xd8Du\x07U\xb0',b'\xc9\x8b\xf9\x89-\xf8PF',48438,red
b'\xd5\x85A\xd1P\x8dS\x07',b'\xc9\x8b\xf9\x89-\xf8PF',48929,red
b'\xcc\xbc\x8b\x19;\xd6S)',b'\xe0`\xf2\xe0\xf2\x8cT\x80',53428,red
b'\xa9[\xaf->\xa9^\xef',b'\xe0`\xf2\xe0\xf2\x8cT\x80',49673,red
b'\x81\xd5\x1bn\x92\xf9P\xa9',b'\xe0`\xf2\xe0\xf2\x8cT\x80',53279,red
b'\x7f\x8c\xad\xf5\xbd\x91_!',b'\xe0`\xf2\xe0\xf2\x8cT\x80',49591,red
b'\xfd\xd8\x15>i\x0b^\xfd',b'\xe0`\xf2\xe0\xf2\x8cT\x80',52907,red
b'\xf2b\xd7\x96\xf8\x04Q\xb4',b'\xe0`\xf2\xe0\xf2\x8cT\x80',49674,red
b'\xc93z\xa0s\x01\\\x00',b'\xe0`\xf2\xe0\xf2\x8cT\x80',48930,red
b'\xf1\x00\xc0\xa7/2Z\xed',b'\xe0`\xf2\xe0\xf2\x8cT\x80',48438,red
b'|jv*\x9b\x8aV\xcd',b'\xe0`\xf2\xe0\xf2\x8cT\x80',48929,red
b'\\I\x06<\xd8EQ3',b'\x84\xa0\xea|\x89{]\xef',53428,red
b'\x11\xf1\xf1\x11i\x99Y`',b'\x84\xa0\xea|\x89{]\xef',49673,red
b'jr\x10k\xdaKRD',b'\x84\xa0\xea|\x89{]\xef',53279,red
b'L\xd9\x85T\xdf\x03]y',b'\x84\xa0\xea|\x89{]\xef',49591,red
b'\t\xd9\x98\xe9p\x0cVo',b'\x84\xa0\xea|\x89{]\xef',52907,red
b'\x83\x922\xda^\xbaP\x84',b'\x84\xa0\xea|\x89{]\xef',49674,red
"b'\xf9,\xd1>\x8a\x03WA'",b'\x84\xa0\xea|\x89{]\xef',48930,red
b'\xe2\xee\xa1\x06\xe1lP\x1b',b'\x84\xa0\xea|\x89{]\xef',48438,red
b'\x9c\x00/.\xa4\xe7S\xf6',b'\x84\xa0\xea|\x89{]\xef',48929,red
b'\x9e\x9c\x0b\xa5\x8b6VA',b'\xbf\xe6\xda\x19\xa7\xa9Vc',53428,red
b'\xc5\xfb\x8e?\x9c\x0bTB',b'\xbf\xe6\xda\x19\xa7\xa9Vc',49673,red
"b'\x84\xe8\xc4""{\x0cY\xda'",b'\xbf\xe6\xda\x19\xa7\xa9Vc',53279,red
b'/\xab\xad\xb4$=P\xa4',b'\xbf\xe6\xda\x19\xa7\xa9Vc',49591,red
b'\x7f\n\x1b\xe7}<V\xcc',b'\xbf\xe6\xda\x19\xa7\xa9Vc',52907,red
b']\xb0\xba\x12\x84\xf0R\xd2',b'\xbf\xe6\xda\x19\xa7\xa9Vc',49674,red
b'\xd8\xe97\x8b\xbb\x13Z\x8e',b'\xbf\xe6\xda\x19\xa7\xa9Vc',48930,red
b'<\x9aN\x98\xbb\x97P\xc9',b'\xbf\xe6\xda\x19\xa7\xa9Vc',48438,red
"b',\xde\xab\xa4^\xe7^\x9a'",b'\xbf\xe6\xda\x19\xa7\xa9Vc',48929,red
b'\\<\xd1\xe0{\xc7V\xa4',b'\xc9\x05\xb4S\x08jZg',53428,red
b'\x83\x0e\xdf\x1c\xd8DQ6',b'\xc9\x05\xb4S\x08jZg',49673,red
b'%J\x15\x10\x0b\x9fR3',b'\xc9\x05\xb4S\x08jZg',53279,red
b'\xf3\nCm\xd7\xd0Z\xe6',b'\xc9\x05\xb4S\x08jZg',49591,red
b'\xe3 \x15\xe1;\xdf]I',b'\xc9\x05\xb4S\x08jZg',52907,red
"b'\xd7\xeb\x93""\x83tS\xbd'",b'\xc9\x05\xb4S\x08jZg',49674,red
b'u\x80~\xc5\x01\x9fT\xdf',b'\xc9\x05\xb4S\x08jZg',48930,red
b'dy\x01\xf7\x1e\xa2P\x88',b'\xc9\x05\xb4S\x08jZg',48438,red
"b')\xa3b\xe3{\x84^""'",b'\xc9\x05\xb4S\x08jZg',48929,red
b'4\xa9\x06\xf2R\x08Q\xfd',b'T$3N\x0f\xb5\\2',53428,red
b'\x18\xe8k\x10\n^]\xd8',b'T$3N\x0f\xb5\\2',49673,red
b'\xbf\x08/\xd5\x03\xeb[\xef',b'T$3N\x0f\xb5\\2',53279,red
b'\x02\xe7\xe6=|9S\xc8',b'T$3N\x0f\xb5\\2',49591,red
b'B\xaf\xcc\x99Y\x10^P',b'T$3N\x0f\xb5\\2',52907,red
b'\xd6\xe5\xd4\x87\x92nQ\xad',b'T$3N\x0f\xb5\\2',49674,red
b'mh`\xbaq{Y\xf8',b'T$3N\x0f\xb5\\2',48930,red
b'\xcaB\x94\xad\xfb|P\xa7',b'T$3N\x0f\xb5\\2',48438,red
b'~\xd4.\x1cx\xae^\xae',b'T$3N\x0f\xb5\\2',48929,red
b'\x16Z\xd1\xcf\x8c T7',b'\xd7\xaa\x9bI;\xc6Q\xa7',53428,red
b'\xe6\xce`\x04e\xf0U\x9e',b'\xd7\xaa\x9bI;\xc6Q\xa7',49673,red
b'\xa3\x9d\xd4\xea\x9b/So',b'\xd7\xaa\x9bI;\xc6Q\xa7',53279,red
b'\x18\xf1x\xcd\x05\xc5^\x9f',b'\xd7\xaa\x9bI;\xc6Q\xa7',49591,red
b'\x08.\xf4\xbe^\x8d\\^',b'\xd7\xaa\x9bI;\xc6Q\xa7',52907,red
"b'\xfd\xf4W\xd5Z~P""'",b'\xd7\xaa\x9bI;\xc6Q\xa7',49674,red
b'<w\xec\xb01\xe2S\xfe',b'\xd7\xaa\x9bI;\xc6Q\xa7',48930,red
b'\xb2\x8cnC\xdf\xf0P\xcf',b'\xd7\xaa\x9bI;\xc6Q\xa7',48438,red
b'\x13\x0c\x0c\xf6\xb4\x06R\x88',b'\xd7\xaa\x9bI;\xc6Q\xa7',48929,red
b'4\xf5\x88\xe0\xf4+Q\xf2',b'\x9d\x08\x07\tD\x9e]\x9a',53428,red
b'\x04qtgc\xf5[\xa2',b'\x9d\x08\x07\tD\x9e]\x9a',49673,red
b'\x17\xe0N5\x10=\\\xea',b'\x9d\x08\x07\tD\x9e]\x9a',53279,red
b'\x00\xbc\xf3\xd1\xb82Sc',b'\x9d\x08\x07\tD\x9e]\x9a',49591,red
b'sZPA\xfc\x14Z\xe7',b'\x9d\x08\x07\tD\x9e]\x9a',52907,red
b'\x86\x11\x9b\xabCv^\xea',b'\x9d\x08\x07\tD\x9e]\x9a',49674,red
b'\xe0V\xdd\xc0\xf5f^\x19',b'\x9d\x08\x07\tD\x9e]\x9a',48930,red
b'i\x8e\x05\xe8\xbf\x96Rg',b'\x9d\x08\x07\tD\x9e]\x9a',48438,red
b'\x9c\x87\x9f\xf2\xd7\xfaXL',b'\x9d\x08\x07\tD\x9e]\x9a',48929,red
b'\x03\x94\xed\x05\xb8:]\x04',b'M\xe4B\xf3M\xf3V\x13',53428,red
b'l6\xca\x15\xd6\xf4^\xce',b'M\xe4B\xf3M\xf3V\x13',49673,red
b'\x87\x9fPc\xe5\x9aP\x7f',b'M\xe4B\xf3M\xf3V\x13',53279,red
b'\x90\x86\x80^\xc85Zm',b'M\xe4B\xf3M\xf3V\x13',49591,red
b'\xc9\xd4R5\xd6O[\x02',b'M\xe4B\xf3M\xf3V\x13',52907,red
b'\x0b\xc8^\x14\xa3\xe9S\xd2',b'M\xe4B\xf3M\xf3V\x13',49674,red
b'N\xb4\x8bFF\xe6X\xf1',b'M\xe4B\xf3M\xf3V\x13',48930,red
b'\xb4\x8fHm$\xf0Q.',b'M\xe4B\xf3M\xf3V\x13',48438,red
b'A\\\xcf\\\xed\xcfU<',b'M\xe4B\xf3M\xf3V\x13',48929,red
b'\x05R\xcf\xdf\x0e\xe6W\x8f',b'\xfc8\x1d\x11GtTQ',53428,red
b'\xda\x1e\x06\x8b7\xdbW\xd2',b'\xfc8\x1d\x11GtTQ',49673,red
b'\x11\xca\x000\x88\x18T\x07',b'\xfc8\x1d\x11GtTQ',53279,red
b'\xc6_d\xcf\x96*Z\xf6',b'\xfc8\x1d\x11GtTQ',49591,red
b'\xa9\xb0\xfb\xff\x8eg^Z',b'\xfc8\x1d\x11GtTQ',52907,red
b'\x86\xd6\xb44\xc1>X\x8e',b'\xfc8\x1d\x11GtTQ',49674,red
b'O\xfdC9s\xaeV6',b'\xfc8\x1d\x11GtTQ',48930,red
b'\x9a\xf1\x81\xf49\xb3Z\xbb',b'\xfc8\x1d\x11GtTQ',48438,red
b'\xd2\xa9Pe\xafvYT',b'\xfc8\x1d\x11GtTQ',48929,red
b'\x0e\xfc\r\x82fRT\x9b',b'\xdf\xb5\xa2\xb9\xcdn[B',53428,red
b'y\xcd\xd1!\x10\x8bV\xc6',b'\xdf\xb5\xa2\xb9\xcdn[B',49673,red
b'n\xe3a\xb7E\xe6T\x06',b'\xdf\xb5\xa2\xb9\xcdn[B',53279,red
b'\x97\xc6\xf2\xe9\xf7\x8fS\xab',b'\xdf\xb5\xa2\xb9\xcdn[B',49591,red
b'(\xb28\x86\xbe\x82S8',b'\xdf\xb5\xa2\xb9\xcdn[B',52907,red
b'\x9c\xad\xbdI\xa0\x8eW_',b'\xdf\xb5\xa2\xb9\xcdn[B',49674,red
b'\xd6<\xdc\xaef\x99U\xe2',b'\xdf\xb5\xa2\xb9\xcdn[B',48930,red
b'\xa7c\xdcB\xaf\xd7U#',b'\xdf\xb5\xa2\xb9\xcdn[B',48438,red
b'H\xc6>\xd9\x80\x9dVg',b'\xdf\xb5\xa2\xb9\xcdn[B',48929,red
"b""\x17\xafN\x04\x91\x93V'""",b'd\xfe\xfe\xe5a0Z[',53428,red
b'\x12\xc3\x02\xf9\xeb}U\x81',b'd\xfe\xfe\xe5a0Z[',49673,red
b'\xef\xaf\xa5\x18\x03\x00X\xc4',b'd\xfe\xfe\xe5a0Z[',53279,red
b'\xf2n \xbe\xb9\xbeY^',b'd\xfe\xfe\xe5a0Z[',49591,red
b'\x95Q&\xd1\xee3Y\xdb',b'd\xfe\xfe\xe5a0Z[',52907,red
b'\x9e\x87\xfb\xfa\xfd\xdfU)',b'd\xfe\xfe\xe5a0Z[',49674,red
b'\xbc\x1e\x111y\xac]\xdc',b'd\xfe\xfe\xe5a0Z[',48930,red
b'\xd8\xf0\xa1A\x8f\xa3X\x01',b'd\xfe\xfe\xe5a0Z[',48438,red
b'I\xdfj\x96\x1d@T\xa2',b'd\xfe\xfe\xe5a0Z[',48929,red
b'\x02\xd5\x13\x12$\x0fT\xd0',b'h\xf1F\xf3\xa7FWY',53428,red
b'\x1f\xd5\x8a\x0b\xb8\xf0T\xf5',b'h\xf1F\xf3\xa7FWY',49673,red
b'\xbd1\xc0\xba\x8c_W2',b'h\xf1F\xf3\xa7FWY',53279,red
b'\xe4\r\r\xcb\xe1\xeaW\xa1',b'h\xf1F\xf3\xa7FWY',49591,red
b'\xf0!\xf6\x9e\xda\x9fW\xd2',b'h\xf1F\xf3\xa7FWY',52907,red
b'p\xacu\xc6\xbeN[=',b'h\xf1F\xf3\xa7FWY',49674,red
b'rh\n:\x80`W\x0f',b'h\xf1F\xf3\xa7FWY',48930,red
b'\x18\xc20?X{^\xf3',b'h\xf1F\xf3\xa7FWY',48438,red
b'p\xd4\xa2KQ\xa2Q\xde',b'h\xf1F\xf3\xa7FWY',48929,red
b'\xe6A\xb2\xfe\x164T\xb7',"b""b\x9d\xd3'^\x15YO""",53428,red
b'\xae:\xe1\x81\xe2;Qn',"b""b\x9d\xd3'^\x15YO""",49673,red
b'\x99\xd8?\x9d\xa4\xf3_\xac',"b""b\x9d\xd3'^\x15YO""",53279,red
b'\xf8\x1c^\xdf\xbe\x12Rl',"b""b\x9d\xd3'^\x15YO""",49591,red
b'\xf2\x0f\x9b\x93\x1f\xd1U\xef',"b""b\x9d\xd3'^\x15YO""",52907,red
"b'\x81a)\xdd,9]\xb7'","b""b\x9d\xd3'^\x15YO""",49674,red
b'9\\\xf9\x19i\x9aUD',"b""b\x9d\xd3'^\x15YO""",48930,red
b'n\xf4\xac\x9d2\x82^Z',"b""b\x9d\xd3'^\x15YO""",48438,red
b'\xdc}\xdf\xc4\x97\xb2W\xf9',"b""b\x9d\xd3'^\x15YO""",48929,red
b'\xc7W?\xb8\r\xf9\\\x92',b'\xbb\xe6 \xfdN\xb9_9',53428,red
b'\xbd\x9b\xe1\x804t\\\x91',b'\xbb\xe6 \xfdN\xb9_9',49673,red
b'~\x1a?}\x7f(Z\xc5',b'\xbb\xe6 \xfdN\xb9_9',53279,red
b'+3Q\xa6\xe02[\x00',b'\xbb\xe6 \xfdN\xb9_9',49591,red
b'\xc8\xa5\xf0\xb1\x07\xc8Ph',b'\xbb\xe6 \xfdN\xb9_9',52907,red
b'tH5\x9cb\x1aP5',b'\xbb\xe6 \xfdN\xb9_9',49674,red
"b'\x8aL=\xd6\x88,T6'",b'\xbb\xe6 \xfdN\xb9_9',48930,red
b'\xd5\x97\x81\xf1G\xccT\xfa',b'\xbb\xe6 \xfdN\xb9_9',48438,red
b'\\\x9f\xe6\xf8j|^\x7f',b'\xbb\xe6 \xfdN\xb9_9',48929,red
b'\x8d\x03\r\xa8\xc0\x83]S',"b'\x17\xe4E\xf8""\xf3_\xeb'",53428,red
b'9\xa0K\xa8V\x9d\\n',"b'\x17\xe4E\xf8""\xf3_\xeb'",49673,red
b'\xaf\xde\x02P\xa1rV;',"b'\x17\xe4E\xf8""\xf3_\xeb'",53279,red
b'\xfd\x9b\xaf\x84\x05\nR\xbe',"b'\x17\xe4E\xf8""\xf3_\xeb'",49591,red
b'>\xf6[\xfc*$U\x0c',"b'\x17\xe4E\xf8""\xf3_\xeb'",52907,red
b'e\xe20\xcb\xc9\xc3R\xb7',"b'\x17\xe4E\xf8""\xf3_\xeb'",49674,red
b'\x86\x1d=\x96\xbbaV\xc9',"b'\x17\xe4E\xf8""\xf3_\xeb'",48930,red
b'\x95\xb9\x0bP\xd8\xe2S*',"b'\x17\xe4E\xf8""\xf3_\xeb'",48438,red
b'\xdbN#\xceq\xcc[8',"b'\x17\xe4E\xf8""\xf3_\xeb'",48929,red
b'ge\x91\xd0\xbbUS\xe0',b'\xbf\t\xa7p\x18\x7fP\x0c',53428,red
b'v\x19\x92P&hU\x06',b'\xbf\t\xa7p\x18\x7fP\x0c',49673,red
b'\xf8\x89u\xa6\xce3[\x08',b'\xbf\t\xa7p\x18\x7fP\x0c',53279,red
b'\xc6\xc4\x9e8\x96\xc4U\x89',b'\xbf\t\xa7p\x18\x7fP\x0c',49591,red
b'\x0c\xad\xa1\x15A\xb9UV',b'\xbf\t\xa7p\x18\x7fP\x0c',52907,red
b'\xe0\x13\x13\xf4j\x13_\xf1',b'\xbf\t\xa7p\x18\x7fP\x0c',49674,red
b'\xf2\x92\xa5\xc0\xe7\xcb^#',b'\xbf\t\xa7p\x18\x7fP\x0c',48930,red
b'}PG+29_\x9e',b'\xbf\t\xa7p\x18\x7fP\x0c',48438,red
b's\x8b^\xa11\x80S\xb1',b'\xbf\t\xa7p\x18\x7fP\x0c',48929,red
"b',\xf2Ay\x0eeW\xa3'",b'\x1e\x19\x910\x13j^\xfd',53428,red
b'\\\xc8\xbc5\x9c\xbbZY',b'\x1e\x19\x910\x13j^\xfd',49673,red
b'\x00X\x98\x1c\xa1\x9aXf',b'\x1e\x19\x910\x13j^\xfd',53279,red
b'\xed\x00)\x1274R\xa4',b'\x1e\x19\x910\x13j^\xfd',49591,red
b'>.)\x88\x9e\xaaP\xe4',b'\x1e\x19\x910\x13j^\xfd',52907,red
b'\xf6p\x10\x96\xedZW\x15',b'\x1e\x19\x910\x13j^\xfd',49674,red
b'\xe4\x1dTBO9_:',b'\x1e\x19\x910\x13j^\xfd',48930,red
b'\xd9\xa4~E7\xbe\\\xe2',b'\x1e\x19\x910\x13j^\xfd',48438,red
b'\xbd\x90\x91\xcc\x82\xc1^\x1b',b'\x1e\x19\x910\x13j^\xfd',48929,red
b'=i\x83\xe3hiT~',b'\xe7<#}r\xcc^u',53428,red
b'\xb9\x1e\x86$\x9c\x81V}',b'\xe7<#}r\xcc^u',49673,red
b';Wda\xe7\x17X\xd5',b'\xe7<#}r\xcc^u',53279,red
b'0\x95i\xe8\x01\x17Z\xa7',b'\xe7<#}r\xcc^u',49591,red
b'\xfe<\xa6\x11\x16f^~',b'\xe7<#}r\xcc^u',52907,red
b'z\x91\x14\x12\xbeYP\x1d',b'\xe7<#}r\xcc^u',49674,red
b'\xfd\xd7\xbe~L1_\xaf',b'\xe7<#}r\xcc^u',48930,red
b'\xfd:\x10\xecj\xd8SK',b'\xe7<#}r\xcc^u',48438,red
b'/@o5v\x98[P',b'\xe7<#}r\xcc^u',48929,red
b'\x0e\xaeXZ\xa8DP\xe3',b'pC\xc7\xbfB\x9eP\x9b',53428,red
b'\xa6E\xdd\x8a\x1c\xfaZM',b'pC\xc7\xbfB\x9eP\x9b',49673,red
b'(\xe5//a\xa3W*',b'pC\xc7\xbfB\x9eP\x9b',53279,red
b'\x8c\xcf\xdb&\xabI^[',b'pC\xc7\xbfB\x9eP\x9b',49591,red
b'\x95\x996\xe7H\xf3^G',b'pC\xc7\xbfB\x9eP\x9b',52907,red
b'\x1a\xab\xdc\x99DOT\x06',b'pC\xc7\xbfB\x9eP\x9b',49674,red
b'9\xf4IPC.X6',b'pC\xc7\xbfB\x9eP\x9b',48930,red
b'm\xe0zY\x95C\\i',b'pC\xc7\xbfB\x9eP\x9b',48438,red
b'\xc4\xf5\xca\x15\xd3\xb5U\xcf',b'pC\xc7\xbfB\x9eP\x9b',48929,red
b'\xc3uE\xf1\xd8\xbeU\xd9',b'\x9a\xc3\xdf\xd5\x17-_E',53428,red
b'\x84E\xe8B\xe7\xf1Q\\',b'\x9a\xc3\xdf\xd5\x17-_E',49673,red
b'b\x94\xdcO<\x0bX\xb1',b'\x9a\xc3\xdf\xd5\x17-_E',53279,red
b'\x8bA\xeaB\xe5\xc6Q\xd8',b'\x9a\xc3\xdf\xd5\x17-_E',49591,red
b'_.Lu\x0f\x9eSS',b'\x9a\xc3\xdf\xd5\x17-_E',52907,red
b'M9\x96{\xe5\x9aU\xb4',b'\x9a\xc3\xdf\xd5\x17-_E',49674,red
b'jLh\xd1\xbd\x91Z\x9c',b'\x9a\xc3\xdf\xd5\x17-_E',48930,red
"b""\x89\x0c\xc4\xff\x85'^\xf3""",b'\x9a\xc3\xdf\xd5\x17-_E',48438,red
"b'\x05\xeb\xf2""b\xd8Q\xe1'",b'\x9a\xc3\xdf\xd5\x17-_E',48929,red
b'}\x06`\xc0\xc9$V$',b'\xc7\xd4W\x1fJ\xb2_\xdb',53428,red
b'\xdeW\xc1\x98\x97\xe0\\\x02',b'\xc7\xd4W\x1fJ\xb2_\xdb',49673,red
b'\xefc@y\xa0!W\xf2',b'\xc7\xd4W\x1fJ\xb2_\xdb',53279,red
b'\xf3\xc5\x95M\xd4_]\x8e',b'\xc7\xd4W\x1fJ\xb2_\xdb',49591,red
b'D\xd4\x11\x7f\x8f\xfdZ\x06',b'\xc7\xd4W\x1fJ\xb2_\xdb',52907,red
b'\x9e\xf0\x01\x1a}\xa1[\x94',b'\xc7\xd4W\x1fJ\xb2_\xdb',49674,red
b'\xbe\xb6\xbf\xfd\xb8DYf',b'\xc7\xd4W\x1fJ\xb2_\xdb',48930,red
b'\xb9\xd0\xeaA\x0e\x0fW\xd9',b'\xc7\xd4W\x1fJ\xb2_\xdb',48438,red
b'h\x03\x88j\x14IWW',b'\xc7\xd4W\x1fJ\xb2_\xdb',48929,red
b'\xee\xb44zAmSK',b'P\xd9\x8f\xed\x0f\xfe^\x94',53428,red
b'S\xb8\xa5\xb1O\nZ\xfc',b'P\xd9\x8f\xed\x0f\xfe^\x94',49673,red
b'\x18I\xc3\x8c\r\x97[/',b'P\xd9\x8f\xed\x0f\xfe^\x94',53279,red
"b""\x8d\xee'\xa29)P\xe5""",b'P\xd9\x8f\xed\x0f\xfe^\x94',49591,red
"b',&\xd2|9YZ9'",b'P\xd9\x8f\xed\x0f\xfe^\x94',52907,red
b'\xec\xa9\xf4S=\xf4\\E',b'P\xd9\x8f\xed\x0f\xfe^\x94',49674,red
b'd\x07Z\x13\x93\xabZ\xee',b'P\xd9\x8f\xed\x0f\xfe^\x94',48930,red
b'yI\xee\xfd\x0c P\x80',b'P\xd9\x8f\xed\x0f\xfe^\x94',48438,red
"b""\xa9'7.\x07`Y\x84""",b'P\xd9\x8f\xed\x0f\xfe^\x94',48929,red
b'Y\x9f\x15c>\x07W\xaa',b'\x86\xd9i\xffa\xb3W\xce',53428,red
b' -p\x0f\xb4\\Yw',b'\x86\xd9i\xffa\xb3W\xce',49673,red
b'k\xdf\x1e\x08\xec%W\xad',b'\x86\xd9i\xffa\xb3W\xce',53279,red
b'\xe4\xfe\x91\xcd\xdb\xcbV\x7f',b'\x86\xd9i\xffa\xb3W\xce',49591,red
b'\xc0\xf8\xc5\xfd$\x18V\x07',b'\x86\xd9i\xffa\xb3W\xce',52907,red
b'\xe5s\x87\xf56;R\xb5',b'\x86\xd9i\xffa\xb3W\xce',49674,red
b'd\xd6\xcd\x045MZ\xe7',b'\x86\xd9i\xffa\xb3W\xce',48930,red
b'3@j\xf8KxV\xa4',b'\x86\xd9i\xffa\xb3W\xce',48438,red
b'\xea4~\x14{\xb6Q7',b'\x86\xd9i\xffa\xb3W\xce',48929,red
b'6\xf9Y\x82\xf3\xc9\\\xc4',b'C\xb4\xde\x8f\xd0/V\xc9',53428,red
b'\x91<\xd2y\xfe\x0fS\x1a',b'C\xb4\xde\x8f\xd0/V\xc9',49673,red
b'Y\x16cY\r\xbe_w',b'C\xb4\xde\x8f\xd0/V\xc9',53279,red
b'\xa9\xc30cS`[\n',b'C\xb4\xde\x8f\xd0/V\xc9',49591,red
b'\x01\x80W\xb80I_K',b'C\xb4\xde\x8f\xd0/V\xc9',52907,red
b'\xdfHB\x1f\xfc\x9bX\xcd',b'C\xb4\xde\x8f\xd0/V\xc9',49674,red
b'\x18I \xe5\x90\xb0V!',b'C\xb4\xde\x8f\xd0/V\xc9',48930,red
"b""\xfa\xc0\x98)'\tQQ""",b'C\xb4\xde\x8f\xd0/V\xc9',48438,red
b'\x1c\xf5\xdd\x98\xad\x0fT\xa3',b'C\xb4\xde\x8f\xd0/V\xc9',48929,red
b'\xc2\x9d\xeb\xe9\xe5\xa8TL',b'\x181\x06\x05\xdd\xb9Y\x84',53428,red
b'h\x00\xb8\xf60bS\x1c',b'\x181\x06\x05\xdd\xb9Y\x84',49673,red
b'a\x1d\xd8\xc0O\xabSX',b'\x181\x06\x05\xdd\xb9Y\x84',53279,red
b'b\x84=\x8a4\x0cW\xcd',b'\x181\x06\x05\xdd\xb9Y\x84',49591,red
b'\x08\xef\xaa\xdd\xc3(Y\xf6',b'\x181\x06\x05\xdd\xb9Y\x84',52907,red
b'\x06\xcb\x92\xc7\xe4\xdcQ\xc9',b'\x181\x06\x05\xdd\xb9Y\x84',49674,red
b'\xd5\x9eGk|\x00Y\x82',b'\x181\x06\x05\xdd\xb9Y\x84',48930,red
b'\x01)\xe5a\x90\\_\xff',b'\x181\x06\x05\xdd\xb9Y\x84',48438,red
b'\x0c\xce!Ull^\xdc',b'\x181\x06\x05\xdd\xb9Y\x84',48929,red
"b'r\xado\xd3\xf8$W,'",b'+A\x9d\xa4\x11\x9f\\\xe9',53428,red
b'\xbd\xc2G\x83:^Q~',b'+A\x9d\xa4\x11\x9f\\\xe9',49673,red
b'F\x92\x16\xbb\xaf\xbeQ\x80',b'+A\x9d\xa4\x11\x9f\\\xe9',53279,red
b'V\x03-\x83#\xe4Q!',b'+A\x9d\xa4\x11\x9f\\\xe9',49591,red
b'\xd40\x15 \xf1i]\xed',b'+A\x9d\xa4\x11\x9f\\\xe9',52907,red
b'\xaa\xa0>m8\rZ\x15',b'+A\x9d\xa4\x11\x9f\\\xe9',49674,red
b'\x98f\xa2\xcf\xdd\x9fR\xca',b'+A\x9d\xa4\x11\x9f\\\xe9',48930,red
b'D\xb9\xbd\x12\xc84\\4',b'+A\x9d\xa4\x11\x9f\\\xe9',48438,red
b'\xd0$.vD/]\x17',b'+A\x9d\xa4\x11\x9f\\\xe9',48929,red
b'{$Kh!`Xw',b'O\x8cO\xde\x9f\xccUk',53428,red
b'\xa9\x9e^\xd3=\xc5W\xdd',b'O\x8cO\xde\x9f\xccUk',49673,red
b'!\x81\xe4\x94QNS:',b'O\x8cO\xde\x9f\xccUk',53279,red
b'v\xcf*3\xf2\xa3Q\x16',b'O\x8cO\xde\x9f\xccUk',49591,red
"b'\xfeb""k\x07\x1e]\x93'",b'O\x8cO\xde\x9f\xccUk',52907,red
b'PB\xb3\x13OcXN',b'O\x8cO\xde\x9f\xccUk',49674,red
b']-\x92\x90\xc3RSU',b'O\x8cO\xde\x9f\xccUk',48930,red
b':\x92\xbdE\x91c^\x85',b'O\x8cO\xde\x9f\xccUk',48438,red
b'{\xc0z\x15\xd6ZV\xa1',b'O\x8cO\xde\x9f\xccUk',48929,red
b'\xfb\x06\x04\xce\x044\\\xc7',b'\xcb\xe3\x9fB\x15\xf1V\xbb',53428,red
b'\xc0\x85\x84\x92\xf3\xd0_\xb7',b'\xcb\xe3\x9fB\x15\xf1V\xbb',49673,red
b'k\x193\x06\x81\xe3_\xcb',b'\xcb\xe3\x9fB\x15\xf1V\xbb',53279,red
b'\xe9v\xba<5W_\xdb',b'\xcb\xe3\x9fB\x15\xf1V\xbb',49591,red
b'\xa5\x1a\xfb\xea=\xb7_S',b'\xcb\xe3\x9fB\x15\xf1V\xbb',52907,red
b'\x98+I\xce\x110Q\xdd',b'\xcb\xe3\x9fB\x15\xf1V\xbb',49674,red
b'\x16\xf7&\xa4\xb8\xf2^\xce',b'\xcb\xe3\x9fB\x15\xf1V\xbb',48930,red
b'\x82b\x02\x11\xaa[U\xad',b'\xcb\xe3\x9fB\x15\xf1V\xbb',48438,red
b'\x19\xf3\xce\x13X\xf9Q\xb2',b'\xcb\xe3\x9fB\x15\xf1V\xbb',48929,red
b'\xe89\xf1\x9a\x81\xbc^n',b'e\x1d\xff\xcc\xdaG^\xe2',53428,red
b'\xb7v&Om2Q\x1d',b'e\x1d\xff\xcc\xdaG^\xe2',49673,red
b'\xde\xc1\x9e\x1e\xe3U])',b'e\x1d\xff\xcc\xdaG^\xe2',53279,red
b'\x020\xcc\xae\x8f\x1eU\x82',b'e\x1d\xff\xcc\xdaG^\xe2',49591,red
"b""\x14\xfb\x1e\xd7'\x88V(""",b'e\x1d\xff\xcc\xdaG^\xe2',52907,red
"b""\x00'\x82\x8b@(^d""",b'e\x1d\xff\xcc\xdaG^\xe2',49674,red
b'\xe1z\x922\xdd1Xp',b'e\x1d\xff\xcc\xdaG^\xe2',48930,red
b'\xc4\xa9\xa8|*\xe8^#',b'e\x1d\xff\xcc\xdaG^\xe2',48438,red
b'\xe8re\xb9\xac\x0bP\xb9',b'e\x1d\xff\xcc\xdaG^\xe2',48929,red
b'<\xb6%\x02\xc04]$',b'/\x0e\xd6\xec7nPa',53428,red
"b'\xa3\xbc\xd9\x1b\x1a\x9e_,'",b'/\x0e\xd6\xec7nPa',49673,red
b'1\xb26\xdc\x9ceW\xdf',b'/\x0e\xd6\xec7nPa',53279,red
"b'\xee\x12*""\x12\xd4V>'",b'/\x0e\xd6\xec7nPa',49591,red
b'%\xca\x8e\x9c\x0e\xbe_\xef',b'/\x0e\xd6\xec7nPa',52907,red
b'\xb2\xc4\xc7\xd7\xdcxV\xc2',b'/\x0e\xd6\xec7nPa',49674,red
b'\xb53\xc4\xeb\x94\xccY\xdb',b'/\x0e\xd6\xec7nPa',48930,red
b'\xbf\x89\x15Iy\x07T1',b'/\x0e\xd6\xec7nPa',48438,red
b'e\x97\xacHj_Q\xab',b'/\x0e\xd6\xec7nPa',48929,red
b'\x0e\x82H\x19\x1d\xe4]\x17',"b'\xd7\xc2\x08,\x89\x83\\t'",53428,red
b'\xcf\\\xdf\xbc\xf3\xe1R\x15',"b'\xd7\xc2\x08,\x89\x83\\t'",49673,red
b'\xdc04m$\xfeY\x86',"b'\xd7\xc2\x08,\x89\x83\\t'",53279,red
b'7\x8fRzT\xd9V\xa9',"b'\xd7\xc2\x08,\x89\x83\\t'",49591,red
b'\xe2\x99=\x9bc\xa7U\xa6',"b'\xd7\xc2\x08,\x89\x83\\t'",52907,red
b':\x1a\xcb\xb4\xf2\xf3Y\x9d',"b'\xd7\xc2\x08,\x89\x83\\t'",49674,red
b'\x84TA\xea\xcf%[P',"b'\xd7\xc2\x08,\x89\x83\\t'",48930,red
b'\x1c\xf18\x93ocWN',"b'\xd7\xc2\x08,\x89\x83\\t'",48438,red
"b'\xe3=\x13\x91\xd9""T\xc9'","b'\xd7\xc2\x08,\x89\x83\\t'",48929,red
b'\xacU\xff\xbb\xc7uTK',b'\xf2\xd0NTv\xdeY\xd0',53428,red
b'\x84Ok\x1cK\xb7]\xee',b'\xf2\xd0NTv\xdeY\xd0',49673,red
b'\x14\xa3\xba\x8a6;T\x1c',b'\xf2\xd0NTv\xdeY\xd0',53279,red
"b""Q'g\x8a\xd2\x91V\xb5""",b'\xf2\xd0NTv\xdeY\xd0',49591,red
b'\xee\xf9\x82 \xc2\xc4^\x97',b'\xf2\xd0NTv\xdeY\xd0',52907,red
b'wi\xef\xd2H\x05_C',b'\xf2\xd0NTv\xdeY\xd0',49674,red
b'\x10_\x8a\xd4`\xc1YZ',b'\xf2\xd0NTv\xdeY\xd0',48930,red
b'\xcc\r\x810\x18\xcf[\xda',b'\xf2\xd0NTv\xdeY\xd0',48438,red
b'\xbf5\x98\xb7\xe5DV\x9e',b'\xf2\xd0NTv\xdeY\xd0',48929,red
b'\xaf\xd0\x17\xe4j\xca[\xdf',b'\x05{\xd7\x85\x93ZZ\xa5',53428,red
b'\x0e\x85V\x83\xc9\xd6Wv',b'\x05{\xd7\x85\x93ZZ\xa5',49673,red
b':\x938\xc6\xc87Pf',b'\x05{\xd7\x85\x93ZZ\xa5',53279,red
b'\xe48\x01\xd1\x80\x9f]\n',b'\x05{\xd7\x85\x93ZZ\xa5',49591,red
b'\x17\xfb\x9e\x934SZ\xbf',b'\x05{\xd7\x85\x93ZZ\xa5',52907,red
b'\xea\x98|\x07\xfa\x9d^\xb5',b'\x05{\xd7\x85\x93ZZ\xa5',49674,red
b'\xc5*\x15f\xe2qUW',b'\x05{\xd7\x85\x93ZZ\xa5',48930,red
b'P\xb7\x16/\xe9\xb8Sm',b'\x05{\xd7\x85\x93ZZ\xa5',48438,red
b'\x158b\x026\xf2Q\x08',b'\x05{\xd7\x85\x93ZZ\xa5',48929,red
"b""'p\xef\xb6\x98\xcf^\xe9""",b'd\xcf\xb2\xcb\x82\xa5S\xd3',53428,red
b'UbX\xb3\xe8\x89Tc',b'd\xcf\xb2\xcb\x82\xa5S\xd3',49673,red
b'z\xa8^\xabH\xe2Q\x0b',b'd\xcf\xb2\xcb\x82\xa5S\xd3',53279,red
b'\xb8pY\x90\xd0+\\\x86',b'd\xcf\xb2\xcb\x82\xa5S\xd3',49591,red
b'\x06\xf3gv\xbb\x87Zd',b'd\xcf\xb2\xcb\x82\xa5S\xd3',52907,red
b'\xa1\xb2\xae#\x94\x16P\x84',b'd\xcf\xb2\xcb\x82\xa5S\xd3',49674,red
b'a.}=-cV~',b'd\xcf\xb2\xcb\x82\xa5S\xd3',48930,red
b'\xcd&SyU\xa6R\x1f',b'd\xcf\xb2\xcb\x82\xa5S\xd3',48438,red
b'Q^\x1a\xbb\xd9\x8bP\xb5',b'd\xcf\xb2\xcb\x82\xa5S\xd3',48929,red
b'\x0f^\xf0\xb0$FQ\x88',b'H\t\xaaf\xa6j^1',53428,red
b'N\xa0\xaa\x19)\x0cP\x19',b'H\t\xaaf\xa6j^1',49673,red
b'\x88\x9c\xfe\xb5\xca)S\x1b',b'H\t\xaaf\xa6j^1',53279,red
b'\xc2N\x99\x0cU\x13V\xe4',b'H\t\xaaf\xa6j^1',49591,red
b'oG\xb9\xdadc_\xcf',b'H\t\xaaf\xa6j^1',52907,red
b'a\xca\xe5V\x10\xc5[\x10',b'H\t\xaaf\xa6j^1',49674,red
b'\x8b:\x9b\xbfA\x05X\x92',b'H\t\xaaf\xa6j^1',48930,red
b'\x1c\x9d\xba\x95U\x87S`',b'H\t\xaaf\xa6j^1',48438,red
b'a\xa8\xe1\xa0.\x91]D',b'H\t\xaaf\xa6j^1',48929,red
b'\xfb|\xe3{tv^V',b'\x9d\x97\x13w\x90\xabV\xc9',53428,red
b'/D\x82y\xca\xb5PC',b'\x9d\x97\x13w\x90\xabV\xc9',49673,red
b'\xe2\xa4\xe7\xdc\xc6\xd5Pr',b'\x9d\x97\x13w\x90\xabV\xc9',53279,red
b'Y\xceV@N\x86R\x1f',b'\x9d\x97\x13w\x90\xabV\xc9',49591,red
b' 9|\xea\xd9~]\x80',b'\x9d\x97\x13w\x90\xabV\xc9',52907,red
b' +R\xe6\x85a]\xa4',b'\x9d\x97\x13w\x90\xabV\xc9',49674,red
b'\xef\xb1\x187\xe2\xd4U\xf9',b'\x9d\x97\x13w\x90\xabV\xc9',48930,red
b'\x7f6\xc3\t\xbe\xf3U\xe2',b'\x9d\x97\x13w\x90\xabV\xc9',48438,red
"b'\x0bd""\xa2*\x7fZ$'",b'\x9d\x97\x13w\x90\xabV\xc9',48929,red
b'\xa8\r\x0c\x8e!\xacUH',b'\x08\x7fc\xafc9X\xdb',53428,red
b'\xcc\x85ka=\xf4V\xf8',b'\x08\x7fc\xafc9X\xdb',49673,red
b'\xb7\xb2:\xd4\xcd\x1eP\xe8',b'\x08\x7fc\xafc9X\xdb',53279,red
b'\xb5IF\xa5\xfdR\\\x84',b'\x08\x7fc\xafc9X\xdb',49591,red
"b'I\xd3""U\xfbnX\xe5'",b'\x08\x7fc\xafc9X\xdb',52907,red
b'\x94\xda\xbb8\x14pQ\x05',b'\x08\x7fc\xafc9X\xdb',49674,red
b'\xa2\x075\x03\xa10WB',b'\x08\x7fc\xafc9X\xdb',48930,red
b'\xa4\xf3\xdc\xb5B\x80P8',b'\x08\x7fc\xafc9X\xdb',48438,red
b'\xee\xe4\x1b\xa0v\xdbV\xf4',b'\x08\x7fc\xafc9X\xdb',48929,red
b'\xde?P\xb8\x1c\x9c]\x1d',b'\xbaE\xb2\xbcE\xd5P\xf9',53428,red
b'\xf9\xe5w\xe7\x9d\x82^{',b'\xbaE\xb2\xbcE\xd5P\xf9',49673,red
"b""|\xea\x7f\x91<\xa2Z'""",b'\xbaE\xb2\xbcE\xd5P\xf9',53279,red
"b'q3\xa4,t*V\xe8'",b'\xbaE\xb2\xbcE\xd5P\xf9',49591,red
b'+\xed\xd0\xd4\xb4\xb1R\xb1',b'\xbaE\xb2\xbcE\xd5P\xf9',52907,red
"b'\x11\xf7gp\xd4\n_""'",b'\xbaE\xb2\xbcE\xd5P\xf9',49674,red
b'!7J\x80\xf6\xeaX!',b'\xbaE\xb2\xbcE\xd5P\xf9',48930,red
b'+\x803B5r\\c',b'\xbaE\xb2\xbcE\xd5P\xf9',48438,red
b'\x8d{\xbeF\xfa\xee]v',b'\xbaE\xb2\xbcE\xd5P\xf9',48929,red
b'\xe4\x0b\xdc\xe3\x01{^\x85',b'\xf4\x1a\xf3\xaddA[\xe0',53428,red
b'\xa7\xb6\xa7\xe0\xadjP\xa6',b'\xf4\x1a\xf3\xaddA[\xe0',49673,red
b'\xc9\xa15\xe1\teR\x80',b'\xf4\x1a\xf3\xaddA[\xe0',53279,red
b'\x16}\t\xb5\x98\xc9Z\x8f',b'\xf4\x1a\xf3\xaddA[\xe0',49591,red
b'f\x17\xd7H:\x82\\\xb9',b'\xf4\x1a\xf3\xaddA[\xe0',52907,red
b'8X\xa1B]\xb1X\x95',b'\xf4\x1a\xf3\xaddA[\xe0',49674,red
b'l\x8c<\xf8\xdb\xb5Ts',b'\xf4\x1a\xf3\xaddA[\xe0',48930,red
b'l:\x90\xa1\xf3}^\xdf',b'\xf4\x1a\xf3\xaddA[\xe0',48438,red
b'`\xa2\xc4\xb1\xdd\x14Ua',b'\xf4\x1a\xf3\xaddA[\xe0',48929,red
b'sH\xb6\xe1\x89\x13V\xde',b'+D\xd5\xf9\x9c)RN',53428,red
b'\xb6]R\x0cn\xad[H',b'+D\xd5\xf9\x9c)RN',49673,red
b'a\xd1\x11\x8c\xd1\x1c_C',b'+D\xd5\xf9\x9c)RN',53279,red
b'\xa6~\xe3\\P|\\;',b'+D\xd5\xf9\x9c)RN',49591,red
b'\xc8X\xb6\x15\xf8<R0',b'+D\xd5\xf9\x9c)RN',52907,red
"b""a'\xf1\x1aVxT\x97""",b'+D\xd5\xf9\x9c)RN',49674,red
b'\xa7\x8b\xeco\xffgSO',b'+D\xd5\xf9\x9c)RN',48930,red
b'\xc4\xf2\xa9]f&]\xff',b'+D\xd5\xf9\x9c)RN',48438,red
b'^\x8e+\x01\xcf\x14Y\xea',b'+D\xd5\xf9\x9c)RN',48929,red
b'\xc4\xd0\xa6\xeeC\xd8Q\xe6',b'\x1f\xe7s\x9f\x9a\xc3^\xea',53428,red
b'\xd2\xd6\x99(\x04\x94XP',b'\x1f\xe7s\x9f\x9a\xc3^\xea',49673,red
b'\xc2\x0fa\x15\xd8\xa5U\xa9',b'\x1f\xe7s\x9f\x9a\xc3^\xea',53279,red
b'e\x06N\xeaL6]q',b'\x1f\xe7s\x9f\x9a\xc3^\xea',49591,red
b']\xb6\xcf\xceiu^\xaa',b'\x1f\xe7s\x9f\x9a\xc3^\xea',52907,red
b'}W\x8f^\xfd\xbd[\xc5',b'\x1f\xe7s\x9f\x9a\xc3^\xea',49674,red
b'\x9c\xea\x19\xeb\x8b\xa8_\xb1',b'\x1f\xe7s\x9f\x9a\xc3^\xea',48930,red
b'\x8c\xaf\x02i\xf8\xd4P=',b'\x1f\xe7s\x9f\x9a\xc3^\xea',48438,red
b't\xf7\x08Z\xc4\xeeT\xab',b'\x1f\xe7s\x9f\x9a\xc3^\xea',48929,red
b'O\r\xaf\xa3\xd6|T\x8b',b'^\xbd\x0e\x92\xafzV\x0b',53428,red
b'Vhc\x81\xdbE_\xca',b'^\xbd\x0e\x92\xafzV\x0b',49673,red
b'}\xc1S\xfeFgP\xb5',b'^\xbd\x0e\x92\xafzV\x0b',53279,red
b'\xcc|\x9e@g\xdeU\x99',b'^\xbd\x0e\x92\xafzV\x0b',49591,red
b' \xf2bf\xc3\x0fQq',b'^\xbd\x0e\x92\xafzV\x0b',52907,red
b'R\x18T\\\xdc\x0bP\xd7',b'^\xbd\x0e\x92\xafzV\x0b',49674,red
b'\xfeB\x06]m\xb9Z\x9c',b'^\xbd\x0e\x92\xafzV\x0b',48930,red
b'\x1cm\xa3\xbc\xc6AR\xf3',b'^\xbd\x0e\x92\xafzV\x0b',48438,red
b'\x87\xa6m\x96\x159X~',b'^\xbd\x0e\x92\xafzV\x0b',48929,red
b'H\x1d\xbe\xd0\x93<_\xc2',b'\x88\xda\x1a\x838\x89UH',53428,red
b'\xce\xae8\xae!__a',b'\x88\xda\x1a\x838\x89UH',49673,red
b'm\x9f\x93t\xab\xca_@',b'\x88\xda\x1a\x838\x89UH',53279,red
b'@h\xf0\xef<\x18R\x90',b'\x88\xda\x1a\x838\x89UH',49591,red
b'w\xffH\xd9\xfc#\\\xa6',b'\x88\xda\x1a\x838\x89UH',52907,red
b'\xac\xda&\x06\x18\xf9\\\x99',b'\x88\xda\x1a\x838\x89UH',49674,red
b'iE\x8b\xbe\x9f\xb3Q\r',b'\x88\xda\x1a\x838\x89UH',48930,red
b'v\x99\xfb\x05#\xa1R\xc6',b'\x88\xda\x1a\x838\x89UH',48438,red
b'H\xc8OI\xa4\xaeW\r',b'\x88\xda\x1a\x838\x89UH',48929,red
b'\n-\xff\xea\x9b\xf2Q\x8c',b'\x12\xfa\x8a\xb76\xfeY\x99',53428,red
b'P\x0cV\xce\xbf\xfdT\xeb',b'\x12\xfa\x8a\xb76\xfeY\x99',49673,red
b'h\xb7\x88`H2R$',b'\x12\xfa\x8a\xb76\xfeY\x99',53279,red
b'\x8f\xb3\xf20\x1b\x80Q\x9b',b'\x12\xfa\x8a\xb76\xfeY\x99',49591,red
b'\xb2f=\xa4_\x84[\xca',b'\x12\xfa\x8a\xb76\xfeY\x99',52907,red
b'\xa8Db\x13n\x08W\x16',b'\x12\xfa\x8a\xb76\xfeY\x99',49674,red
b'\x08\xad\xbb\xf0\x96\t\\\t',b'\x12\xfa\x8a\xb76\xfeY\x99',48930,red
b'\x0b.\xde\x06\x92\xadT\xb6',b'\x12\xfa\x8a\xb76\xfeY\x99',48438,red
"b'\xaf,\xdbW\n6Xd'",b'\x12\xfa\x8a\xb76\xfeY\x99',48929,red
b'\xba\x04\xc6\xb1D|\\U',b'\xdb\xa2\xf5aj\xac^\x8b',53428,red
"b'\x0c_""\x82\xb6\xcdX\x97'",b'\xdb\xa2\xf5aj\xac^\x8b',49673,red
b'\xfd\xc96\xe3\xd2\xddVh',b'\xdb\xa2\xf5aj\xac^\x8b',53279,red
b'$\xb0\xf9\xf3Y\xe4]\t',b'\xdb\xa2\xf5aj\xac^\x8b',49591,red
b'2\t\xc1`\xdc\x9e\\\x99',b'\xdb\xa2\xf5aj\xac^\x8b',52907,red
b'E0\xd4Sb\x87^\x7f',b'\xdb\xa2\xf5aj\xac^\x8b',49674,red
b'0\xf91\xa1\\\\T\xe3',b'\xdb\xa2\xf5aj\xac^\x8b',48930,red
b'\x821\xcf\xf7\xb5SR1',b'\xdb\xa2\xf5aj\xac^\x8b',48438,red
b'\xf8\x06\x08\xb6\xfa\rR\x13',b'\xdb\xa2\xf5aj\xac^\x8b',48929,red
b'Lc\xf2\xf1\xf1\xb5_0',b'Z`\x88\x9a\x7f\x9eU9',53428,red
b'\x8f\xf2\xd3\x07\xbe\xd0W:',b'Z`\x88\x9a\x7f\x9eU9',49673,red
b'\xd5\xeb\xe8|\x01\tY\xc7',b'Z`\x88\x9a\x7f\x9eU9',53279,red
b'x\xacn\x00\xd2T^\xa2',b'Z`\x88\x9a\x7f\x9eU9',49591,red
b'\xfar\x15\x037\x8b^\xe0',b'Z`\x88\x9a\x7f\x9eU9',52907,red
b'\x00\xac$\xa6\xa5\n\\w',b'Z`\x88\x9a\x7f\x9eU9',49674,red
b'\x7f\xec4m\x05\x06[\x82',b'Z`\x88\x9a\x7f\x9eU9',48930,red
b'\xb6\x80\xfb\xf3\x92\xc8U\xe0',b'Z`\x88\x9a\x7f\x9eU9',48438,red
b'K7\x87%Y\x92Y_',b'Z`\x88\x9a\x7f\x9eU9',48929,red
b'\xde\xc6\x9d\xc4\x96\xfeWl',"b'J\x06\xc4\xbe""\rZ\x90'",53428,red
b'\xf8\xba\xbd+\r\x08\\\x9b',"b'J\x06\xc4\xbe""\rZ\x90'",49673,red
b'\xdao\xc3AzdY\xc7',"b'J\x06\xc4\xbe""\rZ\x90'",53279,red
b'S\x97q\x88\xe1#V\xe6',"b'J\x06\xc4\xbe""\rZ\x90'",49591,red
b'6J\xe8Q\x84\xd8\\\x9b',"b'J\x06\xc4\xbe""\rZ\x90'",52907,red
b'7T\xc2\x15\x99\xc6P\xd1',"b'J\x06\xc4\xbe""\rZ\x90'",49674,red
b'?H\xa227\xc4T\xd8',"b'J\x06\xc4\xbe""\rZ\x90'",48930,red
b'\xdb\xcc\xfbXU\xbaT ',"b'J\x06\xc4\xbe""\rZ\x90'",48438,red
b'\xfep\x00\xce\x95\x93V\xd1',"b'J\x06\xc4\xbe""\rZ\x90'",48929,red
b'\x13wKW\x1a\xabRi',b'\xdd<\xea\x8f\x12qV\x12',53428,red
b'3Z!L\xf9\xe1Ts',b'\xdd<\xea\x8f\x12qV\x12',49673,red
b'/c\xe2\x1b\xfcx[\x04',b'\xdd<\xea\x8f\x12qV\x12',53279,red
b'\xa8\x81\xf1f\xe8RX\x02',b'\xdd<\xea\x8f\x12qV\x12',49591,red
b'\xef(\x0f\xea|\xbdY\x10',b'\xdd<\xea\x8f\x12qV\x12',52907,red
b'\xf9\x9c\x16\x05\x89>_\x9f',b'\xdd<\xea\x8f\x12qV\x12',49674,red
b'C\xe5L\x1bN\xfd^i',b'\xdd<\xea\x8f\x12qV\x12',48930,red
b'\x16\xaft/H\xb5U\xdd',b'\xdd<\xea\x8f\x12qV\x12',48438,red
b'Gn\tQK\xdbQ?',b'\xdd<\xea\x8f\x12qV\x12',48929,red
b'm\x83\x05u\x90t^3',b'\xfa\x81\xbbRQHR%',53428,red
b'\xf1UB\xebxHY\xa1',b'\xfa\x81\xbbRQHR%',49673,red
b')\x14\x8d\xdb|]Z(',b'\xfa\x81\xbbRQHR%',53279,red
b'\xa3\xfd\xc7\xb4\t\xeb]6',b'\xfa\x81\xbbRQHR%',49591,red
b'\xe5.`LJ\x07T\t',b'\xfa\x81\xbbRQHR%',52907,red
b';s\xda\xfa1\xcf_\x02',b'\xfa\x81\xbbRQHR%',49674,red
b'\x7f\xe5\xc4\xebe/[\x17',b'\xfa\x81\xbbRQHR%',48930,red
"b""\xcd\xcf<\x7f'\xfc[\x85""",b'\xfa\x81\xbbRQHR%',48438,red
b'\xbd\x0b\xdd\xb7\x0e\x8d[\xbd',b'\xfa\x81\xbbRQHR%',48929,red
b'6\x18\xcc\xf2<\x11_\x91',b'X\x97J\xc0`\x05P\xa1',53428,red
b'\x9a\xeel.\xa7\nT\x97',b'X\x97J\xc0`\x05P\xa1',49673,red
b'\xf7\x9ft\xdd8\x03__',b'X\x97J\xc0`\x05P\xa1',53279,red
b'~5\x1f\xda\xa0\xffX\\',b'X\x97J\xc0`\x05P\xa1',49591,red
b'\x07\x03\xe9\xd8\xfeDP\xce',b'X\x97J\xc0`\x05P\xa1',52907,red
b'\xbf\xc8\x94\x1e<\xb1S\xbb',b'X\x97J\xc0`\x05P\xa1',49674,red
b'*M\x9a\x02|\xabVz',b'X\x97J\xc0`\x05P\xa1',48930,red
b'`\x11\x07C\xc7Z[i',b'X\x97J\xc0`\x05P\xa1',48438,red
b'M\x02\xfb\xabX\xcaR\xff',b'X\x97J\xc0`\x05P\xa1',48929,red
b'\xc8\xbe\xbc\xe4\x0cb^\xcc',b'\x80X\x179\x9d\xcc_%',53428,red
b'\xcbQ#^_\x15]\xac',b'\x80X\x179\x9d\xcc_%',49673,red
b'\\O^\xd3x\x85V\xa1',b'\x80X\x179\x9d\xcc_%',53279,red
b'\x9fT\xd1\xfdR\x06]\xc2',b'\x80X\x179\x9d\xcc_%',49591,red
b'\x92\x83\xaa\xd0T\xf1W\x1e',b'\x80X\x179\x9d\xcc_%',52907,red
b'\xfd9\xf3[yAW\x85',b'\x80X\x179\x9d\xcc_%',49674,red
b'%\xd1\x12\xa5\xabLU\xf1',b'\x80X\x179\x9d\xcc_%',48930,red
b'\x840\xc2{\xae<T\xd8',b'\x80X\x179\x9d\xcc_%',48438,red
b'\xbaIk\x88zvX\xa7',b'\x80X\x179\x9d\xcc_%',48929,red
b'\xbdK\x05\xbffjY\x80',b'Dj\x08\\\xe7\xdb]\x19',53428,red
b'2uoI.\xf7Y\xf5',b'Dj\x08\\\xe7\xdb]\x19',49673,red
b'\xf0\x14y\x9b\x0c^P\xf4',b'Dj\x08\\\xe7\xdb]\x19',53279,red
b'\x04?3\xb8B\x15Z\x0f',b'Dj\x08\\\xe7\xdb]\x19',49591,red
b'r\xcb\xa8\xdf;kZH',b'Dj\x08\\\xe7\xdb]\x19',52907,red
b'\xd8\xfd\xc5+#\xc1Z\xbc',b'Dj\x08\\\xe7\xdb]\x19',49674,red
"b'\xbf\x8c\xe7""l\x0c_\x87'",b'Dj\x08\\\xe7\xdb]\x19',48930,red
b'\x1f\x0f\x18L\\)Q\xcc',b'Dj\x08\\\xe7\xdb]\x19',48438,red
b'\xf0\xcd\x15\xceW\xd3QV',b'Dj\x08\\\xe7\xdb]\x19',48929,red
b'\xc157\x0f\xcfc[\xdb',"b""\x7f\xb2]'\x15\xcaS\xad""",53428,red
b'i\x0fG\xa7\x85.^\x9a',"b""\x7f\xb2]'\x15\xcaS\xad""",49673,red
b'\x93\x8eZh\xd2$\\\x94',"b""\x7f\xb2]'\x15\xcaS\xad""",53279,red
b'\x1d1 \x8dsCT\xa5',"b""\x7f\xb2]'\x15\xcaS\xad""",49591,red
b'\xcep\x8a\xa1\xddWT\x94',"b""\x7f\xb2]'\x15\xcaS\xad""",52907,red
b'+\x03\x7f+\x06\xe7_3',"b""\x7f\xb2]'\x15\xcaS\xad""",49674,red
b'WL\xcf\xa7\xc5\xab]L',"b""\x7f\xb2]'\x15\xcaS\xad""",48930,red
b'\x86S\x8fc/7\\t',"b""\x7f\xb2]'\x15\xcaS\xad""",48438,red
b'\x98\xac\xa1\xa8\x082Y\xb5',"b""\x7f\xb2]'\x15\xcaS\xad""",48929,red
b'7\x18q\x1c\xe7\xf0V\x12',b'0f\xd0\x08\xef\xd8Ve',53428,red
b'\xdb\x88k;\xa0\x87S\xb8',b'0f\xd0\x08\xef\xd8Ve',49673,red
b'\x9d\xcc _\x1f5X\xdb',b'0f\xd0\x08\xef\xd8Ve',53279,red
b'\x9a\xe1\xad[*\x9dX\x91',b'0f\xd0\x08\xef\xd8Ve',49591,red
b'\x19\x84>y\x81\x1d^\xcc',b'0f\xd0\x08\xef\xd8Ve',52907,red
b'\xff\xa9\xc63Q`]\xb2',b'0f\xd0\x08\xef\xd8Ve',49674,red
b'\xfa7$\xd3\r(YF',b'0f\xd0\x08\xef\xd8Ve',48930,red
b'\xaa\xfd\x9d\x07\x89\x06V\x10',b'0f\xd0\x08\xef\xd8Ve',48438,red
b'\x07\x14O4\x19oV+',b'0f\xd0\x08\xef\xd8Ve',48929,red
b'\xaaf/\xa2\xc13]\xed',b'5\x80db\xe3$Ry',53428,red
b'\xf6\xba\xc8\x81\xc3WQ\xb1',b'5\x80db\xe3$Ry',49673,red
b'\xcf>\xf4\xdf\x97\xa5^\x80',b'5\x80db\xe3$Ry',53279,red
b'\r\xfe\x02\x93\x80@[;',b'5\x80db\xe3$Ry',49591,red
b'\xee\xec\x81\xf2~\xf9Wm',b'5\x80db\xe3$Ry',52907,red
b'\x16\xe7\x1a\xcb\xc6\xd5Z\x02',b'5\x80db\xe3$Ry',49674,red
b'\xdc\x19\xf0\x8d\x8eW\\r',b'5\x80db\xe3$Ry',48930,red
b'\xd5e\xad\xfd)\x10Z\xb5',b'5\x80db\xe3$Ry',48438,red
b'\xef\xc7.\xec\\`Ty',b'5\x80db\xe3$Ry',48929,red
b'W\x1c&\xbf>#W$',b'\xbe\xea\x0b\x9c\xec7Xb',53428,red
b'\xbdh\xe09\x11\\^/',b'\xbe\xea\x0b\x9c\xec7Xb',49673,red
b'\xe3$O\xf7{\xd3X=',b'\xbe\xea\x0b\x9c\xec7Xb',53279,red
"b'@\x88\xde[""\xddZ@'",b'\xbe\xea\x0b\x9c\xec7Xb',49591,red
b'3\n\xbd\xcc\xdc\x1eT\x12',b'\xbe\xea\x0b\x9c\xec7Xb',52907,red
b'\xa3\xe7\xc43\x01\xdbS\x9b',b'\xbe\xea\x0b\x9c\xec7Xb',49674,red
b'Q\x8cKU\xc6$X\x8d',b'\xbe\xea\x0b\x9c\xec7Xb',48930,red
"b'S\x95\x94,\xa9\x8eQ!'",b'\xbe\xea\x0b\x9c\xec7Xb',48438,red
b'\x92D\x1c\r?BQ\xef',b'\xbe\xea\x0b\x9c\xec7Xb',48929,red
b'\xb4\xf67\xa2\xf47U\xdc',b'\xa1B\xcf\xfa\x16\x06U\xfe',53428,red
b'6r\xfd\x8b!lX\xe1',b'\xa1B\xcf\xfa\x16\x06U\xfe',49673,red
b'ki\xb0\x06\xddhW\x0e',b'\xa1B\xcf\xfa\x16\x06U\xfe',53279,red
"b'h\xff""(R\xeeY\xe9'",b'\xa1B\xcf\xfa\x16\x06U\xfe',49591,red
b'\x8ai\xc2z\xfd\x12R\x03',b'\xa1B\xcf\xfa\x16\x06U\xfe',52907,red
b'[\xd8\x00\x1d\xa3\xaeW\xcf',b'\xa1B\xcf\xfa\x16\x06U\xfe',49674,red
b'\x0f\x90\xea\x14\xc2\xacTu',b'\xa1B\xcf\xfa\x16\x06U\xfe',48930,red
b'\\\xd7\xaa\x8b\xc9]T\xb8',b'\xa1B\xcf\xfa\x16\x06U\xfe',48438,red
b'>\xb7\x97x\x1cj]j',b'\xa1B\xcf\xfa\x16\x06U\xfe',48929,red
b'\xd1\x15*{\xc0\xf3\\l',b'\xac\x9d\x19\xe9:w]2',53428,red
b'\xb7\xbd\xb5L\xe3)S\xea',b'\xac\x9d\x19\xe9:w]2',49673,red
b'\xcf\x1e\x8a\xd2\x18gV\xad',b'\xac\x9d\x19\xe9:w]2',53279,red
b'\xaa(\x12!\xe3WU\xdb',b'\xac\x9d\x19\xe9:w]2',49591,red
b'\xd2\xed*DIL[R',b'\xac\x9d\x19\xe9:w]2',52907,red
b'\xcf 39b\x1dZ5',b'\xac\x9d\x19\xe9:w]2',49674,red
b'\xff\x1a\x11\xe7\xbe W\x19',b'\xac\x9d\x19\xe9:w]2',48930,red
b'X\xae^\xa6\x7f\xd5_\x11',b'\xac\x9d\x19\xe9:w]2',48438,red
b':\xb7e\x1bO\xe1TH',b'\xac\x9d\x19\xe9:w]2',48929,red
b'\xe0\x14\x1d\x0c/\xfc[|',b'Z\x14\xb6%hDU\xb9',53428,red
b'V\xb389\xabB_3',b'Z\x14\xb6%hDU\xb9',49673,red
"b'\xba\xc3\x90<?\xdaS""'",b'Z\x14\xb6%hDU\xb9',53279,red
b'R\xfc\xd3\x1e\xf8\x1fWV',b'Z\x14\xb6%hDU\xb9',49591,red
b'\t\x93|\xc2\xdc\xa1Y\xc5',b'Z\x14\xb6%hDU\xb9',52907,red
b'O*-\xcai\x97T\xb2',b'Z\x14\xb6%hDU\xb9',49674,red
b'h\x96\x08\xa7\xff=X?',b'Z\x14\xb6%hDU\xb9',48930,red
b'L\xb5%\x03\xdd\xf3Vn',b'Z\x14\xb6%hDU\xb9',48438,red
b'\xdf8K\xe9\x7f\x84T\x8e',b'Z\x14\xb6%hDU\xb9',48929,red
b'\xb3\xc3\x91\xac\xb37Wq',b'\xed)L{\xa3\xa1^\xad',53428,red
b'\x12yiA\x1c\xe4_\xc7',b'\xed)L{\xa3\xa1^\xad',49673,red
b'\xc6\xaf\xa5\xd8\x7f\xc1T\x9d',b'\xed)L{\xa3\xa1^\xad',53279,red
b'\xe5\\j\x99\x91o]\xf5',b'\xed)L{\xa3\xa1^\xad',49591,red
b'A)Z\xc9\x000Rm',b'\xed)L{\xa3\xa1^\xad',52907,red
b'd\xf8H]\xb0\x1e_|',b'\xed)L{\xa3\xa1^\xad',49674,red
b'\xe0\xf1\xafdF7W\xee',b'\xed)L{\xa3\xa1^\xad',48930,red
b'U/wj\xdc\xfaQo',b'\xed)L{\xa3\xa1^\xad',48438,red
b')%\x98M\x17QW\xe3',b'\xed)L{\xa3\xa1^\xad',48929,red
b'\x15k\xf7q\xee\x8cV\xd1',b'P\xd6\xa2\xb8\xddlQ\xd6',53428,red
b'\xb4\xaa\xaf\x93Tb^<',b'P\xd6\xa2\xb8\xddlQ\xd6',49673,red
b'\x91\xc7\x14\xbf\xfe\x01Z\x90',b'P\xd6\xa2\xb8\xddlQ\xd6',53279,red
b'{~@4\x15\xd9^\x92',b'P\xd6\xa2\xb8\xddlQ\xd6',49591,red
b'\xaaJ\xdd(\xe6{_$',b'P\xd6\xa2\xb8\xddlQ\xd6',52907,red
b'S\x94\xbc\x8a$\xc8]\x8e',b'P\xd6\xa2\xb8\xddlQ\xd6',49674,red
b'\xa2\x05\xadu\xd9\x87\\\xfb',b'P\xd6\xa2\xb8\xddlQ\xd6',48930,red
b'P\xce\xc7\xf8\xb2rX\xd3',b'P\xd6\xa2\xb8\xddlQ\xd6',48438,red
b'\xc8\xccW6\x08|R\xd4',b'P\xd6\xa2\xb8\xddlQ\xd6',48929,red
b'\xc8\xba\xb3\xfd@iQ\x8a',b'\x8aU\x8d\xeee\xdeSq',53428,red
b'JM\x93\x17\xbe\x9eX?',b'\x8aU\x8d\xeee\xdeSq',49673,red
b']\xb9\x12\x94\n\xf7R\xfd',b'\x8aU\x8d\xeee\xdeSq',53279,red
b'\xe9(\x96\x82\xd6\x0cV0',b'\x8aU\x8d\xeee\xdeSq',49591,red
b'\x82WU\x82\x0e\xeeV\x0c',b'\x8aU\x8d\xeee\xdeSq',52907,red
b'\x80\x87L\xb0\x9e\xddR\xd2',b'\x8aU\x8d\xeee\xdeSq',49674,red
b'\x16\xfe\xbf\xeb{\x0eX\xb1',b'\x8aU\x8d\xeee\xdeSq',48930,red
b'\xddzt\xe2\x15\x0bV\xd0',b'\x8aU\x8d\xeee\xdeSq',48438,red
b'VU\x1eN\xc7k^\xba',b'\x8aU\x8d\xeee\xdeSq',48929,red
b'a\xa65-\xcaS]Y',b'\x8a\xa3\x87\x9f\xad&U\xb9',53428,red
b'\x0f%\xc1C\xfa\xefY[',b'\x8a\xa3\x87\x9f\xad&U\xb9',49673,red
b'W\xd4\x1e\xd7\x1c\xd6[\x15',b'\x8a\xa3\x87\x9f\xad&U\xb9',53279,red
b'\xb1$\xef\xa5u\xec_Q',b'\x8a\xa3\x87\x9f\xad&U\xb9',49591,red
b'n\x95-wy\xefR|',b'\x8a\xa3\x87\x9f\xad&U\xb9',52907,red
b'\xfd\x1fZ\xbd\xdd\xe7X\xae',b'\x8a\xa3\x87\x9f\xad&U\xb9',49674,red
b'\xd2\x8b\xaek\xdcyZf',b'\x8a\xa3\x87\x9f\xad&U\xb9',48930,red
b'\xa2r\x8a\x1a\xd4\tS\x15',b'\x8a\xa3\x87\x9f\xad&U\xb9',48438,red
b'\xbco\xd8\x88\xf3Y^\xc0',b'\x8a\xa3\x87\x9f\xad&U\xb9',48929,red
b'\x92\xa1\xec=\x9c(Z\xd8',b'\xeej\xd8d\xcd+TR',53428,red
b'\x8b\xa1B\x19Z\xafX\x84',b'\xeej\xd8d\xcd+TR',49673,red
b'\x94i\xd7\rA\xf0R#',b'\xeej\xd8d\xcd+TR',53279,red
b'3\xfc\x11\xa4\x9f-TA',b'\xeej\xd8d\xcd+TR',49591,red
b'\x0ed\x08\x8a\xc50]C',b'\xeej\xd8d\xcd+TR',52907,red
b'\xb2\xaf\xb0C-_Ug',b'\xeej\xd8d\xcd+TR',49674,red
"b'\x15\xbd\xbd`\xdb""P>'",b'\xeej\xd8d\xcd+TR',48930,red
b'\xccEM\x12dv[\xbc',b'\xeej\xd8d\xcd+TR',48438,red
b'C5\xcbD\xaf\x0fQ9',b'\xeej\xd8d\xcd+TR',48929,red
b'\xb5f%\x90;\x80^v',b'q\xc9\xcc\xf9A\xa4P\xf9',53428,red
b'\xb4rM\x9b*\xffV\xfa',b'q\xc9\xcc\xf9A\xa4P\xf9',49673,red
b'\xce\xd8\xdf\x94\xef\xf0XT',b'q\xc9\xcc\xf9A\xa4P\xf9',53279,red
b'H\xc5G\xb8A\xbdQ\x03',b'q\xc9\xcc\xf9A\xa4P\xf9',49591,red
b'\x0e\xf1\xa7o/\xd8\\\x97',b'q\xc9\xcc\xf9A\xa4P\xf9',52907,red
b'*B\x1b\xbd\xca\xb7\\p',b'q\xc9\xcc\xf9A\xa4P\xf9',49674,red
b'\x94\x12\x9e\xbd\xb1\xcc\\\xc7',b'q\xc9\xcc\xf9A\xa4P\xf9',48930,red
b'n\x12\xd5\xc1\xf9dZ\x03',b'q\xc9\xcc\xf9A\xa4P\xf9',48438,red
b'c\x98\x912\x14\xfcQ\xa5',b'q\xc9\xcc\xf9A\xa4P\xf9',48929,red
b'\x9e\xd3\xd66c.V\xd3',b'\xfd\x92\x805\xc9\xc9_1',53428,red
b'lY\xfb;\xa8\xc6P\xe6',b'\xfd\x92\x805\xc9\xc9_1',49673,red
"b""\x14\x88.H\xdc;S'""",b'\xfd\x92\x805\xc9\xc9_1',53279,red
b'H\xbdH:\xb0\xd9V\x9a',b'\xfd\x92\x805\xc9\xc9_1',49591,red
b'\x08\xcc\xb3\xe5\xdf\xb2V\x86',b'\xfd\x92\x805\xc9\xc9_1',52907,red
b'\x0b\x17\x9f\xf6~\xc8Y\xa4',b'\xfd\x92\x805\xc9\xc9_1',49674,red
b'*PT\x01Y\xb8[\xc5',b'\xfd\x92\x805\xc9\xc9_1',48930,red
b'\xccN\x08C\xf4\xffP\xa6',b'\xfd\x92\x805\xc9\xc9_1',48438,red
b'\x19\x917ZA\xef\\\x1b',b'\xfd\x92\x805\xc9\xc9_1',48929,red
b'5\xf1D\xd7{\xfcS\xab',b'\xf8\x82\x1b\xafe\xbaP\x0f',53428,red
b'\x1e\xa4-|j\xc6X\xb8',b'\xf8\x82\x1b\xafe\xbaP\x0f',49673,red
b'`2\xaa\xde{bPY',b'\xf8\x82\x1b\xafe\xbaP\x0f',53279,red
b'\xee\xcc\xc2*f\xc1Sa',b'\xf8\x82\x1b\xafe\xbaP\x0f',49591,red
b'\x8c!B\xbd\x1b\x1dZ\x97',b'\xf8\x82\x1b\xafe\xbaP\x0f',52907,red
b'7u\x90Q/\xd3Z\x9c',b'\xf8\x82\x1b\xafe\xbaP\x0f',49674,red
b't\xa4\xfa\xac\x0b\tZ\x06',b'\xf8\x82\x1b\xafe\xbaP\x0f',48930,red
b'\x9d\xdc6\x1byC^\xab',b'\xf8\x82\x1b\xafe\xbaP\x0f',48438,red
"b""eM\xb5\xd6\x90\nT'""",b'\xf8\x82\x1b\xafe\xbaP\x0f',48929,red
"b'""\x9f\xa2\x15\xc7\xef];'",b'\xf2\xd3\xa4\\\r\x15[\xaf',53428,red
b'\xa2\xff\x1c\xf6d2W\xe2',b'\xf2\xd3\xa4\\\r\x15[\xaf',49673,red
b'\xd3Fc\xfe\xda\tS\xe2',b'\xf2\xd3\xa4\\\r\x15[\xaf',53279,red
b'%\x90\xf6\x04ZrX\x88',b'\xf2\xd3\xa4\\\r\x15[\xaf',49591,red
b'v\xbf@r\x8c\xbf]\xf7',b'\xf2\xd3\xa4\\\r\x15[\xaf',52907,red
b'\x97X7\xc8\xf6kW\xbd',b'\xf2\xd3\xa4\\\r\x15[\xaf',49674,red
b'|\xa4a\xe8\xc5\xf3W\xbd',b'\xf2\xd3\xa4\\\r\x15[\xaf',48930,red
b'\x00\x1eo:\x1emZ\xe0',b'\xf2\xd3\xa4\\\r\x15[\xaf',48438,red
b'\x14\x9f_\x7f\x8f\xa9]\xd8',b'\xf2\xd3\xa4\\\r\x15[\xaf',48929,red
b'\x86\xc3\x83Sy\xe4Z\x94',b'1\x05\x0b\xa2}\xacR}',53428,red
b' V\xe9R&\x9dW!',b'1\x05\x0b\xa2}\xacR}',49673,red
b'\x87\xcb^Z\x19\x92\\\xbc',b'1\x05\x0b\xa2}\xacR}',53279,red
b'\x8f\x99\x18;*\x8fP\xbb',b'1\x05\x0b\xa2}\xacR}',49591,red
b'#7\xfa6\xf5\xedX\x1d',b'1\x05\x0b\xa2}\xacR}',52907,red
b'\x1ae\x91\xb5\xd4+SA',b'1\x05\x0b\xa2}\xacR}',49674,red
b'\xab\x0e\xec|\xf4\xb0^\xfc',b'1\x05\x0b\xa2}\xacR}',48930,red
b'9\xe0\x11PFU]\xc7',b'1\x05\x0b\xa2}\xacR}',48438,red
b'\xc7[\x1c@\xd8C^\x0f',b'1\x05\x0b\xa2}\xacR}',48929,red
b'm\x02\x05\x829<TK',b'J\x8d#\xf5\x87\x02Y\xb9',53428,red
b'\xb4J\xbbP|\xf2U\xca',b'J\x8d#\xf5\x87\x02Y\xb9',49673,red
b'\x82O\xb6=\xbf\xdbR\x8c',b'J\x8d#\xf5\x87\x02Y\xb9',53279,red
b'\xb6\x05\xe6\xe1\x1d\x94_q',b'J\x8d#\xf5\x87\x02Y\xb9',49591,red
"b""_\x19'\xa5\x0eyVY""",b'J\x8d#\xf5\x87\x02Y\xb9',52907,red
b'\xaa4\x96T\xce\x06^\x80',b'J\x8d#\xf5\x87\x02Y\xb9',49674,red
b'INvb\x14lQ\xd2',b'J\x8d#\xf5\x87\x02Y\xb9',48930,red
b'\xa5\xe2_\x08@;WZ',b'J\x8d#\xf5\x87\x02Y\xb9',48438,red
b'\xc8k\x00\xeaw\xd8_\xdc',b'J\x8d#\xf5\x87\x02Y\xb9',48929,red
b'\xabu\xca1\xeb\xa5Y\xc9',b'[(\xedk\xed\xd0Sw',53428,red
b'!q<\xc1\x84DY\xcd',b'[(\xedk\xed\xd0Sw',49673,red
b'\x87]\xb8olzW}',b'[(\xedk\xed\xd0Sw',53279,red
b'[1\x9a:f\xa4S\x1e',b'[(\xedk\xed\xd0Sw',49591,red
b'\x01\x99\x93\x07E\x9cV\xf8',b'[(\xedk\xed\xd0Sw',52907,red
b'\xec\xd7\xff\x1c\xda%^c',b'[(\xedk\xed\xd0Sw',49674,red
b'\xccN\xad\xe2A?Z\xb1',b'[(\xedk\xed\xd0Sw',48930,red
b'n&\x1d\xb5\xfbRV\xa1',b'[(\xedk\xed\xd0Sw',48438,red
b'\xdc\x1e\xf7/\xc3LR\xdc',b'[(\xedk\xed\xd0Sw',48929,red
b'`\xa8v#I)T7',b'\x18\xa0\x8c\xe0\xa1\x1aU\xd0',53428,red
b'S\xf9\xaar\xc6\xbc\\@',b'\x18\xa0\x8c\xe0\xa1\x1aU\xd0',49673,red
b'\xe8\x06:\xaaV\x15]\x90',b'\x18\xa0\x8c\xe0\xa1\x1aU\xd0',53279,red
b'\xb9\x03m\x82\tl\\<',b'\x18\xa0\x8c\xe0\xa1\x1aU\xd0',49591,red
b'\xe9\xa4<k\xaf>Xw',b'\x18\xa0\x8c\xe0\xa1\x1aU\xd0',52907,red
"b""\xcb\xfe\x1c\xd4']U&""",b'\x18\xa0\x8c\xe0\xa1\x1aU\xd0',49674,red
b'\xe3\xaa1\x02\x1f\x1eUv',b'\x18\xa0\x8c\xe0\xa1\x1aU\xd0',48930,red
b'\xa6\xda\xc6\x87\x97\x10V\xd9',b'\x18\xa0\x8c\xe0\xa1\x1aU\xd0',48438,red
b'\xb7\x19\x1a\x16M\x8aR\xbc',b'\x18\xa0\x8c\xe0\xa1\x1aU\xd0',48929,red
b'\\\xd6TZ\x92wT\xf8',b'\xa4\x0eE\xc3{\xfc]\xba',53428,red
b'\x04\xc8s\x9e\x11{Y\xbb',b'\xa4\x0eE\xc3{\xfc]\xba',49673,red
b'\xe7\x9cN\xc8<\x82V&',b'\xa4\x0eE\xc3{\xfc]\xba',53279,red
b'\xea\x15\x88\xccr\t_5',b'\xa4\x0eE\xc3{\xfc]\xba',49591,red
b'\x15/\xbeP\x8d\xdb_\x86',b'\xa4\x0eE\xc3{\xfc]\xba',52907,red
b'J\xb8fp\x8ad^a',b'\xa4\x0eE\xc3{\xfc]\xba',49674,red
b'h7A\x02`\x00]\x93',b'\xa4\x0eE\xc3{\xfc]\xba',48930,red
b'\x06\xc9\x1b\xbbM\xa3R\xa3',b'\xa4\x0eE\xc3{\xfc]\xba',48438,red
b'\xcd\xc1%\xf9\xb6\x18_f',b'\xa4\x0eE\xc3{\xfc]\xba',48929,red
b'jQ\x86a$\xb6]\x89',b'\x8c\\\x9b\xa5K\xf9S\x9b',53428,red
b'\x86}\x9b\xc8&\xd3\\\xbe',b'\x8c\\\x9b\xa5K\xf9S\x9b',49673,red
b'ahn\x9a\xb8\x91R\x1e',b'\x8c\\\x9b\xa5K\xf9S\x9b',53279,red
b's\x92N\x83\xaa\xacQ\xf4',b'\x8c\\\x9b\xa5K\xf9S\x9b',49591,red
b'\x80\xe8>J\x08\xa0VH',b'\x8c\\\x9b\xa5K\xf9S\x9b',52907,red
b'R\x05\x1a4\x8a;U\xa6',b'\x8c\\\x9b\xa5K\xf9S\x9b',49674,red
b'\x9b&i\x8c\x19\n^&',b'\x8c\\\x9b\xa5K\xf9S\x9b',48930,red
b'\x01\x80\x88\xe7\x91\x17X\xd1',b'\x8c\\\x9b\xa5K\xf9S\x9b',48438,red
b'\xb9\xff\xa2cxXS\xca',b'\x8c\\\x9b\xa5K\xf9S\x9b',48929,red
b'\xca\xce\xc0\xa3\x17\x0cSA',b'bS\xba\n\xbaOV\x17',53428,red
b'\x9c\xa0?\xd0\x9d\x97W\xe2',b'bS\xba\n\xbaOV\x17',49673,red
b'_\xfct\xefk\x9cP\x17',b'bS\xba\n\xbaOV\x17',53279,red
b'\xeb\xe0g\x85(\xfdTA',b'bS\xba\n\xbaOV\x17',49591,red
b'\xfe\xa8K\x1c\x18\xd5_\xf5',b'bS\xba\n\xbaOV\x17',52907,red
b'<\xdcEj1\xabV\x1c',b'bS\xba\n\xbaOV\x17',49674,red
b'\x1d\xe6\x87\xf0Y\x8cV.',b'bS\xba\n\xbaOV\x17',48930,red
b'Z \xc3?M\xc4U\xb1',b'bS\xba\n\xbaOV\x17',48438,red
b'Y\x17\x85\r\xc1\xb2RM',b'bS\xba\n\xbaOV\x17',48929,red
b'\xc3\x00\xe4\xf0d\xa5]P',"b""\x7f\x10\xcd\x9e'\tU\x85""",53428,red
b'0\xbf\x03\x85\xe6\xc4XI',"b""\x7f\x10\xcd\x9e'\tU\x85""",49673,red
b'\x1d\xbe\xf0\xa5w\xdd^\xe8',"b""\x7f\x10\xcd\x9e'\tU\x85""",53279,red
b'\x9d\xf5AS\x86IU\x99',"b""\x7f\x10\xcd\x9e'\tU\x85""",49591,red
b'\xf4\x84\x8e\xa4\xaa\xdeQ]',"b""\x7f\x10\xcd\x9e'\tU\x85""",52907,red
b'\x8e\x9bL\xdbz\x91X\xcf',"b""\x7f\x10\xcd\x9e'\tU\x85""",49674,red
b'\x91\xb3m\x80\x15\x1cZ\xe8',"b""\x7f\x10\xcd\x9e'\tU\x85""",48930,red
b'\r`\x07t(RP\xa0',"b""\x7f\x10\xcd\x9e'\tU\x85""",48438,red
b'\xa6V\xb5s\x99<W\xaa',"b""\x7f\x10\xcd\x9e'\tU\x85""",48929,red
b'\x12V0\xf5\xf79V=',b'\xb3\xba~\xc5(\x9dR\x11',53428,red
b'e%[\x93?\x01[\xdb',b'\xb3\xba~\xc5(\x9dR\x11',49673,red
b'\xbb\x1f\x11\xceA\xd1_-',b'\xb3\xba~\xc5(\x9dR\x11',53279,red
b'\x7f\xb6\xd9~\x89\xdeW6',b'\xb3\xba~\xc5(\x9dR\x11',49591,red
b'\x99\x0cm\xfb\xe2\x19[\xa2',b'\xb3\xba~\xc5(\x9dR\x11',52907,red
b'*\x15\xd0\xfb\xa6\xd8U7',b'\xb3\xba~\xc5(\x9dR\x11',49674,red
b'\xac\xa0\xc6\xf6i\xe3U\xce',b'\xb3\xba~\xc5(\x9dR\x11',48930,red
b'a\xc2;*\xa5WZ\x98',b'\xb3\xba~\xc5(\x9dR\x11',48438,red
b'72H7z\x86]Y',b'\xb3\xba~\xc5(\x9dR\x11',48929,red
b'\x88\x187\x9fkXZ*',b'F\xba\xa7\xa1\x0e\xe7V&',53428,red
b'\xf6\xda\xfe\x04\xe9fPV',b'F\xba\xa7\xa1\x0e\xe7V&',49673,red
b'\xe9\x1e\r8\x93mZ\x89',b'F\xba\xa7\xa1\x0e\xe7V&',53279,red
b'$\xcf\x05\xbcK\xbfX\xa0',b'F\xba\xa7\xa1\x0e\xe7V&',49591,red
b'\x1c\x05g\x1a;\x96V\xe5',b'F\xba\xa7\xa1\x0e\xe7V&',52907,red
b'G\xbcXO\x9a\xf5_/',b'F\xba\xa7\xa1\x0e\xe7V&',49674,red
b'\xdag`\xe3S\x8bZZ',b'F\xba\xa7\xa1\x0e\xe7V&',48930,red
b'\x95\x8e\xde}T\xa4]\x08',b'F\xba\xa7\xa1\x0e\xe7V&',48438,red
b'\x99\xff\xcc\xac\xf5%T\x9a',b'F\xba\xa7\xa1\x0e\xe7V&',48929,red
b'!\t\x92Y\xd1\x17QK',b'e\x9e\xa0\x18C\xa1T<',53428,red
"b'k&""\xbd\xf0\x93P\x0e'",b'e\x9e\xa0\x18C\xa1T<',49673,red
b'X\x8aC4\xfc*S\x0f',b'e\x9e\xa0\x18C\xa1T<',53279,red
b'\x7f\x17\n\xabi\xda\\0',b'e\x9e\xa0\x18C\xa1T<',49591,red
b'\x8ab\x7f>\xbc\xd9W1',b'e\x9e\xa0\x18C\xa1T<',52907,red
b'\xc1\xe7h\xc7\xc1\x1a\\\x10',b'e\x9e\xa0\x18C\xa1T<',49674,red
b'\x8cb1\xb1\xf1I]\x0b',b'e\x9e\xa0\x18C\xa1T<',48930,red
b'\xe6~\xea\x08J\xf4W\x94',b'e\x9e\xa0\x18C\xa1T<',48438,red
b'\x91\x08\x97\xfa\x12ST7',b'e\x9e\xa0\x18C\xa1T<',48929,red
b'\xf3\xeczT\xd5eT\x89',"b""\x96'\xb3\xad@\xf1_*""",53428,red
b'\xba\x1b\xae\xa3\xb0d_K',"b""\x96'\xb3\xad@\xf1_*""",49673,red
"b'""\xefL\x9c\xf5\xf9R\x1d'","b""\x96'\xb3\xad@\xf1_*""",53279,red
b'P\x813kDlY\xaa',"b""\x96'\xb3\xad@\xf1_*""",49591,red
b'\xe8n\xa0Yu\x12TU',"b""\x96'\xb3\xad@\xf1_*""",52907,red
b'{\x1d\x9cnIy^\xef',"b""\x96'\xb3\xad@\xf1_*""",49674,red
b'j\xf0S\xf53EV\xcd',"b""\x96'\xb3\xad@\xf1_*""",48930,red
b'E\xf0\xeb}\xe8\x82\\\xb1',"b""\x96'\xb3\xad@\xf1_*""",48438,red
b'\x14\xd5\xd8\x82\x98\x1e[\xb9',"b""\x96'\xb3\xad@\xf1_*""",48929,red
b'\xd8\x05\x90\x14\xce]\\\xbc',"b'V2\xaaJ\x0b\xe4W,'",53428,red
b'\x83\x0f}j\xea\x15U\x8b',"b'V2\xaaJ\x0b\xe4W,'",49673,red
b'\xa3\x8eC\\\x1b\x81_\xf4',"b'V2\xaaJ\x0b\xe4W,'",53279,red
b'\xef^\x8f`@$T\x07',"b'V2\xaaJ\x0b\xe4W,'",49591,red
b'T\xf5\xedhe\xacX\x02',"b'V2\xaaJ\x0b\xe4W,'",52907,red
b'\x0c\xd2pN\xdc\x0c^\xd4',"b'V2\xaaJ\x0b\xe4W,'",49674,red
b'U\xeb\x1e\xa8\x95\xa5T\x8d',"b'V2\xaaJ\x0b\xe4W,'",48930,red
"b'\xbe>""$\xd0\x9c]\xf2'","b'V2\xaaJ\x0b\xe4W,'",48438,red
b'\x08\xb9`\xa1\xd9xW\x1f',"b'V2\xaaJ\x0b\xe4W,'",48929,red
b'DZn\x83\x15K_\xc2',b'\x92jt\x0b\x1b\xcd[\xc0',53428,red
b'\x92\xc5\xff\x9aF\xb3T\x98',b'\x92jt\x0b\x1b\xcd[\xc0',49673,red
b'\xcf\x1d\x98c\xfd\xc8^T',b'\x92jt\x0b\x1b\xcd[\xc0',53279,red
b'6\xa0\x18\xaf\xab~R\r',b'\x92jt\x0b\x1b\xcd[\xc0',49591,red
b'\xc2AA\xaf\x10\xedT\xf8',b'\x92jt\x0b\x1b\xcd[\xc0',52907,red
b'\xad\x96u~{\xd7R\xa4',b'\x92jt\x0b\x1b\xcd[\xc0',49674,red
b'\xf8\xffcl\xb48V\xb3',b'\x92jt\x0b\x1b\xcd[\xc0',48930,red
b'BSP\xc8\x9dPUL',b'\x92jt\x0b\x1b\xcd[\xc0',48438,red
b'\xc5\xd1\xeb<\x8b\x85U\xce',b'\x92jt\x0b\x1b\xcd[\xc0',48929,red
"b'\xaf\x89\xefdu\xaeX,'",b'\x83\xbd\xca\xd5\xe0\xe4R\xa2',53428,red
b'\xdfcj=\xdb\xabQB',b'\x83\xbd\xca\xd5\xe0\xe4R\xa2',49673,red
b'\xe1\x95\xc8\x86\xeb\xe1]\xa4',b'\x83\xbd\xca\xd5\xe0\xe4R\xa2',53279,red
b'pt\xe7\xaeC\xb3V/',b'\x83\xbd\xca\xd5\xe0\xe4R\xa2',49591,red
b'P\xdd{\xb6\xfe\x1b^\xe1',b'\x83\xbd\xca\xd5\xe0\xe4R\xa2',52907,red
b'\xcaX2%yfU\xad',b'\x83\xbd\xca\xd5\xe0\xe4R\xa2',49674,red
b'W\x1e8\x9c\xdf\x03V)',b'\x83\xbd\xca\xd5\xe0\xe4R\xa2',48930,red
b'\xf7\xa0\x7f\xb5\xd9\xa0Y\xd3',b'\x83\xbd\xca\xd5\xe0\xe4R\xa2',48438,red
b'W\xb5\xc0\x86\xc0\xd4\\\x15',b'\x83\xbd\xca\xd5\xe0\xe4R\xa2',48929,red
b'\xd2G\x80\xc7\xf1\xf6^\x81',b'g\xc3\xc1=G\xe5P\xd5',53428,red
b'}zX\x17\xeb\xeeZN',b'g\xc3\xc1=G\xe5P\xd5',49673,red
b'7-\xb6\xcf\xbez]\xfa',b'g\xc3\xc1=G\xe5P\xd5',53279,red
b'\xacp\xaf_\xa1\xef^\xbe',b'g\xc3\xc1=G\xe5P\xd5',49591,red
b'z\x8cn\xa2\x8d[Q\xc0',b'g\xc3\xc1=G\xe5P\xd5',52907,red
b'\xd4\x91;\xe1w\xd9ZV',b'g\xc3\xc1=G\xe5P\xd5',49674,red
b'd\xca\xacV?.[E',b'g\xc3\xc1=G\xe5P\xd5',48930,red
b'f\xb3\xc0A\xff\x9fU\x04',b'g\xc3\xc1=G\xe5P\xd5',48438,red
b'F7\x0b]C\x14_%',b'g\xc3\xc1=G\xe5P\xd5',48929,red
b'#\xc8r~a0_F',b'%|\xa3=\xdel\\\x17',53428,red
b'#\xa1\x86\x12\xe0\tT?',b'%|\xa3=\xdel\\\x17',49673,red
b'Ge\xe4K\x0b\xd7R1',b'%|\xa3=\xdel\\\x17',53279,red
b'N\x03n\x9c\xcb}T\xa2',b'%|\xa3=\xdel\\\x17',49591,red
b'\xedK\x91\xc7\x830\\M',b'%|\xa3=\xdel\\\x17',52907,red
b'\x83\xb0&\x0e\x01\x06_\xb6',b'%|\xa3=\xdel\\\x17',49674,red
b'=~\xa5\xa3Lk_\xbe',b'%|\xa3=\xdel\\\x17',48930,red
b'X\xf8Q8J\\[:',b'%|\xa3=\xdel\\\x17',48438,red
b'n\x18\xf2\x88\x96\x90P\x9f',b'%|\xa3=\xdel\\\x17',48929,red
b'\x05r\x12\x14\xbe9U\x8c',b'B;\x157d\xa5Z\x1e',53428,red
b'(\x8d\xb4\xc0 \xde].',b'B;\x157d\xa5Z\x1e',49673,red
b'\x99T\xbd~\xb6\\_]',b'B;\x157d\xa5Z\x1e',53279,red
b'\x11\n/\x9c_/Y^',b'B;\x157d\xa5Z\x1e',49591,red
"b',1M\xa6\xdf\xf1_\x85'",b'B;\x157d\xa5Z\x1e',52907,red
b's\x06\xd4r\x12fS\xc2',b'B;\x157d\xa5Z\x1e',49674,red
b'I\xd3WnACT\x01',b'B;\x157d\xa5Z\x1e',48930,red
b'(\xb4\x85\xfd\xba\xe4Vq',b'B;\x157d\xa5Z\x1e',48438,red
b'/\xdar#\xa4\x16[\xa2',b'B;\x157d\xa5Z\x1e',48929,red
b'(\xebd\xddj\xcdV\x9b',b'\xa1)\xb6+\x14\xbd\\\r',53428,red
b'|\xef7\xf4\x8a\xfb]\xa3',b'\xa1)\xb6+\x14\xbd\\\r',49673,red
b'\xcb\xfd#&\x8b\\U\x0c',b'\xa1)\xb6+\x14\xbd\\\r',53279,red
b'd\xb4g\xfa\xb4\xe4\\`',b'\xa1)\xb6+\x14\xbd\\\r',49591,red
b'<\x0f\x9a\xd8a\x1f_\xf1',b'\xa1)\xb6+\x14\xbd\\\r',52907,red
b'_\xd0N\xabWJ][',b'\xa1)\xb6+\x14\xbd\\\r',49674,red
b'4q%\x80:\x11Y\x98',b'\xa1)\xb6+\x14\xbd\\\r',48930,red
b'\xe3\x84\xed\xddS\xa3]\x99',b'\xa1)\xb6+\x14\xbd\\\r',48438,red
b'\xcd\x81\xe7\xbcUdRx',b'\xa1)\xb6+\x14\xbd\\\r',48929,red
b'aw\xfb\xb9I\x95\\\xfe',b'c\xe5XF\x0e5T\xb6',53428,red
b'\xaf]\x15\xb3\xc03WZ',b'c\xe5XF\x0e5T\xb6',49673,red
b'\x131\xad\x14\xf5z]\xe5',b'c\xe5XF\x0e5T\xb6',53279,red
b'\x83\x93V\xe4\xe4\x94^\xa3',b'c\xe5XF\x0e5T\xb6',49591,red
b'\xe9{#\x0b\xed\x18^\xd2',b'c\xe5XF\x0e5T\xb6',52907,red
b']\xaf\x9fo\xb2\xe9\\*',b'c\xe5XF\x0e5T\xb6',49674,red
b'[]\x08\xcf\x8eHW\x86',b'c\xe5XF\x0e5T\xb6',48930,red
b'G\xd4bd\x1f\xefR\xdf',b'c\xe5XF\x0e5T\xb6',48438,red
b'\xccg%^\xab^R=',b'c\xe5XF\x0e5T\xb6',48929,red
b'\xd9\xee\xdc\xc1\x95{Z\xde',b'\xdf\xc8tx\x9aQR\xb4',53428,red
"b'\xfc=""d\x15\x06ZI'",b'\xdf\xc8tx\x9aQR\xb4',49673,red
b')\x7f\xf9X\xd0\xe9ZJ',b'\xdf\xc8tx\x9aQR\xb4',53279,red
b'\x88Ng.\xe5I[\xa1',b'\xdf\xc8tx\x9aQR\xb4',49591,red
b'S\xb9\x9b}\x80\xe8\\\xac',b'\xdf\xc8tx\x9aQR\xb4',52907,red
b'\xba\xad\x1c\xb6\xba\x93U\x12',b'\xdf\xc8tx\x9aQR\xb4',49674,red
b'Z\x9b\xb1\xaek\xc3P\xbd',b'\xdf\xc8tx\x9aQR\xb4',48930,red
b'\x113\xd7\xcc\xbb\x8f]\xbf',b'\xdf\xc8tx\x9aQR\xb4',48438,red
b'W\xa9/\xfdv\x9a]\xbb',b'\xdf\xc8tx\x9aQR\xb4',48929,red
b'\x1aC\x9c\xe6D\x89Y-',b'\x17&\x9c\x8bTBU\xf6',53428,red
b'\xfb9\xa6\xad\xb2\x17T\xb4',b'\x17&\x9c\x8bTBU\xf6',49673,red
b'M\x04Q\x8a\x1cMVm',b'\x17&\x9c\x8bTBU\xf6',53279,red
b'U\x8e\x0e\xbb<\x87R\x1e',b'\x17&\x9c\x8bTBU\xf6',49591,red
b'\xe3LK<\xe1\x05W\x03',b'\x17&\x9c\x8bTBU\xf6',52907,red
b')T\x9d5\xdb\x03X\x12',b'\x17&\x9c\x8bTBU\xf6',49674,red
b'\x9dr\n;\xad<Z]',b'\x17&\x9c\x8bTBU\xf6',48930,red
b'\x02\x97\xf9C\x02\x81Uu',b'\x17&\x9c\x8bTBU\xf6',48438,red
b'\x1f\xf2-w5\xcfUx',b'\x17&\x9c\x8bTBU\xf6',48929,red
b'\xc3$\x1a\xcf\xfa\x10P8',b'\xd4\x8ccE\xfe\x9bP\xc1',53428,red
b'\xaeu\xc6\xc4\x02}Z\xbf',b'\xd4\x8ccE\xfe\x9bP\xc1',49673,red
b'?\xd8\xd6\xbe\x1b\xf9W\xb2',b'\xd4\x8ccE\xfe\x9bP\xc1',53279,red
b'\x92=\xb0\xa7\xac\xc1Q\xd1',b'\xd4\x8ccE\xfe\x9bP\xc1',49591,red
b'\xff\x96\xd0\xb0\x9f\x1c[4',b'\xd4\x8ccE\xfe\x9bP\xc1',52907,red
"b'[\\8\xcf\xd6J[""'",b'\xd4\x8ccE\xfe\x9bP\xc1',49674,red
b'\xcbn\xbc2~\x87^\xab',b'\xd4\x8ccE\xfe\x9bP\xc1',48930,red
b'\xd2:XE{\x13Y\xa5',b'\xd4\x8ccE\xfe\x9bP\xc1',48438,red
"b'\xa1\xdc\xbe\x9a\x9d""R\xa2'",b'\xd4\x8ccE\xfe\x9bP\xc1',48929,red
b'\xe6\xfc\xdc\xf9O\x9e[^',b'f\xcf\xed\xb76\x1cV\xff',53428,red
"b""&\xcf\xf7\xb7'\x9f\\>""",b'f\xcf\xed\xb76\x1cV\xff',49673,red
"b'\xc1\x19\xe1\x82\x0b""WQ'",b'f\xcf\xed\xb76\x1cV\xff',53279,red
b'&W\xcc\xf4\xb6\x98P\xfe',b'f\xcf\xed\xb76\x1cV\xff',49591,red
b'~tC%\xe9\xb8X9',b'f\xcf\xed\xb76\x1cV\xff',52907,red
b')\x0fm\x8f=\xee_\r',b'f\xcf\xed\xb76\x1cV\xff',49674,red
b'/\x97\xde\xf0\xda\x8bY\x12',b'f\xcf\xed\xb76\x1cV\xff',48930,red
b'?\xaa\x13\xed\xad\x01V&',b'f\xcf\xed\xb76\x1cV\xff',48438,red
b'f\xb7M\xfa5\xaeY\xf3',b'f\xcf\xed\xb76\x1cV\xff',48929,red
b'\x81\xb8e~\x1c\xcaR\xa8',b'&\x87J\x16\xa2\xdeV\x07',53428,red
b'\x84>\xe9\xe3&\xbaX\xf1',b'&\x87J\x16\xa2\xdeV\x07',49673,red
b'f\x9d\xa1\xe8\xf6\xc7Zi',b'&\x87J\x16\xa2\xdeV\x07',53279,red
b'\xa5\xaf\xb8\xd5\xd0\x12[\xf1',b'&\x87J\x16\xa2\xdeV\x07',49591,red
b'\xa08z\x15X\xda]\x1b',b'&\x87J\x16\xa2\xdeV\x07',52907,red
b'\x03\x0c\xe4\x85\xc4vUu',b'&\x87J\x16\xa2\xdeV\x07',49674,red
b'rY\xc0d\x04rR%',b'&\x87J\x16\xa2\xdeV\x07',48930,red
b'\xdc\xb3UV##TG',b'&\x87J\x16\xa2\xdeV\x07',48438,red
b'\xd5\xed\xdd\xbck\xa7^\xe2',b'&\x87J\x16\xa2\xdeV\x07',48929,red
b'\xccW8\x1f\xbeV]V',b'\xc9\x8d8W\xc5\xa7V<',53428,red
b'v\x18D~\xc1]R\x15',b'\xc9\x8d8W\xc5\xa7V<',49673,red
b'\x86\x9f`\x04\xef\xd5]\x8a',b'\xc9\x8d8W\xc5\xa7V<',53279,red
b'm\xe6\x85\x11\x8f\x88P\xd2',b'\xc9\x8d8W\xc5\xa7V<',49591,red
b'\tw\\\x04\x1f\xa1Vl',b'\xc9\x8d8W\xc5\xa7V<',52907,red
b'C}\xec\xcf\xf3\xbaQ\x18',b'\xc9\x8d8W\xc5\xa7V<',49674,red
b'z\xb5M\xf4b\xa4[\xdc',b'\xc9\x8d8W\xc5\xa7V<',48930,red
"b""\x87J\xc0'\xdd3],""",b'\xc9\x8d8W\xc5\xa7V<',48438,red
b'\r8\\)|\xd9R\x96',b'\xc9\x8d8W\xc5\xa7V<',48929,red
b'\x8a\x1agT\xd9IT\x1b',"b""'G\x19.\xae\xd1S\xa9""",53428,red
b'A\x0c\xfc\xae$+Xv',"b""'G\x19.\xae\xd1S\xa9""",49673,red
b'\xc3>\\\xeap]\\\xe6',"b""'G\x19.\xae\xd1S\xa9""",53279,red
b'H\xa6@</ZQ\x10',"b""'G\x19.\xae\xd1S\xa9""",49591,red
b'f\xaf\xda\xe0\x1a\x87]\x87',"b""'G\x19.\xae\xd1S\xa9""",52907,red
b'\x1fW\x0cT\xae\xd7X\xfd',"b""'G\x19.\xae\xd1S\xa9""",49674,red
b'\xc4\x91E\x125;Y\xf7',"b""'G\x19.\xae\xd1S\xa9""",48930,red
b'&\x90\xd4I\x8a\x96^%',"b""'G\x19.\xae\xd1S\xa9""",48438,red
b'\x86\x9b\xa1\xf5\xa1QZ\x07',"b""'G\x19.\xae\xd1S\xa9""",48929,red
b'\xda\xa8\r\nA?Q\x83',b'\x15a\x8c\x96\x1e>ZK',53428,red
b'p1k\xcc\xd9\xa7]\x1d',b'\x15a\x8c\x96\x1e>ZK',49673,red
b'\xa4\x95@<\xd5\x9fPo',b'\x15a\x8c\x96\x1e>ZK',53279,red
b'\xf1\xa2K.\x17\xa5[\xc0',b'\x15a\x8c\x96\x1e>ZK',49591,red
b'2h\x93\xaa\xc8\xa0[\xae',b'\x15a\x8c\x96\x1e>ZK',52907,red
b'\xca\xcf*\xa6S\x93Tt',b'\x15a\x8c\x96\x1e>ZK',49674,red
b'\x7f\xa5Bg\x08XV\xfc',b'\x15a\x8c\x96\x1e>ZK',48930,red
"b'p\xca\x9bn`\xbb[,'",b'\x15a\x8c\x96\x1e>ZK',48438,red
b'QE(\x8c\xd1\xfdS_',b'\x15a\x8c\x96\x1e>ZK',48929,red
b'\x9d\xe1\xccvY%^5',b'\x14\xe2\x8c\xe8\xfa\xcc[j',53428,red
b'Js\x11\xdeM\x9cS\xe0',b'\x14\xe2\x8c\xe8\xfa\xcc[j',49673,red
b'mq\xbc\x0b\xea\xa1X>',b'\x14\xe2\x8c\xe8\xfa\xcc[j',53279,red
b'\xa9\x1e\xd7\xcdR\xd0[\xbf',b'\x14\xe2\x8c\xe8\xfa\xcc[j',49591,red
b'\x10\x18\xddRmOTk',b'\x14\xe2\x8c\xe8\xfa\xcc[j',52907,red
b'lq\xaa\xc5\x1cQW\xa2',b'\x14\xe2\x8c\xe8\xfa\xcc[j',49674,red
b'j\xa3\x88~f\xaeQ[',b'\x14\xe2\x8c\xe8\xfa\xcc[j',48930,red
b'\xc6h\xfd\xd8FZRs',b'\x14\xe2\x8c\xe8\xfa\xcc[j',48438,red
b'_cDT=\x88\\\xfa',b'\x14\xe2\x8c\xe8\xfa\xcc[j',48929,red
b'\xf2e\xeb\xdf^\x89X\x1a',b'\x99\x93\x0cHH<Y\x03',53428,red
b'\x14\x0b\xf5=\x07 S\xf2',b'\x99\x93\x0cHH<Y\x03',49673,red
b'\xee+fx\xe4k\\\xe2',b'\x99\x93\x0cHH<Y\x03',53279,red
b'\x84\xbbn`\x14/SW',b'\x99\x93\x0cHH<Y\x03',49591,red
b'\xab\x99\x9a\x83\xbb\x90S%',b'\x99\x93\x0cHH<Y\x03',52907,red
b'Z\xc7/\t\x05\xadY\xb5',b'\x99\x93\x0cHH<Y\x03',49674,red
b'D\x8c\x1f\x90\xbb\xa2X\xc1',b'\x99\x93\x0cHH<Y\x03',48930,red
b'\x02Dol\xae$S\xac',b'\x99\x93\x0cHH<Y\x03',48438,red
b'D\xd8\x8f\x1a\x98kRC',b'\x99\x93\x0cHH<Y\x03',48929,red
b'\x04O\xb5\xbd\x87D_\xf0',b'\xcem\xb2W\xf6\xffWm',53428,red
b'\xb2\x08\xb9R?\xcbR\xb2',b'\xcem\xb2W\xf6\xffWm',49673,red
b'YN@\xe3\xbf\x10R\xda',b'\xcem\xb2W\xf6\xffWm',53279,red
b'~.\t\xfd\xe9\xcb\\\x93',b'\xcem\xb2W\xf6\xffWm',49591,red
b'\xd4\xa6\xe8&\xa0\xbeQ9',b'\xcem\xb2W\xf6\xffWm',52907,red
b'\x05ci/\x04:Q\xb6',b'\xcem\xb2W\xf6\xffWm',49674,red
b'\x106a\xaa4?]\x92',b'\xcem\xb2W\xf6\xffWm',48930,red
b'\xcb\xd5iBV\xf1R ',b'\xcem\xb2W\xf6\xffWm',48438,red
b'[\xaa\x05\xd8=\xcc_\x00',b'\xcem\xb2W\xf6\xffWm',48929,red
b']\x93\xda\xe2jlW\x9c',b'\x86~\x99\x1a\xbb\xa8\\\xf0',53428,red
b'\xa1;\xc3\x12e\xd5Z:',b'\x86~\x99\x1a\xbb\xa8\\\xf0',49673,red
b'`q\\(\x81LX\xc4',b'\x86~\x99\x1a\xbb\xa8\\\xf0',53279,red
b'\xc2\xc1\xde\xfb\x7f9T\xb0',b'\x86~\x99\x1a\xbb\xa8\\\xf0',49591,red
b'h\x16\x99>=\xb2P\xba',b'\x86~\x99\x1a\xbb\xa8\\\xf0',52907,red
b'\xc9\xb2V\xf2B\xc1Y\xc1',b'\x86~\x99\x1a\xbb\xa8\\\xf0',49674,red
b'\xe2G!.\xb4\x85ZX',b'\x86~\x99\x1a\xbb\xa8\\\xf0',48930,red
b'\xa8\x8f\xf6\n\xa7\xacX\x93',b'\x86~\x99\x1a\xbb\xa8\\\xf0',48438,red
b'\xe8\xae\xc4i\xcd\xbaP.',b'\x86~\x99\x1a\xbb\xa8\\\xf0',48929,red
b'@\x956e/\xe3Q\x1c',b'\xf6}\x12\xf6xfV+',53428,red
b'\xf0\xcb\xcd\xc3%!S\xf9',b'\xf6}\x12\xf6xfV+',49673,red
b'\xf6\x8ef\xff\\\xdcV\xec',b'\xf6}\x12\xf6xfV+',53279,red
b'\xdf\xf9?@dwYl',b'\xf6}\x12\xf6xfV+',49591,red
b'\xa7\xfe\xfc\x1c_\xbeS@',b'\xf6}\x12\xf6xfV+',52907,red
b'U\xa3r\xe4\x87!W\xcf',b'\xf6}\x12\xf6xfV+',49674,red
b'\xdc_\x0b:\xa1\x8cX\xeb',b'\xf6}\x12\xf6xfV+',48930,red
b'1\x99\xd4bLI^\xbe',b'\xf6}\x12\xf6xfV+',48438,red
b'C\xea\r\x80\xc9\xe1P\x9b',b'\xf6}\x12\xf6xfV+',48929,red
b'\xc2g^\xa8l`P\xb3',b'r\x8c\xb9\xda\xb1\xf3\\\xcf',53428,red
b'\xb1\x06\xc4b\x8fyTn',b'r\x8c\xb9\xda\xb1\xf3\\\xcf',49673,red
b'\xd8\xfeN\xdci\x8cQi',b'r\x8c\xb9\xda\xb1\xf3\\\xcf',53279,red
b'\xb3\xd8\xb7b\x81NX\xe4',b'r\x8c\xb9\xda\xb1\xf3\\\xcf',49591,red
b'\xb6\xa4R\xc9W\xfd[\x97',b'r\x8c\xb9\xda\xb1\xf3\\\xcf',52907,red
"b'<""y\xd4%\x9fX\xd1'",b'r\x8c\xb9\xda\xb1\xf3\\\xcf',49674,red
b'\xf0\xa38\xc7s\xc6\\\x89',b'r\x8c\xb9\xda\xb1\xf3\\\xcf',48930,red
b'\xc9\xb4S\x91\xb5BU<',b'r\x8c\xb9\xda\xb1\xf3\\\xcf',48438,red
b'\xbd\xe4G~\xe9r]^',b'r\x8c\xb9\xda\xb1\xf3\\\xcf',48929,red
b'C\xfcn<\xa4)^\xdd',b'\xceJ\xaa\xc2[\xce]\xa2',53428,red
b'\xf6\xfb\xcd\x9c4JR\xe9',b'\xceJ\xaa\xc2[\xce]\xa2',49673,red
b'\xd4\xf9\xea\xef_\xda[y',b'\xceJ\xaa\xc2[\xce]\xa2',53279,red
b'\xb0\xcfIQ\x066]\x8c',b'\xceJ\xaa\xc2[\xce]\xa2',49591,red
b'\xe2Wl\x88\xc6\xfeW\t',b'\xceJ\xaa\xc2[\xce]\xa2',52907,red
b'\xbf6d\xc1\xb8[T\xda',b'\xceJ\xaa\xc2[\xce]\xa2',49674,red
b'\xa7n\x04X\x1e\x9aU\x14',b'\xceJ\xaa\xc2[\xce]\xa2',48930,red
"b'\xf1bK\x15\xd9,^:'",b'\xceJ\xaa\xc2[\xce]\xa2',48438,red
b'\x17\x80\x95\x17Z\xc8^\xe2',b'\xceJ\xaa\xc2[\xce]\xa2',48929,red
b'\x8d\xc3\xc6#\xf1\tZN',b'^\xb75\xa1\x89(W\xd3',53428,red
b'Y\xd3\x1c\xe6S\x1dT\xc8',b'^\xb75\xa1\x89(W\xd3',49673,red
b'\xef\xa6GNT\xafXH',b'^\xb75\xa1\x89(W\xd3',53279,red
b'\x10\xfb\xf2\xd5\x176P#',b'^\xb75\xa1\x89(W\xd3',49591,red
b'\xa1\xb0\xe9w\xbbc_\xb9',b'^\xb75\xa1\x89(W\xd3',52907,red
b'|\x98\x85RK\x8cZ\x0e',b'^\xb75\xa1\x89(W\xd3',49674,red
b'r\xebN\xdb\xfd\x0fS\xb2',b'^\xb75\xa1\x89(W\xd3',48930,red
b'\x17x^\xed\xc8\x93]\xd3',b'^\xb75\xa1\x89(W\xd3',48438,red
b'\xb5\xc8\xf3\x862\xb6ZH',b'^\xb75\xa1\x89(W\xd3',48929,red
b'\x91%\x1d[\xcc\xccPw',b'\xc9\xcfb\n\xe8\xd6R\xfb',53428,red
b'\xc3\xc6m\x92\xac6P\xcb',b'\xc9\xcfb\n\xe8\xd6R\xfb',49673,red
"b""\xa2\xff'/|\x1eQ\xc5""",b'\xc9\xcfb\n\xe8\xd6R\xfb',53279,red
b'\x0e\xa4\xf5n\xcdpU\x9b',b'\xc9\xcfb\n\xe8\xd6R\xfb',49591,red
b'\xf9\x7f\x18\x07q\x9bT\xcb',b'\xc9\xcfb\n\xe8\xd6R\xfb',52907,red
b'gER(\xab\xbe\\\xd9',b'\xc9\xcfb\n\xe8\xd6R\xfb',49674,red
b'\xd9|\xf4\x97\xe3bU\x93',b'\xc9\xcfb\n\xe8\xd6R\xfb',48930,red
b'\r\xc6\xcc\xc9\x91MT\xdc',b'\xc9\xcfb\n\xe8\xd6R\xfb',48438,red
b'\xe2\x92:K\xa0\x19S-',b'\xc9\xcfb\n\xe8\xd6R\xfb',48929,red
b'\xf49f\x14\xee\x8eS\xd0',b'\x93\xc7\xec_L\x9bS\xc8',53428,red
b'8\x1e\x05\x01\x19\x1b^\x16',b'\x93\xc7\xec_L\x9bS\xc8',49673,red
b'\xd1S^\xc8\xc4EX\xd3',b'\x93\xc7\xec_L\x9bS\xc8',53279,red
b'N=\xb3?r\x1bQ\xb5',b'\x93\xc7\xec_L\x9bS\xc8',49591,red
b'\x89\x9e\xaa|=\xdcS&',b'\x93\xc7\xec_L\x9bS\xc8',52907,red
b'Tu\x10\xed\xf7qZ\xa2',b'\x93\xc7\xec_L\x9bS\xc8',49674,red
b'\x00\xc8\xdak\x99\x00Y8',b'\x93\xc7\xec_L\x9bS\xc8',48930,red
b'\xd3\xd5\x1cWG[Q\xae',b'\x93\xc7\xec_L\x9bS\xc8',48438,red
b'\x16T\x98:U\xcf[\xea',b'\x93\xc7\xec_L\x9bS\xc8',48929,red
b'\xf6|1\x80\xc0:P\x1d',b'RC\\\xe6U[XK',53428,red
b'w\x90LH\xcarP<',b'RC\\\xe6U[XK',49673,red
b'a[O\xbc^\xd6[\x05',b'RC\\\xe6U[XK',53279,red
b'f\xde\x86#\xc0x[\xcb',b'RC\\\xe6U[XK',49591,red
b'\x04\x8cj\xe0\xde\x06^h',b'RC\\\xe6U[XK',52907,red
b'\xbb.\xc3H\x9c\xd1Y\x92',b'RC\\\xe6U[XK',49674,red
b'\x95\xa1\x97\xc2\x08fX\x02',b'RC\\\xe6U[XK',48930,red
b'\x8b\xb828\xc0\x98YY',b'RC\\\xe6U[XK',48438,red
"b'E\x8d,\x8el\x9aQ\xa2'",b'RC\\\xe6U[XK',48929,red
b'\x13$\x1bmq\xfe]\x0c',b'\xdf\x84\xa4\xb1\xac\x94[p',53428,red
b'B\xff\xf1\x1a\x83u_\xad',b'\xdf\x84\xa4\xb1\xac\x94[p',49673,red
"b'\x0bn\x13bP\xa2V""'",b'\xdf\x84\xa4\xb1\xac\x94[p',53279,red
"b't\xc7""P\xb7\x04X\xbc'",b'\xdf\x84\xa4\xb1\xac\x94[p',49591,red
b'\xb0A\xfb\x90E\x8cVZ',b'\xdf\x84\xa4\xb1\xac\x94[p',52907,red
b'K\x97\xfb\x8co\x15]q',b'\xdf\x84\xa4\xb1\xac\x94[p',49674,red
b'S\xf50_8fW\x15',b'\xdf\x84\xa4\xb1\xac\x94[p',48930,red
b'\xe3#\x84Mv\xcc]S',b'\xdf\x84\xa4\xb1\xac\x94[p',48438,red
b'\xc5\x1aa\xd2\xab\xd7Y\x82',b'\xdf\x84\xa4\xb1\xac\x94[p',48929,red
b'\xe4}\x02Q\xa1WS\xf7',b'\x0f\x7f\x11\xb1\x9b\x0f[E',53428,red
b'\x18\xde\xf0^\x01\x1dU\xc7',b'\x0f\x7f\x11\xb1\x9b\x0f[E',49673,red
b'\\\xa32\xee\xc9\xe7W\xd4',b'\x0f\x7f\x11\xb1\x9b\x0f[E',53279,red
b'1\x1e\xec\xc4\x1d\xee\\8',b'\x0f\x7f\x11\xb1\x9b\x0f[E',49591,red
b'\xaa_\xb2\xc3\x92\xf5R\x9b',b'\x0f\x7f\x11\xb1\x9b\x0f[E',52907,red
b'\xb0A\x7f\x84M}Q\xe0',b'\x0f\x7f\x11\xb1\x9b\x0f[E',49674,red
b'R{R)\xc0\x19U\xf0',b'\x0f\x7f\x11\xb1\x9b\x0f[E',48930,red
b'\x81\xc3^k\xe0\x99Z\xfd',b'\x0f\x7f\x11\xb1\x9b\x0f[E',48438,red
b'\xa1\xb3\xdd\xe5nvV\xa4',b'\x0f\x7f\x11\xb1\x9b\x0f[E',48929,red
b'\x84\xfa\x1d\x10p\xf1]\x8f',"b'e,!q\x07rQ\xde'",53428,red
b'y\xdcT\xdb\xf2\xf2PU',"b'e,!q\x07rQ\xde'",49673,red
b'\x07)\x01=\xd8\xe9[_',"b'e,!q\x07rQ\xde'",53279,red
b'a\x0c\xab\x89\xee\x84W\xcf',"b'e,!q\x07rQ\xde'",49591,red
b'#J\x8b\xc4\xcc\xde_\xdb',"b'e,!q\x07rQ\xde'",52907,red
b'd\xde\xb2L\xb7d_\t',"b'e,!q\x07rQ\xde'",49674,red
b'VC\x8e\xcb!\xd9Wh',"b'e,!q\x07rQ\xde'",48930,red
b'\xaf\xe9\x83\xffS\x9aX\xd7',"b'e,!q\x07rQ\xde'",48438,red
b'\xec\x16\xecf\xd4+X&',"b'e,!q\x07rQ\xde'",48929,red
b'\x18\xe0\xd0{\x89\x0eP\xdd',b'\xc7i\x9e\xae@\xafT\xe5',53428,red
b'\x9d\xbc+:\xd4\xb2T\xdb',b'\xc7i\x9e\xae@\xafT\xe5',49673,red
b'\xdc\xe8\xf9m\x8cXSV',b'\xc7i\x9e\xae@\xafT\xe5',53279,red
"b""n\xfb'\x8f\x87\xb6Z$""",b'\xc7i\x9e\xae@\xafT\xe5',49591,red
b'/\x96\xf7\xe3\xda\x94Y/',b'\xc7i\x9e\xae@\xafT\xe5',52907,red
b'\xab\xdd\x8e\xca\x14\xcaZV',b'\xc7i\x9e\xae@\xafT\xe5',49674,red
b'\xfb%\x9a\r~\xe3]\xaf',b'\xc7i\x9e\xae@\xafT\xe5',48930,red
b'\xeb\x97d~\xd4#Rg',b'\xc7i\x9e\xae@\xafT\xe5',48438,red
b'\xbe\x90L\xa4\xd0\x1c^\xf6',b'\xc7i\x9e\xae@\xafT\xe5',48929,red
b'2\xc8\xf8\xa9\x96\xfcRb',b'\xa1O\xe2\xbcF\xdaT\xff',53428,red
b'\xc5|\xe6\n\xaa\xf2Y\xb9',b'\xa1O\xe2\xbcF\xdaT\xff',49673,red
b'\x8f\xc8\xd2\xd2CR[U',b'\xa1O\xe2\xbcF\xdaT\xff',53279,red
b'f\x84\xc2\xfe\xd1\xee\\\xd9',b'\xa1O\xe2\xbcF\xdaT\xff',49591,red
"b""\xba\x98\x19\x82\x855P'""",b'\xa1O\xe2\xbcF\xdaT\xff',52907,red
"b""'_\x12@\xc5[P\x00""",b'\xa1O\xe2\xbcF\xdaT\xff',49674,red
b'n$x\x10\x7fEV\xf8',b'\xa1O\xe2\xbcF\xdaT\xff',48930,red
b'\x00\x9cJ\x90>RX\x90',b'\xa1O\xe2\xbcF\xdaT\xff',48438,red
b'Df\xb7\xfdZ\x88ZG',b'\xa1O\xe2\xbcF\xdaT\xff',48929,red
b'\xa5\x93y\xb5\xfe<X\xb8',b'\x1c-\xf5\xc9\xc92R\xb7',53428,red
b'~(\xd6\xff\x84*R\x87',b'\x1c-\xf5\xc9\xc92R\xb7',49673,red
b'P;\xe3\xdb\x92\xb5Q\xd2',b'\x1c-\xf5\xc9\xc92R\xb7',53279,red
b'\x9e\r\x8f\xc9!\x04V\x96',b'\x1c-\xf5\xc9\xc92R\xb7',49591,red
b'3\xf8\xb1\x91qiZ\xdd',b'\x1c-\xf5\xc9\xc92R\xb7',52907,red
"b'\x1d\xe2\x152""\x97P\xbc'",b'\x1c-\xf5\xc9\xc92R\xb7',49674,red
"b""k\xd6'f\x97\xf2Q\xc7""",b'\x1c-\xf5\xc9\xc92R\xb7',48930,red
b'\xba\x0e\xec\x03\xc7\r[\xf6',b'\x1c-\xf5\xc9\xc92R\xb7',48438,red
b'\x83\xd2L\xfb\x19 VZ',b'\x1c-\xf5\xc9\xc92R\xb7',48929,red
b'{\xd1\xe9\xdc\xe9\xe8Y\x82',b'y\xc8\xfa\xc5\xb1&\\\xf0',53428,red
b'm\x9aRdi#^\x92',b'y\xc8\xfa\xc5\xb1&\\\xf0',49673,red
"b""1\xfc;'\xaeVY@""",b'y\xc8\xfa\xc5\xb1&\\\xf0',53279,red
b'\x9f\xe9\x8d\x7f\x95\x0bQ\xb4',b'y\xc8\xfa\xc5\xb1&\\\xf0',49591,red
b'\xc9\x94\x19\xcc\xdaW_{',b'y\xc8\xfa\xc5\xb1&\\\xf0',52907,red
b'S\xda\xb17\xa8\xbeQ^',b'y\xc8\xfa\xc5\xb1&\\\xf0',49674,red
b'\xed\xbf\x9c\xbcG}W\xce',b'y\xc8\xfa\xc5\xb1&\\\xf0',48930,red
b'\xdb\x82@[\x08\xb8V$',b'y\xc8\xfa\xc5\xb1&\\\xf0',48438,red
b'\xfegS\x8b\x0c\xefZ\x9b',b'y\xc8\xfa\xc5\xb1&\\\xf0',48929,red
b'\x1bD^\xe9n`\\U',b'\xf4\x8c\x96\x1b!ZXU',53428,red
b'\x9e]\x9d@8=RM',b'\xf4\x8c\x96\x1b!ZXU',49673,red
b'\xa4\x08\x15\xd0\x99iS\xd4',b'\xf4\x8c\x96\x1b!ZXU',53279,red
b'\x94\x9fN\xad\xfc\x91WI',b'\xf4\x8c\x96\x1b!ZXU',49591,red
b'\xc7\xca\x10\xe8\x0b\xa2Vh',b'\xf4\x8c\x96\x1b!ZXU',52907,red
b'\xd6J(%wdS\xec',b'\xf4\x8c\x96\x1b!ZXU',49674,red
b'\x85?\xc6\xe7\x02z[t',b'\xf4\x8c\x96\x1b!ZXU',48930,red
b'\x15\n\xae\x15`qW>',b'\xf4\x8c\x96\x1b!ZXU',48438,red
b'%\xbe\xc1\xd3\x92\xb9Tb',b'\xf4\x8c\x96\x1b!ZXU',48929,red
b'\x8a[\xcf\xec6\x0f[\xdb',b'\xa7\x81?\xaby\xe3Qq',53428,red
"b'm\xd4\x05\xcf""\xef^e'",b'\xa7\x81?\xaby\xe3Qq',49673,red
b'\x83q\x972\xdd ]\x7f',b'\xa7\x81?\xaby\xe3Qq',53279,red
b'\x01\x07\xfe\xde\x11!X\x9b',b'\xa7\x81?\xaby\xe3Qq',49591,red
"b""J'^\x17\xf9\x7fP\xa5""",b'\xa7\x81?\xaby\xe3Qq',52907,red
b'4\x9f\xd2\x84\x15\xafS\xc0',b'\xa7\x81?\xaby\xe3Qq',49674,red
b'\xaa\x9a\xd1\xffd\x8e_\x9b',b'\xa7\x81?\xaby\xe3Qq',48930,red
"b""p(\x9c'\xff\xf8P\x1c""",b'\xa7\x81?\xaby\xe3Qq',48438,red
b'\x9a\x16\xc5\x98q5[\xdb',b'\xa7\x81?\xaby\xe3Qq',48929,red
b'=a\xb2\xf8\xde+]\x8c',b'd 1\xb44\xadZu',53428,red
b'\x04\xb4h\xe8\x1f^_w',b'd 1\xb44\xadZu',49673,red
b'\x8d\x96\xee\xc0\x1d\xfeUA',b'd 1\xb44\xadZu',53279,red
b'\ry\x15I\x91\xc0Z\xf5',b'd 1\xb44\xadZu',49591,red
b'\x8f\x17\xf8\xa7[uWd',b'd 1\xb44\xadZu',52907,red
b'\xc4L\xa8@\xaakT\xa9',b'd 1\xb44\xadZu',49674,red
b'\xd7it\xd20\xb7\\\xb5',b'd 1\xb44\xadZu',48930,red
b'\xc7@\xb6\x99i~W{',b'd 1\xb44\xadZu',48438,red
b'\x00G\xba\xf3%eS\x7f',b'd 1\xb44\xadZu',48929,red
b'\x93\xe9\x03\xcep\x07W{',b'\xc6\x18-\xb9\xe0AU\x08',53428,red
b'/\xaf\x96<\x8d\x92[\x06',b'\xc6\x18-\xb9\xe0AU\x08',49673,red
b'\xb9?&\xe5\xea\xebY\xfd',b'\xc6\x18-\xb9\xe0AU\x08',53279,red
b'\xceU!\xb8\xca\xf1X\xac',b'\xc6\x18-\xb9\xe0AU\x08',49591,red
b'\xfc\xbf\xee\xf1\xdcVR\xdf',b'\xc6\x18-\xb9\xe0AU\x08',52907,red
b'\xc5+\xf9\xf3\xc6\x8fZW',b'\xc6\x18-\xb9\xe0AU\x08',49674,red
b'\x93~\xa5p\xc2a^\xc5',b'\xc6\x18-\xb9\xe0AU\x08',48930,red
b'=\x10\x14\xc4\x93\x0bT\x07',b'\xc6\x18-\xb9\xe0AU\x08',48438,red
b'\xf9J\xad\xfa\x01\xbbY^',b'\xc6\x18-\xb9\xe0AU\x08',48929,red
b'AQ\r\xcd\xea\x94^v',b'\x05\x08\xf6\x85+\x19^O',53428,red
b'>\x82zA*D\\g',b'\x05\x08\xf6\x85+\x19^O',49673,red
"b'""I\xc9\x7f\xad\xaaY\xb3'",b'\x05\x08\xf6\x85+\x19^O',53279,red
"b""i'&\xe3\xd4DY\x83""",b'\x05\x08\xf6\x85+\x19^O',49591,red
b'\x8b\xa3\x80X\x8e\xa0V$',b'\x05\x08\xf6\x85+\x19^O',52907,red
b'\xf1sz5\xdc6_\xa4',b'\x05\x08\xf6\x85+\x19^O',49674,red
b'\xbc\xbe\x05\x9e]\xcaZ\xcf',b'\x05\x08\xf6\x85+\x19^O',48930,red
b'\xf4a\xba\xef\xa3\xccW\x02',b'\x05\x08\xf6\x85+\x19^O',48438,red
b'\xc4\x10\xcc\x99d(Y\xfd',b'\x05\x08\xf6\x85+\x19^O',48929,red
b'HC<o\x07\xb4^\x7f',b'\x9f\xedG\x1f\x19\xdf[\x8d',53428,red
b'\x97\x8a/cuy\\\xca',b'\x9f\xedG\x1f\x19\xdf[\x8d',49673,red
b'D\xb6\x06\xc8TwSt',b'\x9f\xedG\x1f\x19\xdf[\x8d',53279,red
b'tJ80\xd8\xee\\=',b'\x9f\xedG\x1f\x19\xdf[\x8d',49591,red
b'\xf9\x8a\x1a\xc5\xd7r_1',b'\x9f\xedG\x1f\x19\xdf[\x8d',52907,red
b'\x0c\x04\x93\x1b\x08\xebZ\xb0',b'\x9f\xedG\x1f\x19\xdf[\x8d',49674,red
b'm\xf2\xf2\xedW\xeb]>',b'\x9f\xedG\x1f\x19\xdf[\x8d',48930,red
b'n)\x0e\xf4\xc4=SX',b'\x9f\xedG\x1f\x19\xdf[\x8d',48438,red
b'\x96\xfa\xc6\xceH\x9bPA',b'\x9f\xedG\x1f\x19\xdf[\x8d',48929,red
b'\xda\xa1\x99\xbd\xed-Rx',b'h\xe4~\xfew\x1a_\xe1',53428,red
b'g6\xa2\x06A5PY',b'h\xe4~\xfew\x1a_\xe1',49673,red
"b'\xca\xc4a5:""]\xe7'",b'h\xe4~\xfew\x1a_\xe1',53279,red
b'-\xe7\xfc\x88\xe2/R\xaa',b'h\xe4~\xfew\x1a_\xe1',49591,red
b'\x8e\xa4\x05\xc4\xe9\x84\\\xba',b'h\xe4~\xfew\x1a_\xe1',52907,red
b'\x0f\x06\xe4.\xc2\xa6^M',b'h\xe4~\xfew\x1a_\xe1',49674,red
b'\x97\x19\xc8\x14\x82bU\x00',b'h\xe4~\xfew\x1a_\xe1',48930,red
b'\xec\x9cU:\xcfXX\x14',b'h\xe4~\xfew\x1a_\xe1',48438,red
b'\x91\xe2\x7f\x91\xe3\xda_Z',b'h\xe4~\xfew\x1a_\xe1',48929,red
b'\xef\xf4V\xe41KT\x89',"b""\xa9\xeefy\x86'[u""",53428,red
b'\xbd\xa0N\xfc\x97\xe7Q\x9a',"b""\xa9\xeefy\x86'[u""",49673,red
b'\xd7\xce\x18Y$}Zo',"b""\xa9\xeefy\x86'[u""",49591,red
b'=?[\x17\xf3\xecZ\x97',"b""\xa9\xeefy\x86'[u""",52907,red
b'\xa9\x0b\x00\x9e\t\xe8_[',"b""\xa9\xeefy\x86'[u""",49674,red
b'\xda\x1e\xa4X\x05\x8cS\xb3',"b""\xa9\xeefy\x86'[u""",48930,red
b'\xce\xf0\x07\x0c\tp_\xce',"b""\xa9\xeefy\x86'[u""",48929,red
b'W\xf5F\x05\xd5RUI',b'\x96x\xcd\x0e\xe2\xe1RK',53428,red
b'\xd7\x83\xfc#\rx_@',b'\x96x\xcd\x0e\xe2\xe1RK',49673,red
b'c\xaf\xb7$\xdd\x05U\x0f',b'\x96x\xcd\x0e\xe2\xe1RK',49591,red
b'\x1d\xf7\x9e\xe0\x02WXJ',b'\x96x\xcd\x0e\xe2\xe1RK',52907,red
b'\xdcF\x0c\x14\xf5{T\xce',b'\x96x\xcd\x0e\xe2\xe1RK',49674,red
b'\xaa\xa7k\r\xb1cV4',b'\x96x\xcd\x0e\xe2\xe1RK',48930,red
b'\xe7D\xa2L6QY\xf9',b'\x96x\xcd\x0e\xe2\xe1RK',48929,red
b'$\x9c\xd5\x7f\x9dN_J',b'\x1e\xbbZ)o\x8cZ\x00',53428,red
b'M\xa6y\x11\xdbg\\\x93',b'\x1e\xbbZ)o\x8cZ\x00',49673,red
b'm\x12Pv\x80\xb8^\x02',b'\x1e\xbbZ)o\x8cZ\x00',49591,red
b'\x0c\xd4\td}\x16T2',b'\x1e\xbbZ)o\x8cZ\x00',52907,red
b'\xae\xeax6\x8dGT_',b'\x1e\xbbZ)o\x8cZ\x00',49674,red
b'\x13*C\xb0n\xaeUf',b'\x1e\xbbZ)o\x8cZ\x00',48930,red
b'\x0c\xc0\x8d#\x92\xaa\\\x18',b'\x1e\xbbZ)o\x8cZ\x00',48929,red
b'\xd7\xc0[\xb3\xc0\x8dP`',b'C\xea\xceI\x18\x80Q\x0b',53428,red
b'\xa9\xd2\x8f\x80\x9d\xa3Q\xba',b'C\xea\xceI\x18\x80Q\x0b',49673,red
b'\x7f\xc7\xaa\x8cR\xff_@',b'C\xea\xceI\x18\x80Q\x0b',49591,red
b'}7\x0c\xed\xb3\x87S\xa9',b'C\xea\xceI\x18\x80Q\x0b',52907,red
b'5k\xb1\xbfR\xabY;',b'C\xea\xceI\x18\x80Q\x0b',49674,red
b'\xfan\t\xc7\x18\x8bR\xbd',b'C\xea\xceI\x18\x80Q\x0b',48930,red
b'\xb7\x04\xe6\xa1\x00\x00]\x04',b'C\xea\xceI\x18\x80Q\x0b',48929,red
b'\x11\x06\x8ew\xdfeR\xf0',b'\xa4\x83j\xbd\xfd\xfeY\x87',53428,red
b'?a\xce\xd0\xa6\xb6\\I',b'\xa4\x83j\xbd\xfd\xfeY\x87',49673,red
b'\xd5\x18\xdd\x00\x89gYt',b'\xa4\x83j\xbd\xfd\xfeY\x87',49591,red
b'\xed\x13\x1c>2\xd7SE',b'\xa4\x83j\xbd\xfd\xfeY\x87',52907,red
b'y\xd5#\xca\xfe\xb8R\xdc',b'\xa4\x83j\xbd\xfd\xfeY\x87',49674,red
b'\xb3\xb6\xf7\xefx\rX\x91',b'\xa4\x83j\xbd\xfd\xfeY\x87',48930,red
b'}O[G`\xefPz',b'\xa4\x83j\xbd\xfd\xfeY\x87',48929,red
b'2\xfc;\x05\xc4\xd5]\x84',b'\xe4\xc8\xc9\x99\xf3\xb7R\xe3',53428,red
b'\x80\xdb\xbc+\xec\xd3]Y',b'\xe4\xc8\xc9\x99\xf3\xb7R\xe3',49673,red
b'F\xa7\x87r\xc9\x03\\T',b'\xe4\xc8\xc9\x99\xf3\xb7R\xe3',49591,red
b'\n\x07\xd1\xb3!/Ul',b'\xe4\xc8\xc9\x99\xf3\xb7R\xe3',52907,red
b'S4\xd3\xcc\x1d\xf8^\xc8',b'\xe4\xc8\xc9\x99\xf3\xb7R\xe3',49674,red
b'\xac\x82\xbf\x05\xaa\x81\\0',b'\xe4\xc8\xc9\x99\xf3\xb7R\xe3',48930,red
b'\xba\xb4\x83u\xeaXV\xae',b'\xe4\xc8\xc9\x99\xf3\xb7R\xe3',48929,red
b'\xa7\x19&gAf\\f',b'\xcaO$ \xa0\xa5^\xfe',53428,red
b'(M\x97\xa3\xd0\x90S%',b'\xcaO$ \xa0\xa5^\xfe',49673,red
"b'\x15}p[ ,Q\xdc'",b'\xcaO$ \xa0\xa5^\xfe',49591,red
b' \x16\x11\xe9\xe95Z\x81',b'\xcaO$ \xa0\xa5^\xfe',52907,red
b'/\xa8\x90\x9c\x1d\x13X\x89',b'\xcaO$ \xa0\xa5^\xfe',49674,red
b'\xa0\xed\x16\xac\xf47^\x95',b'\xcaO$ \xa0\xa5^\xfe',48930,red
b'j4\x00\xf3s7Wz',b'\xcaO$ \xa0\xa5^\xfe',48929,red
b'+\xf26\n?>^\xcb',b'\xe9\xaas\x8dn\x9dV\xd3',53428,red
b'\xb6\xf7\x1b\xafz4Xg',b'\xe9\xaas\x8dn\x9dV\xd3',49673,red
"b'[d\xde\x8a""\nY\xe6'",b'\xe9\xaas\x8dn\x9dV\xd3',49591,red
b'P\xf3\x14\x19\x95\xbd[\xf2',b'\xe9\xaas\x8dn\x9dV\xd3',52907,red
b'\x99\xc4\x87\xa0\xc86VP',b'\xe9\xaas\x8dn\x9dV\xd3',49674,red
b'\xd7\xdc\xf9\x96\xe9\xfcWj',b'\xe9\xaas\x8dn\x9dV\xd3',48930,red
b'\t\xd4\xd8r~jY\xca',b'\xe9\xaas\x8dn\x9dV\xd3',48929,red
b'GP\xb9b\xa5hR\x83',b'P\xa7(?\xef\xc9Y\x9a',53428,red
b'\r4=$\xd0\x85P\x19',b'P\xa7(?\xef\xc9Y\x9a',49673,red
b'egr\x13+EY\xcf',b'P\xa7(?\xef\xc9Y\x9a',49591,red
b'\xdf\xdf\x18<rJ_;',b'P\xa7(?\xef\xc9Y\x9a',52907,red
"b'\x1c\x8fq\xf1\xdb,T\xcf'",b'P\xa7(?\xef\xc9Y\x9a',49674,red
b'\xb3\x9b\x8f\xd3\xf8\x15X:',b'P\xa7(?\xef\xc9Y\x9a',48930,red
"b'""E*\xfb\x7f\xbfV|'",b'P\xa7(?\xef\xc9Y\x9a',48929,red
b'\r\xcf\x9a\x80\xd1\xdbT@',b'\x8b\xce\xec\xb9\x19\xefX\xa8',53428,red
b'\x14x\xbbn\x84\xfb]\xfc',b'\x8b\xce\xec\xb9\x19\xefX\xa8',49673,red
b'K\xe1\xf7~\x109V\x14',b'\x8b\xce\xec\xb9\x19\xefX\xa8',49591,red
"b'\xe3.\xc7\x16p\x85P""'",b'\x8b\xce\xec\xb9\x19\xefX\xa8',52907,red
b'\x98\xa7D1p\xcaW\xc7',b'\x8b\xce\xec\xb9\x19\xefX\xa8',49674,red
b'L-\xc9\x08Z\xa2YY',b'\x8b\xce\xec\xb9\x19\xefX\xa8',48930,red
"b""rt\xd84\xb2\xf4['""",b'\x8b\xce\xec\xb9\x19\xefX\xa8',48929,red
b'C\x11\xde\xf4g\xb3Sl',b'\xacc\xe7\x14\xfdgVW',53428,red
b'~#Mz\x8f4R\xcf',b'\xacc\xe7\x14\xfdgVW',49673,red
b'U\xf19\x97ZEP\xa0',b'\xacc\xe7\x14\xfdgVW',49591,red
b'\xe3\x1dU\x99\xf5$Y\xd4',b'\xacc\xe7\x14\xfdgVW',52907,red
b'\xcd^\x05y\xe5\xd1UJ',b'\xacc\xe7\x14\xfdgVW',49674,red
b'\x90ry\x0e\x9e\x8cU\xf6',b'\xacc\xe7\x14\xfdgVW',48930,red
b'\x9d`\x1f\x94\x10\x19]\x7f',b'\xacc\xe7\x14\xfdgVW',48929,red
b'\xa1\xd7O\xbd\xc6\xc4V\x80',b'xy\xe02\xfc\xf8]\xb6',53428,red
b'r\x8dky\x81\xb9X\xdd',b'xy\xe02\xfc\xf8]\xb6',49673,red
"b'4""\x18\xbe{8W\x9f'",b'xy\xe02\xfc\xf8]\xb6',49591,red
b'\x1f\x8e\xdbQ\x91\x87W\x7f',b'xy\xe02\xfc\xf8]\xb6',52907,red
b'F;\xebY\xdc\x07S\n',b'xy\xe02\xfc\xf8]\xb6',49674,red
b'/\xd8\x95x\xeb\rW\x9d',b'xy\xe02\xfc\xf8]\xb6',48930,red
b'\x156\xaa\r\xb8\xc0P\x11',b'xy\xe02\xfc\xf8]\xb6',48929,red
b'\x82|\x8f\xe9\xc5!\\\x91',b'\xe3\xecP\xaf[\xa5UW',53428,red
b'\xee5\x8f\x83\x9a\x9f\\\xa3',b'\xe3\xecP\xaf[\xa5UW',49673,red
b':!\x98kG\x8cP\xd0',b'\xe3\xecP\xaf[\xa5UW',49591,red
b'\xb5+\xb1a\xaa\x17^\xfa',b'\xe3\xecP\xaf[\xa5UW',52907,red
b'\x8e\xe5*$\xfcD\\R',b'\xe3\xecP\xaf[\xa5UW',49674,red
b'\xbf\xe1.\xccvPS\x03',b'\xe3\xecP\xaf[\xa5UW',48930,red
b'\x7f\xc2\x17\xa2\x03\xae[\xa6',b'\xe3\xecP\xaf[\xa5UW',48929,red
b'\x10\x1e5\xe0SPU\xc1',"b'\xda\x12""O\x07\xa0P\xfe'",53428,red
b'\xfb\xc6\x81\\\xa4\xb6R\xe0',"b'\xda\x12""O\x07\xa0P\xfe'",49673,red
b'\x8crt\xcb&\x1d]\xa5',"b'\xda\x12""O\x07\xa0P\xfe'",49591,red
b'\x05\x8d\x99%v\x1bT\x8d',"b'\xda\x12""O\x07\xa0P\xfe'",52907,red
b'\x0eQ\xfe+\xbe\x82T<',"b'\xda\x12""O\x07\xa0P\xfe'",49674,red
b'\x08z\xd1\x1d\xa5\xdeZW',"b'\xda\x12""O\x07\xa0P\xfe'",48930,red
b'0a\xec2\xdc&P\xcb',"b'\xda\x12""O\x07\xa0P\xfe'",48929,red
b'\x0b\x82u\x84V\x0fW\xfd',b'T\xcc\xdf1K1V4',53428,red
b'\xda\x16\xd6.W\x90\\&',b'T\xcc\xdf1K1V4',49673,red
b'\xea\xdf\xd9\xf2\xdf~U3',b'T\xcc\xdf1K1V4',49591,red
b'\xc17\x00\xf1\x86\x0fP|',b'T\xcc\xdf1K1V4',52907,red
b'-\x82\x04\xff\x02YT1',b'T\xcc\xdf1K1V4',49674,red
b'\x89\x0e\xe5?R\xdaW\xd5',b'T\xcc\xdf1K1V4',48930,red
b'\x81pG\x9c\xafZU\xf2',b'T\xcc\xdf1K1V4',48929,red
"b'\xffo\x98\xb27""P\x1e'",b'\xe3\xf6\x88\x91\x12\x9fQN',53428,red
b'\x85g\xd9\x1c\xcd Y\xfe',b'\xe3\xf6\x88\x91\x12\x9fQN',49673,red
b'\xcd9\xcfZ\x82\xc2^U',b'\xe3\xf6\x88\x91\x12\x9fQN',49591,red
b'\x13\x8eCd\xfa(T\xdc',b'\xe3\xf6\x88\x91\x12\x9fQN',52907,red
"b'\xcay\x80""\x83N]\xdf'",b'\xe3\xf6\x88\x91\x12\x9fQN',49674,red
"b',\x95{\x86\xfcAY\xa2'",b'\xe3\xf6\x88\x91\x12\x9fQN',48930,red
b'\x9c\x0f\xb3%\xe4\x06\\\xd7',b'\xe3\xf6\x88\x91\x12\x9fQN',48929,red
b'\xef\xbb\xf9z\xe8\x9b\\\xf6',b'\xde\xcen\xb0\xa9\xb4S\x8e',53428,red
b'\xbb9\x8a\xf6bOP\x0b',b'\xde\xcen\xb0\xa9\xb4S\x8e',49673,red
b'\x18\xd0\xa8\xb3w[\\e',b'\xde\xcen\xb0\xa9\xb4S\x8e',49591,red
b' w\xaa\x1025S\x81',b'\xde\xcen\xb0\xa9\xb4S\x8e',52907,red
b'\x9bRw\xdfk\xa7^\xa0',b'\xde\xcen\xb0\xa9\xb4S\x8e',49674,red
b'\x15q\xec\xf8\xf4~Q\x9e',b'\xde\xcen\xb0\xa9\xb4S\x8e',48930,red
b'G\xb2<\xb3a\x06_\xe3',b'\xde\xcen\xb0\xa9\xb4S\x8e',48929,red
b'\xee\x12\xde\x90B5Z*',b'\x10\xf6\x8c\xb9u\xfcX\x82',53428,red
b'\x99\x90\xcfW\x14xW\n',b'\x10\xf6\x8c\xb9u\xfcX\x82',49673,red
b'.\x80\x839l_]\x97',b'\x10\xf6\x8c\xb9u\xfcX\x82',49591,red
b'\xbb\x08X\x7f\x83!Q\x89',b'\x10\xf6\x8c\xb9u\xfcX\x82',52907,red
b'\x0f\xad\xa4gE\xb6Y\xc6',b'\x10\xf6\x8c\xb9u\xfcX\x82',49674,red
b'U\rI\xc1)\xee\\*',b'\x10\xf6\x8c\xb9u\xfcX\x82',48930,red
b'\\?\xc6\xb7\xa9\x1dQ\x8e',b'\x10\xf6\x8c\xb9u\xfcX\x82',48929,red
b'\x1dB7\x0e\xee\x16P\xbd',b'Cw L\x91\xc3P\xf6',53428,red
b'\xa3t\x0f\xf0\x999Y\xf3',b'Cw L\x91\xc3P\xf6',49673,red
b'y\xc7\x08?\x92\xc8])',b'Cw L\x91\xc3P\xf6',49591,red
b'\xbe\x8a>s\xe8\xfeR\xdd',b'Cw L\x91\xc3P\xf6',52907,red
b'\xb2\xa3+l\x14\xa2Y\xc5',b'Cw L\x91\xc3P\xf6',49674,red
b'\xc8\xbd\xc3B\x8a\x81Ql',b'Cw L\x91\xc3P\xf6',48930,red
b'\xf9\x8cQ\x9bi\xa9V\xbb',b'Cw L\x91\xc3P\xf6',48929,red
b'x\xf0\x91x\x06\nW\xaa',b'0\xe9\x01U\x899V#',53428,red
b'\x0f\x10\xe9\x81\x9b\xa3Wh',b'0\xe9\x01U\x899V#',49673,red
b'gU\x85\xb4u$X8',b'0\xe9\x01U\x899V#',49591,red
b'\x87\x9a\xef\xea\x8c\xa1U\x98',b'0\xe9\x01U\x899V#',52907,red
b'\xdab\xd9\xdbe\xf4Y\xe9',b'0\xe9\x01U\x899V#',49674,red
"b""yC.\x8f\xb0\xa6]'""",b'0\xe9\x01U\x899V#',48930,red
b'\x04\xa6\xea*\x03Y_\xe8',b'0\xe9\x01U\x899V#',48929,red
b'\xd8\xba\xfd\xd26\xba_\xf7',b'\x07k\xd9~\\\xd2_\x18',53428,red
b'c\xb5\xa0m_\x8aY(',b'\x07k\xd9~\\\xd2_\x18',49673,red
b'\x12\xcdT\xf2\xc9pQ\xd1',b'\x07k\xd9~\\\xd2_\x18',49591,red
b'<\x16^\xc5>\x91W\x9e',b'\x07k\xd9~\\\xd2_\x18',52907,red
b'\xd0\x8a4\x12\xe3\x1dVF',b'\x07k\xd9~\\\xd2_\x18',49674,red
b'\xf9b\xd3\xa8\xbfbQ\x95',b'\x07k\xd9~\\\xd2_\x18',48930,red
b'r|\xd9\x94+4Y\x15',b'\x07k\xd9~\\\xd2_\x18',48929,red
b'w\xff\xee\xbe\xc8VR\x10',b'}\x9f\xa2x\x0cZ\\s',53428,red
b'(\xe9\xb2\xcf\xa2\xdaP-',b'}\x9f\xa2x\x0cZ\\s',49673,red
b'\x1d\x05\xf8|\xd3\xf4W\xb4',b'}\x9f\xa2x\x0cZ\\s',49591,red
b'V\xe0F\xa8\x19\xecQ\x8e',b'}\x9f\xa2x\x0cZ\\s',52907,red
b'\x83}\xcaO\n\xd1W\x85',b'}\x9f\xa2x\x0cZ\\s',49674,red
b'\xff!\x87\xda\t\xc5X\xfa',b'}\x9f\xa2x\x0cZ\\s',48930,red
b'\xd6\xe7\xac+\xda\xbe_\x11',b'}\x9f\xa2x\x0cZ\\s',48929,red
b'\xb0\x927Q\x0c\xfbVl',b'!D\x01\x9cb\xbeR=',53428,red
b'}3\x84\xc0\xe0\x14_\xab',b'!D\x01\x9cb\xbeR=',49673,red
b'\x95\x08\xc4bA\xcd[\xc2',b'!D\x01\x9cb\xbeR=',49591,red
b'n\xf0\xc7\x94\xdc9X\xab',b'!D\x01\x9cb\xbeR=',52907,red
b'\x1c\x1a(O\xdf\xfeR\xa2',b'!D\x01\x9cb\xbeR=',49674,red
b'Qk\xc7\xe1\x81}[\xbc',b'!D\x01\x9cb\xbeR=',48930,red
b'\x14\xb1\x92\xcb\xe6\x19\\\x96',b'!D\x01\x9cb\xbeR=',48929,red
b'\xc2\xe7\xf0\xcb\xe2\xdd[K',b'\xaf{1\xef\xad\xd6[O',53428,red
b'T%K\xbc\x16\n\\\xd4',b'\xaf{1\xef\xad\xd6[O',49673,red
b'\x84\xad\xa2B\x06_S\xd0',b'\xaf{1\xef\xad\xd6[O',49591,red
b'\x1br\xd5/8\xa6Xz',b'\xaf{1\xef\xad\xd6[O',52907,red
b'\x9d\x8a\x1b\x16\xcc\xaeT\x14',b'\xaf{1\xef\xad\xd6[O',49674,red
b'@$\xcb\x19\xe8\xb2]\xb5',b'\xaf{1\xef\xad\xd6[O',48930,red
b'/J>N\xfcyTw',b'\xaf{1\xef\xad\xd6[O',48929,red
b'\xa0\x86\x82\x97H\x1d]\xe2',b'C\x06\x13\xbc\xdf\xd5R4',53428,red
b'(\xb2i\rv\xd2^\xd0',b'C\x06\x13\xbc\xdf\xd5R4',49673,red
b'\xa3\xbc\x99A\xd90WO',b'C\x06\x13\xbc\xdf\xd5R4',49591,red
b'\xdf=\x17\x9e\x19\xedW\xbb',b'C\x06\x13\xbc\xdf\xd5R4',52907,red
b'\x98r\xfd\xcfi\xb3Z?',b'C\x06\x13\xbc\xdf\xd5R4',49674,red
b'\xc8\xcfA\xb0\xf9\xfbW[',b'C\x06\x13\xbc\xdf\xd5R4',48930,red
b'\x13\x86\xa8\xe5~<TA',b'C\x06\x13\xbc\xdf\xd5R4',48929,red
b'\x1d\x0b7\xc8\xed\x84S\x8d',b'`\xd3\xef\xe3\xc3*_\xb4',53428,red
b'\xb7\t\xeb\x80\x0e\x81P-',b'`\xd3\xef\xe3\xc3*_\xb4',49673,red
b')E\x07\x9f?8P\x1a',b'`\xd3\xef\xe3\xc3*_\xb4',49591,red
b'\xb5\xa9\xbb+]9R\xe8',b'`\xd3\xef\xe3\xc3*_\xb4',52907,red
b'\t\x95|\x93\x0e=\\_',b'`\xd3\xef\xe3\xc3*_\xb4',49674,red
b'\x91t\xdf\xbc\x898Za',b'`\xd3\xef\xe3\xc3*_\xb4',48930,red
b'\x12z\xe9\xf7}DSP',b'`\xd3\xef\xe3\xc3*_\xb4',48929,red
"b""'/\xfcvSYZH""",b'\xd5|\x1d\x86\xec&[\xfe',53428,red
b's\x02\xf0\x05p.W\xf1',b'\xd5|\x1d\x86\xec&[\xfe',49673,red
b'\xdb\n\x91\x94\x1a3VC',b'\xd5|\x1d\x86\xec&[\xfe',49591,red
b'\x17\xd4\r\xc1\xc3\xc5Wn',b'\xd5|\x1d\x86\xec&[\xfe',52907,red
b'\xc8T\x14\x02\xaaUT\xd5',b'\xd5|\x1d\x86\xec&[\xfe',49674,red
b'\xddF\x1cU\x7f\x08RY',b'\xd5|\x1d\x86\xec&[\xfe',48930,red
b'\xad\xc8?:\x18kW\x93',b'\xd5|\x1d\x86\xec&[\xfe',48929,red
b'\x14\x1e\x12JG\x1bY\x9b',b'\xab\xd79\xf1\xe9._\x1c',53428,red
b'\xc1nS\x0f\xd9k\\`',b'\xab\xd79\xf1\xe9._\x1c',49673,red
b'\xe6\x9bv\x93\xa1\x90WF',b'\xab\xd79\xf1\xe9._\x1c',49591,red
b'\xdc?A\x845sW\xa4',b'\xab\xd79\xf1\xe9._\x1c',52907,red
b'\xd9\xa7d\xf7\xdb\xd7S\x0f',b'\xab\xd79\xf1\xe9._\x1c',49674,red
b'\xe8\xe0\x04b\x0b4\\\x81',b'\xab\xd79\xf1\xe9._\x1c',48930,red
b'\xe7R?\x1dO\x01T\x96',b'\xab\xd79\xf1\xe9._\x1c',48929,red
b'biwb\xb0\x1dQ\x19',b'\xedR\x9a*\xd4\xfb\\\xf7',53428,red
b'#Vd\xba\x11o^\x03',b'\xedR\x9a*\xd4\xfb\\\xf7',49673,red
b'\x932\x8b\x17\xdc{]\x19',b'\xedR\x9a*\xd4\xfb\\\xf7',49591,red
b'\xe4\x1d\xa8\x7f\xd1\xf6Q\x12',b'\xedR\x9a*\xd4\xfb\\\xf7',52907,red
b'\x84-@\xc5\xd4\xec\\\xaf',b'\xedR\x9a*\xd4\xfb\\\xf7',49674,red
b'\xb9{R\xad\xd7\xa6W.',b'\xedR\x9a*\xd4\xfb\\\xf7',48930,red
"b""S\x00\x9f\xae'\x80P\xf1""",b'\xedR\x9a*\xd4\xfb\\\xf7',48929,red
"b""\xdf\x93\xd5\xf1}\x7fY'""",b'@\x96a\x83/vR\xb7',53428,red
b'j\xf9\xfa]\x98\xc1W\xb8',b'@\x96a\x83/vR\xb7',49673,red
b'u\xcf\xa5k\x96\x08Y\xb4',b'@\x96a\x83/vR\xb7',49591,red
b'\x87\xd3\xd6\x12\x8f%T\xa7',b'@\x96a\x83/vR\xb7',52907,red
b'\xbb\x9axe?\x83[\xbb',b'@\x96a\x83/vR\xb7',49674,red
b'\xd4:\xd8\xc0\xb1\xed[\xf0',b'@\x96a\x83/vR\xb7',48930,red
b'2B\xb4a\xae\xa1Q\xd3',b'@\x96a\x83/vR\xb7',48929,red
b'`\x11\xc1#U{]\x8e',"b'\x08\x06.\xdcs\xa0Z,'",53428,red
b'\x82&\x05\xac\xbeTX\xb5',"b'\x08\x06.\xdcs\xa0Z,'",49673,red
b'\x99\xe7\x17\x8b=\x89^\xeb',"b'\x08\x06.\xdcs\xa0Z,'",49591,red
b'\xadX\t&\xc6O\\U',"b'\x08\x06.\xdcs\xa0Z,'",52907,red
b'\xd0\xa7]\x97\xf8\xd1T\x1c',"b'\x08\x06.\xdcs\xa0Z,'",49674,red
b'x\x89RN\x8f\x85_2',"b'\x08\x06.\xdcs\xa0Z,'",48930,red
b'\xfa;\xa0\x1cR\x80Tb',"b'\x08\x06.\xdcs\xa0Z,'",48929,red
"b',\xe6{Sb7Sr'",b'0\xd0\x92\xd3o\x18\\*',53428,red
b'\xee}3\xe9A\x7fU^',b'0\xd0\x92\xd3o\x18\\*',49673,red
b'\xdc\xe6\xcf\xdd\xaa\xc6X\xa0',b'0\xd0\x92\xd3o\x18\\*',49591,red
b'\x1a\x92F72h]i',b'0\xd0\x92\xd3o\x18\\*',52907,red
b'\x81\x02\xe90\xd0%P=',b'0\xd0\x92\xd3o\x18\\*',49674,red
b'|\x16\xfe\xf7D2WJ',b'0\xd0\x92\xd3o\x18\\*',48930,red
"b'""\xc1\xef\x05\x8feU6'",b'0\xd0\x92\xd3o\x18\\*',48929,red
b'\x97\x82}\x0b\x95\xb3U\xec',b'v\x9c?I\x06\xcdZ\xbd',53428,red
b'\xcfBW?C\x8aX}',b'v\x9c?I\x06\xcdZ\xbd',49673,red
"b""\x05i\xc3\x0bO)X'""",b'v\x9c?I\x06\xcdZ\xbd',49591,red
b'\x0f\x93\x87\x19-1U\xf2',b'v\x9c?I\x06\xcdZ\xbd',52907,red
b'&v<j\x1a\x19]*',b'v\x9c?I\x06\xcdZ\xbd',49674,red
b'M\xb1\x18Vj8R\xf6',b'v\x9c?I\x06\xcdZ\xbd',48930,red
b'\xdf\xdf\x03\xff\x8aQ\\b',b'v\x9c?I\x06\xcdZ\xbd',48929,red
b'\x13\xfb(\x9bm\x96\\\xda',b'cR\x12dw\xa3\\\xb6',53428,red
b'\xe1\x8d54\xad\xfbU5',b'cR\x12dw\xa3\\\xb6',49673,red
b'\xb1\xb0\x81\x8b\xbf\x0f[\x8e',b'cR\x12dw\xa3\\\xb6',49591,red
b'rR\xcf\xe8\xce\xa6Tx',b'cR\x12dw\xa3\\\xb6',52907,red
b'\x1d\xda\xafl\xa9\x90Yh',b'cR\x12dw\xa3\\\xb6',49674,red
b'\xe4\x18SX\n[]\xe3',b'cR\x12dw\xa3\\\xb6',48930,red
b'\xb4\xb0w\xeb@\xba]\xc2',b'cR\x12dw\xa3\\\xb6',48929,red
b'\xd1M\x99\xd8\xd6FX\x99',b'hX\xb2N\x0bh];',53428,red
b'n\x06\xb4R\xe3\x89S\xa5',b'hX\xb2N\x0bh];',49673,red
b'%\xdf\x82\x01.\x9eT0',b'hX\xb2N\x0bh];',49591,red
b'\xf9(\xfd\xfd\xfd\xceZ\xb0',b'hX\xb2N\x0bh];',52907,red
b'\xfcrq\x17\x86\x94Q\xff',b'hX\xb2N\x0bh];',49674,red
b'Q\xc4m@g\x06W\x1c',b'hX\xb2N\x0bh];',48930,red
b'\r>\x10x=\xff^\x95',b'hX\xb2N\x0bh];',48929,red
b'\x05B\x0fA\x17\x8aU\x11',"b""UPK\xcc'4Q\xe1""",53428,red
b'K%\x90;j`^\xc0',"b""UPK\xcc'4Q\xe1""",49673,red
b'V\xfe\x96L\xcb\xa1R\x9e',"b""UPK\xcc'4Q\xe1""",49591,red
b'\xb5\xe1<j3B[\xaa',"b""UPK\xcc'4Q\xe1""",52907,red
b'3Y\x81\x05\t\xe5]G',"b""UPK\xcc'4Q\xe1""",49674,red
b'\xce\xdb\x1e\xec\xf0\x8eWf',"b""UPK\xcc'4Q\xe1""",48930,red
b'|\x7f^\x95$t]\xeb',"b""UPK\xcc'4Q\xe1""",48929,red
b'\xc2\x83~\xb9\xb1bTK',b'kQN\t\xf7eR\x9d',53428,red
b'\xf0\xe2DoY\x1d_\x88',b'kQN\t\xf7eR\x9d',49673,red
b'j\xd9\r&\x06\xff_y',b'kQN\t\xf7eR\x9d',49591,red
b'\\\x8d\x89MT\x87Y\x16',b'kQN\t\xf7eR\x9d',52907,red
b'\xab\xfeghN\xd0[\x97',b'kQN\t\xf7eR\x9d',49674,red
b'\x0fa\x8f\x12.\xd1]:',b'kQN\t\xf7eR\x9d',48930,red
"b"">\xdd\x1eY\xd3']\xda""",b'kQN\t\xf7eR\x9d',48929,red
b'Dm\x8f\x03\x06\xa4]\xa8',b'\xf5b\x97^\xda8R\x87',53428,red
b'\xc0v\xc4\xd6\x92\xefW\x82',b'\xf5b\x97^\xda8R\x87',49673,red
b'\xf7\xf0U\xa8q&T\xff',b'\xf5b\x97^\xda8R\x87',49591,red
b'[6fF\xd0\x99PC',b'\xf5b\x97^\xda8R\x87',52907,red
b'rq\x80\x1d\x0b\x92SV',b'\xf5b\x97^\xda8R\x87',49674,red
b'\x88\x12\x02\xffzvX\xc0',b'\xf5b\x97^\xda8R\x87',48930,red
"b'\x83vM,=\xebS.'",b'\xf5b\x97^\xda8R\x87',48929,red
b'\xbd\x86wG\xc9IU\xc1',b'\xca\x85(\xb1U\xf1_\xbe',53428,red
b'\x8ft<\x8e\x81\xe5_5',b'\xca\x85(\xb1U\xf1_\xbe',49673,red
b'\xc3\x15\x98\xf7\xa1\xdcWT',b'\xca\x85(\xb1U\xf1_\xbe',49591,red
b'\xe5\x98{\xf6\x99KSk',b'\xca\x85(\xb1U\xf1_\xbe',52907,red
b'\x92O\xbe\x90\xab[[\x9c',b'\xca\x85(\xb1U\xf1_\xbe',49674,red
b'-\x86\x10\xcc\xadsZ\x0f',b'\xca\x85(\xb1U\xf1_\xbe',48930,red
b'$\xacy6u\xd0W8',b'\xca\x85(\xb1U\xf1_\xbe',48929,red
b'\x1b\x81\xb1_\x0e1W0',b'\xaaM\x15\x89a8_o',53428,red
b'RK|\xcb\xc6gS\xcc',b'\xaaM\x15\x89a8_o',49673,red
b'\xcb\xf2\xc9W\x95\xadU}',b'\xaaM\x15\x89a8_o',49591,red
b'\x96\x82;\x7f\x8a\x02W\xda',b'\xaaM\x15\x89a8_o',52907,red
b'\x85\x10B\xee\xbf)\\b',b'\xaaM\x15\x89a8_o',49674,red
b'\xfaj\xd9\xcc\x01)]\xdc',b'\xaaM\x15\x89a8_o',48930,red
b'\xd9@\x00\xff\xec6W\xfd',b'\xaaM\x15\x89a8_o',48929,red
"b'\xda\xf5\xafc\x98,X\xdf'",b'\xf8l\xde\xc1=\xeeX\xf2',53428,red
b'\xbe\xba\x17\xf2\xa5xU6',b'\xf8l\xde\xc1=\xeeX\xf2',49673,red
b'\xed\xbd\x14F\xb6\x01Pa',b'\xf8l\xde\xc1=\xeeX\xf2',49591,red
b'\xfc\xde\xfb\x9bf>Q\x8a',b'\xf8l\xde\xc1=\xeeX\xf2',52907,red
b'$\xb0\xf4\xc57\xd5Xp',b'\xf8l\xde\xc1=\xeeX\xf2',49674,red
b'\x0b\xe7i\xa3\x8d\xd8Y\xa0',b'\xf8l\xde\xc1=\xeeX\xf2',48930,red
b'q\x11c\x8c\xc7\x00P\x02',b'\xf8l\xde\xc1=\xeeX\xf2',48929,red
b'QAl3(\x06T\x92',b'\xa3\xaa\xd5\x00\x17\x11U=',53428,red
b'\x02\x1cPMM\x96Yr',b'\xa3\xaa\xd5\x00\x17\x11U=',49673,red
b'd8)\xee\x1f\xeeP\xd0',b'\xa3\xaa\xd5\x00\x17\x11U=',49591,red
b'\xc6k*\xb6\x9d\xb7[\xbd',b'\xa3\xaa\xd5\x00\x17\x11U=',52907,red
b'\x9d\xa0\xf5r\x84\xff^\xd4',b'\xa3\xaa\xd5\x00\x17\x11U=',49674,red
b'\xec#\x08\xd1j\xa1Q\x10',b'\xa3\xaa\xd5\x00\x17\x11U=',48930,red
b'\xb2E\x04\xb5z\xe2U\xfc',b'\xa3\xaa\xd5\x00\x17\x11U=',48929,red
b'~\x9e\xc4@\x9b\x7f^f',b'\xbb[3\xe5\xe3\x14_t',53428,red
b'.<t\x92&$Xv',b'\xbb[3\xe5\xe3\x14_t',49673,red
b'\xac\xfc\xd7\xe9\xcc*S\x97',b'\xbb[3\xe5\xe3\x14_t',49591,red
b'\t\x7fYm\x85\xa5[\x90',b'\xbb[3\xe5\xe3\x14_t',52907,red
b'\xeeU\xf84\x80\xd4V\xe3',b'\xbb[3\xe5\xe3\x14_t',49674,red
b'\xea\x8c\x89\xc8\x8b\x97])',b'\xbb[3\xe5\xe3\x14_t',48930,red
b'v\xc9{<\xb3\x06PW',b'\xbb[3\xe5\xe3\x14_t',48929,red
b'\xe3\xd0\xa8{\xbf\x97V\x03',b'w l\xd7EmS\x03',52907,green
b'\xc2&\x93x W[~',b'w l\xd7EmS\x03',53279,green
b'\x1di\xe0b\xbc!Zx',b'w l\xd7EmS\x03',48930,red
b'\x85\x8bJ\x89\x17\x08^\x91',b'w l\xd7EmS\x03',49674,red
b'\x00\xeeEe\x1b\x8aQ*',b'w l\xd7EmS\x03',53428,red
b'\xcf~\xb7\xe9Nv[\xe6',b'w l\xd7EmS\x03',48929,red
b'K\xcf~Xa\x87]%',b'w l\xd7EmS\x03',49591,red
b'\xc0f\x858\x16\x00_`',b'w l\xd7EmS\x03',49673,red
b'\xf4\xa4\xf5o\xd0\xec\\\xc4',b'\x97\xce\x0f\xc6K\xfbS*',52907,green
b'\xed\x9eC\xe7\xf2\xc1^F',b'\x97\xce\x0f\xc6K\xfbS*',53279,green
b'@\x8f\x81i\xb4\x95[\xb7',b'\x97\xce\x0f\xc6K\xfbS*',53428,red
b'\xe64nf\x1b\xdeS\xeb',b'\x97\xce\x0f\xc6K\xfbS*',49673,red
b'&\xdf\\\xfd*\x1aY\x99',b'\x97\xce\x0f\xc6K\xfbS*',49674,red
b'\x1f\xa1\xadW\xfd\x82P\x17',b'\x97\xce\x0f\xc6K\xfbS*',48930,red
b'\x83\x1b\x16`\x9d\x86Q\xbb',b'\x97\xce\x0f\xc6K\xfbS*',48929,red
b'\xb7\x8d\xc6f\xc4\xf2ZZ',b'\xd9\xfaj!\xbb%Y\x10',52907,green
b'`\xacE\xffz\xf4Q\xbb',b'\xd9\xfaj!\xbb%Y\x10',53279,green
b'Y\xfe\xcf\x11.\xd0Y\xcc',b'\xd9\xfaj!\xbb%Y\x10',53428,red
"b'P\xa5,\x0b%\xaeP\xb0'",b'\xd9\xfaj!\xbb%Y\x10',49673,red
b'p\x8c\xc74V_QY',b'\xd9\xfaj!\xbb%Y\x10',49674,red
b'\xdd1_\xe0\x8a4]\x19',b'\xd9\xfaj!\xbb%Y\x10',48930,red
b'h\x84\xa8H\xf9\x1e\\\xb2',b'\xd9\xfaj!\xbb%Y\x10',48929,red
b'\x1cr\xb4\x99=\xcfW\xb4',b'h\xb9\x8c\xd5\x80\x16T_',52907,green
"b""t\x11J\xb8\x19'U\x92""",b'h\xb9\x8c\xd5\x80\x16T_',53279,green
b'\xa2Hv\xf0T!P/',b'h\xb9\x8c\xd5\x80\x16T_',53428,red
b'B\xc2\x00\xe1\xef\x03V\x11',b'h\xb9\x8c\xd5\x80\x16T_',49673,red
b'\xf3\x0e\xf3\xe9.\xafU\xf1',b'h\xb9\x8c\xd5\x80\x16T_',49674,red
b'\xdf\x7fDxG\xd3QX',b'h\xb9\x8c\xd5\x80\x16T_',48930,red
b'\xc2ug-\x1b|P\xaf',b'h\xb9\x8c\xd5\x80\x16T_',48929,red
b'1\xb5\xa5\xdcu\x96Z\xd3',b' \xda\xc8\xffo\xa3Qn',52907,green
b'\x80;\xba\x15\xaa\xb0]\xb1',b' \xda\xc8\xffo\xa3Qn',53279,green
b'S\xbd\x82\xef\xce>_\x0c',b' \xda\xc8\xffo\xa3Qn',53428,red
b'\xa7\\\xc4\xb2D\x8aQ\x82',b' \xda\xc8\xffo\xa3Qn',49673,red
b'\xf7?\xa3u\xe8\xdc_\xf8',b' \xda\xc8\xffo\xa3Qn',49674,red
"b'\xd8\xa5\xc3\xf0""dZ\x14'",b' \xda\xc8\xffo\xa3Qn',48930,red
b'n\xba [\x01P_-',b' \xda\xc8\xffo\xa3Qn',48929,red
b'\xa1\x95\xa1\xbf_\x92W\x9d',b'\xcbE\xef\xb4\xeb\x9e]/',52907,green
b'\xa4f\xe7\xaf\xf7\xa3Xg',b'\xcbE\xef\xb4\xeb\x9e]/',53279,green
b'\x1dS\xc0\xe6\r\x17_5',b'\xcbE\xef\xb4\xeb\x9e]/',53428,red
b'\xcc\xcc\x01\x9c\xaa\x16T\x10',b'\xcbE\xef\xb4\xeb\x9e]/',49673,red
b'\x10Ey.\x91\xf3Rq',b'\xcbE\xef\xb4\xeb\x9e]/',49674,red
b'\xde\xf9\xdb<D\xdaQ\x1d',b'\xcbE\xef\xb4\xeb\x9e]/',48930,red
b'\xd8\xd0O\xdfp|]\x16',b'\xcbE\xef\xb4\xeb\x9e]/',48929,red
b'N\xed*QE\xb0\\\xbd',b'Z;\xb75\xf3\x02[ ',52907,green
b'i\x8aa\x0e\xe3\xb1\\\x9b',b'Z;\xb75\xf3\x02[ ',53279,green
"b'""\xf3\xe9\x1b\x19\xdeY '",b'Z;\xb75\xf3\x02[ ',53428,red
b'\xd8\x80I\xd9\x8d T\xb6',b'Z;\xb75\xf3\x02[ ',49673,red
b'\xaf\xde\x87\x82\xb3lW\xc1',b'Z;\xb75\xf3\x02[ ',49674,red
"b'""Z\xf3\xa4\x96XU\xfc'",b'Z;\xb75\xf3\x02[ ',48930,red
"b'\xa7,\xe1\xf5*#\\\x0e'",b'Z;\xb75\xf3\x02[ ',48929,red
"b':\xc3\xff\xbf\xdf,T\x12'","b""\xdd'\x8c-\xac\x8b_\x14""",52907,green
b'\xbf\xaa?c\xc7oZF',"b""\xdd'\x8c-\xac\x8b_\x14""",53279,green
b'i\xd0\x91\xaf\x92HW\x0b',"b""\xdd'\x8c-\xac\x8b_\x14""",53428,red
b'\xd1\x1a\xe0\t\x05\x81\\\xfe',"b""\xdd'\x8c-\xac\x8b_\x14""",49673,red
b'__\xc1\xaa\xd5QS\x02',"b""\xdd'\x8c-\xac\x8b_\x14""",49674,red
b'\x82\xc0\xb6\x8f\xa4j^_',"b""\xdd'\x8c-\xac\x8b_\x14""",48930,red
b'lf\xa9\xdfh\xb9[$',"b""\xdd'\x8c-\xac\x8b_\x14""",48929,red
b'\x06\xc3\xc5\xcb\xf5\xafS\xf3',b'o\x0b\xf7\xc4\x1a\xdfR|',52907,green
b'\x81\x15t{\xbb\xf3V\xde',b'o\x0b\xf7\xc4\x1a\xdfR|',53279,green
b'W\xd9\xe8\xe5\x00\xcfV\xc9',b'o\x0b\xf7\xc4\x1a\xdfR|',53428,red
b'e\xafG)\xe9\xf4\\\x00',b'o\x0b\xf7\xc4\x1a\xdfR|',49673,red
b')\xc0.\x99;\xf8R\xfb',b'o\x0b\xf7\xc4\x1a\xdfR|',49674,red
b'\x94[\x91A\xackY\xa1',b'o\x0b\xf7\xc4\x1a\xdfR|',48930,red
b'\xb9\xb3\xae\x05K\x15Q\x91',b'o\x0b\xf7\xc4\x1a\xdfR|',48929,red
b'{JDW\xabo\\\xa5',b'+`\x83\xd2\xfc\xcf_\xff',52907,green
b'\xca\x88\xadf\xc2\xa7[\xaf',b'+`\x83\xd2\xfc\xcf_\xff',53279,green
b'\xc9\x10&\xcfY\x8dZ\x98',b'+`\x83\xd2\xfc\xcf_\xff',53428,red
"b',G\xdaz\xb8YX\xb2'",b'+`\x83\xd2\xfc\xcf_\xff',49673,red
b'+\x99\xd3\\<\xd5[\xa6',b'+`\x83\xd2\xfc\xcf_\xff',49674,red
b'`]Q\x1e2QP5',b'+`\x83\xd2\xfc\xcf_\xff',48930,red
b'\xa9)\x15Q\x98\xfdZ\x03',b'+`\x83\xd2\xfc\xcf_\xff',48929,red
b'n;\x12\x1d:v[\xac',b'\xeef\xbf\xdf3\xa5Z]',52907,green
b'\xe1\xa16B\xc3?_\x01',b'\xeef\xbf\xdf3\xa5Z]',53279,green
b' \xc65\x04\xc0\xe1Qz',b'\xeef\xbf\xdf3\xa5Z]',53428,red
b'WA\rsY\xfcV\t',b'\xeef\xbf\xdf3\xa5Z]',49673,red
b'\xf0\x95\xa5\x89J0R\xf6',b'\xeef\xbf\xdf3\xa5Z]',49674,red
"b""d\xf71,'\x03^.""",b'\xeef\xbf\xdf3\xa5Z]',48930,red
b'r\xad\x07\xf2\xd2\xda[\x80',b'\xeef\xbf\xdf3\xa5Z]',48929,red
"b',\x97\x8e{\xd9\x1aP\x1f'",b'@\xea\xb9e\xb3\xdb_\xdc',52907,green
b'@\x17e\xe0\xcf?U\xa2',b'@\xea\xb9e\xb3\xdb_\xdc',53279,green
b'\xa1a\xd3q\x84\xe3U\x88',b'@\xea\xb9e\xb3\xdb_\xdc',53428,red
b'uG\xaa\x80\xad\xa6W\xc3',b'@\xea\xb9e\xb3\xdb_\xdc',49673,red
b'\xebpX\x10\xd3\xfaT\x07',b'@\xea\xb9e\xb3\xdb_\xdc',49674,red
b'\x05\xfa\x05\xddS\x18V\xa9',b'@\xea\xb9e\xb3\xdb_\xdc',48930,red
b'S\x87\x1eB\x9c\x9a_\xf6',b'@\xea\xb9e\xb3\xdb_\xdc',48929,red
b'\xfb\xe8\xe6\xc02\xc8]\xe3',b'\xb1\x17^R\xd2}Q\xf3',52907,green
"b'\x88&""\xe4\xab{_\x1b'",b'\xb1\x17^R\xd2}Q\xf3',53279,green
b'\xfcJ\x0b\x03%\xb6R\x0e',b'\xb1\x17^R\xd2}Q\xf3',53428,red
b'o^\x8a\x14\x02\x86T$',b'\xb1\x17^R\xd2}Q\xf3',49673,red
b'\xfd\x04X\xb2\xb8)]\x95',b'\xb1\x17^R\xd2}Q\xf3',49674,red
"b'\x01""$s\xb7\x1dY\xed'",b'\xb1\x17^R\xd2}Q\xf3',48930,red
b'\xac\xf5\xa7\xdd\x92\xed[=',b'\xb1\x17^R\xd2}Q\xf3',48929,red
b'>\xa7\xf5\xc1\xde2Y\xb2',b'K\x8an\x16F\xacS_',52907,green
b'\x87\x91\xee\x8dJs^\xfe',b'K\x8an\x16F\xacS_',53279,green
b'\x95Z\xee8h&Z&',b'K\x8an\x16F\xacS_',53428,red
b'6W>\x1a\x1e\xeeY=',b'K\x8an\x16F\xacS_',49673,red
b't\xf6\x92\xc9C\xc3V1',b'K\x8an\x16F\xacS_',49674,red
b'is\x8e\xa7\xfd\xeeV\xc8',b'K\x8an\x16F\xacS_',48930,red
b'1\xf8\xb1\x08\x81\xb7_\xd4',b'K\x8an\x16F\xacS_',48929,red
"b'\xf8\xd5+\xd0""\xf3\\3'",b'\x11i\xe7\x18*\xbd_P',52907,green
b'\x13])\r\x105Y6',b'\x11i\xe7\x18*\xbd_P',53279,green
b'\xfbu\xb3\xa6\xf5\xb1^\xf0',b'\x11i\xe7\x18*\xbd_P',53428,red
b'\x88\xd9\xb3-f}U\x99',b'\x11i\xe7\x18*\xbd_P',49673,red
b'\xae\x8f\x0f\xc9#\x1d^\xb6',b'\x11i\xe7\x18*\xbd_P',49674,red
b'r\x8f\x12\x1d\xa1#\\g',b'\x11i\xe7\x18*\xbd_P',48930,red
b'y\xfdM\xc6\xbd\x0c\\\x0e',b'\x11i\xe7\x18*\xbd_P',48929,red
b'{\xf01\xc5\x84\x99R\xa3',b'\xe5\xc3\xd5/\n\x11[\xe2',52907,green
b'K\x08\xf9\xf2\x02\x04X;',b'\xe5\xc3\xd5/\n\x11[\xe2',53279,green
"b'stD\xe6""yPT'",b'\xe5\xc3\xd5/\n\x11[\xe2',53428,red
b'zY}`\x16\x15X\x89',b'\xe5\xc3\xd5/\n\x11[\xe2',49673,red
b'\xec\xf3\x05\xc3)\x04]\xfc',b'\xe5\xc3\xd5/\n\x11[\xe2',49674,red
b'\x99\x04\x0fm\x17\xf3Um',b'\xe5\xc3\xd5/\n\x11[\xe2',48930,red
b'\xd8sG\r7\x9e_\x1f',b'\xe5\xc3\xd5/\n\x11[\xe2',48929,red
b'4\xff\xfd\x97w\xf3\\\x1b',b'\x03RJr7\xb3P\n',52907,green
b'<\xc9\xcf9b1V\xf3',b'\x03RJr7\xb3P\n',53279,green
b'H\xb0\x11\xc9?4Vq',b'\x03RJr7\xb3P\n',53428,red
b'\x13{\xf9\xe7\xe6zW8',b'\x03RJr7\xb3P\n',49673,red
b'\x8cn\xe3\x948\xf8R\xc0',b'\x03RJr7\xb3P\n',49674,red
b'\xa2u\xb4zM\x7fU?',b'\x03RJr7\xb3P\n',48930,red
b'\xc8U\xc0\x98`bX\x81',b'\x03RJr7\xb3P\n',48929,red
b'\x9d\x12\xdf\xf4\xecBZ\xa9',b'\xc4\xee\\H\xcb\xe0R\xd0',52907,green
b'\x91<\x84\xd5\xbfKR\xa4',b'\xc4\xee\\H\xcb\xe0R\xd0',53279,green
b'\x98;\xcb_\xa3\x8cZA',b'\xc4\xee\\H\xcb\xe0R\xd0',53428,red
b'\x93\xc4l\x80\xec\x13X\x0c',b'\xc4\xee\\H\xcb\xe0R\xd0',49673,red
b'\x97Tg8A\xd2S\x08',b'\xc4\xee\\H\xcb\xe0R\xd0',49674,red
"b""\x88B\x9dV'\x06^{""",b'\xc4\xee\\H\xcb\xe0R\xd0',48930,red
b'\x7f\xa5\xcc-<\xadS\xe3',b'\xc4\xee\\H\xcb\xe0R\xd0',48929,red
b'7O\xa5\xaf8IU!',b'\xa0\xd4M6\x1a\xf1_\xd6',52907,green
"b']G\xb6,+M]Z'",b'\xa0\xd4M6\x1a\xf1_\xd6',53279,green
b')n6i\xea\x05]w',b'\xa0\xd4M6\x1a\xf1_\xd6',53428,red
b'\x80\x1d\xcbK\xa6c^\x87',b'\xa0\xd4M6\x1a\xf1_\xd6',49673,red
b'\xf5i\x8b\xc0\xb0~Z@',b'\xa0\xd4M6\x1a\xf1_\xd6',49674,red
b'\xdbaGb\x07+Q\xb0',b'\xa0\xd4M6\x1a\xf1_\xd6',48930,red
b'\x03=D\x00\xdbN[[',b'\xa0\xd4M6\x1a\xf1_\xd6',48929,red
b'\xe2\xf9aU`\xceR\xc8',b'\x19*\xd3\xc6\xf4\xa6^\xd2',52907,green
b'\xf4\x7f\xcd\xed\xe0\x0fZ\xa1',b'\x19*\xd3\xc6\xf4\xa6^\xd2',53279,green
b'+\x7f[V\xe4\x7fT<',b'\x19*\xd3\xc6\xf4\xa6^\xd2',53428,red
b'\xdfIt\xc5;\xfa[\xf0',b'\x19*\xd3\xc6\xf4\xa6^\xd2',49673,red
"b'S4""&\x16\xa5U\x8f'",b'\x19*\xd3\xc6\xf4\xa6^\xd2',49674,red
b'\xa2\xe8\xf9w\x1b\xa1]%',b'\x19*\xd3\xc6\xf4\xa6^\xd2',48930,red
"b'\xb9\xce,#\xa9\xebW\xdf'",b'\x19*\xd3\xc6\xf4\xa6^\xd2',48929,red
b'\x97\xef\xa8\xf0U\x05\\\xc0',b'\xf9\xcf\xb5\xe4\x02\xa1P\xfe',52907,green
b'\xd4\xa9K`x\xb3W\xed',b'\xf9\xcf\xb5\xe4\x02\xa1P\xfe',53279,green
b'Z\xea\x10|/\x9aT\x1f',b'\xf9\xcf\xb5\xe4\x02\xa1P\xfe',53428,red
b'\xd0\x8b-*\xdaN\\\x07',b'\xf9\xcf\xb5\xe4\x02\xa1P\xfe',49673,red
b'(/\x82qk\x8bQ\xf1',b'\xf9\xcf\xb5\xe4\x02\xa1P\xfe',49674,red
b'>\xea\xcb&\x9f\x11SH',b'\xf9\xcf\xb5\xe4\x02\xa1P\xfe',48930,red
b'A}\xcd\x0e\xf6 _\x07',b'\xf9\xcf\xb5\xe4\x02\xa1P\xfe',48929,red
b'\x16\x8aO\x1b\x13\x87Q\xb2',b'\xa8\x9c\x0cx&;P^',52907,green
b'?\xff\x1e:m\x8cW\x12',b'\xa8\x9c\x0cx&;P^',53279,green
b'\x12\xe4y\x7f\t\xd7Y\xac',b'\xa8\x9c\x0cx&;P^',53428,red
"b'\xac\xb1t`\xcb\x9f]""'",b'\xa8\x9c\x0cx&;P^',49673,red
b'(\xa0\xff\x87\xae\x9f^\xdb',b'\xa8\x9c\x0cx&;P^',49674,red
b'\xb9Q\xc1\x1c\xa4\xf2[\x7f',b'\xa8\x9c\x0cx&;P^',48930,red
b'\xd3\xfdEi\xde\x0cZZ',b'\xa8\x9c\x0cx&;P^',48929,red
b'|h\x8die\x05X\xec',b'\x84\xc8\x14\xbd5\xa0P\xba',52907,green
b'p\xaa\xc9\xe2\x0f9Y\x07',b'\x84\xc8\x14\xbd5\xa0P\xba',53279,green
b'Qn\x08m\xa8\xd4U:',b'\x84\xc8\x14\xbd5\xa0P\xba',53428,red
"b'\xfb\x13\xe8""\x14\xbbP\xe1'",b'\x84\xc8\x14\xbd5\xa0P\xba',49673,red
"b'\xad\xb3\xa2`GBU,'",b'\x84\xc8\x14\xbd5\xa0P\xba',49674,red
b'4\xa9\xdec\xe7YQ\t',b'\x84\xc8\x14\xbd5\xa0P\xba',48930,red
b'\x86\xb0o\xeb\xc9\xf2\\\x95',b'\x84\xc8\x14\xbd5\xa0P\xba',48929,red
b'^=\xd8Gs1[~',b'\xdbyS7\xe6\xdbX\xd7',52907,green
b'w\nA\xc9\xd4/R\x03',b'\xdbyS7\xe6\xdbX\xd7',53279,green
b'}e\xb9\xe9\x9bBV\xcd',b'\xdbyS7\xe6\xdbX\xd7',53428,red
b'\xbd\xd0\x8fD\xc8\x8fU\x84',b'\xdbyS7\xe6\xdbX\xd7',49673,red
b'\xc7\x8f~K\x12OR\xa4',b'\xdbyS7\xe6\xdbX\xd7',49674,red
b'\xbb\x96\x1a\xd8i\xd9TA',b'\xdbyS7\xe6\xdbX\xd7',48930,red
b'\xa3\x91\x1a\x8b\xbd\x83P\x1c',b'\xdbyS7\xe6\xdbX\xd7',48929,red
b'\xa1\x81\x85\xa5\x9fhS\x12',b'\x08\x0e\x90\xf2~fU\xe0',52907,green
b'\x9d\xdc\xdat\x13\xd5_\xe6',b'\x08\x0e\x90\xf2~fU\xe0',53279,green
b'\xd1\x8d\xd8P\x9c\xa3W$',b'\x08\x0e\x90\xf2~fU\xe0',53428,red
b'\xd5<Z\xe8\x87\xacSm',b'\x08\x0e\x90\xf2~fU\xe0',49673,red
b'\xce\xe4@\xfc\x99\x89V\xa7',b'\x08\x0e\x90\xf2~fU\xe0',49674,red
b'?\xd4)\x12C\xaaP{',b'\x08\x0e\x90\xf2~fU\xe0',48930,red
b'\xcd:\x8c&\x1c\xd5_\xfb',b'\x08\x0e\x90\xf2~fU\xe0',48929,red
"b'\x1a\xd1Y""u\x10[M'",b'#9N\x0f\xb1`P\x9f',52907,green
b'\xc1O\xed|\xbb(XY',b'#9N\x0f\xb1`P\x9f',53279,green
b'\x84k\xc3\x9f\xab\xb7R\xe3',b'#9N\x0f\xb1`P\x9f',53428,red
b'\xea\xd07\x15\x91\xc2]%',b'#9N\x0f\xb1`P\x9f',49673,red
"b'\xff\x04,\xd2I\xefW\x99'",b'#9N\x0f\xb1`P\x9f',49674,red
"b'\xd5i\xe3\x82L,VN'",b'#9N\x0f\xb1`P\x9f',48930,red
b'\x8f\xd2\xec\xa2`\xbbS$',b'#9N\x0f\xb1`P\x9f',48929,red
b'b]\xef\x88fVU\xee',b'PA\xe7\x8c\xe0\xfeS>',52907,green
b'c\xb7\x8b\xe1\x8b\xb2YW',b'PA\xe7\x8c\xe0\xfeS>',53279,green
b'w\xc5S\xb8\xca\xb3V)',b'PA\xe7\x8c\xe0\xfeS>',53428,red
b'O`\x110\xc1\xabY\xec',b'PA\xe7\x8c\xe0\xfeS>',49673,red
b'\xd5H\x9f`\xbd\xadS\x98',b'PA\xe7\x8c\xe0\xfeS>',49674,red
b'8[\x7f*\xef\xdf]\xb8',b'PA\xe7\x8c\xe0\xfeS>',48930,red
b'\x95\x9fk\x9fs\x8fY\x9e',b'PA\xe7\x8c\xe0\xfeS>',48929,red
b'Q\x8be\x86n$Q\xae',b'4\xb8\x99\xecN(\\\x88',52907,green
b'\x8b4q\xdc\x11\x7f\\-',b'4\xb8\x99\xecN(\\\x88',53279,green
b'\xf7x)\xce\x8fg[\xd3',b'4\xb8\x99\xecN(\\\x88',53428,red
b'\x80D&\x85j\xe3Z\xd8',b'4\xb8\x99\xecN(\\\x88',49673,red
b'\x07\xf4\xeabJO[\xed',b'4\xb8\x99\xecN(\\\x88',49674,red
b'\x94\x91\x0b\xcc\x15\n_\xa6',b'4\xb8\x99\xecN(\\\x88',48930,red
b'\xa0\xeau\x8b\xff\xe2P\xea',b'4\xb8\x99\xecN(\\\x88',48929,red
b'\xe3\xca\x87z6V^\xf9',b'\xca|X |\xfeX\xe7',52907,green
b'\xd0\xa5Q\xe6\xdeqQ\xdc',b'\xca|X |\xfeX\xe7',53279,green
"b'""q\xfe)\xa9>P,'",b'\xca|X |\xfeX\xe7',53428,red
b'Gr\xc3.\x8a\x8eSa',b'\xca|X |\xfeX\xe7',49673,red
b'\xa8VI+\xd0\x91W ',b'\xca|X |\xfeX\xe7',49674,red
b'L\xfb=t\xae\xcc]\x03',b'\xca|X |\xfeX\xe7',48930,red
b'\x80\x86\xac\x0f\xed\xb1^\xec',b'\xca|X |\xfeX\xe7',48929,red
b'\x181W\xea@\x8dR\xf0',b'\xa6C\xf3S\x98\xaaS\xbe',52907,green
"b'\xea\xd3Qa""_U!'",b'\xa6C\xf3S\x98\xaaS\xbe',53279,green
b'\xf7\xc1\xb4\xe3w\xf3Q\xef',b'\xa6C\xf3S\x98\xaaS\xbe',53428,red
b'\x10A5\xf5C\x80Q^',b'\xa6C\xf3S\x98\xaaS\xbe',49673,red
b'\xa5Hu\xd2h\tP\xfb',b'\xa6C\xf3S\x98\xaaS\xbe',49674,red
b'\x14\xa1\x02\xc0\x15\xff\\\xa9',b'\xa6C\xf3S\x98\xaaS\xbe',48930,red
b'\x99\x97y\xab\x87\xe0P\xbf',b'\xa6C\xf3S\x98\xaaS\xbe',48929,red
b'5G\x9bW\x89BP\xed',b'\xb2\x87\x03{\xd8\xabP\xe3',52907,green
b'Ge\x1f+>\xa6\\m',b'\xb2\x87\x03{\xd8\xabP\xe3',53279,green
"b'\x10\xf6\x0f""\x0e\x83Q\t'",b'\xb2\x87\x03{\xd8\xabP\xe3',53428,red
b'>\x8ed\x02\xbb5^\xd2',b'\xb2\x87\x03{\xd8\xabP\xe3',49673,red
b'3\t\xb3\x06(a_\x81',b'\xb2\x87\x03{\xd8\xabP\xe3',49674,red
b'\x0b\xf6G\xa7\xc3\xd3[\x8b',b'\xb2\x87\x03{\xd8\xabP\xe3',48930,red
"b'\xfb\xdfE\xed\xf2,^\x8b'",b'\xb2\x87\x03{\xd8\xabP\xe3',48929,red
b'Uo\xe7\x96\x98ZP5',b'\xd7\x08\xcc7\xa8\xa2P\x82',52907,green
b'\n?\x13y\xb6\xb8Z\xc7',b'\xd7\x08\xcc7\xa8\xa2P\x82',53279,green
b'\xde\x9f\x88\xa0\x9chW\xb2',b'\xd7\x08\xcc7\xa8\xa2P\x82',53428,red
b'\x8f\x85\x04\xa9\x0e\x9eR\xea',b'\xd7\x08\xcc7\xa8\xa2P\x82',49673,red
b'\xfaT8\x15\xd7\xce^\x82',b'\xd7\x08\xcc7\xa8\xa2P\x82',49674,red
b'\xb4\xfb\xa3\xb0\xa80Ym',b'\xd7\x08\xcc7\xa8\xa2P\x82',48930,red
b'\x1f\xd6\xae\xf9\x87BV\xd3',b'\xd7\x08\xcc7\xa8\xa2P\x82',48929,red
b'\xa9H\xcf\x82\x12d^\x87',b'}\xd4\xcej\xd3CVh',52907,green
b'\xa9\x02RE$?[\x08',b'}\xd4\xcej\xd3CVh',53279,green
"b'Z\xc3\xcf,\xe0\xc4]{'",b'}\xd4\xcej\xd3CVh',53428,red
b'\xdd\xfc\xd5\xae\xd7CVR',b'}\xd4\xcej\xd3CVh',49673,red
b'\xber\x06\xc8\xa9\xceU\x11',b'}\xd4\xcej\xd3CVh',49674,red
b'O/w\xcc\x9c\xeeQ\xd3',b'}\xd4\xcej\xd3CVh',48930,red
b'Z.3\x1b]jSY',b'}\xd4\xcej\xd3CVh',48929,red
b'd~\xe3\x02\x86\xc3U\xe0',b'\xa4\xf7R2\xe96UL',52907,green
b'Vt\x1f\xc8\x85SZ\xb7',b'\xa4\xf7R2\xe96UL',53279,green
b'\xaf/\x1aT\xbb\x8bS\xf8',b'\xa4\xf7R2\xe96UL',53428,red
b'\xd4\x8f\x85\xf2{\xc2^\xc9',b'\xa4\xf7R2\xe96UL',49673,red
b'\xdd.\x85\xf5i\x9dR\xc1',b'\xa4\xf7R2\xe96UL',49674,red
b'}\xc7\x99\xac\x94VWv',b'\xa4\xf7R2\xe96UL',48930,red
b']\xd7a\x98\x9e\x91V\xee',b'\xa4\xf7R2\xe96UL',48929,red
b'\xf9\xdf\xe0\xc5\x1b\x00Q\xf8',b'`\xfe\x86\xde\xf4\xb7S+',52907,green
b'\xa6\x13\x99\xb7m\xd4^W',b'`\xfe\x86\xde\xf4\xb7S+',53279,green
b'\x93\xca\xc7.\x83\xe2T\xa9',b'`\xfe\x86\xde\xf4\xb7S+',53428,red
b'\xa5\x0b\xf35\x94\xefRf',b'`\xfe\x86\xde\xf4\xb7S+',49673,red
b'\x96P\xa9\x84\xbc4^\x0b',b'`\xfe\x86\xde\xf4\xb7S+',49674,red
b'\xc4\xd6\x16\x0e3\xdcZ\xf4',b'`\xfe\x86\xde\xf4\xb7S+',48930,red
b'\x03\xba]\xf0M\x1f_r',b'`\xfe\x86\xde\xf4\xb7S+',48929,red
b'~\x19\xf1\xc4\xaf\xb2Qo',b'\xd8G\xdf\xeb3\x9eR#',52907,green
b'\xe0N\xbb\xa7\x94\x11[\x89',b'\xd8G\xdf\xeb3\x9eR#',53279,green
b'\xc7\xa4\xdf\xd8?\x01YX',b'\xd8G\xdf\xeb3\x9eR#',53428,red
b'\xcb\xbd\xdc!zjP\xd7',b'\xd8G\xdf\xeb3\x9eR#',49673,red
b'\x90\xc9\xdd\x93E\x94T\x91',b'\xd8G\xdf\xeb3\x9eR#',49674,red
b'\x8b/\x1eS\xef\xb6PF',b'\xd8G\xdf\xeb3\x9eR#',48930,red
b'v\xbe\xe5\xc0\x86\xdfP\xf8',b'\xd8G\xdf\xeb3\x9eR#',48929,red
b'\xd0\xa5>\x9a+AWH',b'$<XVm\rQ\x8f',52907,green
b'>s\xd0\x8f\xe0qUk',b'$<XVm\rQ\x8f',53279,green
b'\x06U\xf8l\xa9\xc7Z\xf5',b'$<XVm\rQ\x8f',53428,red
"b""\x9c!P\xba'GY\xa6""",b'$<XVm\rQ\x8f',49673,red
b'\xbc[]\xe1\xf7\xdaSj',b'$<XVm\rQ\x8f',49674,red
b'7\x84\x82GCOY\x8e',b'$<XVm\rQ\x8f',48930,red
b'\x05\xb6@q\x93\xe9_\x92',b'$<XVm\rQ\x8f',48929,red
b'k\xecO\xc7\xc38S\x9d',b'\x02^\xe3 \xf9\x97Y\xfb',52907,green
b'^\xcc*\xf1\xdf\xe6W/',b'\x02^\xe3 \xf9\x97Y\xfb',53279,green
b'X\x95\x0ed\x1e\xbe\\A',b'\x02^\xe3 \xf9\x97Y\xfb',53428,red
b'\x7f\x0b\x89\xd4\x11v\\v',b'\x02^\xe3 \xf9\x97Y\xfb',49673,red
b'k\x1e\x8e\x13\xdaxR\xde',b'\x02^\xe3 \xf9\x97Y\xfb',49674,red
b'\xd1Vn*|\x90^U',b'\x02^\xe3 \xf9\x97Y\xfb',48930,red
b'\x85\x1c\t\x8bt\xb0S\x03',b'\x02^\xe3 \xf9\x97Y\xfb',48929,red
b'u7\xa1\xc8\x9e(W\x1f',b'\xae+\x13\xf3\x8c\x02S\xcc',52907,green
b'\x05Xh\x97\x013R\x08',b'\xae+\x13\xf3\x8c\x02S\xcc',53279,green
b'a\x7f\xcd\x95)\xfaV\x1d',b'\xae+\x13\xf3\x8c\x02S\xcc',53428,red
b'/\xba\xa4/\xec\xd2]o',b'\xae+\x13\xf3\x8c\x02S\xcc',49673,red
"b'-\xa5\xcc\xb4\\""T\xfe'",b'\xae+\x13\xf3\x8c\x02S\xcc',49674,red
b'\x05\x1bb\xa2V\xf5TJ',b'\xae+\x13\xf3\x8c\x02S\xcc',48930,red
b'ww2\xf5\xb7\x1fRw',b'\xae+\x13\xf3\x8c\x02S\xcc',48929,red
b'\xa1\x94W%(\xf6^\xd2',b'D\x16y\xb9B\xe0]\xbc',52907,green
b'\x1dw\xd6b\x0c\x0eZ\x8b',b'D\x16y\xb9B\xe0]\xbc',53279,green
b'R \xea+\x81\x1dP\x1b',b'D\x16y\xb9B\xe0]\xbc',53428,red
b'\xeb\x15\x9e\xec\xef\xc0\\\x08',b'D\x16y\xb9B\xe0]\xbc',49673,red
b'\x93:\xbfRoTT\xee',b'D\x16y\xb9B\xe0]\xbc',49674,red
b'\xd3\x80\xa1$\xa3\xfc_\xb0',b'D\x16y\xb9B\xe0]\xbc',48930,red
b'h$\xf9\x11\x9fN\\W',b'D\x16y\xb9B\xe0]\xbc',48929,red
b'\xbc\xbe\xf2=\xa1\xb1_-',b's9^UW\x0bP\x1f',52907,green
b'|\xd8s\x0blG[\xfe',b's9^UW\x0bP\x1f',53279,green
b'\x8a*\xf0\x9e\x17\xc1[\x8f',b's9^UW\x0bP\x1f',53428,red
b'\xba\tlfoyT\xf1',b's9^UW\x0bP\x1f',49673,red
b'\xc8x~\xbf\xecQW\xf7',b's9^UW\x0bP\x1f',49674,red
"b'm\xf5rt\xab]Q,'",b's9^UW\x0bP\x1f',48930,red
b'\x0b\x13g\x1a\x8b\xbcU\x0b',b's9^UW\x0bP\x1f',48929,red
b'm\xa7N`K\xe9\\\xcb',b'\x9f\xf6\x88\xbb^b\\\x8e',52907,green
b'\x90f\xa3|\x1b\x9d_\x10',b'\x9f\xf6\x88\xbb^b\\\x8e',53279,green
b'\xbc\xa9\xc4\xc2\xdf\xd2P+',b'\x9f\xf6\x88\xbb^b\\\x8e',53428,red
b'\xa9\xa9s\xf7\xe0\x9d]c',b'\x9f\xf6\x88\xbb^b\\\x8e',49673,red
"b'\xc3,k.\xf9\xe8Y\xbc'",b'\x9f\xf6\x88\xbb^b\\\x8e',49674,red
b'\xff\xc8h\xe4\x85\xb1UU',b'\x9f\xf6\x88\xbb^b\\\x8e',48930,red
b'\x11\xb3\xb9\xb5X~Q\xea',b'\x9f\xf6\x88\xbb^b\\\x8e',48929,red
b'\xf7\x83/\xb7\x0fdR\xad',b'\x15Z\r\xbe\x01pX#',52907,green
b'\x18bK\xd0\xc3\xd6^\x15',b'\x15Z\r\xbe\x01pX#',53279,green
b'\xd4\xd70\xdb\xa5\xa7R\x05',b'\x15Z\r\xbe\x01pX#',53428,red
b'\xa7\xe7\x8d7\xba\xf6^\x87',b'\x15Z\r\xbe\x01pX#',49673,red
"b""2\xa9'cc\xa7PM""",b'\x15Z\r\xbe\x01pX#',49674,red
b'5 \xd1\x1e\xb0\xed]{',b'\x15Z\r\xbe\x01pX#',48930,red
b'\xdbh\x06H\xd7|V|',b'\x15Z\r\xbe\x01pX#',48929,red
b'\xc3\xdc]7\xebr[O',b'\xfc\x9bX\xf9\rV_\xe9',52907,green
b']\x93\x91\x1f\xf6\x10]\xa3',b'\xfc\x9bX\xf9\rV_\xe9',53279,green
b'\xf51\xac\x8b\xd9\x87V\x15',b'\xfc\x9bX\xf9\rV_\xe9',53428,red
b'\xa3\xa8p\x80\x15\xf9S\xcc',b'\xfc\x9bX\xf9\rV_\xe9',49673,red
b'\x0cJ\xe6\x17\x9ao_\xc1',b'\xfc\x9bX\xf9\rV_\xe9',49674,red
b'e\xcd\xefq\xd7\xa0WF',b'\xfc\x9bX\xf9\rV_\xe9',48930,red
b'\x08\x9dR\xdd*\xb4V\x9b',b'\xfc\x9bX\xf9\rV_\xe9',48929,red
b'/\xfe}\x07vN^\x9a',b'\x9b\xc3\xe1\xe7j\xb0S>',52907,green
b'Z\x930\x8d1\x97Z\x88',b'\x9b\xc3\xe1\xe7j\xb0S>',53279,green
b'-\xc0M\x8a\x89=V\xea',b'\x9b\xc3\xe1\xe7j\xb0S>',53428,red
b'\x1bx\x8e\xd7\xae7SW',b'\x9b\xc3\xe1\xe7j\xb0S>',49673,red
"b'\xe6\xb9\x91""\x7f\xdcR\x95'",b'\x9b\xc3\xe1\xe7j\xb0S>',49674,red
b'Q\xca\x02nBc_\xf5',b'\x9b\xc3\xe1\xe7j\xb0S>',48930,red
"b'\x13\xb59\xca,+]\xe0'",b'\x9b\xc3\xe1\xe7j\xb0S>',48929,red
b'J\x9dy\x93\xa3\x9eS\x90',b'\xbc-\x1d1H@[\xfc',52907,green
b'\xf4\xb5\xd5\x16\xe5\xaaT\\',b'\xbc-\x1d1H@[\xfc',53279,green
b'IH\x9b\x9c\xce\x12T\xe8',b'\xbc-\x1d1H@[\xfc',53428,red
b'\x18\x8f}x\x91\x7fS\x1d',b'\xbc-\x1d1H@[\xfc',49673,red
b'\xee6\xe1\x85\x8bDV\xa2',b'\xbc-\x1d1H@[\xfc',49674,red
b'Z\xd2\xf4=\xf9\xffS\t',b'\xbc-\x1d1H@[\xfc',48930,red
b'\xfa\x8b\xc5\x8c\xcd%Q\xd6',b'\xbc-\x1d1H@[\xfc',48929,red
b'\xc1\x07\x1a4(\x95T\xea',b'\xabuV6\x04\x9cUb',52907,green
b'^v\x1d\xba2\xc9T\x97',b'\xabuV6\x04\x9cUb',53279,green
b'\xc3\xa9^\x9a\xb9\x81P\xd2',b'\xabuV6\x04\x9cUb',53428,red
"b""\xbce'\xbd\x93\xd7_c""",b'\xabuV6\x04\x9cUb',49673,red
b'>)\x0f\xb8\x8b\xc8_?',b'\xabuV6\x04\x9cUb',49674,red
b'\x86N\x02$>ZY\xa1',b'\xabuV6\x04\x9cUb',48930,red
b'q7\x00\xd0>\xbf_7',b'\xabuV6\x04\x9cUb',48929,red
b'\xf0-\x00\xd2t\xccT\x83',b'B\xe6:\x03\x13LP\xef',52907,green
"b""\xab3\xb1'\x91\xa1]\xbc""",b'B\xe6:\x03\x13LP\xef',53279,green
b'\xd6\xa8\x0f\xc00\xe4\\\x8e',b'B\xe6:\x03\x13LP\xef',53428,red
"b'o\xbe-\xc4KtY,'",b'B\xe6:\x03\x13LP\xef',49673,red
b'i\xaa\xbf\xf8\xd5\xb0Q}',b'B\xe6:\x03\x13LP\xef',49674,red
b';\xcd9\x8b\xec\xcd_(',b'B\xe6:\x03\x13LP\xef',48930,red
b'tcUv3\xadTQ',b'B\xe6:\x03\x13LP\xef',48929,red
b'\x86c\xcbQ\xaa\xe1\\\xd4',b'fG\x8c\xeb\x17\xb3Z\xd2',52907,green
b'\xea\x1d$\xc3 \xe4S\xc0',b'fG\x8c\xeb\x17\xb3Z\xd2',53279,green
b'\xd1]\xe2\x00\xc2 ]A',b'fG\x8c\xeb\x17\xb3Z\xd2',53428,red
b'\x96\xd9\xd0\xf6\\q[\xce',b'fG\x8c\xeb\x17\xb3Z\xd2',49673,red
b'\xed]\x9cn\x7f\xcfY\xd8',b'fG\x8c\xeb\x17\xb3Z\xd2',49674,red
b'\x19\xae$\xbe\xd2\x13]k',b'fG\x8c\xeb\x17\xb3Z\xd2',48930,red
b'\xff]\xb7\x9d\xa9MY\x0b',b'fG\x8c\xeb\x17\xb3Z\xd2',48929,red
b'Z%\xf1\xeb\xc6\xddP\x86',b'\xa1\x03/\xb5g\\P]',52907,green
b'\xa8x`\x8au\xe8T\xd0',b'\xa1\x03/\xb5g\\P]',53279,green
b'\x0b\x06\x82\xf88\xb0T\x04',b'\xa1\x03/\xb5g\\P]',53428,red
b'\x7fGu\xda\xf6\x8dS\x8e',b'\xa1\x03/\xb5g\\P]',49673,red
"b""\x93T\x8cp\xcf'YN""",b'\xa1\x03/\xb5g\\P]',49674,red
b'\xe5deB\xe4HP\xf4',b'\xa1\x03/\xb5g\\P]',48930,red
b'\x8cN\x02?QH[9',b'\xa1\x03/\xb5g\\P]',48929,red
b'\x1cG\x9eSNyVf',b'\x06\xd3\x16:\xb0\xd4V\xcb',52907,green
b'\xf7\xf5Q\xdb\x98\x90X\xb4',b'\x06\xd3\x16:\xb0\xd4V\xcb',53279,green
b'\xff@#\xb6{a[C',b'\x06\xd3\x16:\xb0\xd4V\xcb',53428,red
b'\x7fi\x88\xf2\xbf\xf7Z\x1e',b'\x06\xd3\x16:\xb0\xd4V\xcb',49673,red
b'EVu\xce\xee2R\x0f',b'\x06\xd3\x16:\xb0\xd4V\xcb',49674,red
b'Q7K+\xe6xPF',b'\x06\xd3\x16:\xb0\xd4V\xcb',48930,red
b'G\x85ii~\x14P\x9c',b'\x06\xd3\x16:\xb0\xd4V\xcb',48929,red
b'f^\x16\xd5\xcfLU\n',b'\x86h\x10\xa7^@\\\x97',52907,green
b'\xea_\x07\x91.\xe6W\x9c',b'\x86h\x10\xa7^@\\\x97',53279,green
b'\xa8\xa9\x86\xfdK\x97S\xed',b'\x86h\x10\xa7^@\\\x97',53428,red
b'!\x8d\x1d2\x9d\xcd[0',b'\x86h\x10\xa7^@\\\x97',49673,red
b'l\x07\xb4\xd8\xaa\xdd[\x0c',b'\x86h\x10\xa7^@\\\x97',49674,red
b'b\x9c\xeb_/JV\xb2',b'\x86h\x10\xa7^@\\\x97',48930,red
b't/9\x97h\xa0X\xce',b'\x86h\x10\xa7^@\\\x97',48929,red
b'T\xdd8\xa6\xde\x1dX\x17',b'_\xb7+\xc0g\x0fT\x18',52907,green
b'\xe0R\x8b\xe34\xe3Z\xd1',b'_\xb7+\xc0g\x0fT\x18',53279,green
b'\x8cY\xee\x92\x05\xecWH',b'_\xb7+\xc0g\x0fT\x18',53428,red
"b""\x1f'\xdbJ\x8b(W\x99""",b'_\xb7+\xc0g\x0fT\x18',49673,red
b'\xf2\xce\x86\n\xe1VT\x8b',b'_\xb7+\xc0g\x0fT\x18',49674,red
b'P\xda\xd6\x0b\xeb\x86[\x01',b'_\xb7+\xc0g\x0fT\x18',48930,red
b'\x12S:\xa8\x15\xe8Z\xf4',b'_\xb7+\xc0g\x0fT\x18',48929,red
b't\x80g\xb1\x01\xd3[m',b'1\xec}--\xd9P\xd6',52907,green
b'\xa5\x03\x83\x1e\xcf\xf8]+',b'1\xec}--\xd9P\xd6',53279,green
b'\xa0\xd3\xdc\xf1\x8c-Y\xed',b'1\xec}--\xd9P\xd6',49591,green
b'R\xb2o*p1R\x88',b'1\xec}--\xd9P\xd6',53428,red
b'\xab\xe7\xd3SU\xf2Q\xd9',b'1\xec}--\xd9P\xd6',49673,red
b')\xa6\xe1\xab\xa2k^\xec',b'1\xec}--\xd9P\xd6',49674,red
b'\xb0\x8d}G\xa1\x9aZ\xb6',b'1\xec}--\xd9P\xd6',48930,red
b'@\xae`\xf9\x897Uv',b'1\xec}--\xd9P\xd6',48929,red
b'Jek.n\x9b_\xa8',b'B)\xf2D\xde\x80S\x1c',52907,green
b'\x8c%\x9f\x90\xc1\xe2S\xfe',b'B)\xf2D\xde\x80S\x1c',53279,green
b'g\x14\xe4\xa4\xc6\xbdY\xc9',b'B)\xf2D\xde\x80S\x1c',49591,green
b'\xec\xbe\xeb\xad\x0c@\\a',b'B)\xf2D\xde\x80S\x1c',53428,red
b'\x10w\x13\x1c\xe2\\V\x88',b'B)\xf2D\xde\x80S\x1c',49673,red
b'(\x8f\xe8T\x89\xce_\xe9',b'B)\xf2D\xde\x80S\x1c',49674,red
"b'\xe9""\x91\x16\xac\xc3W\xb1'",b'B)\xf2D\xde\x80S\x1c',48930,red
b'h\xb8\xebC\x1b\x8fW\xf6',b'B)\xf2D\xde\x80S\x1c',48929,red
b'\x82\xd7\xbb\xda\xb69U\x82',b'\x90\x8c\xc9t\xbaCU@',52907,green
b'\xf5\xe8k\xbacz\\x',b'\x90\x8c\xc9t\xbaCU@',53279,green
b'C\xd6\xa1\\\x01\\Rm',b'\x90\x8c\xc9t\xbaCU@',49591,green
b't\x81\xee\xce\xd0\xac_ ',b'\x90\x8c\xc9t\xbaCU@',53428,red
b'\xef\xee\xa4A\x0c7Q\\',b'\x90\x8c\xc9t\xbaCU@',49673,red
b'\xee0.!\xcc\xd5R\xbd',b'\x90\x8c\xc9t\xbaCU@',49674,red
b'%T\x05\xe1}\x8c^\xf5',b'\x90\x8c\xc9t\xbaCU@',48930,red
b'\xac#\xcd\xe8\xff\xb2Z\x8d',b'\x90\x8c\xc9t\xbaCU@',48929,red
b'\xd2\x1d-\xa1G\x95R\xe5',"b'\xfc""\xf4\x0f\xd3\x9a_\xd3'",52907,green
b'n\xe3\xc5d\x1bnV\xfc',"b'\xfc""\xf4\x0f\xd3\x9a_\xd3'",53279,green
b'\xba\x83B\xb7\xa8\x0bWN',"b'\xfc""\xf4\x0f\xd3\x9a_\xd3'",49591,green
b'\xf0F\x9dcVCT%',"b'\xfc""\xf4\x0f\xd3\x9a_\xd3'",53428,red
b'Yd\x06G\x0cy]\x06',"b'\xfc""\xf4\x0f\xd3\x9a_\xd3'",49673,red
"b',\xce\xc6_P\x02R*'","b'\xfc""\xf4\x0f\xd3\x9a_\xd3'",49674,red
b'\x9fr7\xf2\x8a\x98SQ',"b'\xfc""\xf4\x0f\xd3\x9a_\xd3'",48930,red
b'|_\xdb\x1a\xe8\xc6S\xf8',"b'\xfc""\xf4\x0f\xd3\x9a_\xd3'",48929,red
b'\x96\xb2\xf4K}\n[F',b'\xea\xb8\x98\xd2\xb6\xcaW\xc6',52907,green
b'\xd5kY\x17h\x83X\xe1',b'\xea\xb8\x98\xd2\xb6\xcaW\xc6',53279,green
b'\x9dq\xa8i+\x9eS0',b'\xea\xb8\x98\xd2\xb6\xcaW\xc6',49591,green
b'\xe1/\xf0\xf8\x1f\xb0R\x02',b'\xea\xb8\x98\xd2\xb6\xcaW\xc6',53428,red
b'\xd6\xe2\x02\xfb:\xfd_\xca',b'\xea\xb8\x98\xd2\xb6\xcaW\xc6',49673,red
b'$N\xb2e\xe8w_!',b'\xea\xb8\x98\xd2\xb6\xcaW\xc6',49674,red
b'\x85\xf6\x7f\xeb\xcc\xb5[\xa9',b'\xea\xb8\x98\xd2\xb6\xcaW\xc6',48930,red
b'\r\x90[\xacU{[M',b'\xea\xb8\x98\xd2\xb6\xcaW\xc6',48929,red
b'\xdeD\x01\x82S8R\xc0',b'.\xd5O\xf2\x9c@_\x16',52907,green
b'0!\x90#\x88\x02^A',b'.\xd5O\xf2\x9c@_\x16',53279,green
b'\x17r)\xc1\xa7\xbaV\x84',b'.\xd5O\xf2\x9c@_\x16',49591,green
b'\xeb\x1f\x19\xb4\xff\xd8Pn',b'.\xd5O\xf2\x9c@_\x16',53428,red
b'\xc2\xc0O\x01\xb6\x13T]',b'.\xd5O\xf2\x9c@_\x16',49673,red
b'\x89\x13q1\xca\x03R3',b'.\xd5O\xf2\x9c@_\x16',49674,red
b'\x9f\x8d\x0c\x951BVx',b'.\xd5O\xf2\x9c@_\x16',48930,red
b'94\x05\x1b/\x00U^',b'.\xd5O\xf2\x9c@_\x16',48929,red
b'2wty\x9eEZ<',b'\x91\xe5\xd1\x94\xeeGZ\x9f',52907,green
b'I$\x07\x9fl~U\xcf',b'\x91\xe5\xd1\x94\xeeGZ\x9f',53279,green
"b""+\xe3\xca'\xdc\rS(""",b'\x91\xe5\xd1\x94\xeeGZ\x9f',49591,green
b'\xffp\xfe\xc5\x06\xdd[\xcc',b'\x91\xe5\xd1\x94\xeeGZ\x9f',53428,red
b'U\xe6\xff\xfd\xbf\tQ\xf2',b'\x91\xe5\xd1\x94\xeeGZ\x9f',49673,red
b'z\xee(\xd77FS\x1d',b'\x91\xe5\xd1\x94\xeeGZ\x9f',49674,red
b'b\xb6\x12\xc1\xb5^X\xb8',b'\x91\xe5\xd1\x94\xeeGZ\x9f',48930,red
b'{\xb3[\x0c\xf8\xbb]\xf2',b'\x91\xe5\xd1\x94\xeeGZ\x9f',48929,red
b'\xa5\xc94%\x15\xb8U\\',b'S#h\t\xed\xa8R\x97',52907,green
b'\x9f\x8ea\x9f\x13\xcc]s',b'S#h\t\xed\xa8R\x97',53279,green
b'P\xce\x8a\xdf\xcc/_\xd0',b'S#h\t\xed\xa8R\x97',49591,green
b'\xc6\xe2QWQ^P\n',b'S#h\t\xed\xa8R\x97',53428,red
b'\x82.\xf6\xb4\x02\xa4X\x9a',b'S#h\t\xed\xa8R\x97',49673,red
b'\xe0B\x13]\x16\xb1^\x9f',b'S#h\t\xed\xa8R\x97',49674,red
b'x\x0f\xec\xea\xb4\xc9Pz',b'S#h\t\xed\xa8R\x97',48930,red
b'2\x02\xef\r\xe2\x8d\\\xc6',b'S#h\t\xed\xa8R\x97',48929,red
b'd\x14O\xab\x89\x0cQn',b'\x94pDn\xb4nV}',52907,green
b'\xcd\xbf\x7f\xbb\xa6j]+',b'\x94pDn\xb4nV}',53279,green
b'\xbb\x9e\x149[\xd7\\Q',b'\x94pDn\xb4nV}',49591,green
b'\x18\xb4\x00\x04\xd5\xfbW\x03',b'\x94pDn\xb4nV}',53428,red
b'\x11\\\xb4\xe750U\x94',b'\x94pDn\xb4nV}',49673,red
b'\xc1;\x84O\xa3\xe7\\U',b'\x94pDn\xb4nV}',49674,red
b'\xdb\xe3\xf3guSR\xcb',b'\x94pDn\xb4nV}',48930,red
b'(!\xd4\xf0+#T[',b'\x94pDn\xb4nV}',48929,red
b'w\n\xccP\xa5ZQ\x9e',b'\xdf\xdcCo\x8c/^B',52907,green
b'\x89\x0f\x1eqe\xce[\xdb',b'\xdf\xdcCo\x8c/^B',53279,green
b'\x9d\x91\xb6\xf6\xc1\xab[P',b'\xdf\xdcCo\x8c/^B',49591,green
b'\x84\xc8\xbeVv\x18XI',b'\xdf\xdcCo\x8c/^B',53428,red
b'\xde\xcfmC\xb5\xe9S\xad',b'\xdf\xdcCo\x8c/^B',49673,red
b'9\xa6[\xc7\xa9\xc4Q\x9e',b'\xdf\xdcCo\x8c/^B',49674,red
b'~T)\xe8\\\xc4_\x08',b'\xdf\xdcCo\x8c/^B',48930,red
b'@6\x00u\xc5?Y\xb8',b'\xdf\xdcCo\x8c/^B',48929,red
"b""\x99\x8aZ\xa9\xfc'Z\xb7""",b'`}\x87\xa6$3XI',52907,green
b'\x84\x95\\\xf3\xce\x8bX\xc2',b'`}\x87\xa6$3XI',53279,green
b'\x8d\x02\xf1!\xbd\x9aU\x0c',b'`}\x87\xa6$3XI',49591,green
b'\x14mL\x06y!X\xe4',b'`}\x87\xa6$3XI',53428,red
b'\x1d\x8b\xd7\xfd\xe0h_\xf6',b'`}\x87\xa6$3XI',49673,red
"b'|\xba\x17\x8b,\x8f_\xf2'",b'`}\x87\xa6$3XI',49674,red
b'~\xed\x82\r\xa6\x8b^\x83',b'`}\x87\xa6$3XI',48930,red
b'\xf5\xa2\xbd\xeb\xa8\xca[\xbc',b'`}\x87\xa6$3XI',48929,red
"b""\xc6\x8fJ\xd9\n']\xbb""",b'\xdf\xb1\xa2R\xf3\xebZ\t',52907,green
b'\x1b\xc8\xb01ESQ|',b'\xdf\xb1\xa2R\xf3\xebZ\t',53279,green
b'b\xe1\xa4\xa2\x01\x1a^\xc6',b'\xdf\xb1\xa2R\xf3\xebZ\t',49591,green
b'\xb6\x84+\xdcy+Y\xec',b'\xdf\xb1\xa2R\xf3\xebZ\t',53428,red
b'\xc2\xca\x10\xcd\xf6lQ\xe0',b'\xdf\xb1\xa2R\xf3\xebZ\t',49673,red
"b'""Nb7x-W\x1e'",b'\xdf\xb1\xa2R\xf3\xebZ\t',49674,red
b'\xc0\x06A\x8f\x99*Va',b'\xdf\xb1\xa2R\xf3\xebZ\t',48930,red
b'\xef\xb9\xc0\x82\xd4\xfe]P',b'\xdf\xb1\xa2R\xf3\xebZ\t',48929,red
b'\x17\t\xf9\x9a\x1cqS9',b'\x87\x08\x91 g~]\x1d',52907,green
b'\xe7\x0e\xdf/\xc6\x01_Y',b'\x87\x08\x91 g~]\x1d',53279,green
b'yK\x86\xd9\t\xba\\\x89',b'\x87\x08\x91 g~]\x1d',49591,green
b'\x01)\x173<\xabU\xd6',b'\x87\x08\x91 g~]\x1d',53428,red
b't4\xff\xb1\x11\xa1^h',b'\x87\x08\x91 g~]\x1d',49673,red
b'\x7fX+\xf8\xa0\xf6S0',b'\x87\x08\x91 g~]\x1d',49674,red
"b'@\xaa\xa4\xce,\xefT\x06'",b'\x87\x08\x91 g~]\x1d',48930,red
b'\xd5\xcd\x98\x98:\x0c_\xfb',b'\x87\x08\x91 g~]\x1d',48929,red
b'\xf1!\xa3\xde\xc5\xbeX%',b'\x11Z\x9fX\x18\xa3^r',52907,green
b'\x11\xcd%\x9eF\xce\\\xa6',b'\x11Z\x9fX\x18\xa3^r',53279,green
b'bSXu%lV\x83',b'\x11Z\x9fX\x18\xa3^r',49591,green
b'J#\xfc\xa6\x10\x06PW',b'\x11Z\x9fX\x18\xa3^r',53428,red
b'l\xb4\x9c\xbf\xb54Yr',b'\x11Z\x9fX\x18\xa3^r',49673,red
b'\xed\xde~\xad\xf9V]\xa8',b'\x11Z\x9fX\x18\xa3^r',49674,red
b'/B\xc7\x11\xaf\xcbX\x0f',b'\x11Z\x9fX\x18\xa3^r',48930,red
b'\xdd\xe4#\xe3\xd8\x08X\x19',b'\x11Z\x9fX\x18\xa3^r',48929,red
b'\x88\x91\x08\xa4A;]5',b'\xd0\x1d\xcc\xd7y]R\x1b',52907,green
b']\xfbf\xf3\x86pU\xd3',b'\xd0\x1d\xcc\xd7y]R\x1b',53279,green
b'\xb0Tk\xc3B\xc0Q\xd7',b'\xd0\x1d\xcc\xd7y]R\x1b',49591,green
b'jeK[\xc9\xb2[\xd9',b'\xd0\x1d\xcc\xd7y]R\x1b',53428,red
b'\xde@\xf0\xaa\xaf%Xu',b'\xd0\x1d\xcc\xd7y]R\x1b',49673,red
b'\xf2P\x91\x04\xa8\x97U\x1a',b'\xd0\x1d\xcc\xd7y]R\x1b',49674,red
b'\xe6\x11\x17)\xdb\xf7X\xd6',b'\xd0\x1d\xcc\xd7y]R\x1b',48930,red
b'2\xc9^zP4_\xb6',b'\xd0\x1d\xcc\xd7y]R\x1b',48929,red
b'Y\xa0 `mPW\xd7',b'\x1a\xd5\x87\xac\xb7\xb4_p',52907,green
b'2f\xf1K\xe8\xe9Y\x16',b'\x1a\xd5\x87\xac\xb7\xb4_p',53279,green
b'\xec\x8b\x07B\xae\x83W\x9a',b'\x1a\xd5\x87\xac\xb7\xb4_p',49591,green
b'*\x04\x97\x94\xfe\xf7Z\x9b',b'\x1a\xd5\x87\xac\xb7\xb4_p',53428,red
b'\x9b\xdb@\xfd\x8f\x0c_j',b'\x1a\xd5\x87\xac\xb7\xb4_p',49673,red
b'\r\xd2^\xa3\xd8\x9e[\xb0',b'\x1a\xd5\x87\xac\xb7\xb4_p',49674,red
b'\x858\x15\x13 \xe6]\x10',b'\x1a\xd5\x87\xac\xb7\xb4_p',48930,red
b'\xd2\xf2\xadqdyP\xc3',b'\x1a\xd5\x87\xac\xb7\xb4_p',48929,red
b'\x9a(DW2\xb3[\x9e',b'(\r\xbe\xcb\xfc\x8fZ\xf7',52907,green
b'8A\xb5\x89\xbb\x9aZ\x0c',b'(\r\xbe\xcb\xfc\x8fZ\xf7',53279,green
b'Jl\xabx\x17\x15P\xb3',b'(\r\xbe\xcb\xfc\x8fZ\xf7',49591,green
b'\xba\xe3\xd5\\\xdby[\xd6',b'(\r\xbe\xcb\xfc\x8fZ\xf7',53428,red
b'\xa8\x8f\x13n\x98bT}',b'(\r\xbe\xcb\xfc\x8fZ\xf7',49673,red
b'%\xe9\xaf\xd3\xaf\x87QM',b'(\r\xbe\xcb\xfc\x8fZ\xf7',49674,red
b'H![^2?W}',b'(\r\xbe\xcb\xfc\x8fZ\xf7',48930,red
b'\xbc\xcbNb\xce\x9bQP',b'(\r\xbe\xcb\xfc\x8fZ\xf7',48929,red
b'\x8e\xefy\x8acvYy',b'\x0f\xd2\x10\xc0\xd2\xe1Z\x0f',52907,green
b'\x07ru1\xd3MPH',b'\x0f\xd2\x10\xc0\xd2\xe1Z\x0f',53279,green
b'\xbe\xe8\x12}w\x9f[\x13',b'\x0f\xd2\x10\xc0\xd2\xe1Z\x0f',49591,green
b'\x03\x9f\xed\xea\xb3\xc8R\xd9',b'\x0f\xd2\x10\xc0\xd2\xe1Z\x0f',53428,red
b'\xe0r#\xab\xcd\tS\xba',b'\x0f\xd2\x10\xc0\xd2\xe1Z\x0f',49673,red
b'Y\xcd\x89\xa3a\xdcW\x9a',b'\x0f\xd2\x10\xc0\xd2\xe1Z\x0f',49674,red
b'\xb94d\xe3e\xdc[\x8b',b'\x0f\xd2\x10\xc0\xd2\xe1Z\x0f',48930,red
b'\x1c|\x18o{\xb2X5',b'\x0f\xd2\x10\xc0\xd2\xe1Z\x0f',48929,red
b'R\xbd\xe48\x9a)U%',b'\xe2\xb7d_^\xfaS\x91',52907,green
"b'""\x8e\x99\x96~\x9bY\x86'",b'\xe2\xb7d_^\xfaS\x91',53279,green
b'\xf6\xc7[\xb7W\xdcX4',b'\xe2\xb7d_^\xfaS\x91',49591,green
"b'\x80\x86R""\xe0\xbcX\xf0'",b'\xe2\xb7d_^\xfaS\x91',53428,red
b'\xb0\x87\xa4^\x7f\xfeP\xb5',b'\xe2\xb7d_^\xfaS\x91',49673,red
b'\x13\xc9\x06?PJW\x10',b'\xe2\xb7d_^\xfaS\x91',49674,red
b'\x8a\x9b\xcc\t9\xf1R\xf0',b'\xe2\xb7d_^\xfaS\x91',48930,red
b'I\xd5l\xf2k\xa8V\xa6',b'\xe2\xb7d_^\xfaS\x91',48929,red
"b'\x06*`,\xdd3Z\xc8'",b'F\x9c\xf2\xf6}\x9bX\xc0',49591,green
b'\x84\xf3n\xeaWTR\x81',b'F\x9c\xf2\xf6}\x9bX\xc0',52907,green
b'6\xd4\xdd^}\x98Z\xb3',b'F\x9c\xf2\xf6}\x9bX\xc0',53279,green
b'\xba\xc7\x92Y@1[\xd7',b'F\x9c\xf2\xf6}\x9bX\xc0',53428,red
b'0\xe6\xe7\x8c\xe9\xfaP\xb9',b'F\x9c\xf2\xf6}\x9bX\xc0',49673,red
b'LkFE\r\xb1]\xbc',b'F\x9c\xf2\xf6}\x9bX\xc0',49674,red
b'\xd6\x1cy\x03\x90TVY',b'F\x9c\xf2\xf6}\x9bX\xc0',48930,red
"b',\xde\x95mi\xeeXb'",b'F\x9c\xf2\xf6}\x9bX\xc0',48929,red
b']\xf2\x03\xe8)\xba^(',b'\xba(\xfa4d\x91T\xff',49591,green
b'\xcaY\xd1@\xcf U\xbd',b'\xba(\xfa4d\x91T\xff',52907,green
"b""\x94^\x8b='9\\\x1b""",b'\xba(\xfa4d\x91T\xff',53279,green
b'\xb6\x9c\xe6\xber\xfaY\xee',b'\xba(\xfa4d\x91T\xff',53428,red
"b""[\x8a\x0f*'\x12V\xc3""",b'\xba(\xfa4d\x91T\xff',49673,red
b';\xe3\xe0~\x07\x13Z\x0b',b'\xba(\xfa4d\x91T\xff',49674,red
b'u\xbc\x99I\x9a\x02X\xac',b'\xba(\xfa4d\x91T\xff',48930,red
b'\xd1\x8af\x06|\x86[U',b'\xba(\xfa4d\x91T\xff',48929,red
b'\xe4\xfc\xcf\xfd\x15\xa8R:',"b'\xc8\x01nW""lR\x19'",49591,green
b'\x8a\x92\x98\xe9\xf4\x91\\\x13',"b'\xc8\x01nW""lR\x19'",52907,green
b'4\xe0Py\xd6A^~',"b'\xc8\x01nW""lR\x19'",53279,green
b'\xd2\xfc\x9a\xcbb\xfaY\xc7',"b'\xc8\x01nW""lR\x19'",53428,red
b'\x01\xd32\x04\x11\xacX7',"b'\xc8\x01nW""lR\x19'",49673,red
b'\xd9\x1e\x7f\xc8\x13ERW',"b'\xc8\x01nW""lR\x19'",49674,red
b'\\P/7~\xa5SA',"b'\xc8\x01nW""lR\x19'",48930,red
b't\x1aJ\x84-\xb3X\xb1',"b'\xc8\x01nW""lR\x19'",48929,red
b'\x98k\xab\xf8M\x8eR]',b'u\x94\x88>(L[\xb9',49591,green
b'\x10\x14\xed\xbd\xdb\x08T#',b'u\x94\x88>(L[\xb9',52907,green
b'\x82Y\xa0Q\xb0 T\xa1',b'u\x94\x88>(L[\xb9',53279,green
b'/74(h\x0cU\xba',b'u\x94\x88>(L[\xb9',53428,red
b'\xe7\x81\x92\xc0aCX\x87',b'u\x94\x88>(L[\xb9',49673,red
b'\x9aP7 \x02\xe4Z}',b'u\x94\x88>(L[\xb9',49674,red
b'w?/\x8a\xf3E_\x04',b'u\x94\x88>(L[\xb9',48930,red
b'!\xb9\xf1\x8d\xba\xf9R\x8d',b'u\x94\x88>(L[\xb9',48929,red
b'V\xac\xa5~?\xf7X\x1b',b'Y=\x94\xf6\xcd)Y\x84',49591,green
b'\xb0t\xe0fW\xb0]\x87',b'Y=\x94\xf6\xcd)Y\x84',52907,green
b'e*\x94\xa9&\xd4]\x81',b'Y=\x94\xf6\xcd)Y\x84',53279,green
b'\x01\x1f\x98P\xf6\xa5T\xab',b'Y=\x94\xf6\xcd)Y\x84',53428,red
b'\x83\xc4\xd1y\xa3\x80_\xf7',b'Y=\x94\xf6\xcd)Y\x84',49673,red
b'\xe1\xcb\xf0\x97[\xce\\\x82',b'Y=\x94\xf6\xcd)Y\x84',49674,red
b'\xb4\xc7\x97~\xe4\xe0X\xfe',b'Y=\x94\xf6\xcd)Y\x84',48930,red
b'>U\xc1\xdd\xad\x12^\x7f',b'Y=\x94\xf6\xcd)Y\x84',48929,red
b'\x19\xfd\xbc\xbcmYQ\xd0',b'$\xd4\x14a\xfb\xbbY\xde',49591,green
"b',~\xa7\xabY\xe9V\x17'",b'$\xd4\x14a\xfb\xbbY\xde',52907,green
"b'\xeb\x82\x1e\xfc\xad,VB'",b'$\xd4\x14a\xfb\xbbY\xde',53279,green
b'\x9b\xca\xd1&\x08x[6',b'$\xd4\x14a\xfb\xbbY\xde',53428,red
"b'U,=\xc1\xda#]\x9e'",b'$\xd4\x14a\xfb\xbbY\xde',49673,red
b'\x1b\xac\x0f\xe1r\xe1S\xff',b'$\xd4\x14a\xfb\xbbY\xde',49674,red
b'\x96\xc5^\xcd\xc6\xbbZ\xd5',b'$\xd4\x14a\xfb\xbbY\xde',48930,red
b'\xa8\xde\xf9\x92\xe6\xaaV\xf0',b'$\xd4\x14a\xfb\xbbY\xde',48929,red
b'\x1dyJ\xee\xff\xcbW\x17',b'[[e\xe7C\x9cU\x9e',49591,green
b'\t\xc99z\xfa\x9aV5',b'[[e\xe7C\x9cU\x9e',52907,green
"b""q\x1a\x81\x821'Q\x03""",b'[[e\xe7C\x9cU\x9e',53279,green
"b'\xf1\xdc\x17r\xf5\xccQ,'",b'[[e\xe7C\x9cU\x9e',53428,red
b' \xa6v\x88L\x01T\xb0',b'[[e\xe7C\x9cU\x9e',49673,red
b'\xdc$\xeb\xc1-\xa1X\xf5',b'[[e\xe7C\x9cU\x9e',49674,red
b'\xa1c\xa5\xba\x95\x00Qz',b'[[e\xe7C\x9cU\x9e',48930,red
b'\x99\xe5\xbf\x94N\xa0^q',b'[[e\xe7C\x9cU\x9e',48929,red
"b""2\xccd'\x96;\\\x15""",b'\x03\xd7\xcb\r\xd1 _y',49591,green
b'\xdd}\xd2\xa7\x87\x14U\x19',b'\x03\xd7\xcb\r\xd1 _y',52907,green
b'\xd0\xc7\xc1t)\x12Yo',b'\x03\xd7\xcb\r\xd1 _y',53279,green
b'\xea\xa8\xba\xff\x8f\xd3W\xe6',b'\x03\xd7\xcb\r\xd1 _y',53428,red
b's\xfc\xf5\x18\xfekS\xd3',b'\x03\xd7\xcb\r\xd1 _y',49673,red
b'\x8bB \x05\x08gW8',b'\x03\xd7\xcb\r\xd1 _y',49674,red
b'\xb6\x9f\xc6\x8c\xa6>W4',b'\x03\xd7\xcb\r\xd1 _y',48930,red
b'\xe8\xdd.\xb5\x1fuT\xfc',b'\x03\xd7\xcb\r\xd1 _y',48929,red
b'\x00h\x1e\x85\xaf<P\xa2',b'\xb6\x19\xf2=~XP<',49591,green
b'&\xee\xca\xa6\xb6\xb2V\xa7',b'\xb6\x19\xf2=~XP<',52907,green
b'\xb2\xed\x08\xa4 \x12VQ',b'\xb6\x19\xf2=~XP<',53279,green
b'_\xd5\x82;\xd4\xacY`',b'\xb6\x19\xf2=~XP<',53428,red
b'M\x1f\x14AJ\xe8\\\xda',b'\xb6\x19\xf2=~XP<',49673,red
b'\xae6\xb6/q\xb1W1',b'\xb6\x19\xf2=~XP<',49674,red
b'%\x8f\x89\x1d\xc9\x0cT\xd0',b'\xb6\x19\xf2=~XP<',48930,red
b'\xdb/\x18\x7f\xa7\x83Q\x17',b'\xb6\x19\xf2=~XP<',48929,red
b'\xdcB\x8b\x1b\x12\x1fV\\',b'\x1b\x0bB\x86R2[\xa3',49591,green
b'`Yp\xe5\xa4\xe2_\x87',b'\x1b\x0bB\x86R2[\xa3',52907,green
b'\xaaQ}\x8d\x82\xb6[{',b'\x1b\x0bB\x86R2[\xa3',53279,green
b'\xdc:\x97\xc3=)Rm',b'\x1b\x0bB\x86R2[\xa3',53428,red
"b""j'\xa3\xa4\xddx^\xf0""",b'\x1b\x0bB\x86R2[\xa3',49673,red
b'l\nY\xeeY\x01Z\x0f',b'\x1b\x0bB\x86R2[\xa3',49674,red
b'\x7fvg\x8d\xfdvW\x01',b'\x1b\x0bB\x86R2[\xa3',48930,red
b'7\xdex\x97s\xfbVF',b'\x1b\x0bB\x86R2[\xa3',48929,red
b'^\xd4\xd9\x12\xa4\xe6_\xfb',b'{T\x81\xdd\xee?R\xaa',49591,green
b'f{\x13\xad\xef\xf8Z\x90',b'{T\x81\xdd\xee?R\xaa',52907,green
b'\x01\x84|\xbc}DZ\xec',b'{T\x81\xdd\xee?R\xaa',53279,green
"b',\xcb\t\x0fH;R}'",b'{T\x81\xdd\xee?R\xaa',53428,red
b'\xb1\xd4\x1fX[\xc1P`',b'{T\x81\xdd\xee?R\xaa',49673,red
b'\x8c\xec\x9d\xa57\xf9V\x86',b'{T\x81\xdd\xee?R\xaa',49674,red
b'O\xf4\xbc@\xd4\x85^*',b'{T\x81\xdd\xee?R\xaa',48930,red
b'oU\x98\x8d\xfb\xb4S&',b'{T\x81\xdd\xee?R\xaa',48929,red
b'\x05b>\xc3\xe08]H',b'\x87oVv\x95\x05Z\xb2',49591,green
b'\x9c\t\x98+\x16\x83\\>',b'\x87oVv\x95\x05Z\xb2',52907,green
b'\xcc\xaf\x073\xc4\xb9P\x9c',b'\x87oVv\x95\x05Z\xb2',53279,green
b'\x03\x84r\xc8\x1b\x13VA',b'\x87oVv\x95\x05Z\xb2',53428,red
b'\x94\xa1\xa2E\xfe\xbfQ\x96',b'\x87oVv\x95\x05Z\xb2',49673,red
b'\xc5:\xf7\x05\x03NX\xe3',b'\x87oVv\x95\x05Z\xb2',49674,red
b'\xc26g./R\\@',b'\x87oVv\x95\x05Z\xb2',48930,red
b'\xde\xb5@\xa8\xe8\x01Y0',b'\x87oVv\x95\x05Z\xb2',48929,red
b'\x1d}\x00\xb6\xf4\xfbS2',"b""\xdb')\xaeQ\xe3_\xfd""",49591,green
b'\x89\x10\x19\xeb\xaa4UA',"b""\xdb')\xaeQ\xe3_\xfd""",52907,green
b'\xf3\xe77\xd3d\x1fRR',"b""\xdb')\xaeQ\xe3_\xfd""",53279,green
b'\xa8>\x0cm\x10\xae]&',"b""\xdb')\xaeQ\xe3_\xfd""",53428,red
b'\xdf!\x0c}\x07\x1f[O',"b""\xdb')\xaeQ\xe3_\xfd""",49673,red
b'\xa0\xa3\xdc\x9a\xcb\x86Y7',"b""\xdb')\xaeQ\xe3_\xfd""",49674,red
b'\xa5\x80\xf1\x91\x0b)Q\xe6',"b""\xdb')\xaeQ\xe3_\xfd""",48930,red
b'\xb2\xf02e{\x84^R',"b""\xdb')\xaeQ\xe3_\xfd""",48929,red
b'\xf9\xb9\xbb\x12nUU\x9d',b'\x05W\xb7\xea\x04zR\xd1',49591,green
"b'\xe1#\xf4,\xc4)X\x10'",b'\x05W\xb7\xea\x04zR\xd1',52907,green
b'5\xab\xd1<\xd2\xd4S\xc2',b'\x05W\xb7\xea\x04zR\xd1',53279,green
b'\x99#+\x05\xce\xd6[\x9f',b'\x05W\xb7\xea\x04zR\xd1',53428,red
b'\xad\r+?1IP\x91',b'\x05W\xb7\xea\x04zR\xd1',49673,red
b'\xde\xc4\xbbY\r.^K',b'\x05W\xb7\xea\x04zR\xd1',49674,red
b'\xbe\x10Z\x91\xb4\xd5P\x8a',b'\x05W\xb7\xea\x04zR\xd1',48930,red
b'\x86\xc0\xdc\xbds\xce_\xad',b'\x05W\xb7\xea\x04zR\xd1',48929,red
b'\x15&\xaexv\x9dQ\xd6',b'\xa0\x81\x9eV\x92\x9fS\xd9',49591,green
b'\x14\xech\x87\xa2\xbaT\n',b'\xa0\x81\x9eV\x92\x9fS\xd9',52907,green
b'\xb5\xeew\x9e\x9fd]\xeb',b'\xa0\x81\x9eV\x92\x9fS\xd9',53279,green
b'\xeb\x06v4\xaahR7',b'\xa0\x81\x9eV\x92\x9fS\xd9',53428,red
b'B\x97\xf7\xfd\xda\xea^Z',b'\xa0\x81\x9eV\x92\x9fS\xd9',49673,red
b'U\xff:\x17\xb9\xf2Z\xb2',b'\xa0\x81\x9eV\x92\x9fS\xd9',49674,red
b'ro\x86\xf8$\x97Y=',b'\xa0\x81\x9eV\x92\x9fS\xd9',48930,red
b'x\xf8\x9d\xd3\xd3\x95Xo',b'\xa0\x81\x9eV\x92\x9fS\xd9',48929,red
b'\xa7\x11&\xa8\x84n\\\xa2',b'\x8e\xee\xa4\t\xaceT\xf3',49591,green
b'y\xf7\x17\xc3\xbe\x7f[\x17',b'\x8e\xee\xa4\t\xaceT\xf3',52907,green
b'\xff\xf3\\\x1b\x04AV\xfc',b'\x8e\xee\xa4\t\xaceT\xf3',53279,green
b'3F\n\xdc\xbaaQ\xf9',b'\x8e\xee\xa4\t\xaceT\xf3',53428,red
b'\xd5m\xe1\x88X\xa9Q\xcc',b'\x8e\xee\xa4\t\xaceT\xf3',49673,red
b'\xefZc\x14pc[\x95',b'\x8e\xee\xa4\t\xaceT\xf3',49674,red
b'$\x7f\x13\x86\xac6Tx',b'\x8e\xee\xa4\t\xaceT\xf3',48930,red
b'E2\x9d\xb6{T]\xf2',b'\x8e\xee\xa4\t\xaceT\xf3',48929,red
b'\xc7\r\xf1\x04P\xd5R\xf1',"b""\xdb\xe7_\xa1'\xedS\xe3""",49591,green
b'\xc5\xca\xd5\xd0e1Y\xb7',"b""\xdb\xe7_\xa1'\xedS\xe3""",52907,green
b'D\x85b\xe5\x96\xb4]\xde',"b""\xdb\xe7_\xa1'\xedS\xe3""",53279,green
b'\x87\x9a_\x08\x94\x08T\xcf',"b""\xdb\xe7_\xa1'\xedS\xe3""",53428,red
b'\xb6Z/\xa9;XW\xe5',"b""\xdb\xe7_\xa1'\xedS\xe3""",49673,red
b'\xf4g\xa7\xcd\xc8_]\x8f',"b""\xdb\xe7_\xa1'\xedS\xe3""",49674,red
b'\r\x17^\xa37\x02[\xc0',"b""\xdb\xe7_\xa1'\xedS\xe3""",48930,red
b'\x00:\xa5\x9b\xd8\xcb_\xde',"b""\xdb\xe7_\xa1'\xedS\xe3""",48929,red
b'\xb5g\xd2Xq\xa1\\\x0b',"b""M\xc0\x90<\t'P0""",49591,green
b'vj\\+\x96\xe5X\x81',"b""M\xc0\x90<\t'P0""",52907,green
b'\x125\x17J$\x16S\xba',"b""M\xc0\x90<\t'P0""",53279,green
b'_O\xbd\x99VU_\xa7',"b""M\xc0\x90<\t'P0""",53428,red
b'\x82\xdd\x00e\xf4\x16Sc',"b""M\xc0\x90<\t'P0""",49673,red
b'\xa0\x99\xe2\x91\xc5\xd6S&',"b""M\xc0\x90<\t'P0""",49674,red
b'\xf7G\xa2~\xd4\xd3^~',"b""M\xc0\x90<\t'P0""",48930,red
b'\x7f\xd1\xa8jR\xa2]n',"b""M\xc0\x90<\t'P0""",48929,red
"b'\xcay,bM\xf0^\xa7'","b""M\xc0\x90<\t'P0""",48612,red
b'\tnO\xcc\x8c\xd7T&',"b""M\xc0\x90<\t'P0""",53166,red
b'\xf4\xba\xb1\xa8\x8a\xf5SW',b'\xbe\x9e>\x9e\xa7XV9',49591,green
b'z\xba\x99\x9b9\xe7W\xde',b'\xbe\x9e>\x9e\xa7XV9',52907,green
b'O\xe4W\x0e\xa4\\W\xdd',b'\xbe\x9e>\x9e\xa7XV9',53279,green
b'\xffn\xb8\x00\x0fYP\x8a',b'\xbe\x9e>\x9e\xa7XV9',53428,red
b'$\x1c4\x04<v_a',b'\xbe\x9e>\x9e\xa7XV9',49673,red
b'\xcd\x84q\xe1n\x0bY\xfc',b'\xbe\x9e>\x9e\xa7XV9',49674,red
b'\x8e_9\x08K\x81\\\x8d',b'\xbe\x9e>\x9e\xa7XV9',48930,red
b'\x91z\xd9t\x90\x81^.',b'\xbe\x9e>\x9e\xa7XV9',48929,red
b'$%\xdd|tQS\x8d',b'\xbe\x9e>\x9e\xa7XV9',48612,red
b'k\xc7\x89\xe0\xf5RP\x17',b'\xbe\x9e>\x9e\xa7XV9',53166,red
b'\x926\xda\xe4\x96+Y(',"b'\xc0v\x99\xc0\xc6pY""'",49591,green
b'\xb2\x8f\xd9\x11\xc3\xef]\xcd',"b'\xc0v\x99\xc0\xc6pY""'",52907,green
b'\x91\xb2\xee0\xaa\xacVM',"b'\xc0v\x99\xc0\xc6pY""'",53279,green
b'\x93\x84\x7f2\xe9\xb8XG',"b'\xc0v\x99\xc0\xc6pY""'",53428,red
b'\xa3\xff\xadG4bVG',"b'\xc0v\x99\xc0\xc6pY""'",49673,red
b'Zs\xaf\x18\x1f\x95U\xc3',"b'\xc0v\x99\xc0\xc6pY""'",49674,red
b'@\x9a+\x1ft\xcdW\xbe',"b'\xc0v\x99\xc0\xc6pY""'",48930,red
b'\xd0\xccev\x9c\x13U\xbe',"b'\xc0v\x99\xc0\xc6pY""'",48929,red
b'}\x1b\xdc\xe9a\x8fPH',"b'\xc0v\x99\xc0\xc6pY""'",48612,red
b'\xd6\x84\x87Q\xdeg^\x80',"b'\xc0v\x99\xc0\xc6pY""'",53166,red
b'\xb4\x10\x00N\xf3\xecX\x9d',b'\xa3Q\x91\\\xacsVQ',49591,green
b'\x02\x0by\xe2N\x9cY\x17',b'\xa3Q\x91\\\xacsVQ',52907,green
b'\x93\x04\xa0\xbbxOX\xcf',b'\xa3Q\x91\\\xacsVQ',53279,green
b'CY;\x84-lXC',b'\xa3Q\x91\\\xacsVQ',53428,red
b'^\xa2\xf1#PjZ\xd4',b'\xa3Q\x91\\\xacsVQ',49673,red
"b'2,>\x892\x0eQ\xee'",b'\xa3Q\x91\\\xacsVQ',49674,red
b'\xb6\xae\x0b\xdbST[D',b'\xa3Q\x91\\\xacsVQ',48930,red
b'\x9d\x89e>\xca\xb3P\xc9',b'\xa3Q\x91\\\xacsVQ',48929,red
b'\xcb\x9d0\xf3lwQ\xf9',b'\xa3Q\x91\\\xacsVQ',48612,red
b'\x10\xcfz\xe2M\x90T3',b'\xa3Q\x91\\\xacsVQ',53166,red
b'32f\xbb_@_\xef',b'\xf8\xe0\xd8\x14\x8d\xceRi',49591,green
b'E\x87\xa1\x13G%S\xe1',b'\xf8\xe0\xd8\x14\x8d\xceRi',52907,green
b'\xe6\xbcR\xf2_yQ\xe3',b'\xf8\xe0\xd8\x14\x8d\xceRi',53279,green
b'yh\x16m\xff{U\x88',b'\xf8\xe0\xd8\x14\x8d\xceRi',53428,red
b';A\xf4\x9f\x9f\xabT\x00',b'\xf8\xe0\xd8\x14\x8d\xceRi',49673,red
b'\xea\xa6\xe3I\x987X`',b'\xf8\xe0\xd8\x14\x8d\xceRi',49674,red
b'\xf5h\x89\x8b{RP{',b'\xf8\xe0\xd8\x14\x8d\xceRi',48930,red
b'\x82{\xfa\xd4s\xe0US',b'\xf8\xe0\xd8\x14\x8d\xceRi',48929,red
b'\x86\x86\x08\x01B\xd7Z\xf4',b'\xf8\xe0\xd8\x14\x8d\xceRi',48612,red
b'c\xf0cK\x1f\x9f]\xc4',b'\xf8\xe0\xd8\x14\x8d\xceRi',53166,red
"b'\xc4\xfeH\x94\xb7\xa3Y""'",b'>4\xcd13\xa7Y\x04',49591,green
b'\x98\x1b[P\x03\xe9U\xc7',b'>4\xcd13\xa7Y\x04',53428,red
b'qr\xac\xb4\xe9\x8fU8',b'>4\xcd13\xa7Y\x04',49673,red
b'\xc0\x9e\xaa\x88\xf0MS\x8a',b'>4\xcd13\xa7Y\x04',49674,red
b'O:}CY\x1c_\x88',b'>4\xcd13\xa7Y\x04',48930,red
b'\x93x\xf2\x06v\xa7^\x88',b'>4\xcd13\xa7Y\x04',48929,red
b'\xe3\xf1\x17\xf9\x99\x14Xc',b'>4\xcd13\xa7Y\x04',48612,red
b'/\x9e\xf2w$IX\x8f',b'>4\xcd13\xa7Y\x04',53166,red
b'0\x1c\xbdx\x91>W\xab',b')T-0\x0e\xde[\r',49591,green
"b'\xfc\xd0b\xc3d""S\xac'",b')T-0\x0e\xde[\r',53428,red
b'\xe1QD\xc8D\xf9\\\xfd',b')T-0\x0e\xde[\r',49673,red
b'o\x9f\x1e}\x11\x07]\xf3',b')T-0\x0e\xde[\r',49674,red
b'D=\x0676\xcdU\xaa',b')T-0\x0e\xde[\r',48930,red
b'\xc4\xa0zE\xc2\rW\xd2',b')T-0\x0e\xde[\r',48929,red
b'\x05x\xefF\x04UX\x8f',b')T-0\x0e\xde[\r',48612,red
b'\xb51\x87M\x93K]\xf6',b')T-0\x0e\xde[\r',53166,red
b'y\xf7t\x88j\\V\x10',b'y?\x07\xcfJ\xaeZ\x02',49591,green
b'x\xef\xb3\xb1\x80\x91R\xe2',b'y?\x07\xcfJ\xaeZ\x02',53428,red
"b""\xbaM&\x81\xa1'^\x92""",b'y?\x07\xcfJ\xaeZ\x02',49673,red
b'\x83\xc7\xf8\x19\x93\xb4W\xf7',b'y?\x07\xcfJ\xaeZ\x02',49674,red
b'U\xb2\x89|\xdb\xd4Q\xfb',b'y?\x07\xcfJ\xaeZ\x02',48930,red
b'\x99\xe4\xbd\x83\xf1\xb8Xu',b'y?\x07\xcfJ\xaeZ\x02',48929,red
b' \x8f\xa6&DQW\xa2',b'y?\x07\xcfJ\xaeZ\x02',48612,red
b'\x82\xdb\x99\xde\xa4\x07Z\x9c',b'y?\x07\xcfJ\xaeZ\x02',53166,red
b'\x80=\xa1\xcc\xd8iY\x07',b'o\xd8\x92`\xa00[\x81',49591,green
b'\xff{\x92\x95R\x94S1',b'o\xd8\x92`\xa00[\x81',53428,red
b'\xf8Z1X\xf6\xb6^\xc1',b'o\xd8\x92`\xa00[\x81',49673,red
"b'?,\xce\x8c\x98\xfcSV'",b'o\xd8\x92`\xa00[\x81',49674,red
b'\xcf8w\x82\xf60U\xe5',b'o\xd8\x92`\xa00[\x81',48930,red
b'g0\x0fO\xe1\x93]\xbe',b'o\xd8\x92`\xa00[\x81',48929,red
b'W\x95\xaf\x0f9\x91U*',b'o\xd8\x92`\xa00[\x81',48612,red
b'\xf9\xd5\x80\x11\x89F[\xd3',b'o\xd8\x92`\xa00[\x81',53166,red
b'\x86\x0c\xd8\xfb2\x80Z3',b'\x16\x01\x19\x16a&X\x1e',49591,green
b'\xec\x11\x0fl\xe2\xc8]\xe3',b'\x16\x01\x19\x16a&X\x1e',53428,red
b'\x1d\xfb\xd6\x84\x9f\x05P\xec',b'\x16\x01\x19\x16a&X\x1e',49673,red
b'\xc5\xd0\xe18\xa9\xe3W\x1e',b'\x16\x01\x19\x16a&X\x1e',49674,red
b'M08\xe3\xa1\x10X\xfb',b'\x16\x01\x19\x16a&X\x1e',48930,red
b'd\xdf7\xe2\xef\xb7Yh',b'\x16\x01\x19\x16a&X\x1e',48929,red
b'\xf6 \xb3\xfe\x00\xa3_\xc5',b'\x16\x01\x19\x16a&X\x1e',48612,red
b'B#\x17\x81\xc0\x1f]\x9c',b'\x16\x01\x19\x16a&X\x1e',53166,red
"b'\xdfU\xed\x02,UT\x8e'","b""\x947\xf88\xfa\xd9R'""",49591,green
b'\xd6\xf38e\xa5\xc9S\x02',"b""\x947\xf88\xfa\xd9R'""",53428,red
b'\xdc\xb9\x07\x13\x83\xf0W+',"b""\x947\xf88\xfa\xd9R'""",49673,red
b'\x82\xf3\xbcO\x1d\xcaS_',"b""\x947\xf88\xfa\xd9R'""",49674,red
b'1\xac\xa2\xfb\xd3>U\x84',"b""\x947\xf88\xfa\xd9R'""",48930,red
b'M\x8a\x81\x83s\x9eU\xd8',"b""\x947\xf88\xfa\xd9R'""",48929,red
"b',ec\xef\xefBP\xf4'","b""\x947\xf88\xfa\xd9R'""",48612,red
b'\\h~m`mRN',"b""\x947\xf88\xfa\xd9R'""",53166,red
b'\xcd\xacy\xf4\xd7lPr',b'B\xe3=\x95\xb5\xddZ\n',49591,green
b'%tAac9_\x1e',b'B\xe3=\x95\xb5\xddZ\n',53428,red
b'\x95\xa4@\x05\x9f\xd5PZ',b'B\xe3=\x95\xb5\xddZ\n',49673,red
b'\x8f\xa45\x03\x9a]Qw',b'B\xe3=\x95\xb5\xddZ\n',49674,red
b' \x80\xb1\x1d#{_\x88',b'B\xe3=\x95\xb5\xddZ\n',48930,red
b'\xc4K\xa8\x9fo\x18X\x0c',b'B\xe3=\x95\xb5\xddZ\n',48929,red
b'kI&j\x84SU#',b'B\xe3=\x95\xb5\xddZ\n',48612,red
b'\x9b1\xef\xe6\x84HS:',b'B\xe3=\x95\xb5\xddZ\n',53166,red
b'ZEd%\xe1\xebW\x1c',b'\xe5@{=\x8e\x7fS7',49591,green
b'\xb3\x95\x0cA\n$Z4',b'\xe5@{=\x8e\x7fS7',53428,red
b'\x97\x00\xe6V\xc2uW ',b'\xe5@{=\x8e\x7fS7',49673,red
b'0\xf9\xf0\x1d^V]\xdb',b'\xe5@{=\x8e\x7fS7',49674,red
b'\xda\x07\x88\xbe\x95PQ\xcd',b'\xe5@{=\x8e\x7fS7',48930,red
b'\xee\xf9\xf14\xa2\x8eZR',b'\xe5@{=\x8e\x7fS7',48929,red
b'\xc2\xf6\x83X\xaf\xddPX',b'\xe5@{=\x8e\x7fS7',48612,red
"b'B\xf1\xce""\xc9\xbbT~'",b'\xe5@{=\x8e\x7fS7',53166,red
b'\xa7\xa2\x8d/\x86\xb8]\xa8',b'\xebV\xfb\xff7\xabY\x16',49591,green
b'\x10\xe9<F|\xccT\xc4',b'\xebV\xfb\xff7\xabY\x16',53428,red
b'G.\x9ftm\xadP\x98',b'\xebV\xfb\xff7\xabY\x16',49673,red
b'\x06\xe49\x13\x1e\x83]M',b'\xebV\xfb\xff7\xabY\x16',49674,red
b'\xa2A0f\x85\x82_k',b'\xebV\xfb\xff7\xabY\x16',48930,red
b'\xcb\x18\xd7i{\xedX\xc8',b'\xebV\xfb\xff7\xabY\x16',48929,red
b'\x86\x8c\x01\xc3\xb5\xc0S&',b'\xebV\xfb\xff7\xabY\x16',48612,red
b'-SP\xc0\xa8\xeeW\xeb',b'\xebV\xfb\xff7\xabY\x16',53166,red
b'\xdd\x9b\x1cd\xceSSn',b'\xa9\xbfm\x11&\x8e\\\xaf',49591,green
b'\xe5^)\x0eV\x89_\xb8',b'\xa9\xbfm\x11&\x8e\\\xaf',53428,red
b'\xb5\xe4\x08\x8f\xd2GRR',b'\xa9\xbfm\x11&\x8e\\\xaf',49673,red
b'\x8d!\xd2@\xe6iY\xc1',b'\xa9\xbfm\x11&\x8e\\\xaf',49674,red
"b'\xc7\xb1\x91\x90,\xd5S.'",b'\xa9\xbfm\x11&\x8e\\\xaf',48930,red
b'Q\xf0\xc0\x05\x0f\x1eY+',b'\xa9\xbfm\x11&\x8e\\\xaf',48929,red
b'$\xab\x0co\xe0\x88Yq',b'\xa9\xbfm\x11&\x8e\\\xaf',48612,red
b'3\xfb\x135\xf6\xdc[3',b'\xa9\xbfm\x11&\x8e\\\xaf',53166,red
b'}K\x02B\xd9\xc7V{',b'\xe5k\xd0\x04\xe7\x86_\xf2',49591,green
b'\x16\x0b\xb3\x18\x0fiV\xa7',b'\xe5k\xd0\x04\xe7\x86_\xf2',53428,red
b'\xba\xf56A\xaa\xecY\xdb',b'\xe5k\xd0\x04\xe7\x86_\xf2',49673,red
b'\xb2\xa5\xdf\xa4\xd3\x80Y\xed',b'\xe5k\xd0\x04\xe7\x86_\xf2',49674,red
b'\xac\xa0\x19\x1e\x90\xbaY\x16',b'\xe5k\xd0\x04\xe7\x86_\xf2',48930,red
b'4\\\xc4\xed\xe1(^\xc4',b'\xe5k\xd0\x04\xe7\x86_\xf2',48929,red
"b'""wy\x8d\xf0\x00S\xcf'",b'\xe5k\xd0\x04\xe7\x86_\xf2',48612,red
b'\xd2\x1e\x00\x8ej\x05R\xde',b'\xe5k\xd0\x04\xe7\x86_\xf2',53166,red
b'\xdb\x10\xabD\xee;X\xe0',b'\xd5\xd8(\xf3\x01\x93]G',49591,green
"b'!\xbf,X\xb88[\xca'",b'\xd5\xd8(\xf3\x01\x93]G',53428,red
b'\xd0)Te\xed\x8dUi',b'\xd5\xd8(\xf3\x01\x93]G',49673,red
b'j\xcc1\xbf\x11oU\xce',b'\xd5\xd8(\xf3\x01\x93]G',49674,red
b'\xa0AJ\xdfy\xbfZ\xbd',b'\xd5\xd8(\xf3\x01\x93]G',48930,red
b'\x04\xce\xd3f\x8e~[}',b'\xd5\xd8(\xf3\x01\x93]G',48929,red
b'\xb7S\xfb\xa2\x05\x06[\xac',b'\xd5\xd8(\xf3\x01\x93]G',48612,red
b'{60\x86!\xd8T\xa2',b'\xd5\xd8(\xf3\x01\x93]G',53166,red
b'fc*\x8b\x12\xb0\\\xeb',b'\x82\xdd-\xf45\xf2TR',49591,green
b'\xf0= \xef\xdd\x86Q~',b'\x82\xdd-\xf45\xf2TR',53428,red
b'\xf9wK\x90*1R\x9e',b'\x82\xdd-\xf45\xf2TR',49673,red
b'\xa5\x06>\x89\xdc\xeaV\xc2',b'\x82\xdd-\xf45\xf2TR',49674,red
b'\xbar\x82\x19\xfc$R\x85',b'\x82\xdd-\xf45\xf2TR',48930,red
b'\xaa\xd9}\xf3\xf3\x02\\\x05',b'\x82\xdd-\xf45\xf2TR',48929,red
b'\x066!\xa8\xaaG_F',b'\x82\xdd-\xf45\xf2TR',48612,red
b'\x92\xf1\xe1\xf6\xfd\xa6Y\xd5',b'\x82\xdd-\xf45\xf2TR',53166,red
b'\xa5!P$\xe5\x9dV\xc5',b'\xc6\xeen\xf3\xfd\xd0S\x89',49591,green
b'3\xfb\ro\xd1\x8dT\xe2',b'\xc6\xeen\xf3\xfd\xd0S\x89',53428,red
"b'A\xb9\xe4,\xed\x80\\-'",b'\xc6\xeen\xf3\xfd\xd0S\x89',49673,red
"b""\xf61'\xf5\xa7\xeeP\\""",b'\xc6\xeen\xf3\xfd\xd0S\x89',49674,red
b'\x15\xfe\xc3xG\xe2ZN',b'\xc6\xeen\xf3\xfd\xd0S\x89',48930,red
b'DzM<\xc0\xcdP-',b'\xc6\xeen\xf3\xfd\xd0S\x89',48929,red
b'\x02\xdf\xf4\xeb\n=]`',b'\xc6\xeen\xf3\xfd\xd0S\x89',48612,red
b'bn\x15\x86\x9a}T\x9b',b'\xc6\xeen\xf3\xfd\xd0S\x89',53166,red
"b""k\xc6'\x10\xf6\x85Q\xf3""",b'+\xb2_=zrP\x12',49591,green
b'\x17/h%u\xd1\\\xd4',b'+\xb2_=zrP\x12',53428,red
b'\xee\xc9\xffT\xa5\xcbT_',b'+\xb2_=zrP\x12',49673,red
b'\xd0&\xd5\x8a\xf0ZQ:',b'+\xb2_=zrP\x12',49674,red
b'\x9fV\xe4\x19\xd2\xdf_\xe2',b'+\xb2_=zrP\x12',48930,red
b'o;y\x05/\x04T\xa6',b'+\xb2_=zrP\x12',48929,red
b't\x9c\xcb\xebM\xbdV\xbf',b'+\xb2_=zrP\x12',48612,red
b'\xdb\xc9k\xbc\xa7u_-',b'+\xb2_=zrP\x12',53166,red
b'\x1d\xef\xf4\xe5\xc2\xa2U\x0c',b'\x1cj\x0e\x8f\xb5X]N',49591,green
b'\x12\x8f\xfc\x93\xe4h]\xc2',b'\x1cj\x0e\x8f\xb5X]N',53428,red
b'\x83}\xb9Di\xcbU\x9f',b'\x1cj\x0e\x8f\xb5X]N',49673,red
"b'\xe3,\xc1\x06\xe0\xffZ.'",b'\x1cj\x0e\x8f\xb5X]N',48612,red
b'l&\x83\xc7d\x18[$',b'\x1cj\x0e\x8f\xb5X]N',53166,red
b'\xeb\x07\xeck\x80@\\\xbe',b'\x1cj\x0e\x8f\xb5X]N',49674,red
b'\x95\xbf\x97S\x97_[.',b'\x1cj\x0e\x8f\xb5X]N',48930,red
b'\x9c\xa3\x88\x8em\xa2W\xcf',b'\x1cj\x0e\x8f\xb5X]N',48929,red
b'\xce\x8c\x9d~\x05\x90XK',b'\x0e\x99N^jk_\xf0',49591,green
b'\x9c\xcb\xaf\x17\x95ZX\xb3',b'\x0e\x99N^jk_\xf0',53428,red
b'\xf3OL\xa8\xd8}Z8',b'\x0e\x99N^jk_\xf0',49673,red
b'\x9dop7j\x82Z\xea',b'\x0e\x99N^jk_\xf0',48612,red
b'(\xcb\x9d\xf4\xcd\xa9Q)',b'\x0e\x99N^jk_\xf0',53166,red
b'\\\xd8\xaf\xd7\x8f\xa0Q\x81',b'\x0e\x99N^jk_\xf0',49674,red
b'J\xa5\xf5B\xb6\x0eY\x0b',b'\x0e\x99N^jk_\xf0',48930,red
b'c\xcc\xc4\x9aW\xfcP\xf9',b'\x0e\x99N^jk_\xf0',48929,red
b'9B\xd3\x9b\xda\xb0Q\xee',b'\t\xee^\\D\x0b[\x10',49591,green
b'\x17\x95&\x9d\x90}T\xbd',b'\t\xee^\\D\x0b[\x10',53428,red
b'\xd4\x19#\xaah[PN',b'\t\xee^\\D\x0b[\x10',49673,red
b'V\xde\xc3\x8b\x19\xd0P\xf2',b'\t\xee^\\D\x0b[\x10',48612,red
b'\xfa\xa6\x0e\xdf\x9e{P\x8f',b'\t\xee^\\D\x0b[\x10',53166,red
b'\x12\xa7@rY\x03V\x88',b'\t\xee^\\D\x0b[\x10',49674,red
b'=\x9e\xa2\x87qF\\\xc7',b'\t\xee^\\D\x0b[\x10',48930,red
b'G\xf1k@*\xd3Z\x94',b'\t\xee^\\D\x0b[\x10',48929,red
"b""\xb6&'\xb0\xf9_Y\xcb""",b')F\x9fo\xeb\x13Y\x9f',49591,green
"b'*\xb7\x83O""\xccRr'",b')F\x9fo\xeb\x13Y\x9f',53428,red
"b'\x82\xaf\xe3\xa00""R?'",b')F\x9fo\xeb\x13Y\x9f',49673,red
b'\xb0\xd0\xf6\xbdd\x02]\xe9',b')F\x9fo\xeb\x13Y\x9f',48612,red
b'mV\xc3\xdfg\xbeP\x0c',b')F\x9fo\xeb\x13Y\x9f',53166,red
b'\xb6\x91\x10\xb8\x9f\x14R\x0f',b')F\x9fo\xeb\x13Y\x9f',49674,red
b'\xc0?\xf2\xd4\xa4\xb5X\x9b',b')F\x9fo\xeb\x13Y\x9f',48930,red
b'\xbf~\x97\x0c\x1e\xacS\xca',b')F\x9fo\xeb\x13Y\x9f',48929,red
b'F\x16\xf1\x1a\xbe\x1e_o',b'\\\x1a\x01L\x9bAV\xb1',49591,green
b'\xe2\xf7\xb2\xa7\xf5\xe1R\x89',b'\\\x1a\x01L\x9bAV\xb1',53428,red
b'(\xe1\xc3\x0c\xac3\\\xe1',b'\\\x1a\x01L\x9bAV\xb1',49673,red
b']\xe8\xe0T\x1e/U\x13',b'\\\x1a\x01L\x9bAV\xb1',48612,red
b'\xf2\xf5\x06\xdb\xbe\xf5[\xa3',b'\\\x1a\x01L\x9bAV\xb1',53166,red
b'\xfa\x06G\x02\xd9&_\xb5',b'\\\x1a\x01L\x9bAV\xb1',49674,red
b'\x849T\xec\x0f\xef]$',b'\\\x1a\x01L\x9bAV\xb1',48930,red
b'\n@MjxvX\t',b'\\\x1a\x01L\x9bAV\xb1',48929,red
b'cVc\xacj\xa5^\xdd',b'\x1bq\xfb\xca\xd3\x8cZ\x1f',49591,green
"b'""W\xbf\xa4:DZ\x08'",b'\x1bq\xfb\xca\xd3\x8cZ\x1f',53428,red
b'\xb3f \xdc)\xf7W\x1b',b'\x1bq\xfb\xca\xd3\x8cZ\x1f',49673,red
b'\xa4\xd6\xaa\x9b]\xdb]\xfd',b'\x1bq\xfb\xca\xd3\x8cZ\x1f',48612,red
b'\xf7\xb9\xa2\x9c\x99\rZQ',b'\x1bq\xfb\xca\xd3\x8cZ\x1f',53166,red
b'K\x1a\xb4Y\xf1\x07R\x96',b'\x1bq\xfb\xca\xd3\x8cZ\x1f',49674,red
b'\\\xe0\x18\xec0\x8eUD',b'\x1bq\xfb\xca\xd3\x8cZ\x1f',48930,red
b'\xafz4\xa04\x11RA',b'\x1bq\xfb\xca\xd3\x8cZ\x1f',48929,red
b'\xf2\xe1\xd5\x05\x0bdY\x02',"b'\xa0""K\xa9K\x0cQ\xd0'",49591,green
b'_~\r\xf7\xa2qWD',"b'\xa0""K\xa9K\x0cQ\xd0'",53428,red
b'\xe9\xd1\x8d\xd2\xb8\xfe]\x12',"b'\xa0""K\xa9K\x0cQ\xd0'",49673,red
b'\xce\x0e\xa6\x10\xae\xf0_\xfa',"b'\xa0""K\xa9K\x0cQ\xd0'",48612,red
b'\xec\xed\xbb\xf9\xce\x8cQ\x13',"b'\xa0""K\xa9K\x0cQ\xd0'",53166,red
b'\x83\xc0\xf5\x84\x03\x84V\x02',"b'\xa0""K\xa9K\x0cQ\xd0'",49674,red
b'P\xe4mrU.\\F',"b'\xa0""K\xa9K\x0cQ\xd0'",48930,red
"b'\xe1,\x0f\xd1\xb28U\xdd'","b'\xa0""K\xa9K\x0cQ\xd0'",48929,red
"b'\xc2""\x90\xa6SIR\xce'",b'\t$\x18Y\x12\x83QM',49591,green
b'\xe1\x8b\xa3FY;S\x04',b'\t$\x18Y\x12\x83QM',53428,red
b'\xc9>v\x0fe\x8c]\x05',b'\t$\x18Y\x12\x83QM',49673,red
b'\xe8w\xf6\x9f\xc8\xcf_:',b'\t$\x18Y\x12\x83QM',48612,red
b'ur\xe5e\x15<W9',b'\t$\x18Y\x12\x83QM',53166,red
b'\xf9\xe4QCk\xc5S\x05',b'\t$\x18Y\x12\x83QM',49674,red
b'@\x8d\xb3\xe5nSP\xf9',b'\t$\x18Y\x12\x83QM',48930,red
b'*\x88\xfc\xa00\xc5]\xa3',b'\t$\x18Y\x12\x83QM',48929,red
b'2\xcc\xd2\x85D\x0bVe',b't\x82\xcaV\xcb\x84Y\x9d',49591,green
b'\xb8\x87\xe0\x15Q\xa4Q\x8a',b't\x82\xcaV\xcb\x84Y\x9d',53428,red
b'\xf6n\x02_\x8f\xd9R\x15',b't\x82\xcaV\xcb\x84Y\x9d',49673,red
b'\x12\xe5XN\xb2\xa9Q\x1e',b't\x82\xcaV\xcb\x84Y\x9d',48612,red
b'k\xe9\xed\xc7;US!',b't\x82\xcaV\xcb\x84Y\x9d',53166,red
b'2\xb1\xfdm\xb6\xfdPR',b't\x82\xcaV\xcb\x84Y\x9d',49674,red
b'\x9e92\x0b\xfb7P\xee',b't\x82\xcaV\xcb\x84Y\x9d',48930,red
b't\x9c\xca\x16\xaerQ|',b't\x82\xcaV\xcb\x84Y\x9d',48929,red
b'\xa6\xb2\xa6\xef\xd7\xe9[w',b'\xf1\x8aU\xdai\xfeP\xae',49591,green
"b'\x82&t""\xd5\x97Uv'",b'\xf1\x8aU\xdai\xfeP\xae',53428,red
b'\xb7A\xb1\xde|\xb0\\\xa4',b'\xf1\x8aU\xdai\xfeP\xae',49673,red
b'}\xc1\x02\x17~\xaa\\\x9d',b'\xf1\x8aU\xdai\xfeP\xae',48612,red
b'\x8fr\x9ad`\xea\\]',b'\xf1\x8aU\xdai\xfeP\xae',53166,red
b'M\xed\xcb7?o\\o',b'\xf1\x8aU\xdai\xfeP\xae',49674,red
b'^%\r\xf8`\xa1Y\x8a',b'\xf1\x8aU\xdai\xfeP\xae',48930,red
b'LhK\xdd\xd5\xb2S\xe0',b'\xf1\x8aU\xdai\xfeP\xae',48929,red
b'Bl\xa1rm\xb4Z\x89',b'k\xd4\x0br\x82\xfcTw',49591,green
b'`\x10\tB\x96p_\x80',b'k\xd4\x0br\x82\xfcTw',53428,red
b'\x19\xaa\x04f\xdbSY\xc3',b'k\xd4\x0br\x82\xfcTw',49673,red
b'N\x13\xf3K\x03\x1e^\xbb',b'k\xd4\x0br\x82\xfcTw',48612,red
b'?9\xb5\xdehpRZ',b'k\xd4\x0br\x82\xfcTw',53166,red
b'\xb2W\x91\x15\xf4\xe3Z\x0e',b'k\xd4\x0br\x82\xfcTw',49674,red
b'{7\xb65\xa2\xf5_}',b'k\xd4\x0br\x82\xfcTw',48930,red
b'\x0c\x9b\xaa\x80\xe9[\\\x9c',b'k\xd4\x0br\x82\xfcTw',48929,red
b'd\xa4\x1d\nk\xf7S\x03',"b'\xf5e\xd0\xc3""8Z\x9c'",49591,green
b'\x0f\xbd\xdc\x08lkTP',"b'\xf5e\xd0\xc3""8Z\x9c'",53428,red
"b'\xf5\xa6,\xdb*nT\xe3'","b'\xf5e\xd0\xc3""8Z\x9c'",49673,red
"b'""\xd4\xbb\xbf\xc9$\\\x0b'","b'\xf5e\xd0\xc3""8Z\x9c'",48612,red
b'\xba-7\xbf\x96\xc5Y\x96',"b'\xf5e\xd0\xc3""8Z\x9c'",53166,red
b'O\x8a {\xdf\xbd]\x1d',"b'\xf5e\xd0\xc3""8Z\x9c'",49674,red
b'H\x9e\x82\x91\x9chWd',"b'\xf5e\xd0\xc3""8Z\x9c'",48930,red
b'K;@\xf8\x1a\xc3]\xff',"b'\xf5e\xd0\xc3""8Z\x9c'",48929,red
b'a-\xc2\xf7\xd5`^\xa3',b'\x1d\x04mp\xd3\xc3PQ',49591,green
b'\x92\x0bX\x12\xe4*_x',b'\x1d\x04mp\xd3\xc3PQ',53428,red
b'\xd3X\xa6C\xca\xa5Z*',b'\x1d\x04mp\xd3\xc3PQ',49673,red
b'\xe0\x11$\xfc6XU\x90',b'\x1d\x04mp\xd3\xc3PQ',48612,red
"b""`j\xad'{\xda_Q""",b'\x1d\x04mp\xd3\xc3PQ',53166,red
b'z\xb7\xc4\xeeT\xaa^\xec',b'\x1d\x04mp\xd3\xc3PQ',49674,red
b'3%\x9e\x13\x11\xf7Z\xfc',b'\x1d\x04mp\xd3\xc3PQ',48930,red
b'r\xba*\xd5\x89}]\xce',b'\x1d\x04mp\xd3\xc3PQ',48929,red
b'\xd9\x96\xba\x8f\x0f\xae\\\xfe',b'\xdc\xc1\x92jR\xefS:',49591,green
b'^\xd0#\xc2j\xdcQ\x85',b'\xdc\xc1\x92jR\xefS:',53428,red
b'%\xff\xf3\xdeA\xdfZ\x8a',b'\xdc\xc1\x92jR\xefS:',49673,red
b'b\x1aq\xf7\xdd\xbdR\xfa',b'\xdc\xc1\x92jR\xefS:',48612,red
b'\xd5\xf9\xbc\xa5\xcfz]\xe9',b'\xdc\xc1\x92jR\xefS:',53166,red
b'53\xbe\xbc\x9aXQ\x1b',b'\xdc\xc1\x92jR\xefS:',49674,red
b'\xb3\x83\xe4\x0cg\xcbP=',b'\xdc\xc1\x92jR\xefS:',48930,red
b'\x8dU-\x1a0\xc6X\xe1',b'\xdc\xc1\x92jR\xefS:',48929,red
b'D\xf1\xfe\xca\xb6\xb9[\x99',b'\x1ei\xb4\xec\xb3\x08^8',49591,green
b'\x0c\xdemp\xac5W\xcb',b'\x1ei\xb4\xec\xb3\x08^8',53428,red
b'\x03\xed\x8dyT\xf7X\xa4',b'\x1ei\xb4\xec\xb3\x08^8',49673,red
b':w3f\xc57]f',b'\x1ei\xb4\xec\xb3\x08^8',48612,red
b'\xef3\x05\x1f_\xd1Y\xd3',b'\x1ei\xb4\xec\xb3\x08^8',53166,red
b'V\xcb\xb1\xbf\x02\xa4Y\xe9',b'\x1ei\xb4\xec\xb3\x08^8',49674,red
b'4\x8aj^\x16/P\xd9',b'\x1ei\xb4\xec\xb3\x08^8',48930,red
b'MU\xdb\x13b\xdcQ\xde',b'\x1ei\xb4\xec\xb3\x08^8',48929,red
b'{\xd0_t\x17^^\xee',"b'\xd5\xed\xa6\x1e,nX\x87'",49591,green
b'\xa1\xe3\xa0\xcc\xe2#\\\x01',"b'\xd5\xed\xa6\x1e,nX\x87'",53428,red
b'\xab\x8dk{<\xea]\x15',"b'\xd5\xed\xa6\x1e,nX\x87'",49673,red
b'0?Xp\xa5\x98R\xe3',"b'\xd5\xed\xa6\x1e,nX\x87'",48612,red
b'\xb2\xf5z\x04\xb8\xbdZ\xca',"b'\xd5\xed\xa6\x1e,nX\x87'",53166,red
b'\xc2p\x8cd\xdb{U\xe8',"b'\xd5\xed\xa6\x1e,nX\x87'",49674,red
b'O\xbe\x0c\xe2\n\x9dX\xaf',"b'\xd5\xed\xa6\x1e,nX\x87'",48930,red
b'\xb6}\x87\xac\x89S\\\x95',"b'\xd5\xed\xa6\x1e,nX\x87'",48929,red
"b""'\xd5\xa8\xc5\xdd\x07X\x0f""",b'\x01\xff\x11\x8c\x02`^\x03',49591,green
b'\x90[~\xacl`Yh',b'\x01\xff\x11\x8c\x02`^\x03',53428,red
b'\xb4\xb8\x90z\xbd\xb3T\xef',b'\x01\xff\x11\x8c\x02`^\x03',49673,red
b'\xdb\x825*\x93\xfaZ\x1e',b'\x01\xff\x11\x8c\x02`^\x03',48612,red
b'\x07\xc0\x9f\x93zz\\\xbc',b'\x01\xff\x11\x8c\x02`^\x03',53166,red
b'5\xca\xd1b+\xb8U\xa1',b'\x01\xff\x11\x8c\x02`^\x03',49674,red
b'w\xc3\xbd\xf8\x1a3Q^',b'\x01\xff\x11\x8c\x02`^\x03',48930,red
b'\xbf6\x08\xfcl\xf3W\x9b',b'\x01\xff\x11\x8c\x02`^\x03',48929,red
b'\xf6\xc4\x1e\x8c\x19\xeeZ\xb1',b'_\xff\xaa\xd6\x00MS\xba',49591,green
b']\x8e\x8d\x9d\x1b{^x',b'_\xff\xaa\xd6\x00MS\xba',53428,red
b'\x12W\x00\xd3\t\xd5Zg',b'_\xff\xaa\xd6\x00MS\xba',49673,red
b'\xca{\\E\x14\xa6P\xf7',b'_\xff\xaa\xd6\x00MS\xba',48612,red
b'\xc8+\xdf\x87\x99WS\xe0',b'_\xff\xaa\xd6\x00MS\xba',53166,red
b'\xa3el\xbb\xb6\x14U\x11',b'_\xff\xaa\xd6\x00MS\xba',49674,red
b'=\x7f\xbc\x8d\xd7\xfd[\xd2',b'_\xff\xaa\xd6\x00MS\xba',48930,red
b'.\xb2\xc0>\xbe\xdeX\x08',b'_\xff\xaa\xd6\x00MS\xba',48929,red
b'\ra\x1c\xbcU\xf9R\xe1',b'\xc1\x8f\x04?\x8e\xbcV\x80',49591,green
b'\r\xaaO\xdfl+R\x8b',b'\xc1\x8f\x04?\x8e\xbcV\x80',53428,red
b'o\xf2\x1e\xc4\x9dpT\xd6',b'\xc1\x8f\x04?\x8e\xbcV\x80',49673,red
b'\xeeX9)\xcf\xf3WW',b'\xc1\x8f\x04?\x8e\xbcV\x80',48612,red
b'\xd6i}\x94\x8b\xc2Z}',b'\xc1\x8f\x04?\x8e\xbcV\x80',53166,red
b'\xe85\x9b\xac\xd1\xe7_\xd0',b'\xc1\x8f\x04?\x8e\xbcV\x80',49674,red
b'U\x8bm7\x8cpV\x13',b'\xc1\x8f\x04?\x8e\xbcV\x80',48930,red
b'\x8e\xccw&\xb4>^b',b'\xc1\x8f\x04?\x8e\xbcV\x80',48929,red
b'\x07\x91F\xf7\x99]T\xde',b']\xc2c\x91\xda/XD',49591,green
b'g\x17\xce[\xdb\x0cP\xde',b']\xc2c\x91\xda/XD',53428,red
b'w\xbd\xb5\xd0xTU)',b']\xc2c\x91\xda/XD',49673,red
b'\xfc\xbc\xf0-\xedbQ\xe5',b']\xc2c\x91\xda/XD',48612,red
b'N\xbf\x05~\xd0\xa8W\x19',b']\xc2c\x91\xda/XD',53166,red
b'\x01\xa0\xe4>\x0fXVU',b']\xc2c\x91\xda/XD',49674,red
b'\xfbo\x11\x7ffUP\xff',b']\xc2c\x91\xda/XD',48930,red
b'\xe6\x1c\xfc\t\xa7\xf5Rk',b']\xc2c\x91\xda/XD',48929,red
b'Q\x12\x0109yRA',b'yP7\x85\xa5F_w',49591,green
b'F\x11\xdf\xee\x90\xad]d',b'yP7\x85\xa5F_w',53428,red
b'\xf4\xc2\xb9\xbc\xdeFT\x03',b'yP7\x85\xa5F_w',49673,red
b'-<\xdd\x8b\xe0wP\\',b'yP7\x85\xa5F_w',48612,red
b'\xcbm\xa9\xce\xd6\x1b^q',b'yP7\x85\xa5F_w',53166,red
b'\xee\xac|r\xc6:P\x98',b'yP7\x85\xa5F_w',49674,red
b'\x81\x1f\x1d\x00\x97DUg',b'yP7\x85\xa5F_w',48930,red
b'\xf94\x86\t\xb8*_\xfb',b'yP7\x85\xa5F_w',48929,red
b'\x8fU\x04\x8d\xb7\x85Q\x02',b'CJ\xb60\xec_[1',49591,green
b'\xfb\x8b8_\x157X\xb4',b'CJ\xb60\xec_[1',53428,red
b'\xd8\xc9\xac\xd1\x9b\xafU\xdc',b'CJ\xb60\xec_[1',49673,red
b'V\x84\x95\x13]#^\xb0',b'CJ\xb60\xec_[1',48612,red
b'\x02\xee\xa2x\x99\x86Y\x16',b'CJ\xb60\xec_[1',53166,red
b'\xdc\xe0\x8a$e\xf3R2',b'CJ\xb60\xec_[1',49674,red
"b""\\\xb2'&\xb0v\\\xad""",b'CJ\xb60\xec_[1',48930,red
b'\xd3=\xd1P\xbe\xb5\\\x8e',b'CJ\xb60\xec_[1',48929,red
b'\x18\xb40\xbd)9Q\x84',b'\xfc\xb2\xcd7\x84BSq',49591,green
b'\x90<\xf7\xefw\xd5U\xe7',b'\xfc\xb2\xcd7\x84BSq',53428,red
b')\xef\xc6\xf7^hT\x9a',b'\xfc\xb2\xcd7\x84BSq',49673,red
b'\xd2\xbd\xed&Y\xcbU\xc9',b'\xfc\xb2\xcd7\x84BSq',48612,red
b'\x89\x04\x85D\xde\xb1Xy',b'\xfc\xb2\xcd7\x84BSq',53166,red
"b'\x04\xda*\x8av""Q\xf2'",b'\xfc\xb2\xcd7\x84BSq',49674,red
b'\xbbD~_\x83\xd1_\xab',b'\xfc\xb2\xcd7\x84BSq',48930,red
b'\\+iPK@T6',b'\xfc\xb2\xcd7\x84BSq',48929,red
b'\xa2\xadK\xe4#\x0cS6',"b'""u\x85V\xd4\x9fYg'",49591,green
b'\xf9\xf8b\xbd2\xc1Un',"b'""u\x85V\xd4\x9fYg'",53428,red
b'\x0f\x02\x18\x99\x94\xf3S\xf6',"b'""u\x85V\xd4\x9fYg'",49673,red
b'.\x13\xd0\xa3\xa7\xa0[r',"b'""u\x85V\xd4\x9fYg'",48612,red
b'\x02~\xff\xe1\xe0\xb9Ud',"b'""u\x85V\xd4\x9fYg'",53166,red
b'\x17\xae:\x84\x94VX\x1d',"b'""u\x85V\xd4\x9fYg'",49674,red
"b'\x9a\x99\xb3\xfa""\xf9Y\xf1'","b'""u\x85V\xd4\x9fYg'",48930,red
b'C\xe7\xd5\xfe\x8b\xb7W\xe3',"b'""u\x85V\xd4\x9fYg'",48929,red
b'\x86\x97\x97\x08L1WZ',b'\xb1\xefMc\x1a\x06Qy',49591,green
b'V\xfd\xe6\xec\x96\xc5_\xef',b'\xb1\xefMc\x1a\x06Qy',53428,red
b'\xbfA?\xc9/^V\xd7',b'\xb1\xefMc\x1a\x06Qy',49673,red
b'3\x0e\x0b\xf2\xfd\xdb\\\xad',b'\xb1\xefMc\x1a\x06Qy',48612,red
b'g\x88*wJ\x1b[\xc6',b'\xb1\xefMc\x1a\x06Qy',53166,red
b'\x06-\xf6Q\x8b\xa3Zh',b'\xb1\xefMc\x1a\x06Qy',49674,red
b'\xa48V\x8d\x00\r_u',b'\xb1\xefMc\x1a\x06Qy',48930,red
b'\xdd\xe4B\xd5G:R\xec',b'\xb1\xefMc\x1a\x06Qy',48929,red
b'\xcb\xc6\x9cY\xba\x8a_\x87',b'\xc7\xf3s\x1f\x8e\xf2^\x88',49591,green
b'J\xa9\x07X*\x98V\x9f',b'\xc7\xf3s\x1f\x8e\xf2^\x88',53428,red
b'8\xa1n=\x1d\xfaPD',b'\xc7\xf3s\x1f\x8e\xf2^\x88',49673,red
b'\xce\x92\x92\xb5\xe9\xdbQ\x04',b'\xc7\xf3s\x1f\x8e\xf2^\x88',48612,red
b'\xc9\x03\xf7\x16\xf1\xf7X^',b'\xc7\xf3s\x1f\x8e\xf2^\x88',53166,red
b'R8\xf7?\x99\x0cY\x1b',b'\xc7\xf3s\x1f\x8e\xf2^\x88',49674,red
b'\xfd$J\\\xd3\xe1P\xaa',b'\xc7\xf3s\x1f\x8e\xf2^\x88',48930,red
b'\x9c\x06\t\xbb\xf7\x06U\x10',b'\xc7\xf3s\x1f\x8e\xf2^\x88',48929,red
b'\x81_\xee\xdd\xd2\xd1U\xbf',b'!\x938l\x02b_\xff',49591,green
b'<~j;1+ZH',b'!\x938l\x02b_\xff',53428,red
b'\xc1\x87\x91\xfa\x82\x0c]\xbf',b'!\x938l\x02b_\xff',49673,red
b'\xde\xb8w9Z3_\xbe',b'!\x938l\x02b_\xff',48612,red
b'\x11\xd4q\xd3\xdaY\\\x7f',b'!\x938l\x02b_\xff',53166,red
b'\xb5K\xe63\xc2\xb2P\x91',b'!\x938l\x02b_\xff',49674,red
b'1\x04\xa6\x85\xc7 \\N',b'!\x938l\x02b_\xff',48930,red
b'^oJ7\x18\xbdQ\x0b',b'!\x938l\x02b_\xff',48929,red
b'\x86\xa6\xb6\xc6R\x19R\x01',b'\xa9fi\xce\x86s\\H',49591,green
b'%&<0\xe0\xe2^q',b'\xa9fi\xce\x86s\\H',53428,red
b'\xe2\xd4:\xae\xb6\xbeU!',b'\xa9fi\xce\x86s\\H',49673,red
b'\xf1`\x10\x19\x0c\x04X\xad',b'\xa9fi\xce\x86s\\H',48612,red
b'\x83\xa1\xcf\x83S\xabUm',b'\xa9fi\xce\x86s\\H',53166,red
b'\x14\xaa-]\xdc\xed^w',b'\xa9fi\xce\x86s\\H',49674,red
b'\xbeP\xaa\r\x82^P-',b'\xa9fi\xce\x86s\\H',48930,red
b'\x90Q\x00\x01\x97\x04_\\',b'\xa9fi\xce\x86s\\H',48929,red
b'\x8e*wt\x06\xd3Si',b'\x94z{\xef>iZ(',49591,green
b'S\x1bv\x96\xef4R\x97',b'\x94z{\xef>iZ(',53428,red
b'=\x8a/\xab1<^\xae',b'\x94z{\xef>iZ(',49673,red
b'\x03\x8c_\t\xb5\xc5P\xec',b'\x94z{\xef>iZ(',48612,red
b'O\xb3\xcf\x10\xcd\xf2S\xb0',b'\x94z{\xef>iZ(',53166,red
b'\xff\xeeQ\x07\xe6\xfcY\x01',b'\x94z{\xef>iZ(',49674,red
b'\x07\xe6\xba\xd5\xe6\xdfQP',b'\x94z{\xef>iZ(',48930,red
b'g\xd6\x81T\x1f\x8eR\x06',b'\x94z{\xef>iZ(',48929,red
b'\xf4\x8d\x12\xe0\x8b\x1eXW',"b""[\x1e\x15b\xe5'R\x86""",49591,green
b'\x8d\xac\x9f\x8eze]Z',"b""[\x1e\x15b\xe5'R\x86""",53428,red
b'\xfd\x17\x1ev[AR\xc2',"b""[\x1e\x15b\xe5'R\x86""",49673,red
b'Z\xf8Y\x99\x18\x8aUc',"b""[\x1e\x15b\xe5'R\x86""",48612,red
b'\x7f\xdc\xc8\xc2\xc0\xf1Pm',"b""[\x1e\x15b\xe5'R\x86""",53166,red
b'\xda`\xe9\xab\xc7\x80Si',"b""[\x1e\x15b\xe5'R\x86""",49674,red
b'\x05\xc1\x80\xb6\x13\x1bZP',"b""[\x1e\x15b\xe5'R\x86""",48930,red
b'\xa3\xb4\x1fdh:Q ',"b""[\x1e\x15b\xe5'R\x86""",48929,red
b'\r\r?\xb93.^\x05',b'5\x1d\x85\x0ceuVa',49591,green
b'\x8c\x95p\xb7\x9c\x02X\x1e',b'5\x1d\x85\x0ceuVa',53428,red
b']\xff3\xa7m\x90_*',b'5\x1d\x85\x0ceuVa',49673,red
b's\xfcz\xb3\x80\xaeY\x1f',b'5\x1d\x85\x0ceuVa',48612,red
b'Yi\x04yC\xae[\x8b',b'5\x1d\x85\x0ceuVa',53166,red
b'>N\xda\xecX\xb1Y\xdf',b'5\x1d\x85\x0ceuVa',49674,red
b'M\x03\x83\x86\xca\x95Sd',b'5\x1d\x85\x0ceuVa',48930,red
b'\r\x1b\xf7\xcb.\x96Y\xd2',b'5\x1d\x85\x0ceuVa',48929,red
b'\x0f\xfc\xc9\x94NzZ\xbc',b'\xeaZ\x02:\xff\x13Z\xf0',49591,green
"b'\xb3\xf0""\xd4}}_A'",b'\xeaZ\x02:\xff\x13Z\xf0',53428,red
b'\xda.\xe3\xfd:\xb2[\x9f',b'\xeaZ\x02:\xff\x13Z\xf0',49673,red
b'+\xf5\x11\xac\xbe\xfdS7',b'\xeaZ\x02:\xff\x13Z\xf0',48612,red
b'\xe3\x06\xf8\xea\xaa\xb4S\x89',b'\xeaZ\x02:\xff\x13Z\xf0',53166,red
b'S\xf2a\xc0\xc9\x9aY\xfd',b'\xeaZ\x02:\xff\x13Z\xf0',49674,red
b'\xa8\x07\xbb`5\xecX\x93',b'\xeaZ\x02:\xff\x13Z\xf0',48930,red
b'\x9c\xd7\xb6\x03\xc8\xc4Y\xf4',b'\xeaZ\x02:\xff\x13Z\xf0',48929,red
b'PL\xb90\xa54U[',b'h>\xe9#\xbf\x1b]\xb5',49591,green
b'7\x83\xb7\x96\xdb%T\xbc',b'h>\xe9#\xbf\x1b]\xb5',53428,red
b'\x0f}\xb1g\xd5\x01^\x07',b'h>\xe9#\xbf\x1b]\xb5',49673,red
b'\xf5\x9f\xb6\x07\x0b/T\xd6',b'h>\xe9#\xbf\x1b]\xb5',48612,red
b'P\x1fQ\x17R\xdf_E',b'h>\xe9#\xbf\x1b]\xb5',53166,red
b'W#\x94\xe5\xd9;Y;',b'h>\xe9#\xbf\x1b]\xb5',49674,red
b'Gg\xfd\xe7\x03\xa7R\x12',b'h>\xe9#\xbf\x1b]\xb5',48930,red
b'\xa1\x8f\xab7\xa8\xa9V\x1b',b'h>\xe9#\xbf\x1b]\xb5',48929,red
b'0|\xab\x03afW\x1a',b'\x89\x91j]\xe9\x91S\xbe',49591,green
"b',\x8b\x1d\x0e\x91\rQ\x19'",b'\x89\x91j]\xe9\x91S\xbe',53428,red
b'IOz\x901\xd1W!',b'\x89\x91j]\xe9\x91S\xbe',49673,red
b'\xc6\xefF0<[V4',b'\x89\x91j]\xe9\x91S\xbe',48612,red
"b'UY\xcb"".\x05R\xc8'",b'\x89\x91j]\xe9\x91S\xbe',53166,red
b'ey\xf1d\xcd\xd5\\>',b'\x89\x91j]\xe9\x91S\xbe',49674,red
b'\x8a\x1b\x86\x91\x9f$[J',b'\x89\x91j]\xe9\x91S\xbe',48930,red
b'\xf1\x8e\x11\x95G#YC',b'\x89\x91j]\xe9\x91S\xbe',48929,red
b'>\x8e\x82f\x88\xf0W\xc4',b'\xaf0\xde\x85y#UE',49591,green
b'\x7f\x98\x14\xc2\xcf([B',b'\xaf0\xde\x85y#UE',53428,red
b'\xb0\x88\x0cGR.[(',b'\xaf0\xde\x85y#UE',49673,red
b'>\xe6\x91E\xba)Z>',b'\xaf0\xde\x85y#UE',48612,red
b'\x0ep=\x11\xa3\xd7W\xf1',b'\xaf0\xde\x85y#UE',53166,red
b'^j\xf9\x8e\xd8\x92Q\x8a',b'\xaf0\xde\x85y#UE',49674,red
b'~\xce>y\xbe\xf5Sj',b'\xaf0\xde\x85y#UE',48930,red
b'B\xa3\xfbB\xeem^\x89',b'\xaf0\xde\x85y#UE',48929,red
b'\xa0%!\xc3\xae\xe4\\\x82',b'\xb20i4\xe0\xd9P&',49591,green
b'\xe6\xb2\x9f\xe5I\x06Q\xe2',b'\xb20i4\xe0\xd9P&',53428,red
b'\x89v?2\x13\xe3\\>',b'\xb20i4\xe0\xd9P&',49673,red
b':lS\x12\xbe\x04_\xc3',b'\xb20i4\xe0\xd9P&',48612,red
b'\xee\x9de;\xb6\xe0W\xb4',b'\xb20i4\xe0\xd9P&',53166,red
b'\xe0\xee\x06:(\xfaXi',b'\xb20i4\xe0\xd9P&',49674,red
b'\xd0d\x18f~\xffQ/',b'\xb20i4\xe0\xd9P&',48930,red
b'\xc0\x81\x14\xfc\xcdeX\xc1',b'\xb20i4\xe0\xd9P&',48929,red
b'\x1e#V\xfe\x0e\x02[5',b'\xbd\xf8\xa8\xd0\x19\x9fV\x96',49591,green
b'\xa1\x0b\xa8s\n\x13YC',b'\xbd\xf8\xa8\xd0\x19\x9fV\x96',53428,red
b'\x86;\xf0\xb5\xe7\xc0[\x85',b'\xbd\xf8\xa8\xd0\x19\x9fV\x96',49673,red
b'M\x11\xfa\xf5LhW\xd6',b'\xbd\xf8\xa8\xd0\x19\x9fV\x96',48612,red
b'\xcc\xe7\xb9\x0f>\xf9_\x7f',b'\xbd\xf8\xa8\xd0\x19\x9fV\x96',53166,red
b'`_\xc3zb\xd6[|',b'\xbd\xf8\xa8\xd0\x19\x9fV\x96',49674,red
b'h\x83p\x14:\xc2R_',b'\xbd\xf8\xa8\xd0\x19\x9fV\x96',48930,red
b'yI\x99L9\xed[T',b'\xbd\xf8\xa8\xd0\x19\x9fV\x96',48929,red
"b""'\x01\xb7\x18\xa1\nRO""",b'Y\x02R\x0e#T[\xde',49591,green
b'\xa5e\xd1\xf1\xd9\x87Q\xfd',b'Y\x02R\x0e#T[\xde',53428,red
b'Et\x17\x8a\x0b\xdfS\x1b',b'Y\x02R\x0e#T[\xde',49673,red
b'R\xd3%\\Qh_\xd6',b'Y\x02R\x0e#T[\xde',48612,red
b'P#\x16\x14\xfcIY\x18',b'Y\x02R\x0e#T[\xde',53166,red
b'\xd0\xd5\xbe\x04i\rPj',b'Y\x02R\x0e#T[\xde',49674,red
b'\xdf{l\x8a\x1fBU\xd5',b'Y\x02R\x0e#T[\xde',48930,red
"b""k2\xa8\x15'kX(""",b'Y\x02R\x0e#T[\xde',48929,red
b'X\x1ce;%\xd5S\xfb',b'\xbc\xec\x1d\x01\r\x07_~',49591,green
"b'\x92H""\xd7W3T\xd8'",b'\xbc\xec\x1d\x01\r\x07_~',53428,red
b'z\xb0\x1d\xd6\xc6\x12T\xbe',b'\xbc\xec\x1d\x01\r\x07_~',49673,red
b'\x16\xd4<\xe4 \xc8X\xd6',b'\xbc\xec\x1d\x01\r\x07_~',48612,red
b'\x18\x01\xd6\x84;\x14Y\xbd',b'\xbc\xec\x1d\x01\r\x07_~',53166,red
b'\x7f0<n\x83bUA',b'\xbc\xec\x1d\x01\r\x07_~',49674,red
b'\xaam\xe5\x1b\xaeL_\xaf',b'\xbc\xec\x1d\x01\r\x07_~',48930,red
b'A\x17~\xa7\x86\x91V\xa2',b'\xbc\xec\x1d\x01\r\x07_~',48929,red
b'\x9c\x88dQ<|_\x90',b'\xf8\x85la\xc1rQ\xdd',49591,green
"b""\xf8\x1b\xb8\x83'\xdb_\xe9""",b'\xf8\x85la\xc1rQ\xdd',53428,red
b'\x1e\xbf!?PES\xd8',b'\xf8\x85la\xc1rQ\xdd',49673,red
b'\x1dQ\xf5\x1e\xcf\xc4R\xed',b'\xf8\x85la\xc1rQ\xdd',48612,red
b'\x16\xa3\x18M\x9eOY\xef',b'\xf8\x85la\xc1rQ\xdd',53166,red
b'w\x17\x12\xde\xa7\x0cP\xc7',b'\xf8\x85la\xc1rQ\xdd',49674,red
"b'\xb1,Aw\xf8HX\xf3'",b'\xf8\x85la\xc1rQ\xdd',48930,red
b'\x00\xfd\xf8PdtW\xfc',b'\xf8\x85la\xc1rQ\xdd',48929,red
b'\xc2@\xc2v\xd0\x12]\xb5',b'\xd6>\xcc\xc9]s]y',49591,green
b'4\x01\xda\x02\x7f\xdfT}',b'\xd6>\xcc\xc9]s]y',53428,red
"b""*\xbee\xc2'\xf7V\xc8""",b'\xd6>\xcc\xc9]s]y',49673,red
b'\x03\xdaB!\xe4\\^\x96',b'\xd6>\xcc\xc9]s]y',48612,red
b'\xd0_\x88\xecS\x85X\xca',b'\xd6>\xcc\xc9]s]y',53166,red
b's\xed.\xf5\xb41Y\x94',b'\xd6>\xcc\xc9]s]y',49674,red
b'\xe3\x84j\x8bn\xdfYR',b'\xd6>\xcc\xc9]s]y',48930,red
b'\xdb:\xf3\xa6c\x18P\xc1',b'\xd6>\xcc\xc9]s]y',48929,red
"b'\t\xd7""\xd0#3P\x9a'",b'\xfd\xa6\x7f\xfav\x0fP\xe6',49591,green
b'\x0f\x01\xdb;X\xe9V/',b'\xfd\xa6\x7f\xfav\x0fP\xe6',53428,red
b'w\xd87\x82\x9f\xb0Y\xed',b'\xfd\xa6\x7f\xfav\x0fP\xe6',49673,red
b'\xb5\x96\x98\xb8R\x80T\xb1',b'\xfd\xa6\x7f\xfav\x0fP\xe6',48612,red
b'\xa1\xffF\xa9L^Y\x18',b'\xfd\xa6\x7f\xfav\x0fP\xe6',53166,red
b'\x8fJ\xbc\x8b6`]\x9e',b'\xfd\xa6\x7f\xfav\x0fP\xe6',49674,red
"b""\x06D\xd2'\x03\xfaVf""",b'\xfd\xa6\x7f\xfav\x0fP\xe6',48930,red
"b'\xd0\x1b\xa4""\xe0\x9d^\xb8'",b'\xfd\xa6\x7f\xfav\x0fP\xe6',48929,red
b'E\xa1\xc3\x7f)\xc6Rr',b'\xc9\x00\xf2@\xee\xf8Xg',49591,green
b' \xc5\xf3\x92X=W\x8a',b'\xc9\x00\xf2@\xee\xf8Xg',53428,red
b'H\x1c\x08\xfc\xa0`S~',b'\xc9\x00\xf2@\xee\xf8Xg',49673,red
b'!\xbd\xb2f\x8d\xbd]\xf1',b'\xc9\x00\xf2@\xee\xf8Xg',48612,red
"b'\xc2!*S\x8f\x81P""'",b'\xc9\x00\xf2@\xee\xf8Xg',53166,red
b'\xd6w\xd0x\t|]k',b'\xc9\x00\xf2@\xee\xf8Xg',49674,red
b'\x81Mrt#\x02U\xc0',b'\xc9\x00\xf2@\xee\xf8Xg',48930,red
b'\xaa\x96\x84\x8a\xe1\\[%',b'\xc9\x00\xf2@\xee\xf8Xg',48929,red
b'=\x85\xc8\xeaZ\xa7W\xda',b'\xdd^j\xa1\x8c\xeeQ<',49591,green
b'm\xd7sh\x92\x93W\xdb',b'\xdd^j\xa1\x8c\xeeQ<',53428,red
"b'\xcf\xf2\x0f2\xd6\xe5S,'",b'\xdd^j\xa1\x8c\xeeQ<',49673,red
b'Z\xd9l\xb8L1T\xab',b'\xdd^j\xa1\x8c\xeeQ<',48612,red
b'\x05\xe9\x15\xb3\x9f\x1bU\x1e',b'\xdd^j\xa1\x8c\xeeQ<',53166,red
b'\xa0\x15\xc3\x99\xd1\x10R\x8b',b'\xdd^j\xa1\x8c\xeeQ<',49674,red
"b'\x83.Qet,W\x15'",b'\xdd^j\xa1\x8c\xeeQ<',48930,red
b'\xbe6\xe4]:\x1bS\xb6',b'\xdd^j\xa1\x8c\xeeQ<',48929,red
b'm\xfc\xaf\xbb\xd0\xe7T7',b'\xf26\xeb+\x9c\xe8Te',49591,green
b'A\x138Jb]U|',b'\xf26\xeb+\x9c\xe8Te',53428,red
"b""'\x87\x81G]\x9a_-""",b'\xf26\xeb+\x9c\xe8Te',49673,red
b'\xe8\x11\xdb\xcb\x87GU8',b'\xf26\xeb+\x9c\xe8Te',48612,red
b'\x81K\xad\x9f8\xe3X{',b'\xf26\xeb+\x9c\xe8Te',53166,red
b'f\xbb\xa5\xdd-\xb4Tz',b'\xf26\xeb+\x9c\xe8Te',49674,red
b'\xb5\x1c\x87\xc3\xee*Y\x1c',b'\xf26\xeb+\x9c\xe8Te',48930,red
b'cu\xa4\x9di%[\xd0',b'\xf26\xeb+\x9c\xe8Te',48929,red
b'\xc4\xa4\xeeU\xad\xb9Z\xd2',b'b\xafC7\xbf\xecS%',49591,green
b'#\xb8\x8b\x9c\x8e-]\xa2',b'b\xafC7\xbf\xecS%',53428,red
b'r.\xa7\xb6c\x06T\x08',b'b\xafC7\xbf\xecS%',49673,red
b'\xbc\xed\x13\xf4\x11\xeaQ\x1f',b'b\xafC7\xbf\xecS%',48612,red
b'\xfc\xca\x16\xb8\xa3\\V]',b'b\xafC7\xbf\xecS%',53166,red
"b'""\xde%\x8e\tvP\x17'",b'b\xafC7\xbf\xecS%',49674,red
b'Z\x06\xe6\xd9\xeaF]9',b'b\xafC7\xbf\xecS%',48930,red
b'\x05\xaf\xfc[\xaa\x94]\x91',b'b\xafC7\xbf\xecS%',48929,red
b'T\x19\xdc\xdd\xb0\xb0X\xe3',b'.\x08\xaf\xf7#\xf5]\x08',49591,green
b'\xd6\x8f\x1e%OMZ`',b'.\x08\xaf\xf7#\xf5]\x08',53428,red
b'y\\\n|\xa3\x02X5',b'.\x08\xaf\xf7#\xf5]\x08',49673,red
b'5\xa4w6\x9a\xabUa',b'.\x08\xaf\xf7#\xf5]\x08',48612,red
"b',\x02\xda\x914\x95P\xf2'",b'.\x08\xaf\xf7#\xf5]\x08',53166,red
b'S\x04_\x1c*^Y\xb3',b'.\x08\xaf\xf7#\xf5]\x08',49674,red
b'\xf6\xa7\\\xa7\xfb\xc7S#',b'.\x08\xaf\xf7#\xf5]\x08',48930,red
b'RdY\x03@i[\xd7',b'.\x08\xaf\xf7#\xf5]\x08',48929,red
b')\xf5\x93T\xde\xa7[\xec',b'\xd68\x99\x87Q3_\xa2',49591,green
b'\x03\x81\xc9!\xa3\xef[\xf6',b'\xd68\x99\x87Q3_\xa2',53428,red
b'\xcbT\xbe\x11*\x17R\x1f',b'\xd68\x99\x87Q3_\xa2',49673,red
b'\x03\x8f\xd1\xe8\x8a)Xf',b'\xd68\x99\x87Q3_\xa2',48612,red
b'\x11\xcaGV\x93\xdbY\x89',b'\xd68\x99\x87Q3_\xa2',53166,red
b'M{\xee\x84^([W',b'\xd68\x99\x87Q3_\xa2',49674,red
b'b\xde4\x0c\xa3lSE',b'\xd68\x99\x87Q3_\xa2',48930,red
"b'F\x9b, \xc0R[\xed'",b'\xd68\x99\x87Q3_\xa2',48929,red
b'\x99B/\x9f\xcc\xfaT\xa1',b'\xf2\xaa3S\x86XQl',49591,green
b'U\x11\xa0.\xb2@\\\x04',b'\xf2\xaa3S\x86XQl',53428,red
b'\xef\x12W\xed\x9b:^C',b'\xf2\xaa3S\x86XQl',49673,red
b'K\x1c1y\xfa\xe5T\x00',b'\xf2\xaa3S\x86XQl',48612,red
b'\x0cH\x129\xae<]\xd0',b'\xf2\xaa3S\x86XQl',53166,red
b'Q\xbcv\xee:\xe9Y.',b'\xf2\xaa3S\x86XQl',49674,red
b'\x8e\x8cp\xeeV\x1b\\\xeb',b'\xf2\xaa3S\x86XQl',48930,red
"b'\xea,\xee\xac\xd5\x12^i'",b'\xf2\xaa3S\x86XQl',48929,red
b'\xa0\xfdb\x1ad:T<',b'\xd7\xed\xe6^\x05\xccW\xe3',49591,green
b'tT(G\x9b\x0e]e',b'\xd7\xed\xe6^\x05\xccW\xe3',53428,red
b'\xbet\x89T\xf5\x90^#',b'\xd7\xed\xe6^\x05\xccW\xe3',49673,red
b'f\x0e\xc0\xc9\xa2\x7fR\x94',b'\xd7\xed\xe6^\x05\xccW\xe3',48612,red
b'\xc97K\xa6e|^\xfa',b'\xd7\xed\xe6^\x05\xccW\xe3',53166,red
b'L\x976\x19\x10A[Y',b'\xd7\xed\xe6^\x05\xccW\xe3',49674,red
b'\xc5|<\x18\xfdHU9',b'\xd7\xed\xe6^\x05\xccW\xe3',48930,red
b'e\x08m(\x12\xedP\xb6',b'\xd7\xed\xe6^\x05\xccW\xe3',48929,red
b'\xbf\x11\xe2\xfb\x01\\\\\xa0',b'2\xed\xcfu\xb3\xc3V\x13',49591,green
b'\xcb\xd9\x01\xf0\x1e<YQ',b'2\xed\xcfu\xb3\xc3V\x13',53428,red
b'_l\xbfto8T\xc6',b'2\xed\xcfu\xb3\xc3V\x13',49673,red
"b""\xc0\xe7\xab\xdbD'R`""",b'2\xed\xcfu\xb3\xc3V\x13',48612,red
b'\xa6\x19\x0e\x93\xe8\xbcS\xea',b'2\xed\xcfu\xb3\xc3V\x13',53166,red
b'\r\xb0L\x19\xc3\x85]\xd6',b'2\xed\xcfu\xb3\xc3V\x13',49674,red
b'R@8Q\xeexU\x8a',b'2\xed\xcfu\xb3\xc3V\x13',48930,red
b'\xd9<AV\x0e9P\x89',b'2\xed\xcfu\xb3\xc3V\x13',48929,red
"b""t\x02\xc6\x04'\x8bT\x15""",b'D0\xdc=\x8b\xc7]\x0c',49591,green
b'-hX\xb6\xe4eU\xd1',b'D0\xdc=\x8b\xc7]\x0c',53428,red
b'\xe1\xf3!\xca\xae\x1c[?',b'D0\xdc=\x8b\xc7]\x0c',49673,red
b'\xf2XvC&\xd6^Y',b'D0\xdc=\x8b\xc7]\x0c',48612,red
b'\xf34MlOjU(',b'D0\xdc=\x8b\xc7]\x0c',53166,red
b'\x1f7\x07`C\xa7[\xd9',b'D0\xdc=\x8b\xc7]\x0c',49674,red
b'\\\x05\x856k\xdcR\x9e',b'D0\xdc=\x8b\xc7]\x0c',48930,red
b'\x05\x00\xe8\xca)\xa0_\x8c',b'D0\xdc=\x8b\xc7]\x0c',48929,red
b'\x89%\x93z\x07&U\xd7',b'1\\\xccy\x9bYP\xb2',49591,green
b'\x85\x94w\xe3\x86\x1bW\x04',b'1\\\xccy\x9bYP\xb2',53428,red
b'\xb6\xd5 q\xf3\x85T\x80',b'1\\\xccy\x9bYP\xb2',49673,red
b'\xe2\x01\xba\xad\xb2\x16Y)',b'1\\\xccy\x9bYP\xb2',48612,red
b'\xa47\x86\xa3\x94\xefW\x9b',b'1\\\xccy\x9bYP\xb2',53166,red
b'\xc4\xbf\xf3\xbd\x147_\x82',b'1\\\xccy\x9bYP\xb2',49674,red
b'c\xc9\x084\x87\x92Q~',b'1\\\xccy\x9bYP\xb2',48930,red
b'\x05\xe6E\xf43W\\\xa8',b'1\\\xccy\x9bYP\xb2',48929,red
b'FN{\x1b\xd6CP\xb9',b'\xe1\xafFT(\r]F',49591,green
b't\xca~\xfb\x8e\xbbZ\xcf',b'\xe1\xafFT(\r]F',53428,red
b'.\xacN1\xb7\xa9S\x98',b'\xe1\xafFT(\r]F',49673,red
b'rP\r\xda\x04&YS',b'\xe1\xafFT(\r]F',48612,red
b'\xab^\xeb\xf7\xc4\x82R\xa5',b'\xe1\xafFT(\r]F',53166,red
b'\x81k\xd1\x05ybP\xc1',b'\xe1\xafFT(\r]F',49674,red
b'\x7f\x8e&\xc5r\xd0Z\xfe',b'\xe1\xafFT(\r]F',48930,red
b'w\x06G\xa4\xf1rV\xe8',b'\xe1\xafFT(\r]F',48929,red
b'\xa9\x8b\xe3\x02\xdb7R/',b'\x99\x81w\xde\xb1\x15T3',49591,green
b'\x15Q\xca\xc8\x90\xd6Y\xf5',b'\x99\x81w\xde\xb1\x15T3',53428,red
b'\xd9:d[\xba\xf9Xb',b'\x99\x81w\xde\xb1\x15T3',49673,red
b'rb\xbc\xbf^\xe3[?',b'\x99\x81w\xde\xb1\x15T3',48612,red
b'\x0c\xfaR\x9d\xb7\xe6\\J',b'\x99\x81w\xde\xb1\x15T3',53166,red
"b'\xe5E\xf2\x81\xd0\xecW""'",b'\x99\x81w\xde\xb1\x15T3',49674,red
b'/-\xdc\xab\xc3\x95_\x9f',b'\x99\x81w\xde\xb1\x15T3',48930,red
b'A\xd9s\xd1\x07>[\xe1',b'\x99\x81w\xde\xb1\x15T3',48929,red
"b""\xeb\xa1\xb8'D\xe1\\\x8a""",b'\x08\x0c\xffmc\xa9W\xfb',49591,green
b'vUp\x812\xf0Q\x1f',b'\x08\x0c\xffmc\xa9W\xfb',53428,red
b'r \xd5+\x0eM[;',b'\x08\x0c\xffmc\xa9W\xfb',49673,red
b'\x0bt\xe6\xc2\xc7\xfbQ\x12',b'\x08\x0c\xffmc\xa9W\xfb',48612,red
"b'""ze\x91\x93EQ\xa2'",b'\x08\x0c\xffmc\xa9W\xfb',53166,red
b'\xae\xcbP3:z]x',b'\x08\x0c\xffmc\xa9W\xfb',49674,red
b'dK\xd8u\xf9?P\xe3',b'\x08\x0c\xffmc\xa9W\xfb',48930,red
b'\xa3R;\xec\xeb\xedPK',b'\x08\x0c\xffmc\xa9W\xfb',48929,red
"b""'\xaf\xa8\x97\xa4\xd1Z1""",b'\x0c\xc5\xe5\xf0\x91\xc1\\\x96',49591,green
b'm\xc0\xb7\xfe\xee\t_\x9a',b'\x0c\xc5\xe5\xf0\x91\xc1\\\x96',53428,red
b'7\xca@5\x94\xde[K',b'\x0c\xc5\xe5\xf0\x91\xc1\\\x96',49673,red
b'\x117n\xa8@\xa3Y\xf4',b'\x0c\xc5\xe5\xf0\x91\xc1\\\x96',48612,red
b'\x9a\x8as\xc0.\x8eU#',b'\x0c\xc5\xe5\xf0\x91\xc1\\\x96',53166,red
b'\xef<\t\xd9\xc1 W\xd9',b'\x0c\xc5\xe5\xf0\x91\xc1\\\x96',49674,red
b'\xf9\xd6\xfd\x93\xe9%YR',b'\x0c\xc5\xe5\xf0\x91\xc1\\\x96',48930,red
b'\x16\x87\xfa\xfb>h]\xa2',b'\x0c\xc5\xe5\xf0\x91\xc1\\\x96',48929,red
b'i\xad\x18e\x88AZ\x97',b'\x98\x9d%\x03\x8c\xca]m',49591,green
b'\xf7\r+$\xcf\x08S\xef',b'\x98\x9d%\x03\x8c\xca]m',53428,red
b'\xcfs1\xd5\xea\xb7Y\x8d',b'\x98\x9d%\x03\x8c\xca]m',49673,red
b'vg\x1b\x001=V\x11',b'\x98\x9d%\x03\x8c\xca]m',48612,red
b'\xe5\xa7\xcdL\x04\x12SI',b'\x98\x9d%\x03\x8c\xca]m',53166,red
b'\x03~`\xa2Y\xa9]\x97',b'\x98\x9d%\x03\x8c\xca]m',49674,red
b'\x912/\xecl\xda]\xd6',b'\x98\x9d%\x03\x8c\xca]m',48930,red
b'\x8b\x01\xee\x9c\x8cNV\x98',b'\x98\x9d%\x03\x8c\xca]m',48929,red
b'\x85\xd9\x99\x7f\xc5\x82Yz',b'\xf3\x06\xa1\x0e*\xc9Xk',49591,green
b'{\xf1<\x92\xdb\x00_X',b'\xf3\x06\xa1\x0e*\xc9Xk',53428,red
b'\xf8\xfdv\xf2\x05\x07Q\xc2',b'\xf3\x06\xa1\x0e*\xc9Xk',49673,red
b'`\n\x83z@\xb5QZ',b'\xf3\x06\xa1\x0e*\xc9Xk',48612,red
b'\xd6\xd1_Y\xd5\xe4Qh',b'\xf3\x06\xa1\x0e*\xc9Xk',53166,red
b'\x95u\x89\xb0\xaf\x80[3',b'\xf3\x06\xa1\x0e*\xc9Xk',49674,red
b'?\xafV\xdbE\xf3U\xe0',b'\xf3\x06\xa1\x0e*\xc9Xk',48930,red
b'8\xda\xb71\xb7\xdcS\xaa',b'\xf3\x06\xa1\x0e*\xc9Xk',48929,red
b'\x83;\xf8@q=T\xb3',b'\xc8;\xcc\x90\xfe\xafU\xa7',49591,green
"b""G?\xa0\x90\x80\xde\\'""",b'\xc8;\xcc\x90\xfe\xafU\xa7',53428,red
b'\xd6e\x9d\xb4\x11*V\x03',b'\xc8;\xcc\x90\xfe\xafU\xa7',49673,red
b')s:\xc7\xb8\x90[\x91',b'\xc8;\xcc\x90\xfe\xafU\xa7',48612,red
b'\x91\x90\xae4\xf4\xaa[\x90',b'\xc8;\xcc\x90\xfe\xafU\xa7',53166,red
b'%\x848}\x8b*_\x0c',b'\xc8;\xcc\x90\xfe\xafU\xa7',49674,red
b'\xff\xd7\xce\xe7\xd8\xabSi',b'\xc8;\xcc\x90\xfe\xafU\xa7',48930,red
b'\x1e-h\xcf\x04\xe8U\xca',b'\xc8;\xcc\x90\xfe\xafU\xa7',48929,red
b'lm\x11p\xee\xa1Vr',b'\xf6\x96\x02ET@Z\x14',49591,green
b'M\xf9\x02\x0e\t_R?',b'\xf6\x96\x02ET@Z\x14',53428,red
b'J\xc2K\x07.\xc7_S',b'\xf6\x96\x02ET@Z\x14',49673,red
b'#\xf2\xaa(K\xd2S\xb5',b'\xf6\x96\x02ET@Z\x14',48612,red
b'\xc4\xab\xc5\x93\xd8\xc1]8',b'\xf6\x96\x02ET@Z\x14',53166,red
b'y\xf9\x98P\x95\xfbWx',b'\xf6\x96\x02ET@Z\x14',49674,red
b'\xb4\xc8\x8f\x8fjrT\x06',b'\xf6\x96\x02ET@Z\x14',48930,red
b'\xa1\xc8&\xe3|aZ\xe4',b'\xf6\x96\x02ET@Z\x14',48929,red
b'\xbcNpo\x89\xf5^\x04',b'\xa0L\x87\xba\xe3/Zl',49591,green
b'U\xf3B\x96\xfd)]\x0b',b'\xa0L\x87\xba\xe3/Zl',53428,red
b'\xa8S\x9f\xd0\x1bg]k',b'\xa0L\x87\xba\xe3/Zl',49673,red
b'!+\xc7\xf5v\x8cU\xb0',b'\xa0L\x87\xba\xe3/Zl',48612,red
b'\x98%\xe4\x01P\x01Sd',b'\xa0L\x87\xba\xe3/Zl',53166,red
b'\xda\xeeoC\xbeZY#',b'\xa0L\x87\xba\xe3/Zl',49674,red
b'G_%\x80\x8b\x95T\x01',b'\xa0L\x87\xba\xe3/Zl',48930,red
b'\xe0\x80\xbd\n-\x95X\xfd',b'\xa0L\x87\xba\xe3/Zl',48929,red
b'\x18\x80\xdbi\x90cV:',b'[\x91D\xd4sQS\xf5',49591,green
b'\x88M\xf6)\xef\x18Yv',b'[\x91D\xd4sQS\xf5',53428,red
"b""F<\xa7?\xb8\x93Q'""",b'[\x91D\xd4sQS\xf5',49673,red
b'On[\xa9\xae\xc6[\xb1',b'[\x91D\xd4sQS\xf5',48612,red
b'Zo\xf2\x91\x172[]',b'[\x91D\xd4sQS\xf5',53166,red
b'N\xbe\x82\x14/\xb8WP',b'[\x91D\xd4sQS\xf5',49674,red
b'\t\xb4()\xa2#Q\x1e',b'[\x91D\xd4sQS\xf5',48930,red
b'F\xa8P\x11]UT\xc3',b'[\x91D\xd4sQS\xf5',48929,red
b'\x1a\xf5~\\\xf9|Ze',"b""\xa1\x8b\xb4'\xf1\xd2W\xb1""",49591,green
"b'\xd0-|\xf6\xf5,S\xa9'","b""\xa1\x8b\xb4'\xf1\xd2W\xb1""",53428,red
b'R\xfd\xc0s\xc5\x0c[o',"b""\xa1\x8b\xb4'\xf1\xd2W\xb1""",49673,red
b'\xcfJ:\x12\x00|T7',"b""\xa1\x8b\xb4'\xf1\xd2W\xb1""",48612,red
b'\x1e\xbe\xe8\x91\xc2&Y\x84',"b""\xa1\x8b\xb4'\xf1\xd2W\xb1""",53166,red
b'\xf7\x80\x93\xaa\xfb~UP',"b""\xa1\x8b\xb4'\xf1\xd2W\xb1""",49674,red
b'\r\x89d\xdf\x00\xd6UG',"b""\xa1\x8b\xb4'\xf1\xd2W\xb1""",48930,red
b'|\x87\xf6\xb3\x8f\x99_\xe0',"b""\xa1\x8b\xb4'\xf1\xd2W\xb1""",48929,red
b'z\xb6B\x84\xb2\x08V\xc9',b'\xdbPN;.\xc2Xs',49591,green
b'[\xac\xde\x16\xdb\xb0]_',b'\xdbPN;.\xc2Xs',53428,red
b'\xeb Gk\xf1\x8bU4',b'\xdbPN;.\xc2Xs',49673,red
b'\x87\xd4\xde\x1fBdZ\xe2',b'\xdbPN;.\xc2Xs',48612,red
b'\x18\xa3\xcb\x8dU\xfb^\x13',b'\xdbPN;.\xc2Xs',53166,red
b'\\\xe13\xf2\xe0\xf5]\xd1',b'\xdbPN;.\xc2Xs',49674,red
b'\xe1q\x80\xad\xb5\x95PP',b'\xdbPN;.\xc2Xs',48930,red
b'r\x08aB\xbd\xd2U\x80',b'\xdbPN;.\xc2Xs',48929,red
b')\x0bhC;\xb4[\xca',b'->\x9a\xdbF\xf7[\x1f',49591,green
b'\x12K\x9e\x93\xf3\xbfZ\x8d',b'->\x9a\xdbF\xf7[\x1f',53428,red
b'\xa5l(l@\xc8W\x9c',b'->\x9a\xdbF\xf7[\x1f',49673,red
"b'\x8f""\xd8\xfa\x00+Rc'",b'->\x9a\xdbF\xf7[\x1f',48612,red
b'W\r\xe5\xa7\x9e\x9dU\xe6',b'->\x9a\xdbF\xf7[\x1f',53166,red
b'A[X^\xa3\x04R\xb6',b'->\x9a\xdbF\xf7[\x1f',49674,red
b'I\xc3#\x1b\xba\xebP\xdd',b'->\x9a\xdbF\xf7[\x1f',48930,red
b'd-\x01R\x17\xec^3',b'->\x9a\xdbF\xf7[\x1f',48929,red
b'\x12\xaf_bo\x8aQ\xec',b'\x03\x90\xa7\xa4\x9b S`',49591,green
b'B\xd1[Ec\x01\\\xd8',b'\x03\x90\xa7\xa4\x9b S`',53428,red
b'\x16\xc8p\x04k\xd3T\x9e',b'\x03\x90\xa7\xa4\x9b S`',49673,red
b'\x19\xf4\x86@v\xa4P\x96',b'\x03\x90\xa7\xa4\x9b S`',48612,red
b'\x16\xc0\xe7xT9^\xda',b'\x03\x90\xa7\xa4\x9b S`',53166,red
b'\xb2\xf5\xb4\xb4\x9f\xcfY\xe8',b'\x03\x90\xa7\xa4\x9b S`',49674,red
b'\x18\x81pa\xccmYP',b'\x03\x90\xa7\xa4\x9b S`',48930,red
b'\xad\xf9\xd72\xd5\xac[\x9a',b'\x03\x90\xa7\xa4\x9b S`',48929,red
b'\n\x12I\x9a\xac\xd2\\s',b'\xba\xd1\x86\xc3m\xb9P\xb7',49591,green
b'\x19\xf5\xa5\xbe\xfe\x19S\xa1',b'\xba\xd1\x86\xc3m\xb9P\xb7',53428,red
b'\xb43f\xc6\xb9eQ\xf0',b'\xba\xd1\x86\xc3m\xb9P\xb7',49673,red
b'\x05\x90\x87\xb9d\x9eV\x9e',b'\xba\xd1\x86\xc3m\xb9P\xb7',48612,red
b'\x8c\x9f\xbb\xa0H\xf8Y\x99',b'\xba\xd1\x86\xc3m\xb9P\xb7',53166,red
b'\x00yN\xaa\x7f\xb5^#',b'\xba\xd1\x86\xc3m\xb9P\xb7',49674,red
b'\xdf\x93+w\x86I^\x92',b'\xba\xd1\x86\xc3m\xb9P\xb7',48930,red
b'\xa8\xdc\x11\x87\xaaCV^',b'\xba\xd1\x86\xc3m\xb9P\xb7',48929,red
b'\xa0\xb7\xb7\xa6\xdb\x9e_\xc2',b'\xf34\xfd\xc2\x0b\xdcVx',49591,green
b'\x1f)\xd4\x92!\xa7V\xa1',b'\xf34\xfd\xc2\x0b\xdcVx',53428,red
b'GQ\xc1\x99l\xcc[\xe1',b'\xf34\xfd\xc2\x0b\xdcVx',49673,red
b'*16D=9\\\x9f',b'\xf34\xfd\xc2\x0b\xdcVx',48612,red
b'\x88\xb5w\xb0s\xc1W\xcf',b'\xf34\xfd\xc2\x0b\xdcVx',53166,red
b'M\x1eL\x96\x82\x80\\\xbb',b'\xf34\xfd\xc2\x0b\xdcVx',49674,red
b'3d\xa4l\x07\x96R\xc1',b'\xf34\xfd\xc2\x0b\xdcVx',48930,red
b'~\xbd>?\xe0XT\xe2',b'\xf34\xfd\xc2\x0b\xdcVx',48929,red
b'\xcd\xf1\xdbU^ZY\xd3',b'$p\xe5\x8fa\xa2R\xee',49591,green
b'Bn\x85\n\xf2\x9dU\x8b',b'$p\xe5\x8fa\xa2R\xee',53428,red
b'\xe9\x15\xdc\xf9\x01t]\x8f',b'$p\xe5\x8fa\xa2R\xee',49673,red
b'i\xd17r\x8fh^\x1b',b'$p\xe5\x8fa\xa2R\xee',48612,red
b'\x05\xd9}2\x9b\x9f]\x82',b'$p\xe5\x8fa\xa2R\xee',53166,red
b'c\xa3\xfb\xfe\xdd\xb7Z7',b'$p\xe5\x8fa\xa2R\xee',49674,red
b'\x97\xbaT\xd2R\xc0X\xf3',b'$p\xe5\x8fa\xa2R\xee',48930,red
b'\xab\x87\x1f\x9dE\xc1\\\xce',b'$p\xe5\x8fa\xa2R\xee',48929,red
b'\xb46=b-\x02V\xaf',b'\xc5\xe1\xaaP.\xa3V7',49591,green
"b'""\xae6\xcem\xb8Ug'",b'\xc5\xe1\xaaP.\xa3V7',53428,red
b'\xc9\xf5H\xeb\x9e[^~',b'\xc5\xe1\xaaP.\xa3V7',49673,red
b'\x96@%\xa7{0S4',b'\xc5\xe1\xaaP.\xa3V7',48612,red
b'\x1a\xfa!\xcd\xaf\x1fX\xd0',b'\xc5\xe1\xaaP.\xa3V7',53166,red
b'\xc7\xcb:|\xf3P^{',b'\xc5\xe1\xaaP.\xa3V7',49674,red
b'\x94w\xd2\xb6\xd2SQ\x9f',b'\xc5\xe1\xaaP.\xa3V7',48930,red
b'P\xe7\xef\xda6@TE',b'\xc5\xe1\xaaP.\xa3V7',48929,red
b'\nQ\x9c\x99\rxW+',"b'""\x1a+\n\xff\x04ZM'",49591,green
b'\xdf\x173\xf2G\\W\x14',"b'""\x1a+\n\xff\x04ZM'",53428,red
b'yX\x9a}F\xabQ\xae',"b'""\x1a+\n\xff\x04ZM'",49673,red
b'\x8e\xa2\xc3h\x85\x93W/',"b'""\x1a+\n\xff\x04ZM'",48612,red
b'\x08\x01\x90\xa6\xc9}X\x18',"b'""\x1a+\n\xff\x04ZM'",53166,red
b'.|\xb7h\x1d\x1bR\xf0',"b'""\x1a+\n\xff\x04ZM'",49674,red
b'\xdb\xca>\x0b\x00\x87^5',"b'""\x1a+\n\xff\x04ZM'",48930,red
b')\x18P\x9e\x8e5S\xe5',"b'""\x1a+\n\xff\x04ZM'",48929,red
b'\x82\x0e\xa8\x9f\x975U7',b'\x1e\x06\n\xb5\xdd\xa4WR',49591,green
b'\x13\x88]L!\xedUb',b'\x1e\x06\n\xb5\xdd\xa4WR',53428,red
b'\x1d\x80\xe1\xed\xcd\x96_\xb7',b'\x1e\x06\n\xb5\xdd\xa4WR',49673,red
b'[\xa3\tP\xec\x08Y\x0b',b'\x1e\x06\n\xb5\xdd\xa4WR',48612,red
b'\xbd\xe3\x12s\xcd\x01X<',b'\x1e\x06\n\xb5\xdd\xa4WR',53166,red
b'F>S\x086\xc8\\H',b'\x1e\x06\n\xb5\xdd\xa4WR',49674,red
b'\xb3\xf7\xccL>\xbb^p',b'\x1e\x06\n\xb5\xdd\xa4WR',48930,red
b'\xa9\xd1`o\xf6\xba\\\x0e',b'\x1e\x06\n\xb5\xdd\xa4WR',48929,red
b'\xa4\x02\xaf}\x17\xc0P\t',b'\x0c\xb3\x9b2\x16.X\xb9',49591,green
b'O%\xab\xe3r\x04]\xc5',b'\x0c\xb3\x9b2\x16.X\xb9',53428,red
b'\xd4\xc4\x82^\xa8hW&',b'\x0c\xb3\x9b2\x16.X\xb9',49673,red
b'\xaf#\xa8Q\xc5<W\xfd',b'\x0c\xb3\x9b2\x16.X\xb9',48612,red
"b'\xd3""\xaf\xc3I\x0fZ '",b'\x0c\xb3\x9b2\x16.X\xb9',53166,red
b'\x11\x94\xe0=\xe8xW\xad',b'\x0c\xb3\x9b2\x16.X\xb9',49674,red
b'\xd7\xc0cy~\x9fX\xd0',b'\x0c\xb3\x9b2\x16.X\xb9',48930,red
b'\x80V\x16\x99\xe09P\r',b'\x0c\xb3\x9b2\x16.X\xb9',48929,red
b'\xb3*_\x00\x02\x94X\r',b'\xe1\xab3~\x08\x90P\x89',49591,green
b'.\t\x0eS\xb5\xa2Y\xb6',b'\xe1\xab3~\x08\x90P\x89',53428,red
b'\x98\xff\xf3\xcf\x1bq\\w',b'\xe1\xab3~\x08\x90P\x89',49673,red
b'\x9c\x98\xcc9\x8d\xadR\x88',b'\xe1\xab3~\x08\x90P\x89',48612,red
b'\x00\x13\xbdJT\x92Z\x1e',b'\xe1\xab3~\x08\x90P\x89',53166,red
b'\x91\x07JNO#QD',b'\xe1\xab3~\x08\x90P\x89',49674,red
b'\xd5?\xf0\xe0pEW\x98',b'\xe1\xab3~\x08\x90P\x89',48930,red
b'O\x80\xfd\x19]eY\xea',b'\xe1\xab3~\x08\x90P\x89',48929,red
b'>\x8d\xc9\x1e\x82\x9bW\xa5',b'\xbd\xf8\x16_\xb61W\xf3',49591,green
b'\xae%X\xf3\x93)Q\xf1',b'\xbd\xf8\x16_\xb61W\xf3',53428,red
b'\xf2\xca\x8eo\xdb\x8aS\x04',b'\xbd\xf8\x16_\xb61W\xf3',49673,red
b'\x89\xeb\x0b\x03\xe4\xaaYf',b'\xbd\xf8\x16_\xb61W\xf3',48612,red
b'{\xea\xfb\xb7\xc5\x01R\xac',b'\xbd\xf8\x16_\xb61W\xf3',53166,red
b'\x070O\x88u\x1a^\xbb',b'\xbd\xf8\x16_\xb61W\xf3',49674,red
b'\xbd\x9f\x11\x9b\x1c\xdeW\x0e',b'\xbd\xf8\x16_\xb61W\xf3',48930,red
b'\xe8\x07\xa51B*Y\xf7',b'\xbd\xf8\x16_\xb61W\xf3',48929,red
b'\x8ab\xac]\xa3ZQ\t',"b'\xa4""\xa4\x86\x18""]\xb1'",49591,green
b'\xd7\x08\xe3\\\xc4mQ\xa1',"b'\xa4""\xa4\x86\x18""]\xb1'",53428,red
b'\xcdf\xf8\x85\xbd\xdbU\xef',"b'\xa4""\xa4\x86\x18""]\xb1'",49673,red
"b'X\xdc\xd8\xd7o,ZO'","b'\xa4""\xa4\x86\x18""]\xb1'",48612,red
b'\xc7\x00\xe5\xc5zQR\xc4',"b'\xa4""\xa4\x86\x18""]\xb1'",53166,red
b'\xb8;3E\x1enZ\xdd',"b'\xa4""\xa4\x86\x18""]\xb1'",49674,red
b'\xf7\xca\xe1b\xf9\x8b\\$',"b'\xa4""\xa4\x86\x18""]\xb1'",48930,red
"b'p\xc8\xbc\x05,\x95]\xe3'","b'\xa4""\xa4\x86\x18""]\xb1'",48929,red
b'Mt\xf9\xdc\xc1HQ\xa3',b'\xd1\x82\xbcm\x8cv^F',49591,green
b'\xd5\xcf.\x80\xeb\xcf^\xc6',b'\xd1\x82\xbcm\x8cv^F',53428,red
b'\xdb\xe4\xc7(7\xc9[_',b'\xd1\x82\xbcm\x8cv^F',49673,red
b'\xec\x0cPZ\x1ex]\x99',b'\xd1\x82\xbcm\x8cv^F',48612,red
b'\x1a\x08CG\x06\xf9W\xd7',b'\xd1\x82\xbcm\x8cv^F',53166,red
"b'$L\x96\x14P/S""'",b'\xd1\x82\xbcm\x8cv^F',49674,red
b'\x15~\xb2\xf1\x80\xe2]\xd8',b'\xd1\x82\xbcm\x8cv^F',48930,red
b'\x96\xe1\xa0}C\xe5\\\xde',b'\xd1\x82\xbcm\x8cv^F',48929,red
b'\x8b\x12\xc0`\x8d\x12_\x88',b'\x8b`\x16)\xfc5P\xb4',49591,green
b'\xc8V-xk\xa0P1',b'\x8b`\x16)\xfc5P\xb4',53428,red
b'H\xe0# \xef\xa2]\xb2',b'\x8b`\x16)\xfc5P\xb4',49673,red
b'R\x18\x9d\xcb\x18b[\x86',b'\x8b`\x16)\xfc5P\xb4',48612,red
b'*\xf5\x87\xc7\xe2QW!',b'\x8b`\x16)\xfc5P\xb4',53166,red
b'\xcb%B!\x0f\xee\\D',b'\x8b`\x16)\xfc5P\xb4',49674,red
b'S\xe3\x17\x98\xe9\xc2P\xd5',b'\x8b`\x16)\xfc5P\xb4',48930,red
b'\x1f\x91\xa3\x1a\xc3P[\xf1',b'\x8b`\x16)\xfc5P\xb4',48929,red
b'\xa8\x89\x9fr\xda\x92Y\xee',b'm\xc86\xc8\x8c\xa8U/',49591,green
"b',\xcc\x06\xc5C\xbb_p'",b'm\xc86\xc8\x8c\xa8U/',53428,red
b'\xea\xd6\xfdN{\x1cS\x15',b'm\xc86\xc8\x8c\xa8U/',49673,red
b'\x16)B\xdb\xfbvSk',b'm\xc86\xc8\x8c\xa8U/',48612,red
b'\xc1\x9b)$\xed\x8fW\xde',b'm\xc86\xc8\x8c\xa8U/',53166,red
b'\xd1\xd8\xa9\xb3\xbb\x99Z[',b'm\xc86\xc8\x8c\xa8U/',49674,red
b'\x04\xd2\x99e\x99dX\xc2',b'm\xc86\xc8\x8c\xa8U/',48930,red
b'\x84\xa0\xf7\xb0\xdf\xe5S\x97',b'm\xc86\xc8\x8c\xa8U/',48929,red
b'\x14\xcd9M\x1a\x91_\x9f',b'x \x8e\xd2\xdc\xca[=',49591,green
b'\x81;\x0b\x9f\xc5\xec^\x06',b'x \x8e\xd2\xdc\xca[=',53428,red
b'\xf29\x11S]\x8dX\x03',b'x \x8e\xd2\xdc\xca[=',49673,red
b'\x9d\xbfF\x10\xb1\x01Xr',b'x \x8e\xd2\xdc\xca[=',48612,red
b'\x19\xf6rQx\x9cP\xb0',b'x \x8e\xd2\xdc\xca[=',53166,red
b'\x8f\x10\x1a\\\x81=T\xb7',b'x \x8e\xd2\xdc\xca[=',49674,red
b'\xa1N\ne\xd8\xfb\\\x9c',b'x \x8e\xd2\xdc\xca[=',48930,red
b'\t\xc0\x03\xa3\x08\xe7Q=',b'x \x8e\xd2\xdc\xca[=',48929,red
b'\xd7\xe1\x1a:\xbf\xd4V\xe3',b'\xe3P\x8b\xac-\xe2W\n',49591,green
b'\xd6\x89-\xd9W\xf7U4',b'\xe3P\x8b\xac-\xe2W\n',53428,red
b'\xf6/i[\xa7\xc2Tb',b'\xe3P\x8b\xac-\xe2W\n',49673,red
b'4\x18\xd7\xf1G\xbaW\xa3',b'\xe3P\x8b\xac-\xe2W\n',48612,red
b'\xc9\xc9\xdf\xd7&\x06^\x19',b'\xe3P\x8b\xac-\xe2W\n',53166,red
"b""T\x99\xe1\x99se^'""",b'\xe3P\x8b\xac-\xe2W\n',49674,red
b'85\xbe|\x12\xdf^\xe7',b'\xe3P\x8b\xac-\xe2W\n',48930,red
b'+\x9b[d\xcf>[\x19',b'\xe3P\x8b\xac-\xe2W\n',48929,red
b'\r\xa3\xca^\xc3\xfeR\x94',b' \xec\x83\xe55\xa1Q\r',49591,green
b'\xffKa\xed\x8a1V\xb2',b' \xec\x83\xe55\xa1Q\r',53428,red
b'4%\x06\xa46\xd8[n',b' \xec\x83\xe55\xa1Q\r',49673,red
b'\x8d\xd3o\xa3\n\x80T\x10',b' \xec\x83\xe55\xa1Q\r',48612,red
b'\x06\xd16\x1a\x94]V7',b' \xec\x83\xe55\xa1Q\r',53166,red
b'\x0b\xdf\x1b\xfd\xe2%P\x0e',b' \xec\x83\xe55\xa1Q\r',49674,red
b'QU\x99\x95\xd9\xba_\xc6',b' \xec\x83\xe55\xa1Q\r',48930,red
b'Y\xb77G\x8d\xd0] ',b' \xec\x83\xe55\xa1Q\r',48929,red
b'\xfe_\x9b\xa1p#_\xd0',"b""\xf6g\x15'\xa2\x82Sa""",49591,green
"b""\xb0A`'x.U\xb1""","b""\xf6g\x15'\xa2\x82Sa""",53428,red
"b""'oY\x045\xeaX\xb6""","b""\xf6g\x15'\xa2\x82Sa""",49673,red
b'*\xbc\xf1\x16\x06f\\\x9a',"b""\xf6g\x15'\xa2\x82Sa""",48612,red
b'\x08\x9b\xa2\xf5\x01\x9dU\xce',"b""\xf6g\x15'\xa2\x82Sa""",53166,red
b'\t\xf7p\xfdmN[\x9e',"b""\xf6g\x15'\xa2\x82Sa""",49674,red
b'Y\x90>\x01L\xb3PU',"b""\xf6g\x15'\xa2\x82Sa""",48930,red
b'+D\x8e\xec\xf2ESA',"b""\xf6g\x15'\xa2\x82Sa""",48929,red
b'\xc5\x1b\x1bOY`[\xc1',b'\x0e\xdc\x97\xa3|\xfeT\xec',49591,green
b'\xa1D\x0f \x14\xedZ\x80',b'\x0e\xdc\x97\xa3|\xfeT\xec',53428,red
b'\xcd\xd5\xf8\xb4\x9b\xf4]9',b'\x0e\xdc\x97\xa3|\xfeT\xec',49673,red
"b""?\xca\xb9\xc2{'YF""",b'\x0e\xdc\x97\xa3|\xfeT\xec',48612,red
b'\xccn:XJ\x89^?',b'\x0e\xdc\x97\xa3|\xfeT\xec',53166,red
b'\x95\xe6\xabi\xbb_T\xaa',b'\x0e\xdc\x97\xa3|\xfeT\xec',49674,red
b'\x022\xbf\xfbYD\\\n',b'\x0e\xdc\x97\xa3|\xfeT\xec',48930,red
b'\x0f\tS\r\x08T_>',b'\x0e\xdc\x97\xa3|\xfeT\xec',48929,red
b'\xfbI$r\xf0\x1bZa',b'\xec\xf6b\x86\xc2\x84WI',49591,green
b'P\xd6n5\xe9BUN',b'\xec\xf6b\x86\xc2\x84WI',53428,red
b'o\x801\x9d8\xdb^\x06',b'\xec\xf6b\x86\xc2\x84WI',49673,red
b'\xcff\xa7\xe3t\x19[\x9a',b'\xec\xf6b\x86\xc2\x84WI',48612,red
b'\xe6\x8bWg\xc7UQ\x99',b'\xec\xf6b\x86\xc2\x84WI',53166,red
b'\xdb\xf5\xc6\xba\xf7\x8cW\x07',b'\xec\xf6b\x86\xc2\x84WI',49674,red
b'\x88\xd2\xb1\xfa\x1e)S\xcc',b'\xec\xf6b\x86\xc2\x84WI',48930,red
b'\xf2\xe2\r$\xd1\x0e_\x86',b'\xec\xf6b\x86\xc2\x84WI',48929,red
b'\xf6s\xf8\x98\x9c\x80TL',b'\xa2\xed\xbe\xa0v#X\xc8',49591,green
b'\xe3\x10\xecS\x8d\rX\xca',b'\xa2\xed\xbe\xa0v#X\xc8',53428,red
b'\xd5\xda\x82\x12?\x0eX\xb6',b'\xa2\xed\xbe\xa0v#X\xc8',49673,red
b'x\x80\xb5h\xc6 [\xdd',b'\xa2\xed\xbe\xa0v#X\xc8',48612,red
b'\xebRI9\xe8\x16R\x1d',b'\xa2\xed\xbe\xa0v#X\xc8',53166,red
b'\xb2b\x9e\xf2\x03\x8fS\xe1',b'\xa2\xed\xbe\xa0v#X\xc8',49674,red
b'\x9b\xac\xcbiD\xd8W\x9e',b'\xa2\xed\xbe\xa0v#X\xc8',48930,red
b'\r\x1a\x8b\x1c\xeb\xaaP\xa1',b'\xa2\xed\xbe\xa0v#X\xc8',48929,red
b'\xca\xe8v\xa5j%S\xb1',b'$\xf5\xae\xac\x9c\x8fT\x92',49591,green
b'R\xa3\xdb1\xa2\xf4Uf',b'$\xf5\xae\xac\x9c\x8fT\x92',53428,red
b'\xeb\xddq\xcfo\xf5X\x94',b'$\xf5\xae\xac\x9c\x8fT\x92',49673,red
b'dN\xcaB\x85\xb3]\x8c',b'$\xf5\xae\xac\x9c\x8fT\x92',48612,red
b'a\xaf\xd5\x87\xa3l_\t',b'$\xf5\xae\xac\x9c\x8fT\x92',53166,red
b'\x85\xae\xf4\xb2\n\xa7Y\x97',b'$\xf5\xae\xac\x9c\x8fT\x92',49674,red
b'\xd0\xb2\x1f\xfd\x80\xf0P*',b'$\xf5\xae\xac\x9c\x8fT\x92',48930,red
b'+Z|-U\xf8]\xbc',b'$\xf5\xae\xac\x9c\x8fT\x92',48929,red
"b""'M Cd\x88^\xff""",b'3\x0c\xddk\xb5\xa2[\x08',49591,green
b'8\xfc\xfd\xb6\xbc\xe3S=',b'3\x0c\xddk\xb5\xa2[\x08',53428,red
b' \x84\rL\xc3\xe3]\xf1',b'3\x0c\xddk\xb5\xa2[\x08',49673,red
b'\x04%\x93\xe5\xa6\xe5S\x99',b'3\x0c\xddk\xb5\xa2[\x08',48612,red
b'\xe3\x1f\x11w\xa32Q\x82',b'3\x0c\xddk\xb5\xa2[\x08',53166,red
b'\x1c\x9f8/&\xd4V6',b'3\x0c\xddk\xb5\xa2[\x08',49674,red
b'\x02\x11\r\x8e]8XN',b'3\x0c\xddk\xb5\xa2[\x08',48930,red
b'\xd0\xf6\n\x15\x0e\xe4V\xcc',b'3\x0c\xddk\xb5\xa2[\x08',48929,red
b's^\xc8e\x07\xd1S;',b'\xa5\xc1W\xe4\xd9\xaeS\xd4',49591,green
b'O\x007\x05i\x9dR\xea',b'\xa5\xc1W\xe4\xd9\xaeS\xd4',53428,red
b'_\x82x\x93q\x86QO',b'\xa5\xc1W\xe4\xd9\xaeS\xd4',49673,red
b'\x15\xcb.\xd2\xb0-S9',b'\xa5\xc1W\xe4\xd9\xaeS\xd4',48612,red
b'\x92VD\\\r4Ra',b'\xa5\xc1W\xe4\xd9\xaeS\xd4',53166,red
b'3&\x81\xe4\xc8{U|',b'\xa5\xc1W\xe4\xd9\xaeS\xd4',49674,red
b'\xc6\xe7\t\x9e\xaa;P\\',b'\xa5\xc1W\xe4\xd9\xaeS\xd4',48930,red
b'\x88\x9f\xf6\x02\xa8\xdb\\\xf3',b'\xa5\xc1W\xe4\xd9\xaeS\xd4',48929,red
b'*\x19\xc6\x93\xb0\nUQ',b'J\x15\x15Y\x01i\\D',49591,green
b'\xa2\xa4\xc8F\x9e\xfcR\x01',b'J\x15\x15Y\x01i\\D',53428,red
b'2\xc7\x17]\x00\x8aQB',b'J\x15\x15Y\x01i\\D',49673,red
b'N\x83h)\x8a5]\x90',b'J\x15\x15Y\x01i\\D',48612,red
b'\xa3\xc99\n\xf0\xbe]\xd4',b'J\x15\x15Y\x01i\\D',53166,red
b'\xb6kQ<\x9c\x94R\xb8',b'J\x15\x15Y\x01i\\D',49674,red
b'^\x82\xef\x1cp\xb0Q^',b'J\x15\x15Y\x01i\\D',48930,red
b'\x7fk>\x8d:\x18]\xf8',b'J\x15\x15Y\x01i\\D',48929,red
b'Q\x17\x14S\xcb\x80W\xf1',b'n\x7f\xa5\x1anMWA',49591,green
b'q\x88\xb1\xff\x9e\x86X\xfd',b'n\x7f\xa5\x1anMWA',53428,red
b'_\xae\xb7\xb1aFV\x9d',b'n\x7f\xa5\x1anMWA',49673,red
b'#\xbf\xd5(\xd6\xe3Q\xe4',b'n\x7f\xa5\x1anMWA',48612,red
b'\xa8\xa1\x9c\xb08v[F',b'n\x7f\xa5\x1anMWA',53166,red
b'\x17\xea\xbb\xc33\xdcV&',b'n\x7f\xa5\x1anMWA',49674,red
b'H\xae~\x10\xb6\xbcQz',b'n\x7f\xa5\x1anMWA',48930,red
b'\x9fL5&\xc3\xb6P\x7f',b'n\x7f\xa5\x1anMWA',48929,red
b'v\xfcz\x1b\x8f\xa5X\xad',b'\\\x0c\x15}`\xf4V{',49591,green
b'\xa7\x8b.\xdag4Y&',b'\\\x0c\x15}`\xf4V{',53428,red
b'\x8a*\x84\xa8\xa8\x1aR\xab',b'\\\x0c\x15}`\xf4V{',49673,red
b'\xfb=@\xd3\xd3BW\xd2',b'\\\x0c\x15}`\xf4V{',48612,red
b'\x0b\x95\x88*c3R\x19',b'\\\x0c\x15}`\xf4V{',53166,red
b'\xca\x8d\x8d\x1c\x84\xafW|',b'\\\x0c\x15}`\xf4V{',49674,red
b'<\xa7\xb7\xe9\xa2\x81Qj',b'\\\x0c\x15}`\xf4V{',48930,red
b'\x92\xeb\xaa\x7f\xb5KR\xec',b'\\\x0c\x15}`\xf4V{',48929,red
b'\xeb\xf80\xc3\xfc\xf9U\xfb',b'\xfb\xe3\x82\xa6\\\xbeP\x9a',49591,green
b'\xbc\xf5V\xf4\xb0\xc2V\x9f',b'\xfb\xe3\x82\xa6\\\xbeP\x9a',53428,red
b'\xf3\xb8R\xd6k\xd5V\x17',b'\xfb\xe3\x82\xa6\\\xbeP\x9a',49673,red
b'\xe32\xaf\x8d\xa5\xd7U\x83',b'\xfb\xe3\x82\xa6\\\xbeP\x9a',48612,red
b'\xe9\xba\xce\xe0\x9f?V.',b'\xfb\xe3\x82\xa6\\\xbeP\x9a',53166,red
b'6\xf4\xb5\x8bT\xccPy',b'\xfb\xe3\x82\xa6\\\xbeP\x9a',49674,red
b'\xef<\xd6a\xadMY?',b'\xfb\xe3\x82\xa6\\\xbeP\x9a',48930,red
b'\xd6\xcf\xa4\x92\xfc\xae\\\xdc',b'\xfb\xe3\x82\xa6\\\xbeP\x9a',48929,red
b'\xf8\x0b\x1a\xd9C\x99U\x8c',b'\x1d\x91N\xa7\xd9%T\x97',49591,green
b'\xd4\xbb\xd49\xcdEU\xa8',b'\x1d\x91N\xa7\xd9%T\x97',53428,red
b'\xd5\xe0\xe0\xfa\xfc\xfdS\xfb',b'\x1d\x91N\xa7\xd9%T\x97',49673,red
b'<J\xaf[\x05f^\xab',b'\x1d\x91N\xa7\xd9%T\x97',48612,red
b'P6\x80\xad\x1e\x04U\x13',b'\x1d\x91N\xa7\xd9%T\x97',53166,red
b'U\x10\x15(\x8c\x0fZ\xed',b'\x1d\x91N\xa7\xd9%T\x97',49674,red
b'\xaa\xdb\xa5\xee\x801]\x0b',b'\x1d\x91N\xa7\xd9%T\x97',48930,red
b'*\xc96x&F\\\x8b',b'\x1d\x91N\xa7\xd9%T\x97',48929,red
b'\xdb\xa5\x02\xacpES/',b'\x86\xbdJ\xac\xd8\x05\\j',49591,green
b'\xb0\xc8\xe5\x83\x90\x8cR\xf7',b'\x86\xbdJ\xac\xd8\x05\\j',53428,red
b'y\xe8\x163\t\xde]\x91',b'\x86\xbdJ\xac\xd8\x05\\j',49673,red
"b""]\xa0\x1etG'^1""",b'\x86\xbdJ\xac\xd8\x05\\j',48612,red
b'=\xaeU4\xaa\tP\x0e',b'\x86\xbdJ\xac\xd8\x05\\j',53166,red
b'eggM/V\\6',b'\x86\xbdJ\xac\xd8\x05\\j',49674,red
b'\x82\x07\xb8^\x11\xabY\xe1',b'\x86\xbdJ\xac\xd8\x05\\j',48930,red
b'\xbb\xe3\xaaD}tQ(',b'\x86\xbdJ\xac\xd8\x05\\j',48929,red
b'\x04\xf3g\\\xfc\x11_}',b'\xf01\xa5;\xbab\\\x93',49591,green
b'\x8bLkN&Y^V',b'\xf01\xa5;\xbab\\\x93',53428,red
b'\xbb\xf3\x89\x83\xfd\xbd]n',b'\xf01\xa5;\xbab\\\x93',49673,red
b'$!\x1d#{\xb2\\\x7f',b'\xf01\xa5;\xbab\\\x93',48612,red
b'/\xe4\xf7\xc46\xc0W\xfb',b'\xf01\xa5;\xbab\\\x93',53166,red
b'\x17\xa4\x85\xd9\xd3\xa8Sp',b'\xf01\xa5;\xbab\\\x93',49674,red
b'\xfa0\x1a\xf5\x85iW\xfa',b'\xf01\xa5;\xbab\\\x93',48930,red
b'\xa3\xd5@&z\xe3\\+',b'\xf01\xa5;\xbab\\\x93',48929,red
"b""Z'\xb2\x12\x00\x80^\x83""",b'(H\xdf\\rmP}',49591,green
b'\x8e\xb2\xdd\xd6\xd1\xd1Z;',b'(H\xdf\\rmP}',53428,red
b'\x89 M\xb1\x9b-R\t',b'(H\xdf\\rmP}',49673,red
b'\xbd\xf1?\xa7k\xa8^}',b'(H\xdf\\rmP}',48612,red
b'\xc2\x83\x82\xd8#\x94X\xde',b'(H\xdf\\rmP}',53166,red
"b't\xa0?,\xfc\xc0]\r'",b'(H\xdf\\rmP}',49674,red
b'\xf2\xc0oAj\x87_\xa7',b'(H\xdf\\rmP}',48930,red
b'7\xe1\x15c\x04\x0f[\xc7',b'(H\xdf\\rmP}',48929,red
b'\xcbp\x98\xbcw\xebR\xda',"b',\x88r\x1d`ZQ\xb3'",49591,green
b'b\x99\xa74>\xf4R\x80',"b',\x88r\x1d`ZQ\xb3'",53428,red
b'\x84\x99\xfd~\xd17Zy',"b',\x88r\x1d`ZQ\xb3'",49673,red
b'\xa8Sb\x8a\xeb\xcfRq',"b',\x88r\x1d`ZQ\xb3'",48612,red
b'|\x15\xc8y\xffBR\xb0',"b',\x88r\x1d`ZQ\xb3'",53166,red
b'\x1f\xbe\xf4\\\xee\x1fX*',"b',\x88r\x1d`ZQ\xb3'",49674,red
b'\x16z\xdc\x8d\xb2\xaa_\xd7',"b',\x88r\x1d`ZQ\xb3'",48930,red
b'\x06\x0eF\x91\xcc\xeeU\xd3',"b',\x88r\x1d`ZQ\xb3'",48929,red
b'6\xd2\xb0\x01\x1d\xe9\\\x85',b'\xa7}g\xbb\xe3!W\xbe',49591,green
b'.\x83\xc24\x12lWL',b'\xa7}g\xbb\xe3!W\xbe',53428,red
b'Y\xc3\x08n\xaf\xf7QO',b'\xa7}g\xbb\xe3!W\xbe',49673,red
b'\xd2\x9b\x0f\x08\xedoW\xf7',b'\xa7}g\xbb\xe3!W\xbe',48612,red
b'\xf8]P\xb2\x89\x1f\\\\',b'\xa7}g\xbb\xe3!W\xbe',53166,red
b'\xc0\x8eZ\xf1\xfe\xeaV\x95',b'\xa7}g\xbb\xe3!W\xbe',49674,red
b'!4\xa2A\x94NY\xac',b'\xa7}g\xbb\xe3!W\xbe',48930,red
b'\xf2]z\x1c\x8c\n^\xf5',b'\xa7}g\xbb\xe3!W\xbe',48929,red
b'W\x93]4riR\xcd',b'\xcf\xd2\xd9\x0b g\\\x8e',49591,green
b'\x9e\x8e)\xdc]\xbcR\x9c',b'\xcf\xd2\xd9\x0b g\\\x8e',53428,red
b'\x83@\x99\xca\xd7\x9cV3',b'\xcf\xd2\xd9\x0b g\\\x8e',49673,red
b'\x84b\xbc\xebq$Qm',b'\xcf\xd2\xd9\x0b g\\\x8e',48612,red
b'\xb9\xa8\xf6\x1b\xb8\xbbU\xf6',b'\xcf\xd2\xd9\x0b g\\\x8e',53166,red
b'\xba\t\xc0&\x13LX\xaf',b'\xcf\xd2\xd9\x0b g\\\x8e',49674,red
b'E\xdf\x96\xe9\xe2\xdcRc',b'\xcf\xd2\xd9\x0b g\\\x8e',48930,red
"b'""p\x00\xc7\xff\x1c]:'",b'\xcf\xd2\xd9\x0b g\\\x8e',48929,red
b'S\xd7\xbbyW\xebS\xb2',"b""\xb6 ;'\nEU\xb2""",49591,green
b'S\xadH\x02\xc0\x9b^H',"b""\xb6 ;'\nEU\xb2""",53428,red
b'H\xb3}\x06\xc6OQ\x15',"b""\xb6 ;'\nEU\xb2""",49673,red
b'1\xca<S\x8c(S\xf7',"b""\xb6 ;'\nEU\xb2""",48612,red
b'\xfc\x8b\x8d\x83\xd1\x0fX\x81',"b""\xb6 ;'\nEU\xb2""",53166,red
b'\xfb\x9c\x85\xf3\x8e\xfePg',"b""\xb6 ;'\nEU\xb2""",49674,red
b'\xe52\xc4\xf3\xbdF_\x89',"b""\xb6 ;'\nEU\xb2""",48930,red
b'A\x1a\xd3\x9a8WX\xfe',"b""\xb6 ;'\nEU\xb2""",48929,red
"b""\xee\xd0'\xaa\x06\x83Y\xa5""",b'\x9e\x1b\xbb\xdf\xbd\x11TI',49591,green
b'/\x8c\xe6s\xc0\xc7W\x81',b'\x9e\x1b\xbb\xdf\xbd\x11TI',53428,red
b' \x13\x06pd\x17^\xe5',b'\x9e\x1b\xbb\xdf\xbd\x11TI',49673,red
b'$\x19\xb7/\x91\xefW)',b'\x9e\x1b\xbb\xdf\xbd\x11TI',48612,red
b'g\xedP\x86\xf1t_$',b'\x9e\x1b\xbb\xdf\xbd\x11TI',53166,red
"b""\x90\xdcH\xe4'\xed_9""",b'\x9e\x1b\xbb\xdf\xbd\x11TI',49674,red
b'\xbax\xb0uq\xd0T\x91',b'\x9e\x1b\xbb\xdf\xbd\x11TI',48930,red
b'\xc3\xf3\x1c\x03\xd0\x8aU\xd9',b'\x9e\x1b\xbb\xdf\xbd\x11TI',48929,red
b'\x01E\xe7\x06\xb0\x9eUZ',b'\xe4\xde.K\x87\x06Q\xba',49591,green
b'*\xf2\x81\xf3\xddY^\xba',b'\xe4\xde.K\x87\x06Q\xba',53428,red
b']\xf7\xe1?\x04\x92V\x8c',b'\xe4\xde.K\x87\x06Q\xba',49673,red
b'/\x8e\x1f\xdb\xee\xf7Y\xa6',b'\xe4\xde.K\x87\x06Q\xba',48612,red
b'\xde\x85\x14\x91g[V\xa0',b'\xe4\xde.K\x87\x06Q\xba',53166,red
b'4.q\x1es9Y\x0b',b'\xe4\xde.K\x87\x06Q\xba',49674,red
b'z6\xf1lj\xbaWv',b'\xe4\xde.K\x87\x06Q\xba',48930,red
b'*GS?\x19\xdc_\x88',b'\xe4\xde.K\x87\x06Q\xba',48929,red
b'\x83\x0fP\xda\x82<UM',b'c\x16`-\xb6\xd7P\x92',49591,green
b'7\xe3\x1a\xb9\x8e\xf2X!',b'c\x16`-\xb6\xd7P\x92',53428,red
"b'On\xf7\x92\xec\xb8[""'",b'c\x16`-\xb6\xd7P\x92',49673,red
"b'\xcfc\xd5,QF]o'",b'c\x16`-\xb6\xd7P\x92',48612,red
b'yFU*\x8f\xdcW\xb9',b'c\x16`-\xb6\xd7P\x92',53166,red
b'\xe9\xe2H\xf6\xad\xc8\\.',b'c\x16`-\xb6\xd7P\x92',49674,red
b'\xb7\xf3\x90r\xa2q[\xd2',b'c\x16`-\xb6\xd7P\x92',48930,red
b'\x7f\xa5\xea\xe8\xca!U\x84',b'c\x16`-\xb6\xd7P\x92',48929,red
b'\x87)\xd6\x9d)\xf5T\xbd',b'\x11\n\xcd\x08\x93\xc8\\6',49591,green
"b""\xa2\xec~\xc4\xee#V'""",b'\x11\n\xcd\x08\x93\xc8\\6',53428,red
"b'\xdcM""u\xb3\x82]\xe4'",b'\x11\n\xcd\x08\x93\xc8\\6',49673,red
b'\xeb\xaa9c`sR\xcd',b'\x11\n\xcd\x08\x93\xc8\\6',48612,red
b'!2|\xbaP!T\xf1',b'\x11\n\xcd\x08\x93\xc8\\6',53166,red
b'\x9a\xf6\x97H%\x1b^r',b'\x11\n\xcd\x08\x93\xc8\\6',49674,red
"b""\xe4m'\x9d\xf9<Yg""",b'\x11\n\xcd\x08\x93\xc8\\6',48930,red
b'\xfe\xc2\xca(\x82\x10_)',b'\x11\n\xcd\x08\x93\xc8\\6',48929,red
b'\xb3t\xa4\xe6\xae\x84S4',b'\xb0\x80\xc1\x12\x85bS\x7f',49591,green
"b""'\xb5\xdd\xe6\xe4\x14X\xc1""",b'\xb0\x80\xc1\x12\x85bS\x7f',53428,red
b'\xa5\xa7\xb9\x80V@_\x97',b'\xb0\x80\xc1\x12\x85bS\x7f',49673,red
b'|L=]\x9f\xc0V\x07',b'\xb0\x80\xc1\x12\x85bS\x7f',48612,red
b'\xa2\x8c7\x938\xccX\xd8',b'\xb0\x80\xc1\x12\x85bS\x7f',53166,red
b'\x95{nB\x16SZ\x9c',b'\xb0\x80\xc1\x12\x85bS\x7f',49674,red
b'\xfc\xd8X}\x99\x01P*',b'\xb0\x80\xc1\x12\x85bS\x7f',48930,red
b'\xc0\xdd9\x01C!]Y',b'\xb0\x80\xc1\x12\x85bS\x7f',48929,red
b'\xd9\xe1<\x80\xdfUTg',b'\xdc\xdf\xd7\x85\xdb`[>',49591,green
b'\xed4\x86\xe17nZ\x94',b'\xdc\xdf\xd7\x85\xdb`[>',53428,red
b'\x10\xac\xe3\xe2\xe6=W\xe4',b'\xdc\xdf\xd7\x85\xdb`[>',49673,red
b'\x13\x94\xc8d$@^\xff',b'\xdc\xdf\xd7\x85\xdb`[>',48612,red
b'\xeb\xd9~\x1d\xa3\xb6X\xdb',b'\xdc\xdf\xd7\x85\xdb`[>',53166,red
b'3\xa46W\x8d\xd1P\x95',b'\xdc\xdf\xd7\x85\xdb`[>',49674,red
b' \xa7\xa3\xc2?\xbdZ@',b'\xdc\xdf\xd7\x85\xdb`[>',48930,red
b'z\x82\x94\xfdo1\\l',b'\xdc\xdf\xd7\x85\xdb`[>',48929,red
b'x<\xf6\x0e\xcf\xfcX9',b'\xfb\x90\xfcU\x16[V\xd6',49591,green
b'\xc5\xc5\xc8\xf9x\xe8]\xfa',b'\xfb\x90\xfcU\x16[V\xd6',53428,red
b'\x1b\xe8H\xcd)\xd2]\x1e',b'\xfb\x90\xfcU\x16[V\xd6',49673,red
b'\x06\xb8\x99\xb0j\xc5V\xee',b'\xfb\x90\xfcU\x16[V\xd6',48612,red
b'e\xf4y0\x01\x9fR\xe9',b'\xfb\x90\xfcU\x16[V\xd6',53166,red
b'\x95\x04\xab[`_Y\xd8',b'\xfb\x90\xfcU\x16[V\xd6',49674,red
b'\xa0\x0b\xc3\xfa(t[\x1e',b'\xfb\x90\xfcU\x16[V\xd6',48930,red
b'\xc3b\xae\xfe\n\xdeP\xf4',b'\xfb\x90\xfcU\x16[V\xd6',48929,red
b'\xe1V\x98 ij_%',b'`\x8d\xd3\xdf\x8eNZ\xc0',49591,green
b'\xa7\xf9\xdd\x8c$\xdc\\\xa1',b'`\x8d\xd3\xdf\x8eNZ\xc0',53428,red
b'\xc0\x8aj\xe8\xd7\x0fV\x11',b'`\x8d\xd3\xdf\x8eNZ\xc0',49673,red
b'\x91\xb02\x81\xd6\xbd^\x1e',b'`\x8d\xd3\xdf\x8eNZ\xc0',48612,red
b'\x043\xc1\xc0a\xacT\x00',b'`\x8d\xd3\xdf\x8eNZ\xc0',53166,red
b'\xef\x98\x16z\x17\xffU\x1c',b'`\x8d\xd3\xdf\x8eNZ\xc0',49674,red
b'\xd4\x08\xf4\x8e|\xa8ZB',b'`\x8d\xd3\xdf\x8eNZ\xc0',48930,red
b'\xde\xdc\tF\xca\xc8To',b'`\x8d\xd3\xdf\x8eNZ\xc0',48929,red
b'RyN\xe1\xe4ZY\xc5',b'T\xfc\xa5/i\xa0[\x0c',49591,green
b'\xba\xc74\x96`\xf9X\x86',b'T\xfc\xa5/i\xa0[\x0c',53428,red
b'{\\\xae\xc8\x86_Sn',b'T\xfc\xa5/i\xa0[\x0c',49673,red
b'\x04\xfe\xd4Nm\xacY\x0b',b'T\xfc\xa5/i\xa0[\x0c',48612,red
"b""\x84'y\x8a+\xc1Z+""",b'T\xfc\xa5/i\xa0[\x0c',53166,red
b'\xcffA\xe8r\xf0[`',b'T\xfc\xa5/i\xa0[\x0c',49674,red
b'\xce\x1290O^S\x80',b'T\xfc\xa5/i\xa0[\x0c',48930,red
b'dz\xf4\n\x1c\xa4]\xe7',b'T\xfc\xa5/i\xa0[\x0c',48929,red
b'06\xca\x81N\xc2P\x1a',b'A\xc2\xbdB0\x12V\xfe',49591,green
b'=\x95*\xca\x89VU\x9d',b'A\xc2\xbdB0\x12V\xfe',53428,red
b'U\xba\xde\xcb\x88M_\x81',b'A\xc2\xbdB0\x12V\xfe',49673,red
b'\xc5\xc6\x19\xbc\xd4L_\x8b',b'A\xc2\xbdB0\x12V\xfe',48612,red
b'\xe7\xb8\xfb&[\x1aX\x82',b'A\xc2\xbdB0\x12V\xfe',53166,red
b'\xb9\x0fo0\x1f\x1fZ\xa2',b'A\xc2\xbdB0\x12V\xfe',49674,red
b'I\xef\t\n\x8bu^y',b'A\xc2\xbdB0\x12V\xfe',48930,red
b'\xafo\xde\xd1\xf0\x08W\xfe',b'A\xc2\xbdB0\x12V\xfe',48929,red
b'\xa6\xbbjE\xaeW[\xa9',b'\xe5e\x11z>\xea]\x97',49591,green
"b""\x895\xea'\xec*W\xd0""",b'\xe5e\x11z>\xea]\x97',53428,red
b'\x8d\xda\xb5\xf8Q\xc9X\x11',b'\xe5e\x11z>\xea]\x97',49673,red
b'q\x05w\x17\x0f\x97WP',b'\xe5e\x11z>\xea]\x97',48612,red
b'\x85\rI\xeb\x1a\x84Z\xeb',b'\xe5e\x11z>\xea]\x97',53166,red
b'Z N\xf5\xc9vX\x0f',b'\xe5e\x11z>\xea]\x97',49674,red
b'\xba\\\x83\xbb\xd5\x84]\x8e',b'\xe5e\x11z>\xea]\x97',48930,red
b'\x18\xa3\xcd\x1ar\xe5R\x0c',b'\xe5e\x11z>\xea]\x97',48929,red
b'\x03\xb1\x1f\x92\xea\x8a\\n',b'\xed\xadG\xaf\x7f\xccR\xcc',49591,green
b'\xf9\x96\xc2\xe4\x02\xf6Qh',b'\xed\xadG\xaf\x7f\xccR\xcc',53428,red
b'\n\x13%\xb3\xfa\xb1R\xa3',b'\xed\xadG\xaf\x7f\xccR\xcc',49673,red
b'\x1a`gb\xae\x0eP\xdc',b'\xed\xadG\xaf\x7f\xccR\xcc',48612,red
b'\xe0+O\xba\r\xd3VC',b'\xed\xadG\xaf\x7f\xccR\xcc',53166,red
b'\xab\x853\x9d\x07YR\xa3',b'\xed\xadG\xaf\x7f\xccR\xcc',49674,red
b'\x0c\xe0\x12\xfcqX]\xc9',b'\xed\xadG\xaf\x7f\xccR\xcc',48930,red
b'\xb8\xa7GiB\xbeU;',b'\xed\xadG\xaf\x7f\xccR\xcc',48929,red
b'\x1c:\xdfv\xd8\x9aUl',b'\x8d\x86\xeb\xecx\xa6[\xad',49591,green
b'\x9d\xdd:\xeb\t\x96R\xc7',b'\x8d\x86\xeb\xecx\xa6[\xad',53428,red
b'\xf3\xc9S\x1a\xd8Q^\xc0',b'\x8d\x86\xeb\xecx\xa6[\xad',49673,red
b'\xe7aQG\x9e\xdd\\O',b'\x8d\x86\xeb\xecx\xa6[\xad',48612,red
"b""\x16^d\xe1\t'Pg""",b'\x8d\x86\xeb\xecx\xa6[\xad',53166,red
b'\xdf\xb0\xdb\xab\xfbWP\xb6',b'\x8d\x86\xeb\xecx\xa6[\xad',49674,red
b'\xc396^o\xf0S~',b'\x8d\x86\xeb\xecx\xa6[\xad',48930,red
b'5\xd3\xa3\xba\xf5\xd3Z$',b'\x8d\x86\xeb\xecx\xa6[\xad',48929,red
b'\xe8\xa5KE\xd9S^\x01',b'\xfb-\xe2\xab@\xc2X\x98',49591,green
b'r\x15c\xf1>\x1c^\xe4',b'\xfb-\xe2\xab@\xc2X\x98',53428,red
b'\x16\x91\x90\xb0\x18\xc2_\x8a',b'\xfb-\xe2\xab@\xc2X\x98',49673,red
b'{\xa7\xcb00.[\xb2',b'\xfb-\xe2\xab@\xc2X\x98',48612,red
b'\xd5\x82c\xa3\x87\xfbT\xcc',b'\xfb-\xe2\xab@\xc2X\x98',53166,red
b'\xa9\xc2\x94\x03\xa2FT\xb1',b'\xfb-\xe2\xab@\xc2X\x98',49674,red
"b'@,ds)\xc7S\x9c'",b'\xfb-\xe2\xab@\xc2X\x98',48930,red
b'\xce&K\xeaG\xe4^\x85',b'\xfb-\xe2\xab@\xc2X\x98',48929,red
b'\x87xh\x89\r4UI',b'\x8e\xdd\xd7\xd2Yg]\x94',49591,green
b'\xf2\x7f\x05\xf4`\xb3S6',b'\x8e\xdd\xd7\xd2Yg]\x94',53428,red
"b""5\x1aOT'(]\xf9""",b'\x8e\xdd\xd7\xd2Yg]\x94',49673,red
b'\xb5\x16\xf4\xb82KZc',b'\x8e\xdd\xd7\xd2Yg]\x94',48612,red
b'\xae\xa7\xaf\x88\x99#V\xdb',b'\x8e\xdd\xd7\xd2Yg]\x94',53166,red
b'ae\xdb\xca\x12\xf1P\xb3',b'\x8e\xdd\xd7\xd2Yg]\x94',49674,red
b'\x02\x9d\x86<\x19\x8a[\xc3',b'\x8e\xdd\xd7\xd2Yg]\x94',48930,red
b'\x0f\xa8\x8cNd\xe2X\xcf',b'\x8e\xdd\xd7\xd2Yg]\x94',48929,red
b'><\xc9\t\xa20Yl',b'\xdb\xf7\x0e\xa3\xef\xa2U\x97',49591,green
b'}\xde\xc5[-\nV\xea',b'\xdb\xf7\x0e\xa3\xef\xa2U\x97',53428,red
b'n\xb7\xbd<i-R\xe0',b'\xdb\xf7\x0e\xa3\xef\xa2U\x97',49673,red
b'?\xdc\x9c\x17\xbc\x0cQx',b'\xdb\xf7\x0e\xa3\xef\xa2U\x97',48612,red
b'a4\xc15\xf7\xe9YY',b'\xdb\xf7\x0e\xa3\xef\xa2U\x97',53166,red
"b""w\xba\x98\x97w U'""",b'\xdb\xf7\x0e\xa3\xef\xa2U\x97',49674,red
b'\xc7\xe9\xb3%\xdf\xa7V\xf0',b'\xdb\xf7\x0e\xa3\xef\xa2U\x97',48930,red
b'\xc4g\xea\xb8\xa9\xe3Z}',b'\xdb\xf7\x0e\xa3\xef\xa2U\x97',48929,red
b'\x12\xb9<\xed\xd5e\\3',b'\xc6t\xcd\xfa\x96S^T',49591,green
b'M\xe4#]\xc0FV\x8f',b'\xc6t\xcd\xfa\x96S^T',53428,red
b'\xb9#\xe7\xa5n\x14U\xae',b'\xc6t\xcd\xfa\x96S^T',49673,red
b'\x92\xe2\xa5\x8a\xc4\xf4YE',b'\xc6t\xcd\xfa\x96S^T',48612,red
b' \x0f\xea\xe1ATQ\xfb',b'\xc6t\xcd\xfa\x96S^T',53166,red
b'v.R\\J\x80X$',b'\xc6t\xcd\xfa\x96S^T',49674,red
b'=\xadW\xc2W\xcbX\x88',b'\xc6t\xcd\xfa\x96S^T',48930,red
b'\x0c\x91\x05\x93\xc5\x8cX\xd0',b'\xc6t\xcd\xfa\x96S^T',48929,red
b'\xcc\xe8\x80{\xa3&RO',b'X\xaa\x80v\x02\xbbW\xba',49591,green
b'?\xafygtEZR',b'X\xaa\x80v\x02\xbbW\xba',53428,red
b'\xe8\xc30\xb7\xbd SV',b'X\xaa\x80v\x02\xbbW\xba',49673,red
b'\xfa\xf6\xc67\xbb\x0eS>',b'X\xaa\x80v\x02\xbbW\xba',48612,red
b'\x18\x8c\xbbf\xb6\xaaZ\xd1',b'X\xaa\x80v\x02\xbbW\xba',53166,red
b'\x03\xdb\xdf\xce\xc4ZQ\xd3',b'X\xaa\x80v\x02\xbbW\xba',49674,red
b'C\xea%\xfc\x7f\x85\\7',b'X\xaa\x80v\x02\xbbW\xba',48930,red
b'\rZ7\xaf\x13j]%',b'X\xaa\x80v\x02\xbbW\xba',48929,red
b'\xc5\xf5X\xa4\x12\xdfW^',b'\x80\x9a\xf2\x8cw\xadP\xd8',49591,green
b'\x91\xf8_9Sm[\xdb',b'\x80\x9a\xf2\x8cw\xadP\xd8',53428,red
b'\xf7/\\\x85\xc6\xe1_\xcb',b'\x80\x9a\xf2\x8cw\xadP\xd8',49673,red
b'\xdb\xe0\xeb\x02MUQL',b'\x80\x9a\xf2\x8cw\xadP\xd8',48612,red
b'\xd9\x8b\xac\x10/^U ',b'\x80\x9a\xf2\x8cw\xadP\xd8',53166,red
b'\x85\xbae\xbd\x9d\xf7X\xff',b'\x80\x9a\xf2\x8cw\xadP\xd8',49674,red
b'p\xee\xf0\xde\xa9\x10_\x94',b'\x80\x9a\xf2\x8cw\xadP\xd8',48930,red
b'\xe5\x98$\xf4\xe6M^\xc5',b'\x80\x9a\xf2\x8cw\xadP\xd8',48929,red
b'\x0f\xa03\xa6 1U(',b'\xdf\r\x84x\x8ePS\x15',49591,green
b'\x8aZ\xaf\xd8\xb2b[0',b'\xdf\r\x84x\x8ePS\x15',53428,red
b'E\x17\t\xa8\xca\xb2\\\xd6',b'\xdf\r\x84x\x8ePS\x15',49673,red
b'\xd4\x19\x87\xea\x1d\xf7V\x88',b'\xdf\r\x84x\x8ePS\x15',48612,red
b'\xb7\x07\x95fY\xd3R\xcf',b'\xdf\r\x84x\x8ePS\x15',53166,red
b'A\xa7\xbf\xd0] R@',b'\xdf\r\x84x\x8ePS\x15',49674,red
b'RMet\x1f\xa1S\n',b'\xdf\r\x84x\x8ePS\x15',48930,red
b'\xb6s\xa6>\xfb\xdbSF',b'\xdf\r\x84x\x8ePS\x15',48929,red
b'\xdbnY\xf1Z7\\L',b'~\xc2)\x1b0\xd6U.',49591,green
b'o\xa4D\x9c\xd9;[~',b'~\xc2)\x1b0\xd6U.',53428,red
b'R\xccU\x1c\xfd\xdeR\xce',b'~\xc2)\x1b0\xd6U.',49673,red
"b'\x82\xb4Hx""SW\x9e'",b'~\xc2)\x1b0\xd6U.',48612,red
b'\xce\xe1\xa7h\x8e\x01U\xd7',b'~\xc2)\x1b0\xd6U.',53166,red
b'\x8d0\nej\xa6S\xd3',b'~\xc2)\x1b0\xd6U.',49674,red
b'\x92\x82\xbfj\x17uP]',b'~\xc2)\x1b0\xd6U.',48930,red
b'\xbdd8\xfb\xa8\xa4U4',b'~\xc2)\x1b0\xd6U.',48929,red
"b""\x0f\x1f\xb8A\xa9#_'""",b'\x8bby\x0b\xf3\xbcZ\x16',49591,green
b'\xf6*\xced\x05 T\x99',b'\x8bby\x0b\xf3\xbcZ\x16',53428,red
b'\x0c\x83L5\x8f\xb9S\x94',b'\x8bby\x0b\xf3\xbcZ\x16',49673,red
b'\x80\xebR&\x0b\xc6[\xd0',b'\x8bby\x0b\xf3\xbcZ\x16',48612,red
b'\x13=\xfbo\xc5\xdb[\xef',b'\x8bby\x0b\xf3\xbcZ\x16',53166,red
b'\x99`\xfckfWZ\xc1',b'\x8bby\x0b\xf3\xbcZ\x16',49674,red
b'\xecMdK!vTg',b'\x8bby\x0b\xf3\xbcZ\x16',48930,red
b'\xed\x0b\xe9x\xc2^Xb',b'\x8bby\x0b\xf3\xbcZ\x16',48929,red
b'\xd4\xb1\xf7\xb7\xa4FZj',b'I{&\xe7Q\x8b_N',49591,green
b'[\x0e\xc7F\xbef[\xd2',b'I{&\xe7Q\x8b_N',53428,red
b'\x18\xf6W\xedl\xfeTZ',b'I{&\xe7Q\x8b_N',49673,red
b'^\xe5\tB\xa0\xd6_\x86',b'I{&\xe7Q\x8b_N',48612,red
b'\xca\xea\xec\x8a\xcb\xadT!',b'I{&\xe7Q\x8b_N',53166,red
b'\x19;\xd7\x83\x9f0^[',b'I{&\xe7Q\x8b_N',49674,red
"b'm\xf0,\xcf\\O]S'",b'I{&\xe7Q\x8b_N',48930,red
b'Y\xbe\xdf\xa0m$X\x7f',b'I{&\xe7Q\x8b_N',48929,red
b'\x9ed\xea\xf7E\x1e^\xb7',b'My\xad\xde\xf8\x81Ye',49591,green
b'\x0b\x15b\x8c98Wc',b'My\xad\xde\xf8\x81Ye',53428,red
"b'\xc9\xf0v\xd6""xT\xf3'",b'My\xad\xde\xf8\x81Ye',49673,red
b'[\x9c\xa28\x8a\xb1P\xa6',b'My\xad\xde\xf8\x81Ye',48612,red
b'-9\xdb[v\xc5Y.',b'My\xad\xde\xf8\x81Ye',53166,red
b'2d\x82<\xf6\x0fR\x86',b'My\xad\xde\xf8\x81Ye',49674,red
b'%\x04\x10\xe0\xd2\xefYi',b'My\xad\xde\xf8\x81Ye',48930,red
b'\xdf)\xc6K\xe8Y\\l',b'My\xad\xde\xf8\x81Ye',48929,red
"b'`\xf3\x8b\x1a\x0e,X{'",b'<\xb9\xd8\x90\x0c-Z\xb2',49591,green
b't\xf4)+\xa9\xbfS0',b'<\xb9\xd8\x90\x0c-Z\xb2',53428,red
b'.\xa7\xbe\xde\xf7\x86W\xc5',b'<\xb9\xd8\x90\x0c-Z\xb2',49673,red
b'\xb5z\xfc=\x04\xa1V\xb1',b'<\xb9\xd8\x90\x0c-Z\xb2',48612,red
b'\\\xb2\xf9\xc3\xd4\xc1[]',b'<\xb9\xd8\x90\x0c-Z\xb2',53166,red
b'FU\n\x99<\xdc[\xf4',b'<\xb9\xd8\x90\x0c-Z\xb2',49674,red
b':\xc2\xe5\xe9pZ_\x9a',b'<\xb9\xd8\x90\x0c-Z\xb2',48930,red
b'\xa0\xc8j%\xd0LT4',b'<\xb9\xd8\x90\x0c-Z\xb2',48929,red
b'y\xe8`\xd0zA^\xb2',b'\xfcE\x85\xfa;\x1cQa',49591,green
"b'""\xceb\x10-\xca^\xe9'",b'\xfcE\x85\xfa;\x1cQa',53428,red
b'\xba\xae\x12\xc9\xe1\xf4WI',b'\xfcE\x85\xfa;\x1cQa',49673,red
b'\xdc\x1fl\x12\x82u^\x9f',b'\xfcE\x85\xfa;\x1cQa',48612,red
b'2m3]3\x12[\x14',b'\xfcE\x85\xfa;\x1cQa',53166,red
b'$H9`<\xf4R\x8d',b'\xfcE\x85\xfa;\x1cQa',49674,red
b'\xbb\xfbRn\xfd [\x18',b'\xfcE\x85\xfa;\x1cQa',48930,red
b'\xdf\x9a\xb4\xdc\xb5\xca_\x9f',b'\xfcE\x85\xfa;\x1cQa',48929,red
b'\xe4\xb0\xb1\x12\x99\xd1R\xf6',b'\x01\x97\x80\x1a\xbe\xe2_2',49591,green
b'\x15\xb2\x9c\xb9\x9a([\xc0',b'\x01\x97\x80\x1a\xbe\xe2_2',53428,red
b'\x9c\x957\xab\xc5MV\xa7',b'\x01\x97\x80\x1a\xbe\xe2_2',49673,red
b'\xea\xa6m7~\xa0Y{',b'\x01\x97\x80\x1a\xbe\xe2_2',48612,red
b'\xcdU\x94\x8a{|\\\xa3',b'\x01\x97\x80\x1a\xbe\xe2_2',53166,red
b'\xb9bv\xd1\x83\xa1Q\x83',b'\x01\x97\x80\x1a\xbe\xe2_2',49674,red
b'm[\xc0\xb3\x02\x8aP$',b'\x01\x97\x80\x1a\xbe\xe2_2',48930,red
b'\x83|^IZ|Q(',b'\x01\x97\x80\x1a\xbe\xe2_2',48929,red
b'm\x1e\\\xb3\x86GR\x1d',b'\x07\xbbld\x801T\x8f',49591,green
b'r1\x12\xfb\x13\xefT5',b'\x07\xbbld\x801T\x8f',53428,red
b'>\xb6\xfamX\xfe_\x90',b'\x07\xbbld\x801T\x8f',49673,red
b'\xb1-f\x9c\x8b\x07[\xe7',b'\x07\xbbld\x801T\x8f',48612,red
b'M\xef\xea\xc4\x0c\x9f[\xdc',b'\x07\xbbld\x801T\x8f',53166,red
b'\x8b=hr-gW\x19',b'\x07\xbbld\x801T\x8f',49674,red
b'\n\xea\xbe\x93\t\x06[\x05',b'\x07\xbbld\x801T\x8f',48930,red
b'\xf4I\x11\x9bi\xadVA',b'\x07\xbbld\x801T\x8f',48929,red
b'~C\xc2fY/_\x1b',b'\xa3\xcey\x04\xeakW\x02',49591,green
b'P\x04\x0c\xf9 &Z6',b'\xa3\xcey\x04\xeakW\x02',53428,red
"b""_B\x1a'\xc6\xc7V\x10""",b'\xa3\xcey\x04\xeakW\x02',49673,red
b'm\x93\xa8Z\xd5\x00Pf',b'\xa3\xcey\x04\xeakW\x02',48612,red
b'[\xb4\xd1\x97\xa8\x98U\xbe',b'\xa3\xcey\x04\xeakW\x02',53166,red
b':\x87X\x13\xc0\x96Z\x93',b'\xa3\xcey\x04\xeakW\x02',49674,red
b'X\x11\x1c\xe0/\xcdQ\x90',b'\xa3\xcey\x04\xeakW\x02',48930,red
b'l\x10\xe3CKg]`',b'\xa3\xcey\x04\xeakW\x02',48929,red
b'\xde\x1a\xc0\x93\xa2JR8',b'\xd3P\x1d\xcf3\xae[\x04',49591,green
b'\xa7\x86\xc6=\xe4V^{',b'\xd3P\x1d\xcf3\xae[\x04',53428,red
b'\x11\r\x8dT\x8a\xc1X\x96',b'\xd3P\x1d\xcf3\xae[\x04',49673,red
b'f\xd9U\xde-\xc8Z\x9f',b'\xd3P\x1d\xcf3\xae[\x04',48612,red
b'?\x95\xd5\xcbS\x8fT@',b'\xd3P\x1d\xcf3\xae[\x04',53166,red
b'\xdb4\x18\x8f\xe93U\xe4',b'\xd3P\x1d\xcf3\xae[\x04',49674,red
b'=\x08|\xab\xcc7S\xd9',b'\xd3P\x1d\xcf3\xae[\x04',48930,red
b'r\x12\x92\x0b\x8a\xafV\x11',b'\xd3P\x1d\xcf3\xae[\x04',48929,red
b'\xaf\x81N\x1ca\xc6[a',"b""\xfdz\xa04'\xd4T\x96""",49591,green
b'\xf1\xd9\xe8xmdS\xac',"b""\xfdz\xa04'\xd4T\x96""",53428,red
b'\xbc\xbbaFi\x93Z\x1a',"b""\xfdz\xa04'\xd4T\x96""",49673,red
b'\xc6\n\x00y\xb3\xb4U\xe2',"b""\xfdz\xa04'\xd4T\x96""",48612,red
b'Q\x97\xa6\xe8\xd9\x0eY\xae',"b""\xfdz\xa04'\xd4T\x96""",53166,red
b'\x19\x9dO\r\xfe\xacP\xba',"b""\xfdz\xa04'\xd4T\x96""",49674,red
b'\xd7\xdb\x93\xac\x81\xbdT\xf3',"b""\xfdz\xa04'\xd4T\x96""",48930,red
b'\x06\x8a\xbb\xe8\xe3xY\xe0',"b""\xfdz\xa04'\xd4T\x96""",48929,red
b'/\x06f\x80b\xbdT$',b'\x07>\x94R\x8f\xb8WU',49591,green
b'\xf6L\xdf\x16\xab\x97UF',b'\x07>\x94R\x8f\xb8WU',53428,red
b'\n\x00\x84\xadn/V\x9a',b'\x07>\x94R\x8f\xb8WU',49673,red
b'\x9f\xf9\xb9\xf6\xf3\x7f]O',b'\x07>\x94R\x8f\xb8WU',48612,red
b'>\xff\x19Q\xeb\xd8^\x0b',b'\x07>\x94R\x8f\xb8WU',53166,red
b'\xa8\x1b\x9f\x07\xa9\x8b^\xc0',b'\x07>\x94R\x8f\xb8WU',49674,red
b's\x9c\xa9h\xa5t_\x7f',b'\x07>\x94R\x8f\xb8WU',48930,red
b'!U#\r\xd5;]m',b'\x07>\x94R\x8f\xb8WU',48929,red
b'R\xd0G\xaf\xbc\x88Y_',b'-\x19\xdb\x84\xcc\x1dVB',49591,green
b'\x8c\x00\xfa\xbd\xf7&T\xc4',b'-\x19\xdb\x84\xcc\x1dVB',53428,red
b'q\xd6w\xc7e!Q\xd9',b'-\x19\xdb\x84\xcc\x1dVB',49673,red
b'\xc0\xd5\nu\xce\x8aP\x0b',b'-\x19\xdb\x84\xcc\x1dVB',48612,red
b'\x9a^\xa2\xde9v[\xbb',b'-\x19\xdb\x84\xcc\x1dVB',53166,red
b'\xff\x030\xbe\x8e\x80U_',b'-\x19\xdb\x84\xcc\x1dVB',49674,red
b'>G&\xf4\xb8\xe9T\xbf',b'-\x19\xdb\x84\xcc\x1dVB',48930,red
b'\xd8\xc4\x1dyt\xd1X\x93',b'-\x19\xdb\x84\xcc\x1dVB',48929,red
b'\xbc\x10PZ3\xc4X\xe6',b'\xa9\x86^\xf7t\x12[\x12',49591,green
b'v\x010\xe8\xdf\xfaQ\xcc',b'\xa9\x86^\xf7t\x12[\x12',53428,red
b'0\x83h\x14\xb0\x90Z\\',b'\xa9\x86^\xf7t\x12[\x12',49673,red
b'\x0c\x89\xe7u\x15\x0b]\x92',b'\xa9\x86^\xf7t\x12[\x12',48612,red
b'2\xec\xedh\x9a:^w',b'\xa9\x86^\xf7t\x12[\x12',53166,red
"b'\xa4\xff,\x8d\x9b\xf0R\x12'",b'\xa9\x86^\xf7t\x12[\x12',49674,red
b'b\xe0X\x04G\xd4U\x07',b'\xa9\x86^\xf7t\x12[\x12',48930,red
b'\xe2f\xcf\x05\xd7\x1fQ\xef',b'\xa9\x86^\xf7t\x12[\x12',48929,red
b'\xff\xec$jk\xaf\\\xe4',b'6yv\x10C\x1dWt',49591,green
b'\x14\xe7?\xa7\xe9\x01S\x1e',b'6yv\x10C\x1dWt',53428,red
b'\xc8\xb5VH\xd7\x84Xv',b'6yv\x10C\x1dWt',49673,red
b'\xfa\xb8\xd7\xb3\x8b\xf1W\xd6',b'6yv\x10C\x1dWt',48612,red
"b""\x11p, 'O]\xc9""",b'6yv\x10C\x1dWt',53166,red
b'\xbc\xba\xb1\xf8\x14\x94_\x05',b'6yv\x10C\x1dWt',49674,red
b'\xf4Si+\xb9\xd0]u',b'6yv\x10C\x1dWt',48930,red
b'\x04\x9bL\x05*%Q\xb8',b'6yv\x10C\x1dWt',48929,red
b'Q\xf8\xd6\x02\xbb\\^\xf8',b'\xf5\xf5\x1a\xe9\x7f\x06_^',49591,green
b'\x84\xcd\x8d3R|W\x8f',b'\xf5\xf5\x1a\xe9\x7f\x06_^',53428,red
b'\x9bz\x11?\x1e\xecV\xc5',b'\xf5\xf5\x1a\xe9\x7f\x06_^',49673,red
b'\xcf\x96\t\x18QMSz',b'\xf5\xf5\x1a\xe9\x7f\x06_^',48612,red
b'\xc7\x8b\xf8\xf5\xe5\x1fV\xde',b'\xf5\xf5\x1a\xe9\x7f\x06_^',53166,red
b'\x04\xba\xa8\xaf\xba\xa8WG',b'\xf5\xf5\x1a\xe9\x7f\x06_^',49674,red
b'g\xc5\x7f\xe0\xac\x05^i',b'\xf5\xf5\x1a\xe9\x7f\x06_^',48930,red
b'\xf7`>rO\xdeX\xe5',b'\xf5\xf5\x1a\xe9\x7f\x06_^',48929,red
b'\x87\xb5\x90\xaa\x8c\xbaQ\xea',b'\xfc\xfe\x1b\xa6\xc9\x9e\\\x04',49591,green
b'\x13\xcd\xf6M=B^\x86',b'\xfc\xfe\x1b\xa6\xc9\x9e\\\x04',53428,red
b'A\x11\xdby[\x90U\xc6',b'\xfc\xfe\x1b\xa6\xc9\x9e\\\x04',49673,red
b'H\xc8\xf7QOY^~',b'\xfc\xfe\x1b\xa6\xc9\x9e\\\x04',48612,red
b'\xe9\xc1\xa5\xda\xd3\t^\x15',b'\xfc\xfe\x1b\xa6\xc9\x9e\\\x04',53166,red
b'\xf9\x98\x10sR\x19_w',b'\xfc\xfe\x1b\xa6\xc9\x9e\\\x04',49674,red
b'o_\t\xcc\xe3\x15Y\xf3',b'\xfc\xfe\x1b\xa6\xc9\x9e\\\x04',48930,red
b'\xa1MbB\xe8\xf8UE',b'\xfc\xfe\x1b\xa6\xc9\x9e\\\x04',48929,red
b'D*5\x85ej^\xf3',b'\x18\xc4\xbe\x00\x14F_\x9d',49591,green
b'\xd7\xa2L\xf3\x1b\x12\\\xc1',b'\x18\xc4\xbe\x00\x14F_\x9d',53428,red
b'\xa1\x99\x8e\xee\x1c\xfe\\`',b'\x18\xc4\xbe\x00\x14F_\x9d',49673,red
b'B\\Qa\x8f<St',b'\x18\xc4\xbe\x00\x14F_\x9d',48612,red
b'\xd9|\xa9\x9e\x98\xa5\\?',b'\x18\xc4\xbe\x00\x14F_\x9d',53166,red
"b""\xd65\xc1'\xd3_]\x0c""",b'\x18\xc4\xbe\x00\x14F_\x9d',49674,red
b'\xde\x1d\xce\x1d\xbe0X\xb0',b'\x18\xc4\xbe\x00\x14F_\x9d',48930,red
b'\xce\x13\xd1\xe4\x984Tm',b'\x18\xc4\xbe\x00\x14F_\x9d',48929,red
b')\x98\x80{F\xa3X\x04',b'\x0e\x0b\xf0\xb5\x89o^\x15',49591,green
b'\x83\xe7\x8f\x9d\xa9~P\xa6',b'\x0e\x0b\xf0\xb5\x89o^\x15',53428,red
b'A{3\xe6\x16e^\xdf',b'\x0e\x0b\xf0\xb5\x89o^\x15',49673,red
b'\xe5\xa2\xc0\xfb\xea\x07Y\n',b'\x0e\x0b\xf0\xb5\x89o^\x15',49674,red
b'o\x99@\xa0$\xbcR\x04',b'\x0e\x0b\xf0\xb5\x89o^\x15',48930,red
b'\x05\xd2\xca\xfc\x9bv^l',b'\x0e\x0b\xf0\xb5\x89o^\x15',48929,red
b'\xa0\xbf$\xf7\xb8\xcc[\r',b'\xb3\xde\x9c<+vPB',49591,green
b'\xa5{M\x87`\xc7V9',b'\xb3\xde\x9c<+vPB',53428,red
b'\x1f\x85\xa2]/\xb5R\xee',b'\xb3\xde\x9c<+vPB',49673,red
b'v]\x14\xc5\x0cAU\xf1',b'\xb3\xde\x9c<+vPB',49674,red
b'F\x96X@U\xf1S)',b'\xb3\xde\x9c<+vPB',48930,red
b'\x05\x05\x7f0\xc7\x88U}',b'\xb3\xde\x9c<+vPB',48929,red
"b'\x0e&\x15P""mR\xb7'",b'\xe0D\x9dv\xe7\x1aX\x89',49591,green
"b""'~\x7f\xbb,vU\xd5""",b'\xe0D\x9dv\xe7\x1aX\x89',53428,red
b'\xba^)\x17!nR`',b'\xe0D\x9dv\xe7\x1aX\x89',49673,red
b'\xfd-\t\xd1\xb3L\\\xec',b'\xe0D\x9dv\xe7\x1aX\x89',49674,red
b'KW9\xfb-\\^\xc3',b'\xe0D\x9dv\xe7\x1aX\x89',48930,red
b'J\xc5?LU\x91UU',b'\xe0D\x9dv\xe7\x1aX\x89',48929,red
b'\x95\x83Z\x85\\\x94ZC',b'\xb4\xba\xba%\xe0\xc6Q?',49591,green
b'\x0cPw\xf9f\x8aY\x0c',b'\xb4\xba\xba%\xe0\xc6Q?',53428,red
b'\x1c\xbe?\xb9\xc1\x1aUH',b'\xb4\xba\xba%\xe0\xc6Q?',49673,red
b'P1\xea#\x9d\xb4R\xc5',b'\xb4\xba\xba%\xe0\xc6Q?',49674,red
b'\xa0E\x10q\x11\x90R\xa8',b'\xb4\xba\xba%\xe0\xc6Q?',48930,red
"b'\xbc\xc9""-+\xe1T\xe1'",b'\xb4\xba\xba%\xe0\xc6Q?',48929,red
b'Z\x05\xf4\xb3p\x02T\xfc',"b'\x83\xb6H""Q2Q\xf4'",49591,green
b'\xc6\x91e\xd9\x8d\xa6Q\x8b',"b'\x83\xb6H""Q2Q\xf4'",53428,red
b'\x98 \xe3U8\x06P\x91',"b'\x83\xb6H""Q2Q\xf4'",49673,red
b'\xe51\x9e\x87\xe6=Tl',"b'\x83\xb6H""Q2Q\xf4'",49674,red
b'\xb9\x9f\x86Yl\xd0Q\xda',"b'\x83\xb6H""Q2Q\xf4'",48930,red
b'+\xde\x05lj\xa9Wn',"b'\x83\xb6H""Q2Q\xf4'",48929,red
b'\xcd\x8f\n\xe9\xef\xfcS\x93',b'\xdf\xbc\x87\xbf\x96\x97P\xc6',49591,green
b'\xa0\n\x89\x8b\x9a<Sh',b'\xdf\xbc\x87\xbf\x96\x97P\xc6',53428,red
b'\x9e\xc4\x8f\xec\x93oQ\xb6',b'\xdf\xbc\x87\xbf\x96\x97P\xc6',49673,red
"b'\x00""\xc5\xfd\xd0J^W'",b'\xdf\xbc\x87\xbf\x96\x97P\xc6',49674,red
b'e\x8e:\xe0M\x05U5',b'\xdf\xbc\x87\xbf\x96\x97P\xc6',48930,red
b'\x03\x9c\xfal\x1a\xce]:',b'\xdf\xbc\x87\xbf\x96\x97P\xc6',48929,red
b'\x9e\xdbi\xc1>SY\xd8',b' R\xd7\xac;bP\x9e',49591,green
b'\x86G)\xc9}\xc1[k',b' R\xd7\xac;bP\x9e',53428,red
b'\x0c\xe4\xc4\xaeP\xf4^>',b' R\xd7\xac;bP\x9e',49673,red
b'p\xe28\xc5\xd3\xacTt',b' R\xd7\xac;bP\x9e',49674,red
b'\xa4\xcb2\xd4\x953ZW',b' R\xd7\xac;bP\x9e',48930,red
b'T\xeb-\xef\xb4XZ\x14',b' R\xd7\xac;bP\x9e',48929,red
b'\t\xe4\xcc0\xa4\xbb]\xda',b'H\xea\xcb\xb9\x98\x85]\x99',49591,green
b'\xb9\xd6-\x01I\x1aR\xfe',b'H\xea\xcb\xb9\x98\x85]\x99',53428,red
b'.\x8b\xac\x9f\xcc\x1fR\xbe',b'H\xea\xcb\xb9\x98\x85]\x99',49673,red
b'\xe6\xa1\x84\xe4}\x8cSb',b'H\xea\xcb\xb9\x98\x85]\x99',49674,red
b'\xcaE\xfb\xa0;{]\x12',b'H\xea\xcb\xb9\x98\x85]\x99',48930,red
b'\xfe;\xeeC&\x7fY\xa6',b'H\xea\xcb\xb9\x98\x85]\x99',48929,red
b'\xa7\x83\x0f\x07\x95#^\xf4',b'!\xc6\xc6\xc9L\x12Q\x7f',53428,red
b'\xbdj\x14\xb1\xd1\xb3\\\xdc',b'!\xc6\xc6\xc9L\x12Q\x7f',49673,red
b'Q|d\xd4\xeb\xc3Z\x03',b'!\xc6\xc6\xc9L\x12Q\x7f',49674,red
b'\xd9\xb5\xa3\xd2\xf7JX\xcf',b'!\xc6\xc6\xc9L\x12Q\x7f',48930,red
"b'\xaf_,[\x07C^\xa9'",b'!\xc6\xc6\xc9L\x12Q\x7f',48929,red
b'\xdf6\x1a\x17\xce\x81[$',b'\xaf&\xcaL\x9b\xfeX\xee',53428,red
b'M\xec\xd4\xf7\xde\xc5W\xe5',b'\xaf&\xcaL\x9b\xfeX\xee',49673,red
b'\xbb|\xb5lU\xcf^d',b'\xaf&\xcaL\x9b\xfeX\xee',49674,red
b'Q\xa0\x86\xe8V\xbfTB',b'\xaf&\xcaL\x9b\xfeX\xee',48930,red
b'\xf2\x8f\x8f/\xb2\xd5P\xde',b'\xaf&\xcaL\x9b\xfeX\xee',48929,red
b'>!\x1fL3\xc0]\xf3',b'\x98V|\xeew\xc8T\xbb',53428,red
b'\x82\xfa\x1e\xba\x07\xd6V9',b'\x98V|\xeew\xc8T\xbb',49673,red
b'\xe4efi\xb8<[e',b'\x98V|\xeew\xc8T\xbb',49674,red
b'\xfeh\xb7\xbfD\x9eX\xa8',b'\x98V|\xeew\xc8T\xbb',48930,red
b'\xce\xbe\xd86\xc6\xb1Z\x85',b'\x98V|\xeew\xc8T\xbb',48929,red
"b'\xa5,+={\xb5_\xa6'",b'4{\x17\xef\x19\xe2U\xe8',53428,red
b'\x9d\xe9\x07y\xa6\xafSH',b'4{\x17\xef\x19\xe2U\xe8',49673,red
b'Z\xda\x97v\xb9\x03X\xe9',b'4{\x17\xef\x19\xe2U\xe8',49674,red
b'\xa0\x1fZ2{\x99_\xe8',b'4{\x17\xef\x19\xe2U\xe8',48930,red
b'a\xb7\xaaJ\xec\xc9T\x82',b'4{\x17\xef\x19\xe2U\xe8',48929,red
b'\xa0\x1a\xb0E\x80sV9',b'\x9e\xcc\xfd\xf5\x11\xb4S\xee',53428,red
"b'\xd6\xd1\x95\x15_,[\x84'",b'\x9e\xcc\xfd\xf5\x11\xb4S\xee',49673,red
"b'\xa2\xec\x0b\xf7y,\\\xee'",b'\x9e\xcc\xfd\xf5\x11\xb4S\xee',49674,red
b'\xccD_n\xdeUU\x06',b'\x9e\xcc\xfd\xf5\x11\xb4S\xee',48930,red
b'\xb45\x9c\x8d\x80;[\x85',b'\x9e\xcc\xfd\xf5\x11\xb4S\xee',48929,red
b'\x9f\xdd\x9b\xc1y\xbdV\x13',b'\x0b\n\xd7\xae1\xdcQ\xca',53428,red
b'\x0cPR\x84\xdf\xedQ\xee',b'\x0b\n\xd7\xae1\xdcQ\xca',49673,red
b'H\xa4\x15\xfd!A\\\x07',b'\x0b\n\xd7\xae1\xdcQ\xca',49674,red
b'*\xf7\xf6\xea@\x04]\xaa',b'\x0b\n\xd7\xae1\xdcQ\xca',48930,red
b'\xa7\xe6\x9a^1dVx',b'\x0b\n\xd7\xae1\xdcQ\xca',48929,red
b'=\x02\xe7?\xe3J^C',b'\xfa^\xe7\xfe\xd8\xbc[\x82',53428,red
b'\xb7\xa4\x9a&\xbb\x9bQ0',b'\xfa^\xe7\xfe\xd8\xbc[\x82',49673,red
b'\x12\x812\xb8\xc2\xbeQ\xf7',b'\xfa^\xe7\xfe\xd8\xbc[\x82',49674,red
b'\x9f\x14\x9e\xbf\x08\x96W\xbf',b'\xfa^\xe7\xfe\xd8\xbc[\x82',48930,red
b'xPD\x10\x11\xb7[i',b'\xfa^\xe7\xfe\xd8\xbc[\x82',48929,red
b'l\xd2\xdc\xdas\xb1Qg',b'\xdfm%q\x9e\x19^o',53428,red
b'\x92\x00\xc6<\xfb\x84RO',b'\xdfm%q\x9e\x19^o',49673,red
b'=3}\xf2\\\xb4Ym',b'\xdfm%q\x9e\x19^o',49674,red
b'\x05\x11\xa3\x89\x8b\nVT',b'\xdfm%q\x9e\x19^o',48930,red
b'P\xcd\x01\x15\x08p\\\xe2',b'\xdfm%q\x9e\x19^o',48929,red
"b'\xf6\x18D\x9c\x19,YD'","b""6z\x0e\xeb\xda\x1b['""",53428,red
b'\xf5\xaas\xce\xcb\x11XY',"b""6z\x0e\xeb\xda\x1b['""",49673,red
b'G\x11\x8f\x99\xc7\xb3^R',"b""6z\x0e\xeb\xda\x1b['""",49674,red
b'4\xc2\x08\xcb\xff6Yd',"b""6z\x0e\xeb\xda\x1b['""",48930,red
b'@\xc1p<\xccXVx',"b""6z\x0e\xeb\xda\x1b['""",48929,red
b'<\x96\xfc\xd6\xc0o\\*',b'\xec\x1bh3\xf0\xfe[\x8e',53428,red
b'\xba\x10\x19?\xcd\x0bZ2',b'\xec\x1bh3\xf0\xfe[\x8e',49673,red
b'eW7\xc6K\x98Z\xaf',b'\xec\x1bh3\xf0\xfe[\x8e',49674,red
b'9\xfay]\x06\xe4P\xbe',b'\xec\x1bh3\xf0\xfe[\x8e',48930,red
b'\x0b\x9e\xfe\xc7P0W8',b'\xec\x1bh3\xf0\xfe[\x8e',48929,red
b'\xb4\x85\xefr\x94\x19Y\x94',b'\x7f\xf5g\xaa\xed\xb1Tx',53428,red
b'))\xaas\x935_W',b'\x7f\xf5g\xaa\xed\xb1Tx',49673,red
b'\xa9\xce\xb7\xa5\xa3\x1dX\xd6',b'\x7f\xf5g\xaa\xed\xb1Tx',49674,red
b'\xd1Hj\xaf9%Q=',b'\x7f\xf5g\xaa\xed\xb1Tx',48930,red
b'3\xca\x01JC\xddX4',b'\x7f\xf5g\xaa\xed\xb1Tx',48929,red
b'\x92\x1b\xed\xb6\x8fjS\x05',b'3WS\xaa\xb9e^]',53428,red
b'O\x14\xb3\x8c\x86\xdfT4',b'3WS\xaa\xb9e^]',49673,red
b'\xe5\x12a\x05\x0eK[\xb7',b'3WS\xaa\xb9e^]',49674,red
b'\xbb\xcc\x0f\xab\xb3\xe5UE',b'3WS\xaa\xb9e^]',48930,red
b'w\xaa\x8e\x0f\xa4fTq',b'3WS\xaa\xb9e^]',48929,red
b'\xd8\x81y5\x17\x06W/',b'@A=Sy\xf4P\x10',53428,red
b'\xf5$\x9e\xa9F\x96_\xcc',b'@A=Sy\xf4P\x10',49673,red
b'\xe7Rl#\xce\x90]\x9b',b'@A=Sy\xf4P\x10',49674,red
b'R\xbe\xd5\xe1\xfe\xb2\\\xea',b'@A=Sy\xf4P\x10',48930,red
b'\xa8\x9f^\x7f%K\\\xd8',b'@A=Sy\xf4P\x10',48929,red
b'\xd4e\xb8\x92\xc9\x10Wu',b'D\xb6\x98/\xc0rVl',53428,red
b'\xee\xdf\x02\xfe\xdfLR\xd7',b'D\xb6\x98/\xc0rVl',49673,red
b'\x8eH\xcf\x83\xe8MV3',b'D\xb6\x98/\xc0rVl',49674,red
"b'\x83""\xe5\xd3`RVn'",b'D\xb6\x98/\xc0rVl',48930,red
b'\xdc\xedk\xda\xb4S_\x8b',b'D\xb6\x98/\xc0rVl',48929,red
b'L\x91C\xce(TV&',b'A\xd5\xbd\x98\xf3+]\n',53428,red
b'\x92\x05\xa2(}\tTF',b'A\xd5\xbd\x98\xf3+]\n',49673,red
b'qcD\xd6C\xf6P\xd7',b'A\xd5\xbd\x98\xf3+]\n',49674,red
b'\xbeK\x0c\xcc\xb8U[\x01',b'A\xd5\xbd\x98\xf3+]\n',48930,red
b'{\x8b\x9e\nEc^r',b'A\xd5\xbd\x98\xf3+]\n',48929,red
b'\xc5S\x13M\x95\xffY\x0f',b'\x108\xac\xcd7\xb5ZU',53428,red
b'\x96]]Q\xb7\xa0W{',b'\x108\xac\xcd7\xb5ZU',49673,red
b'\xb3\x17\xde\xd2w\xc7_\x12',b'\x108\xac\xcd7\xb5ZU',49674,red
b'\xa1\xd7&+)\xa4Rx',b'\x108\xac\xcd7\xb5ZU',48930,red
b'\x8d$M\xf7C\x7fZ\xc7',b'\x108\xac\xcd7\xb5ZU',48929,red
b'I!\x9aPG\xc0]\xae',b'<\x04\x8a3%\xacR\x9f',53428,red
b'?o\xc5\x06\xcbp^.',b'<\x04\x8a3%\xacR\x9f',49673,red
b' %\xd0\x96\x84PQ\xfc',b'<\x04\x8a3%\xacR\x9f',49674,red
b'P<\xea\xe8\xbe\xe7R5',b'<\x04\x8a3%\xacR\x9f',48930,red
b'\xe8\xa7\xae\xbb\xf7\x85W\xc6',b'<\x04\x8a3%\xacR\x9f',48929,red
b'Oh{(\xe1\x12_\x17',b'\xc2}\x17\xb8\x9a\xf8\\\xb8',53428,red
b'\xd4o8e\xe9\xc4^T',b'\xc2}\x17\xb8\x9a\xf8\\\xb8',49673,red
b'\xe5\xbc\xdb\xad\xfc\xacP\x17',b'\xc2}\x17\xb8\x9a\xf8\\\xb8',49674,red
b'\xfa\xac\xde\xd7U\xd9Z)',b'\xc2}\x17\xb8\x9a\xf8\\\xb8',48930,red
b'G1u\xbbKT[\x04',b'\xc2}\x17\xb8\x9a\xf8\\\xb8',48929,red
b'\xcb/\xac\xa9\xfaJR\xa7',b'\xae\xe1\x9c\xc40\xd6WY',53428,red
b'\xebS\xe9\xe6\xdb\xcfR\x15',b'\xae\xe1\x9c\xc40\xd6WY',49673,red
b'\xba\xb8\xbe\x9dZ\xc7P\xf8',b'\xae\xe1\x9c\xc40\xd6WY',49674,red
b'L\xaf\t\xca\x02.\\\x88',b'\xae\xe1\x9c\xc40\xd6WY',48930,red
b'\x95Dr\xe1)\x88W2',b'\xae\xe1\x9c\xc40\xd6WY',48929,red
b'9\xb4\x05\xfa\rvV\xc8',b'N\xdc\xbdj\xaa~W\xa1',53428,red
b'\x1aW\xb9\x00_o^\xb4',b'N\xdc\xbdj\xaa~W\xa1',49673,red
b'\xea\xa8\xeb\xb2$\x1bS\xd1',b'N\xdc\xbdj\xaa~W\xa1',49674,red
b'\xf5\x07\xd0\\\xee\x1bY[',b'N\xdc\xbdj\xaa~W\xa1',48930,red
b'?\xc0\xdf\xb5\x00\x1bSI',b'N\xdc\xbdj\xaa~W\xa1',48929,red
b'\xf3\xf1\xc8\xa3\xbbiY ',b'\xe3\xd0\x17=\x8f\xd5Q`',53428,red
b'\xd5\r\xaa\xff6\xe0P\xee',b'\xe3\xd0\x17=\x8f\xd5Q`',49673,red
b'\xcc\x1f\xcd@5\x10_\xf5',b'\xe3\xd0\x17=\x8f\xd5Q`',49674,red
b'Y\x02\xf3P\x99\x87T\xd9',b'\xe3\xd0\x17=\x8f\xd5Q`',48930,red
b'\xd5\xa4\xd4\x99\xb7$Z?',b'\xe3\xd0\x17=\x8f\xd5Q`',48929,red
b'YH\x14\xcf\x18\xe7S\xa1',b'e\x14\x99t~g^\x0f',53428,red
"b""{'\xf8\xaa\xab\x93])""",b'e\x14\x99t~g^\x0f',49673,red
"b'\x0f\xad\xed\x16R""_&'",b'e\x14\x99t~g^\x0f',49674,red
b'\xd0\xae\xc7\xd5\r\xf1\\\x9b',b'e\x14\x99t~g^\x0f',48930,red
b'\x9eR_\xabe\xebQJ',b'e\x14\x99t~g^\x0f',48929,red
b'\xaeT\xcc}\xcc\xf7W\xa4',b'\x8c\xa5\x1b\xea\xc8\x80V\x13',53428,red
b'\x85_>\xcaG\x9aZ<',b'\x8c\xa5\x1b\xea\xc8\x80V\x13',49673,red
b'\x00\xa6A\xd6\xa4\xadVP',b'\x8c\xa5\x1b\xea\xc8\x80V\x13',49674,red
b'\x08\xb1\x81\xed\x9b\x80Y3',b'\x8c\xa5\x1b\xea\xc8\x80V\x13',48930,red
b'\x18\x9a\xf3_ \xf7P\x07',b'\x8c\xa5\x1b\xea\xc8\x80V\x13',48929,red
b'_>\xea\x06\xe0\xd5]\xe0',b'x\x04\x10#\x1a8^\xf7',53428,red
b'\x9e\xe9\x00\xd0\xb5\xa7S\x18',b'x\x04\x10#\x1a8^\xf7',49673,red
b'\x96\x13\xce\xea\xa9\xa8R\xbb',b'x\x04\x10#\x1a8^\xf7',49674,red
"b'3\x80=j5\x98\\,'",b'x\x04\x10#\x1a8^\xf7',48930,red
b'\xbcv\xa1\xcfVFV>',b'x\x04\x10#\x1a8^\xf7',48929,red
"b'\x84\xa3\xf5\x1b\x1c""^\x1e'",b')\xea\xfe>0\xc0Z\x0c',53428,red
b'\x17\xf8b\xd5\xf8\xc8R\x16',b')\xea\xfe>0\xc0Z\x0c',49673,red
b'~\xba|\x0f>\xd6Sp',b')\xea\xfe>0\xc0Z\x0c',49674,red
b'u\xd8\xc1\x80\xec\xebS1',b')\xea\xfe>0\xc0Z\x0c',48930,red
b'\xdc\x0f\xe1(\x18\xdcZX',b')\xea\xfe>0\xc0Z\x0c',48929,red
b'Hd\xeb)\x91|RC',b'\n\x18\x140\xbd8U\xfe',53428,red
b'I\xed\xbeyg\tR\x1a',b'\n\x18\x140\xbd8U\xfe',49673,red
"b'W\xe3\x93\x1b\x04""Q\xca'",b'\n\x18\x140\xbd8U\xfe',49674,red
"b'\x80""1\xdef\xfcU\xb9'",b'\n\x18\x140\xbd8U\xfe',48930,red
b'\x9fQ\xe3y\x1d\xf5W\n',b'\n\x18\x140\xbd8U\xfe',48929,red
b'\xc4@t%pVZ}',b'\xaa\x9c<h`\x02[\x10',53428,red
b'\x88(\xddS\xd3\xedU\x02',b'\xaa\x9c<h`\x02[\x10',49673,red
"b""\x17yX\x071\x1fW'""",b'\xaa\x9c<h`\x02[\x10',49674,red
b'\xd2\xe6\xa0[Jt]\xfb',b'\xaa\x9c<h`\x02[\x10',48930,red
"b""dR\x02\xd2\xea'X\x93""",b'\xaa\x9c<h`\x02[\x10',48929,red
b'/*\xafS\xa5JQT',b'\xeb\xf2v\t7\xf6[\xaa',53428,red
b'\x03;\xe3`P:T\xa9',b'\xeb\xf2v\t7\xf6[\xaa',49673,red
b'\xae\xf9\xeb\xdb\xb3\x12P\xa3',b'\xeb\xf2v\t7\xf6[\xaa',49674,red
b'\xce-n\xc0=\xe5V\xfb',b'\xeb\xf2v\t7\xf6[\xaa',48930,red
b'f\x1b\x0eR\xea^\\3',b'\xeb\xf2v\t7\xf6[\xaa',48929,red
b'\xf8\x05_\xf6\xe5 P7',b'&\xeb64\x7f\xecW\xcd',53428,red
b'\xa8\xd44\x00\taY\x05',b'&\xeb64\x7f\xecW\xcd',49673,red
b'\xab\x12\\\xe7\xe4<S\xcd',b'&\xeb64\x7f\xecW\xcd',49674,red
"b""T\x90'N\x17 Z\x1f""",b'&\xeb64\x7f\xecW\xcd',48930,red
b'\xe4k\xf3(\x90\x90Ue',b'&\xeb64\x7f\xecW\xcd',48929,red
b'\xfd\xf1\x91c\x85\xaaX#',b'\xdb\xc20\xd8\xd4\xa1_\xcb',53428,red
b'\t\xd0\xef\x01\xd9\x9dP\xff',b'\xdb\xc20\xd8\xd4\xa1_\xcb',49673,red
b'\x8d\xa5\xf9\x1c\xee\x19V\xb7',b'\xdb\xc20\xd8\xd4\xa1_\xcb',49674,red
b'\xdc\xbaA\x14\x8a\xa5V\xde',b'\xdb\xc20\xd8\xd4\xa1_\xcb',48930,red
b'\x85\xfb\xe4\xe9.\xa7Q\x03',b'\xdb\xc20\xd8\xd4\xa1_\xcb',48929,red
"b'e,E|\x04 \\\x18'",b'^\xfa\xb9C\xf2\x8fW\x0b',53428,red
b'\x10\xf9\x05$\xdc\x02X\x1c',b'^\xfa\xb9C\xf2\x8fW\x0b',49673,red
b'\x8d~\x00\xac!\xdb^=',b'^\xfa\xb9C\xf2\x8fW\x0b',49674,red
b'\xcd\xc3\xaf\x13\x86\x88P\x18',b'^\xfa\xb9C\xf2\x8fW\x0b',48930,red
b'\xe7\xaeS\x89m\xf8V!',b'^\xfa\xb9C\xf2\x8fW\x0b',48929,red
b'/\xd0\x1c\x8d\x86._\x94',b'\xb8\xaf\x89:\xd9\x88Z\xb9',53428,red
b'\xfb\xa1 \x1e\xa5\x1fP\xc9',b'\xb8\xaf\x89:\xd9\x88Z\xb9',49673,red
b'\\`\x91\xcb\xa5\xa8Y\xaa',b'\xb8\xaf\x89:\xd9\x88Z\xb9',49674,red
b'AB\xb4 \xcf\x91QO',b'\xb8\xaf\x89:\xd9\x88Z\xb9',48930,red
b'\xc9u\xe6m\xeb\xb2[#',b'\xb8\xaf\x89:\xd9\x88Z\xb9',48929,red
b'\xaf(5\x1b\xd5\x11^@',b'\x0e\x03\x17\x81\x90\xa3_\xca',53428,red
b'\xb2\xea6(w\xa0Y\r',b'\x0e\x03\x17\x81\x90\xa3_\xca',49673,red
b'*\x9aU\xfc\xc8\x13]\xa3',b'\x0e\x03\x17\x81\x90\xa3_\xca',49674,red
b'~X\xcc|\xca\xc9P\x83',b'\x0e\x03\x17\x81\x90\xa3_\xca',48930,red
b'\xa3\t\xf5\x13n\x15S\xf2',b'\x0e\x03\x17\x81\x90\xa3_\xca',48929,red
b'l\xc6\xf2uu\xdd^T',b';yx\x03\x0c=[\x99',53428,red
b'AF\xaag\xbd^_\xa2',b';yx\x03\x0c=[\x99',49673,red
"b'\x9a\xbck35""Y('",b';yx\x03\x0c=[\x99',49674,red
b'\xaa\xfe?H\xbb/Rg',b';yx\x03\x0c=[\x99',48930,red
b'\xa2\x0cRc\xa2\xfbS\x91',b';yx\x03\x0c=[\x99',48929,red
b'^\xf0\x94=\x97\xacZj',"b""V'Y\xd4\xb6\xabW\x93""",53428,red
"b""4\xc3Z\xcf\xb83\\'""","b""V'Y\xd4\xb6\xabW\x93""",49673,red
b'\xcc*\x7f\xa9m\xff\\\xfb',"b""V'Y\xd4\xb6\xabW\x93""",49674,red
b'1V\x8f\xdc\xb3\xf4R\xb0',"b""V'Y\xd4\xb6\xabW\x93""",48930,red
b'\x0bTY!NeV\xbb',"b""V'Y\xd4\xb6\xabW\x93""",48929,red
b'5#\xd3c\x83RV\x00',b'\xc2\xcfd\x99\x8dl^\x15',53428,red
b'\n\x00)v\xd5\xe7^\xb3',b'\xc2\xcfd\x99\x8dl^\x15',49673,red
b'\xe9G\x17\xfd\xa6\x9e^\xf6',b'\xc2\xcfd\x99\x8dl^\x15',49674,red
b'\xab\x9dn\xaf\xdcFP*',b'\xc2\xcfd\x99\x8dl^\x15',48930,red
"b""\x92'`Xj\xf6^\xb6""",b'\xc2\xcfd\x99\x8dl^\x15',48929,red
b'6\xa1\xaf\xfb\xa7\xb3\\\x9c',"b""\xfb\xbf\xdc\xed\xe2jR'""",53428,red
b'B\xc1t\xcd\xd6\xf7_\xcf',"b""\xfb\xbf\xdc\xed\xe2jR'""",49673,red
b'O=\x06_\xb0e]\xc5',"b""\xfb\xbf\xdc\xed\xe2jR'""",49674,red
b'`<\x7ft\x95\x0c[\xef',"b""\xfb\xbf\xdc\xed\xe2jR'""",48930,red
b'\x80x5\xbf\xfd\xa2ZX',"b""\xfb\xbf\xdc\xed\xe2jR'""",48929,red
b'\x9cw\xb9\x9c\x11\x1bU\xcc',b'\xbeq1\xcb\xba\x8dX_',53428,red
b'0\xa3D\x0f\x96\xf2WV',b'\xbeq1\xcb\xba\x8dX_',49673,red
b'\x9f\xd8\x90Y\x19\x80\\k',b'\xbeq1\xcb\xba\x8dX_',49674,red
b'\xcd\xfa\xe2\xa8B`Q3',b'\xbeq1\xcb\xba\x8dX_',48930,red
b'\xef\xa7\x10\xdcY\xb2Q%',b'\xbeq1\xcb\xba\x8dX_',48929,red
b'\x13\xab\xf6\xf8)/P\xd8',b'@\xcb\xa4\x80\xf8\x0eZ\xfe',53428,red
b'fk\x89\x14\xffrT\x01',b'@\xcb\xa4\x80\xf8\x0eZ\xfe',49673,red
b'_\x18_\xa81\x1d[\xfb',b'@\xcb\xa4\x80\xf8\x0eZ\xfe',49674,red
b'T\x19\xc9\x02\x16\xb0W\xd3',b'@\xcb\xa4\x80\xf8\x0eZ\xfe',48930,red
b'&\x03\xcbT\x18\xa8Z\xa1',b'@\xcb\xa4\x80\xf8\x0eZ\xfe',48929,red
b'/\xcd\x88\xf0@\xa0U\x80',b'\xcb\xe5\x83q0@Q\xae',53428,red
b'\x12\xfcz\xf2\xae\x8a]\x91',b'\xcb\xe5\x83q0@Q\xae',49673,red
"b'\xbb\t\xca,\xaf\xe4Sn'",b'\xcb\xe5\x83q0@Q\xae',49674,red
b'\xef\xec&1\xf7\x05V\xb7',b'\xcb\xe5\x83q0@Q\xae',48930,red
b'\xc92\\\x93\xc7b[\x8a',b'\xcb\xe5\x83q0@Q\xae',48929,red
b'\xbe\xcc\xef\xab\x95OP(',b'g8r1\xcc\x91S\x9d',53428,red
b'E\x97\xcc<\x1bEP\x05',b'g8r1\xcc\x91S\x9d',49673,red
b'\xb8**\xf0\xad\xec^\x1a',b'g8r1\xcc\x91S\x9d',49674,red
b'\xdeb\xa8n\x12\xa3Ya',b'g8r1\xcc\x91S\x9d',48930,red
b'\xf9\x91N\xa5bzR\xed',b'g8r1\xcc\x91S\x9d',48929,red
b'\xd1\x04\x94\x80\n\x1c[e',b'\x8a\xa2\x9c\xae\x1e\x0fQ\xea',53428,red
b'OW\xe4\xacN\xc1_\x05',b'\x8a\xa2\x9c\xae\x1e\x0fQ\xea',49673,red
b'\x8c#\xc5\x18\xfc\xfa]\x17',b'\x8a\xa2\x9c\xae\x1e\x0fQ\xea',49674,red
b'\x9c\xf4g\x1ckDR\x8e',b'\x8a\xa2\x9c\xae\x1e\x0fQ\xea',48930,red
b'\xd42\x13\x02\xdc\xd4[P',b'\x8a\xa2\x9c\xae\x1e\x0fQ\xea',48929,red
b'O^\xb2\nB\xfeT\x8d',b'\xb53x\x1ez\x8fSe',53428,red
b'xc\x9f\x9ax\x8aS\x9f',b'\xb53x\x1ez\x8fSe',49673,red
b'}\xdc\xc2\xd9\x13\xb8U\xcd',b'\xb53x\x1ez\x8fSe',49674,red
b'\xaaX-\x99\t\x93S\xf9',b'\xb53x\x1ez\x8fSe',48930,red
b')\xe0H\x0e\x04\xe5YU',b'\xb53x\x1ez\x8fSe',48929,red
b'\xe9I\xb0\xcfxIU\xc2',b'\xaenuG\x837Z\xba',53428,red
b'\x9c=\x83\xb5\r\xdfV\x11',b'\xaenuG\x837Z\xba',49673,red
b'b\x06G\xae\xb5\xccV\x9e',b'\xaenuG\x837Z\xba',49674,red
b'M\x17\x04\x82(:W.',b'\xaenuG\x837Z\xba',48930,red
b'V\x02\xf0\x8eU\x18SK',b'\xaenuG\x837Z\xba',48929,red
b'WT+^\xe6~ZO',b'\x97b\x00A2\xddW\xcd',53428,red
b'J\xb5\x19xz6T\xac',b'\x97b\x00A2\xddW\xcd',49673,red
b'\x8a\x9f6J;\xfcP\x16',b'\x97b\x00A2\xddW\xcd',49674,red
b'\xf0v\x02\x8c\x0e\xdf_\xd3',b'\x97b\x00A2\xddW\xcd',48930,red
"b""|\x94\xd7\xb7'qU\xc2""",b'\x97b\x00A2\xddW\xcd',48929,red
b'\x07\x8e^\xffd\xde\\S',b'\xd2G\x9a\xcfC\x04T\x10',53428,red
b'$\xd0\xc4=(\xc5V.',b'\xd2G\x9a\xcfC\x04T\x10',49673,red
b'>\xa6\xed\xa5\x1e\xb3_\xd3',b'\xd2G\x9a\xcfC\x04T\x10',49674,red
b'\xfb\x99B\xf4oy]\xe3',b'\xd2G\x9a\xcfC\x04T\x10',48930,red
b'N\xa6\xba\rK\x8f]\xb1',b'\xd2G\x9a\xcfC\x04T\x10',48929,red
b'\x0e\r`\x04\x04\x8ePi',b'\x93\x06jf\xe8\x94Z;',53428,red
b'\x8ew\xed\x90\xd8zWG',b'\x93\x06jf\xe8\x94Z;',49673,red
b'\x91\x88C\x8c_\xddU ',b'\x93\x06jf\xe8\x94Z;',49674,red
b'd\x92r\xd9\xba\xf8[\xfa',b'\x93\x06jf\xe8\x94Z;',48930,red
b'%R\x8e\xd5\xe7\x0eY\x01',b'\x93\x06jf\xe8\x94Z;',48929,red
b'\xc0\xf8\xd8pK\xd8Rz',b'\x95\xeb\xb7\x8c@=S\xc3',53428,red
b'\x96\rj8s\xe0_|',b'\x95\xeb\xb7\x8c@=S\xc3',49673,red
b'\xa6\xa7\x04\x9d\xa3\xe8P\x1a',b'\x95\xeb\xb7\x8c@=S\xc3',49674,red
b'|~\xcb\xed8\x1fS\xe8',b'\x95\xeb\xb7\x8c@=S\xc3',48930,red
b'\xca\xa4\xdf\xfc\xd2/T\x10',b'\x95\xeb\xb7\x8c@=S\xc3',48929,red
b'l\xa2\xa7\x7f\xb3mZl',b':\xee\xc6\x82b\x97\\\xf3',53428,red
b'_\xac\xaf\x97|mQ\xb9',b':\xee\xc6\x82b\x97\\\xf3',49673,red
b'\xbbvU:\x02\x8fQ\xb9',b':\xee\xc6\x82b\x97\\\xf3',49674,red
b'\x8e}\xd7\x01\xea}Us',b':\xee\xc6\x82b\x97\\\xf3',48930,red
b'I\x97F\xcc\xad\xcc\\\xbe',b':\xee\xc6\x82b\x97\\\xf3',48929,red
b'\x94>\x91\xc4\x17\x07Z\xc3',b'c`\xbd\x10\xd3\xb4Zo',53428,red
b'\xb4\t\x85\xc6}\xbeP\x8d',b'c`\xbd\x10\xd3\xb4Zo',49673,red
"b'\x95fA\x9b\xa4\xd8U""'",b'c`\xbd\x10\xd3\xb4Zo',49674,red
b'\xfd\x11\xaen/\xf9W\xbf',b'c`\xbd\x10\xd3\xb4Zo',48930,red
b'\x06\xe7\x1d\xb5\x80\x9cY\xd8',b'c`\xbd\x10\xd3\xb4Zo',48929,red
b'nJR\x0c2\xbfU\xcc',b'uZ\xdf\x9b?\x1c[\x1c',53428,red
b'\x1fH\x12\rE\x01Q\xca',b'uZ\xdf\x9b?\x1c[\x1c',49673,red
b'\xaa^TNe\xd4[&',b'uZ\xdf\x9b?\x1c[\x1c',49674,red
b'\x89\xd5wd\xcb\xff\\\xe8',b'uZ\xdf\x9b?\x1c[\x1c',48930,red
b'\xe6I*T\xdb\x07Vn',b'uZ\xdf\x9b?\x1c[\x1c',48929,red
b'4\xaf\xb2*\xaa\xb6R\x87',b'{\x8b\x16\x0b\xdd\xec\\a',53428,red
b'\x16K\x97\x7f=\x17^\x8a',b'{\x8b\x16\x0b\xdd\xec\\a',49673,red
b'\x85\x00\x03z\x08\xdcW\x01',b'{\x8b\x16\x0b\xdd\xec\\a',49674,red
b'\x06;|\xcah\x91_\xba',b'{\x8b\x16\x0b\xdd\xec\\a',48930,red
b'\x06_(\xd1\xe17WF',b'{\x8b\x16\x0b\xdd\xec\\a',48929,red
b'\xd9\xfc\x9f\xdaB W!',b'\xc2]\xb5\xb1\xb7\xd8U\xcc',53428,red
"b""/'\x10\r_\xdcW\x94""",b'\xc2]\xb5\xb1\xb7\xd8U\xcc',49673,red
"b""W\xfb\xd4m\xc47]'""",b'\xc2]\xb5\xb1\xb7\xd8U\xcc',49674,red
b'\xa0\x14\xaaNR\xf9SH',b'\xc2]\xb5\xb1\xb7\xd8U\xcc',48930,red
b'\xcfb]b\x05\xbb\\`',b'\xc2]\xb5\xb1\xb7\xd8U\xcc',48929,red
b'\xaf\x0c\xfd\xe6\xc73R\x93',b'\x08\xfe5\x91\xcb\x1cT\xca',53428,red
b'q\x17\xb7\xba\x9a\x95V\xf5',b'\x08\xfe5\x91\xcb\x1cT\xca',49673,red
b'\x81\xf6\xad\x8dG@P+',b'\x08\xfe5\x91\xcb\x1cT\xca',49674,red
b'\xdf\xf3EJ\xf5\xf0^\xfb',b'\x08\xfe5\x91\xcb\x1cT\xca',48930,red
b'\xdf\n(\x9a\xf4\xe4V\x9e',b'\x08\xfe5\x91\xcb\x1cT\xca',48929,red
b'R@\xd2\x19+\x86WW',b'\xca\x9fgN\xf4;Y\xaf',53428,red
b'\x93p\xf0P\xb3\x83Z\x07',b'\xca\x9fgN\xf4;Y\xaf',49673,red
b'h\xfa\x8a\xc67\xd1X\xbe',b'\xca\x9fgN\xf4;Y\xaf',49674,red
b'3\x1a\xf0\x0f\x04\\T\xb9',b'\xca\x9fgN\xf4;Y\xaf',48930,red
b'\x92\x98\x14\x1aZ_S\xe5',b'\xca\x9fgN\xf4;Y\xaf',48929,red
b'\x1b\xae\x18\xed\xa5USb',b'\xb4\xbb\xed^\x9b.Q\xdc',53428,red
b'\xfe\xfd\xcc\x8d\x9bq]\xf2',b'\xb4\xbb\xed^\x9b.Q\xdc',49673,red
b's\xcf\xfc\xdb\xdeWWF',b'\xb4\xbb\xed^\x9b.Q\xdc',49674,red
b')z\xcb\xfdE\nQ\t',b'\xb4\xbb\xed^\x9b.Q\xdc',48930,red
b'G\xee\xcd8\xa8\x1fX\xaf',b'\xb4\xbb\xed^\x9b.Q\xdc',48929,red
b'\x18\x95V\xd3\x85{Sl',b'\x0b\x9dh\x15\xce-_\xda',53428,red
b'\xb0\xed\x03T\x08\x0bW\x88',b'\x0b\x9dh\x15\xce-_\xda',49673,red
b'\xab\x1e\x92\x1f\x1b\x81[r',b'\x0b\x9dh\x15\xce-_\xda',49674,red
b'x\xb6\xd6)\x12\x84\\&',b'\x0b\x9dh\x15\xce-_\xda',48930,red
b':f\xfd\x16q\x17WO',b'\x0b\x9dh\x15\xce-_\xda',48929,red
b'\x05\xb8R3\x17\xba[\xe5',b'?\xf3\xcdV<%T\xa1',53428,red
b'\x97\xcc\x9dR\x81\xf5P\xb3',b'?\xf3\xcdV<%T\xa1',49673,red
b'\x80+m\xac\xb0\xb7]\xa4',b'?\xf3\xcdV<%T\xa1',49674,red
b'\x93\xbaBA\x89IUb',b'?\xf3\xcdV<%T\xa1',48930,red
b'\xaa\xf7\x98Z\xac\r^\xe3',b'?\xf3\xcdV<%T\xa1',48929,red
b'\xafz\x8e\xca\xe5pV\x1a',b'\xd9\xa2\x83%\xfcsPH',53428,red
b'\t\xc6V3Q\xa3S\x19',b'\xd9\xa2\x83%\xfcsPH',49673,red
b'\x0e)\x8b7\x03\xb0Y9',b'\xd9\xa2\x83%\xfcsPH',49674,red
b'g\xba\x83m\xf2\x05X^',b'\xd9\xa2\x83%\xfcsPH',48930,red
b'V\xe4\xc7\xff\x19\x0c]\x15',b'\xd9\xa2\x83%\xfcsPH',48929,red
b'U\x14t\x1a\xc8\xeb^\xa5',b'U\x9d\x82r\xa4\xec\\\xc2',53416,red
"b""\x9a'\xf8&E~P\x95""",b'U\x9d\x82r\xa4\xec\\\xc2',52828,red
b'\xdc\xd3\x8a{\xca\xcaS\xa1',"b""K]\xdeo'\x11W\xdf""",53416,red
b'\x9c\xc7L\xd62\x17QD',"b""K]\xdeo'\x11W\xdf""",52828,red
b'\xd8G\x00z\xdd\xe6T\xe7',b'\xa9o6\x83\xba\xaaY\xd3',53416,red
b'=\xb8N!\xbd\x94U\xf0',b'\xa9o6\x83\xba\xaaY\xd3',52828,red
b'b\x9cF\xa4\xe8q]\xdf',"b'\xa4\xeb\xe19\x95f[,'",53416,red
b'\xcd\xe8\r\xa3\xac\xc1\\Z',"b'\xa4\xeb\xe19\x95f[,'",52828,red
b'3)b\xa1.NR\x01',b'\xc9l\x1d\x0c\xb3&[\xe7',53416,red
b'n\xa1}\xbd\x92\x12R\x04',b'\xc9l\x1d\x0c\xb3&[\xe7',52828,red
b'\xfe\xad\x8d\x9b;xP\x89',b'\xd1\x93/Y`\x8dR\x0c',53416,red
b'\x0e()J\xd6\xaaY>',b'\xd1\x93/Y`\x8dR\x0c',52828,red
b'\x1d\xdfG\x95xxS.',b'C\xbc\x9e\x04\xff7^ ',53416,red
b'\x9e\x7fz\xdb\xd07V\xf8',b'C\xbc\x9e\x04\xff7^ ',52828,red
b'Q\x0c\xed\x1c\xf5\xecS\xb4',b'\x8c\xe8\x0c\xce\x92\xc8Z\xe5',53416,red
b'\xcc\x12\xb3\xe3\xe3\x14Q\xb2',b'\x8c\xe8\x0c\xce\x92\xc8Z\xe5',52828,red
b'}\x95V\x7f\xbbt^\xb8',b'\x95\xfa\xcd=YeZ\x8d',53416,red
b'Wd\xbb\xfd*RY\x01',b'\x95\xfa\xcd=YeZ\x8d',52828,red
b'&\xfc\xb9\xe1ToX\xe1',b'\xdd~\x9feF\xf4Wz',53416,red
b'#\x98\x10\xe2;\x11\\K',b'\xdd~\x9feF\xf4Wz',52828,red
b'\x1ff|\xf0\xd3\xb7Y\xc9',b'\xc6R\xa4]\xc6mR\x02',53416,red
b'\x9c\xf5\xf6\xfbP\x9eU\x03',b'\xc6R\xa4]\xc6mR\x02',52828,red
"b'\x81\xba\x0b\xef,\xf6S-'",b'\x8d.\xf9\x93\xb0\x84W\x1b',53416,red
b'\x96\xe6Pn\x03NR\xc5',b'\x8d.\xf9\x93\xb0\x84W\x1b',52828,red
b'-\xa8\xc6\x12r\xeaU\x99',b'2[D\xdc\xc1\x14X\\',53416,red
b' )`YneV&',b'2[D\xdc\xc1\x14X\\',52828,red
b'\x08mH\xbf\x1f\xbfPp',b'\xa8\xcf\xc3|\x83/T\xe7',53416,red
b'XZ^\xb8I\xf3_<',b'\xa8\xcf\xc3|\x83/T\xe7',52828,red
"b'P\xfbU""\x11\x8e]H'",b'm^`\xcb\xa9 ^|',53416,red
b'4\\|\x0c\xb4\xda]A',b'm^`\xcb\xa9 ^|',52828,red
b'\x01\xce$NX\x06Q\x8a',b'\x10*\x88\xa7\xa7WR\x07',53416,red
b'\x18\xd0\xc1\xa7\xfc\xf7W\xd5',b'\x10*\x88\xa7\xa7WR\x07',52828,red
b'\x87\x99Ap\x066W\xd2',b'\xf4D\xca\x84\x82\xa7S5',53416,red
b'k\xf2\xb3\xf2\x98`^N',b'\xf4D\xca\x84\x82\xa7S5',52828,red
b'\x15tj\xa57\xbfUK',b'c\x9aD\xc8%\xd9P_',53416,red
b'I\x82\x91\xd65\xb6^\xd0',b'c\x9aD\xc8%\xd9P_',52828,red
b'\xaflG\xd2\x8cARL',b'G;\x04\xca6HX\xbe',53416,red
b'\xa2\xf5U\x83h\xad]\xd4',b'G;\x04\xca6HX\xbe',52828,red
b'/\x16\x0c\xbb\xa8/^\xfd',b'\xbfywI}\xf6R\xa2',53416,red
b'J\xe4~\x99\xa6N^\x9c',b'\xbfywI}\xf6R\xa2',52828,red
"b'k\xa2\xf5_\xbd""_#'",b'/\x0e\x03J\xf6\xa2[\x16',53416,red
b'\xbe\xca\x08\xd7Q\x8eQ\x02',b'/\x0e\x03J\xf6\xa2[\x16',52828,red
"b'=pS9M""^\x17'","b"">'Z\xc27?X3""",53416,red
b'(J\xe9\xbd\x83\x86T\xbe',"b"">'Z\xc27?X3""",52828,red
b'z\x9d\xeea\x92\xdc[d',b'\xe4\xb6\x0cx\xcb\xf2V\xa5',53416,red
b'\x95/\xd0\xbc\x08\x0cR\xc4',b'\xe4\xb6\x0cx\xcb\xf2V\xa5',52828,red
"b'\x8b\x89\x90r,0R\xb9'",b'O\xb8\x06bY\xc6Y\x02',53416,red
b'\xe1\x0f\x8b\x80@\xcbSK',b'O\xb8\x06bY\xc6Y\x02',52828,red
"b""\x1f'2\xe0\xa3\xceW\x14""",b'\xd6n\xba\x04W\xa7Z\xd3',53416,red
b'\xa8\xc1\x1f8\xb6hT\xd3',b'\xd6n\xba\x04W\xa7Z\xd3',52828,red
b'\xdf\x19\x90\xef\x88\x9b\\\xe1',b'\xecH\x1a;{\xf0P\xeb',53416,red
"b'N\'\xc20{\x16^""'",b'\xecH\x1a;{\xf0P\xeb',52828,red
b'\xbc\xf1N\xf1\xe1>Xt',b'\xfbKv*~uW\xbc',53416,red
b'\x81Pmj\xee\xe1X\xb4',b'\xfbKv*~uW\xbc',52828,red
b'\x13t\x1bX\x89_Z\x81',b'\xe7\xef\xf2\xb6\xfb\x0eS\x9c',53416,red
b'\x8c\x1f-\x9c\xf8*X\x86',b'\xe7\xef\xf2\xb6\xfb\x0eS\x9c',52828,red
b'Q\x0e\x96\x97\x91\xee[:',b'J\xd7\x0e\x896\xcc\\\x93',53416,red
b'nN;\xd3\xfbbU\xdb',b'J\xd7\x0e\x896\xcc\\\x93',52828,red
b'\xb6Q_mA\xb0^\xcb',"b'z""la\xedTR\xc8'",53416,red
b'\x84<XB^\x00\\^',"b'z""la\xedTR\xc8'",52828,red
b'-\x06&\xca\xaa\xe2[\xe6',b'\xb6d#-i\x92X\xe3',53416,red
b'HG\x08\x9em\xb4PT',b'\xb6d#-i\x92X\xe3',52828,red
b'^\xeb\x89wY\xedU=',b'\x13\xdd\xff.\xf9\xf2R-',53416,red
b'\xe7\xd1<v\xca\xaeQ\xbf',b'\x13\xdd\xff.\xf9\xf2R-',52828,red
b'\xf6\x985O\xdc\xa8U\xbb',b'x\xdf\xea\xf5;\xbcR\xb4',53416,red
b'\xd1\r\x840\xaezSV',b'x\xdf\xea\xf5;\xbcR\xb4',52828,red
b'\xa3\xd9=\xeb\x00\xbfQ\xfb',b'\xca!\xae\x95\x139Z\xef',53416,red
b'p\xa9\xfc\x089\xb5]O',b'\xca!\xae\x95\x139Z\xef',52828,red
b'\r\xe2\xf6\xd4\x06\xe8RW',b'\xf4\x8a\x004q\xf7Q\x88',53416,red
b'\xc1p\x92\xb1\xda\xeeP;',b'\xf4\x8a\x004q\xf7Q\x88',52828,red
b'\x14\xea\x13P[.TQ',b'\xb7\x84\x0f\x16\xeb0T\x99',53416,red
b'\xc6\\1\xce.SQ\xc7',b'\xb7\x84\x0f\x16\xeb0T\x99',52828,red
b'\xc6\x19n\xfe/\nT\xf6',b'\xcb\x0cu\x04\xd1\xa9_*',53416,red
b'\\=j\\w\xb2[\xec',b'\xcb\x0cu\x04\xd1\xa9_*',52828,red
b'6\xdb\x9a\xf5\xcf\x13^\xd0',b'\x08\xbd\x1f\xc3\x10WR\xba',53416,red
b'\x84\xec5\x97u\x9cZ\xf0',b'\x08\xbd\x1f\xc3\x10WR\xba',52828,red
b'\x1a/|\x15D.^\x84',b'3U\t\xfb\x90dQU',53416,red
b'\x9br*\xf7\xdek^\x05',b'3U\t\xfb\x90dQU',52828,red
b'\x04\x10\xc2g\x00\xf3Y\x96',b'I{n\t\xe7^U\xb2',53416,red
b'3\x0f0\xcbF\x8cQ\xf0',b'I{n\t\xe7^U\xb2',52828,red
b'|\xb5\xa5 \xa3\xb3_\x88',b'\x88\x19;\x18\xec\xbc]W',53416,red
b' \xc1]\x81\xd3\xfbT\xca',b'\x88\x19;\x18\xec\xbc]W',52828,red
"b""j.]'\xf5\xc9V\xf6""",b'\x06?R\x02\x8f\xb4P ',53416,red
b'24\x93\xcazeS\xc8',b'\x06?R\x02\x8f\xb4P ',52828,red
b'\xe9\x0cd[x\xc5Vk',b'\x8b\x18\xed\xfe|%W\xc4',53416,red
b'0\xae\xe6yi\xbeY\xef',b'\x8b\x18\xed\xfe|%W\xc4',52828,red
b'\xce\xf1\xe7\xcc%\xdaXP',b'\xcf\xff\r+=\x80T\x14',53416,red
b'VS\xc1\x06M\xdbZ?',b'\xcf\xff\r+=\x80T\x14',52828,red
b'\x17\x83|E\x00\xa8Xp',b'\xc5\x8cy`\xaf{^p',53416,red
b'\n\xe7\x10g\xd9\x98Y\xd3',b'\xc5\x8cy`\xaf{^p',52828,red
b'\x9b\xb2\xa0\xf9\x7f\xf7Yl',b'\xfc\xba\x8e\xb3\xa4\xf1]\xcb',53416,red
b'\xb6\x14\x99\xc5-\x9a[\xfe',b'\xfc\xba\x8e\xb3\xa4\xf1]\xcb',52828,red
b'\xd1\x06\x92\x1a\xb3)UQ',b']\xba\xb7\xc1\x07\x8cY\x02',53416,red
b'\xab\xee{\xa9U\xbd[\x1f',b']\xba\xb7\xc1\x07\x8cY\x02',52828,red
b'\xba\xc4)lWgR\x80',b'Q\xfc\xd4O[\xa6]5',53416,red
b'3d\x17\x92\xd4\xbdP\xd1',b'Q\xfc\xd4O[\xa6]5',52828,red
b'\x8ck\xd1\xb8\x08[\\\xb6',b'\xe1P\x99\xf9\x8d*^!',53416,red
b'\xbeh\xe1V[QX\xd8',b'\xe1P\x99\xf9\x8d*^!',52828,red
b'(HN\\\x8b\x87Z\x0e',b'\x95\xf73\x8b\r\xdb]5',53416,red
b'\xb3\x16\x07\xc5\x16\xaaQr',b'\x95\xf73\x8b\r\xdb]5',52828,red
b't\xe0\xb8\xfb\xf1YY\xa5',b'\xb3`\xd8\x18<\x1eT\xa9',53416,red
b'(\xb5\xd6p\xd3BR\x88',b'\xb3`\xd8\x18<\x1eT\xa9',52828,red
b'\x89\xfe\xf7\xacH\x9e\\\xd1',b'\x85G\x11\xb8n\xf3[B',53416,red
b'|VC\xb4\xe8\xcdY\x0b',b'\x85G\x11\xb8n\xf3[B',52828,red
b'?)\x7f{\x01<W%',b'\x01Y^\x07\x9b\x8f[w',53416,red
b'\xaex\xfa\xc6\xc3\xc1U\x9a',b'\x01Y^\x07\x9b\x8f[w',52828,red
b'\xbb\xa4\x15j\x14\xd8Xd',b'\xbf>K\xceQ\xf0X9',53416,red
b'\xeb\x99\x97\xece\xadRX',b'\xbf>K\xceQ\xf0X9',52828,red
b'\x97\xfd2\xc8\xdf\xa5[\xda',b'\xd3\xee\xd4\\\xe3vU>',53416,red
b'\x0b\xdde(P\xfdT?',b'\xd3\xee\xd4\\\xe3vU>',52828,red
b'\x93j\xf3\xd1\xe7\x10X\x85',b'5\xcc\xe7\x02\xde\x99[!',53416,red
b'G%\xe9\xe7\xc6\x17X\xf5',b'5\xcc\xe7\x02\xde\x99[!',52828,red
"b""\xa3C>\xb7'3R\xea""",b'\x00)\xe6\xbd\xad1Wv',53416,red
b'\xe5\xcaI\xd8e\xf2^\xf8',b'\x00)\xe6\xbd\xad1Wv',52828,red
b'\xbf1\xc6\x00\xe3\xb1_\xf0',b'\xfb\x95}\xb2\x1f\xe0S\xcb',53416,red
b'/\tl\xd6\xf5u\\i',b'\xfb\x95}\xb2\x1f\xe0S\xcb',52828,red
b'\xbeL.BsgZ`',b'Oq\n\x80\xdd\\R\xc5',53416,red
b'+\xdb.(\xeaqTt',b'Oq\n\x80\xdd\\R\xc5',52828,red
b'Cr\xd4\x03\x07\x8eX\xcf',b'\x9f\xd0\xc6\x07\xea\xf1Zh',53416,red
"b""N\x89\xf3'\x03\xd1_\xe0""",b'\x9f\xd0\xc6\x07\xea\xf1Zh',52828,red
b'\xf7\xeb\xe3\xcaT\xa8Zc',"b'\xc49""""YX_Z'",53416,red
b'\x92\x8e4\xeafi\\\xe1',"b'\xc49""""YX_Z'",52828,red
b'Bn\n\xf4\xd9ZTa',b'\xe9\xf3B\xba\x9b\xccP\xb1',53416,red
b'\x9c\xb69MA _?',b'\xe9\xf3B\xba\x9b\xccP\xb1',52828,red
b'\xa3\x958\x95\x87\xb5^*',b'QY\xb3B\xd8#Pd',53416,red
b'\xc8XWK\x08\x12\\\xc3',b'QY\xb3B\xd8#Pd',52828,red
b'\x88<K(ZgX\x00',b'\xfcB\x85\xf1\xcahS!',53416,red
b'\xf2x\xd2k\x8b\xdd_\xc8',b'\xfcB\x85\xf1\xcahS!',52828,red
b'Z\xc9Zt+\x1b]@',b'\x1e`\xbeEKG_\xea',53416,red
b'\x80\x86\xd5{\xe1\xa0S\x8d',b'\x1e`\xbeEKG_\xea',52828,red
b'#\xf9\n\xd3\xf3\x93_\xaa',"b""\xed'\xe2%&)PX""",53416,red
b'\x02`\xea\x80P<_6',"b""\xed'\xe2%&)PX""",52828,red
b'>\xda\x15\x93\xc3\x84\\o',b'^\xda\xb4K\x1e\x07_\xfd',53416,red
"b""\x9c\xd0'\x1e\x19$S.""",b'^\xda\xb4K\x1e\x07_\xfd',52828,red
"b'\xd2{\xc8\xd00""_h'",b'm\xaa5\xea\xdc\xbcT0',53416,red
b'\xdd$\x05< \x1bV\x15',b'm\xaa5\xea\xdc\xbcT0',52828,red
b'\xe6\xab\xab\x8e\xbd%U\xd8',b'\x16\xce\x92\xbe\xac\xeeZZ',53416,red
b'6\xf2\x12\x1d\roX\x0e',b'\x16\xce\x92\xbe\xac\xeeZZ',52828,red
b'\x01\xba\x9a^\x8fQS\xfc',b'>\xa6\xa5\x1a\x1b\x8dU\xff',53416,red
b'\x98\x9af\xfe\xf6\x0eQ\xd4',b'>\xa6\xa5\x1a\x1b\x8dU\xff',52828,red
b'\xa3\x98\x1a\xe2\xe8\x9c[\x12',b'Z\xbd\x96}>\x0bTf',53416,red
b'\x1aM\xf9F\xb3\xbf^\xf5',b'Z\xbd\x96}>\x0bTf',52828,red
b':\x1a\xd8\x08m\x19[Y',"b""Z\xa17\x06\xf1'Q\xfc""",53416,red
b'\xfc\xf4\x1d\x0f5\xdbV\xb6',"b""Z\xa17\x06\xf1'Q\xfc""",52828,red
b'\xef\xe2\t\xcf[sS\xe1',b'\x8c\x16\xf1\x9a\x8e\xefT\xa7',53416,red
b'\xd8)&\x93\xa9\xc4]v',b'\x8c\x16\xf1\x9a\x8e\xefT\xa7',52828,red
b'X\n%uk\xd4P\x8e',b'%\xe9\xe2\xbaa4U\x9c',53416,red
b'\x95\xec\xd0j\xbf\xc2Z\x84',b'%\xe9\xe2\xbaa4U\x9c',52828,red
b'\x8c\x18TE\xf2\xddT\xa8',b'\xeeb\xf8\xab\xc2&X ',53416,red
b'\xfe\xf4U{^\xa3_\x96',b'\xeeb\xf8\xab\xc2&X ',52828,red
b'\x86\xa3\xf4\x9b]\xefT\xe6',b'\xae\x98\x8f\xbb\xbdSX\x0e',53416,red
b'\xe3\xec\x16\xa7|\xdbS\xff',b'\xae\x98\x8f\xbb\xbdSX\x0e',52828,red
b'\xe5\xc4\xe7\xa6\x16\xbbR\xe4',b'\xd9{\xaa|\xfc\xd1[\xc3',53416,red
b'\x00\x17w\r\xe1\xa2Z\xd7',b'\xd9{\xaa|\xfc\xd1[\xc3',52828,red
b'\xa8\xe2$(\xae\x85^\x05',b'5#\x086\tlY\xde',53416,red
b'\xe3\x01W\x1f\xe4\x9aU\x18',b'5#\x086\tlY\xde',52828,red
b' \x96\xd4\xfb@\x10^@',"b'm\xca\xb8""epY\xdd'",53416,red
b'6\xaa\xca\x87\xfa\x12[\xfb',"b'm\xca\xb8""epY\xdd'",52828,red
b'wz<FS\x86W>',b'\xa3\xcfh/\xefy_\xf8',53416,red
b'\xc3q\\\xfe\xf7\x07W\x91',b'\xa3\xcfh/\xefy_\xf8',52828,red
b'\x86q\x9e\x80\xb5\xa0Q;',b'\x03\xf7*\xd0u\xc0SH',53416,red
b'\xb3\x89\x87P.}Y\xe7',b'\x03\xf7*\xd0u\xc0SH',52828,red
b'\x87\x99\xa1\xde\x06{T\xbb',b'J\xef\x85\x90=\xdcSE',53416,red
"b'P\x9ah\xdd,\xb1Q\x13'",b'J\xef\x85\x90=\xdcSE',52828,red
b'kl\xc3%\xfa\x8eVo',b'\x81\xec\xed\xa6\xf0\xcfX\xc5',53416,red
b'w\xb4\x1co\xc8\xcaT8',b'\x81\xec\xed\xa6\xf0\xcfX\xc5',52828,red
b'#\x95L\x90I\xc5X\xf1',b'\x19j\xbc\x85e\xcd]\x94',53416,red
b'4\xcat\x05so^\xa1',b'\x19j\xbc\x85e\xcd]\x94',52828,red
b'Z\xe9\x89\xf5#9]\xa2',b'Rk\x16p\xfe5Z\xd2',53416,red
b'\xf0\xe7\xd7;\xffdZ|',b'Rk\x16p\xfe5Z\xd2',52828,red
b'\xef\xd6\xa2\x0cQ\x03\\\x93',b'\x8fv\xb4\xc6~oR`',53416,red
b'\xb6u\xdf\xccP\xb3Tt',b'\x8fv\xb4\xc6~oR`',52828,red
b'\xaf\x89x\xef\xde\x9cW\xbc',b'B\x98JJ\xafV\\\xf9',53416,red
b'zc\x93\xa6\xa8u[\x04',b'B\x98JJ\xafV\\\xf9',52828,red
b'x\x1a\xae\xab\xf4wS\xa4',b'\xafa0\xd6D\x1c\\s',53416,red
b'\xc04;b\xa6&T\xb4',b'\xafa0\xd6D\x1c\\s',52828,red
b'\xbb/>\xec7\x9aY\x0b',"b'H\xa7,\xaf\xf2\xbf[T'",53416,red
b'\xe4\xfb\xe2\xd5\x87\x05P\xde',"b'H\xa7,\xaf\xf2\xbf[T'",52828,red
b'\x15\xc9\xa0\xc1-m]\x90',b'\xa3\xb2\xc6\x8a\x96\x9dT\xad',53416,red
b'\nJ\x84\x8a\xf0LT?',b'\xa3\xb2\xc6\x8a\x96\x9dT\xad',52828,red
b'~\n\x91\xc5\xf7FS\xfd',b'\n\x0fKT\xe2\xef_\xe3',53416,red
b'@\xcc\x18\xa2\xb7\x93PX',b'\n\x0fKT\xe2\xef_\xe3',52828,red
b'\xc1\xa5\xed\xd8>\xce^\x96',b'5\x12O\xc5\x16\xb6R\xa0',53416,red
b'U\xa6dZ\xb1\xca]\x81',b'5\x12O\xc5\x16\xb6R\xa0',52828,red
b'~a\xb3T\xca\xb9V{',b'o\x19\xd8\xe2XVU\xaf',53416,red
b'\xe1\xd6L\x18\xdf\xa2^~',b'o\x19\xd8\xe2XVU\xaf',52828,red
b'\xfc\xf3\xf2\xc5\x00(U\r',b'\x8d\xe5\xe1\xc5\xe7xS\xe6',53416,red
b'\xeah#\xdd\x9d\xafTl',b'\x8d\xe5\xe1\xc5\xe7xS\xe6',52828,red
b'\xb1i\x7f\x91u\xa4U=',b'\x1dQ\xe4\x890DW\x9f',53416,red
b'\xb3\x94\xe8\xd5\xd3\xbbR!',b'\x1dQ\xe4\x890DW\x9f',52828,red
b'\x9aq)F)\xffZ\x84',b'T\x03\x11\xe9l\x02[\xad',53416,red
b'\xd7\xe5\x8e\x98S6]o',b'T\x03\x11\xe9l\x02[\xad',52828,red
b'U\xc8\x7fGcwY\xaf',b'2\xf0\xf3\xf8d\x1a^%',53416,red
b'\xc2\x1f\x03\x0f9\xdeT\xc8',b'2\xf0\xf3\xf8d\x1a^%',52828,red
b'_\x1f\x07_\xa7u_&',b'r\xecv+\x9a\xbe^\xdf',53416,red
b'\x8c\x0e\xe0A\xa8\x9b[\xf4',b'r\xecv+\x9a\xbe^\xdf',52828,red
b'./\x8e\x85\xd6-Z+',b'\n\x89\xeaN\xb0\xf3W\xd2',53416,red
b'o\t\xb8&\xd9\xafZ$',b'\n\x89\xeaN\xb0\xf3W\xd2',52828,red
b'R\xa7b$\x14ySl',b'\xee{\x98\xf4_R\\\xdb',53416,red
b'\xbc\x97\xb3|\x98\x87R\xb9',b'\xee{\x98\xf4_R\\\xdb',52828,red
b'~7}\x7fB\xbe^\x0f',b'\xf7\xbb\x11\x1bs\xcdP%',53416,red
b'K\x1e*\x1e\x95\xf9XO',b'\xf7\xbb\x11\x1bs\xcdP%',52828,red
b'\x975\xf8?\t`T<',b'\x00cD>:XY\x99',53416,red
b'\xe5\x1fw@\xf1rT\xd2',b'\x00cD>:XY\x99',52828,red
b'\x92\x94\xb2b\xabh\\u',b'\x1f\xba\x15\xda\xce\xc8^\x06',53416,red
b'\x8e\xfa`\xb8\x08\xfbSn',b'\x1f\xba\x15\xda\xce\xc8^\x06',52828,red
b'\xc5q\xa0\xe0\x97P]w',b'\xef\xdc\xd9\x8a\xd6@X\xda',53416,red
b'\xcfG\x08\xe1O\xe3Z+',b'\xef\xdc\xd9\x8a\xd6@X\xda',52828,red
b'\xee\xf3\x97\x84?sU\xfc',b'\xe3\x98\x85\x82\xf5\xa1U\xeb',53416,red
b'\x9a\xa2\xde\xd3\x07\xda^\xfc',b'\xe3\x98\x85\x82\xf5\xa1U\xeb',52828,red
b'\x8f\xcf\x17\xdf5\x7f]\x96',b'\xfe.Jk\x84\x10U\x1f',53416,red
b'\x0f\xa3<\x93\xb4tT\xa1',b'\xfe.Jk\x84\x10U\x1f',52828,red
b'x+\xb6Z\xf0\xf2T\x04',"b',\xbc\t\xd9\x8e""^i'",53416,red
b'\xde\xae\xad)]\xc2X\x87',"b',\xbc\t\xd9\x8e""^i'",52828,red
b'r\xe0\xcc8BwQ\xd9',b'g\xc1\n\xf8\x9a`Q\xf4',53416,red
b'\xfb\x84\xf6\x1a\xc2u[\x19',b'g\xc1\n\xf8\x9a`Q\xf4',52828,red
b'\\\xef\x89n<[X7',b'\xc0\x88a\x14\xe1\xa6\\\x90',53416,red
b'n\xee\xc8\x8bu\x15V;',b'\xc0\x88a\x14\xe1\xa6\\\x90',52828,red
b'L\xda\xd7\xae\xef\xfcZ)',b'3B\xc3\xd5\x8b\x97\\G',53416,red
b'\n~K\xedz\x87TF',b'3B\xc3\xd5\x8b\x97\\G',52828,red
b'/\xa5\x06\xfe\xeb\xd5[\x91',"b""|\xa7e'(\x0bRA""",53416,red
b'\x18\x08\x1d\x80xhS\xb7',"b""|\xa7e'(\x0bRA""",52828,red
b'\xdd\xa9\x05\xd6\xac\xe5]S',b'x5\x0ez\xe2\xc3]\x06',53416,red
b'\xf9\xaeo\xcd\xad\x1c]\x08',b'x5\x0ez\xe2\xc3]\x06',52828,red
b'\x97\xa1\xacA\x1b\xddY\xcc',b'eD\xbe\xa3\xbb{[\xdc',53416,red
b'^a\x05+\xe5\x03W\x80',b'eD\xbe\xa3\xbb{[\xdc',52828,red
b'\xfaa\x7f\x14w\x04\\\x0b',b'Bf\xdc\xb5\xc3\x0c[\x14',53416,red
b'\xe9\x12~e\n\xbfQ\xd6',b'Bf\xdc\xb5\xc3\x0c[\x14',52828,red
"b""P\xf9\xf72N\xfd['""",b'c/\xa9\xdd(\xc7[\x1b',53416,red
"b'\xa2\xa9\xe6\xf7,DV\xb9'",b'c/\xa9\xdd(\xc7[\x1b',52828,red
b'\x9a\x19\xd8\x87G\xe7RU',b'\xed\xcc\x17\xcc$$RL',53416,red
b'\x94<\xd2$8gV\xd2',b'\xed\xcc\x17\xcc$$RL',52828,red
b'\xcdn\xd2\x1f\x10\x85PU',b'\x12\xb2\xe8\xb6\xe7rY\xcf',53416,red
b'f\xed\x07\xbcc4R\x1c',b'\x12\xb2\xe8\xb6\xe7rY\xcf',52828,red
b'u&RepoT\x90',b'9\xfb\xb0\x9e\xf4\xa0X\x8f',53416,red
b'\x0eu\x8dQ\xb7\x9cQ\xb3',b'9\xfb\xb0\x9e\xf4\xa0X\x8f',52828,red
b'\xef\xf6 \x7f[)[\x13',b'\xdc\x90\xe1\xe4\xc2\x14]X',53416,red
b'\x9dQ\xe3\x94vAR\xeb',b'\xdc\x90\xe1\xe4\xc2\x14]X',52828,red
b'\xe1\x90T\x7f\xd4~YE',b'3\x03\xa0\x86\x08\x88]\xcd',53416,red
b'r{\xfbH\xb6\x08R\x04',b'3\x03\xa0\x86\x08\x88]\xcd',52828,red
b'gaT\xc4\xc3\x89TD',b'b\xb6t\xb9\x05\xe2X\xb4',53416,red
b'\x07\xdd\xc4R\x01\xee[\x95',b'b\xb6t\xb9\x05\xe2X\xb4',52828,red
b'\x1a\xe9r\x89\xe09\\\xea',"b'""4^\xd7\x12\x96Y\xc9'",53416,red
b'\x12\xe1|>%\x1e^\xf2',"b'""4^\xd7\x12\x96Y\xc9'",52828,red
b'5#.\x90\x99*Z\xad',"b""Q'3\x84\x06xS\x82""",53416,red
b'7\xb4S\xd6/\xf3_]',"b""Q'3\x84\x06xS\x82""",52828,red
b'\xfe\xfd\xcbC\xc5\xe9R6',b'\xdao\x98m\x06s[\xbc',53416,red
"b'\xfd,J\xee\x90\x7fS\x1b'",b'\xdao\x98m\x06s[\xbc',52828,red
b'\xa2\x92\xe3\xbaY\xeaW.',b'\xaal\xf2-\x89\x01V\xff',53416,red
b'L\xc1\x80\r\xcd\xa3T\xd5',b'\xaal\xf2-\x89\x01V\xff',52828,red
b'y\xef\x1e\x06\xa7\xb4Z\x9d',b'\x13\xe6.\x1e\x90HY4',53416,red
b'p\xbd\x81]]\xd6U\xeb',b'\x13\xe6.\x1e\x90HY4',52828,red
b'{i\tv\xb1OYB',b'\x82$\xc9\x823\xe0]\xa0',53416,red
"b""(M\x8e\x96''SW""",b'\x82$\xc9\x823\xe0]\xa0',52828,red
b':\x01-z>\x9e^\xd3',"b'\'P\x89\xc3\x16""T\x9f'",53416,red
b'\x9d\x968b\xaf\xd6R\x14',"b'\'P\x89\xc3\x16""T\x9f'",52828,red
b'\x04\x88\xea\xcf\xd5&]\x83',b'\x19z5\t\x9c\xecU}',53416,red
b'\xf4\xc7\xcd\xe8P\x15Q\xde',b'\x19z5\t\x9c\xecU}',52828,red
b'\x85\xca\x84\x08\x80\x1aT\xac',b'\xfe\x9d\x87d\xb9\xad\\\xda',53416,red
b'1\x1a}\x00\x9d\xf9V\xdf',b'\xfe\x9d\x87d\xb9\xad\\\xda',52828,red
b'\x91\x8c\xab\x14\x91T_\x03',b'&|\xb8\xa3\x8b\xffX\x1a',53416,red
b'\x9e6Y\xc7\x10\x15\\\x11',b'&|\xb8\xa3\x8b\xffX\x1a',52828,red
"b',\xb7\\$\x94\x91Z\xba'",b'\r\xa8\xba\x86\xb9\xc8[/',53416,red
b'\x94\x97\xe2\xa6\xa8\xc1T\xee',b'\r\xa8\xba\x86\xb9\xc8[/',52828,red
b'\xb6QV\xc3\xa1\xbeY\xd0',b'EP\xec\x01\x81\xe1Z=',53416,red
b'\x8c~+\xe5\xa2\x17Yc',b'EP\xec\x01\x81\xe1Z=',52828,red
b'0\xf8.\x0e#{P*',b'\xa4/\x90\xc2[\x88Y\xbb',53416,red
b'\x13\xe8v\xd0jSV\xd7',b'\xa4/\x90\xc2[\x88Y\xbb',52828,red
b'\x1ei\x8f\xec\x0b\xa7Q\xbb',b'\xca;\xda\x81\xd1\xa7Q\xb5',53416,red
b'\x05\x05R\xe9-\xb1Tc',b'\xca;\xda\x81\xd1\xa7Q\xb5',52828,red
b'\x93\xf7<\x0b\x8c\xe5V\x19',b'\xb1\xd8\xcb7\xa2uP\xe4',53416,red
b'\xb7\xae*t\xacY]\xac',b'\xb1\xd8\xcb7\xa2uP\xe4',52828,red
b'wk\x94\xd7)}P\xc0',b'\x99Gu\x93\xe8\\_\x00',53416,red
b'\xbb\xae)\xc5\x9c\xbeTD',b'\x99Gu\x93\xe8\\_\x00',52828,red
b'0\x99q\xf2{i]\\',b'\x0eW\xda\xa66oS\xaa',53416,red
b'5\xdap\xde\xc5\x95X\x8b',b'\x0eW\xda\xa66oS\xaa',52828,red
b'z?\x03\xbfd\xe3[\x81',b'\xee0\xe3\xf0\xe4\x8c_;',53416,red
b'S-\n\xf8\xbd\xd6_\xf8',b'\xee0\xe3\xf0\xe4\x8c_;',52828,red
b'4\xe1Wp.s^\xa9',b'\x18\xa3\xfe\n\xdb\x94U\xd2',53416,red
b'\xbf\xbe\x7f\xc5\x10HW\xfb',b'\x18\xa3\xfe\n\xdb\x94U\xd2',52828,red
"b'""*M\x90%\x8aU\xbb'",b'\x95G\xac\xd3Y\xb9W\xb9',53416,red
b'\x85\xaa\xe8\x8b0\xa6^7',b'\x95G\xac\xd3Y\xb9W\xb9',52828,red
b'\xb3\x99\xd0\xa6\x87\xdb\\\xe3',b'j\xc3\x957\xfe\xb9_\x83',53416,red
"b""\xbf4'L\xfeqP\xc0""",b'j\xc3\x957\xfe\xb9_\x83',52828,red
b'\xa4\xcf\x0e\xc8\xc9\tV\xc5',b'\x0e%\xe5l%|R\xd4',53416,red
b'9\x87aj\xe2\xa5]Z',b'\x0e%\xe5l%|R\xd4',52828,red
b'x\xf2\x94\xab\xcd\x9eQ\xaa',b'\xd1}\xdc\xb6\xde\xb7P\xb7',53416,red
b'\xad\xe2XS6\x9bT\xfb',b'\xd1}\xdc\xb6\xde\xb7P\xb7',52828,red
b'\xa0;\x9d-a\xd3\\\xff',b'\xb3\xe3\xccLOL\\\x94',53416,red
b'\xa0\xd9\x08X>\xa2V7',b'\xb3\xe3\xccLOL\\\x94',52828,red
b'\xe5d\x1b\x0fE\xa2P\x80',b'k\x86\xbf9\nsUl',53416,red
b'\x1f&\xf4#\xdf\x93W\xed',b'k\x86\xbf9\nsUl',52828,red
b'\x99\x17\xd3\xbfF\xf1U\xf5',b'\xa9\xa4\x14\xf728]]',53416,red
b'a\x93$\x1f52_\x88',b'\xa9\xa4\x14\xf728]]',52828,red
"b""\x83'\xec\x16\xf9<P2""",b'~\\;\x86\x94\xc2Xx',53416,red
b'#\xc3\x86\xc7\xc1\xeaY\x1d',b'~\\;\x86\x94\xc2Xx',52828,red
b'\xb2u\x87Z\x81UR\x83',b'o*)\xde\xd5\xf6S?',53416,red
b'\xeb\xa6\xc4\xadiI^5',b'o*)\xde\xd5\xf6S?',52828,red
b'f\x929\x02\x07\xc5RL',b'3\xceo\xa8\x01\xfdV\x92',53416,red
b'\xba\xeb\xfav1j_\xc8',b'3\xceo\xa8\x01\xfdV\x92',52828,red
b'\xa4\x11\xe7\xfa\x1f\x8eY2',b'\xc5$\xed\xfb\xc0\xdcYy',53416,red
b'\x89\xfa\xea\xa8\xfd\nY\xcd',b'\xc5$\xed\xfb\xc0\xdcYy',52828,red
b'\xfa\xa3\xfe\xfd\xf6\x9eTM',b'\xd9\xe8\xd0\x0f\xad\x1c])',53416,red
b'\x80\n\xd8\xb6z\xbaV\xd4',b'\xd9\xe8\xd0\x0f\xad\x1c])',52828,red
b'G\xbc\x0e[\xd2\xfaYW',b'\xa9J\xa7x\xd0\x97Z\xf4',53416,red
b'\xb7\xc9\xb5\xf4\x12\x02Q\xe9',b'\xa9J\xa7x\xd0\x97Z\xf4',52828,red
b'M\x05\xd2\x11:HP\x81',b'\x05Z\x0c\xc4\x84\xfcT1',53416,red
b'\xe6\x19\x94%0\xfcTf',b'\x05Z\x0c\xc4\x84\xfcT1',52828,red
"b""'\x93\x81)?\x1f[\xbc""",b'\xd0s\x86\x04\xd4\xb8Y\xd9',53416,red
b'\xa6L\xb7Fj\x01^r',b'\xd0s\x86\x04\xd4\xb8Y\xd9',52828,red
b'\x15\xcb\x1cV#\xaeP\xa1',b'\x00u\x94\xa9\xaa[_\xdd',53416,red
"b""'\xad0u\xd3\x92V!""",b'\x00u\x94\xa9\xaa[_\xdd',52828,red
b'z\xe7\xb1Te)_\xba',b'\x85\xaf%8\xd8\xecT\xfb',53416,red
b'(x\xcbbeSZ\xe0',b'\x85\xaf%8\xd8\xecT\xfb',52828,red
b'\x86\x91\xfb\xce\xc1}Q\x82',"b'""\xe1\xdaN\xe4\x8cXh'",53416,red
b'Ti\x1eq\n\xdc]|',"b'""\xe1\xdaN\xe4\x8cXh'",52828,red
"b'\x8d\x07""\x8e\xf3\x1bY\x1b'","b""'\x8c\xa1\x1b\xee\x13^J""",53416,red
b'z/+\xe5J\xa0^\xca',"b""'\x8c\xa1\x1b\xee\x13^J""",52828,red
b'H\x83\x00\xbc!\xb8\\P',b'agj\xdd\\$_\x15',53416,red
b'\xc7\xd6\xc5z\x9ctSL',b'agj\xdd\\$_\x15',52828,red
b'\xbe\xd2\x05\xedNWQ\x93',b'\xc4\xd6\x11\xc3\xe1\x99Xh',53416,red
"b""\xda\xbc'\xcdz\x83PL""",b'\xc4\xd6\x11\xc3\xe1\x99Xh',52828,red
b'u\xddJ\xdcKZY\xd2',b'\x0bl\xe8\xe6{{[\x85',53416,red
b'\xff\xd8\x069w]T\xad',b'\x0bl\xe8\xe6{{[\x85',52828,red
b'\x82\x1b\x84\xdbD@_\xb1',b'\xf5\xc8\xec09\xbbU\xa1',53416,red
b'e\xe2\xceR\x1b\xd3W\xe1',b'\xf5\xc8\xec09\xbbU\xa1',52828,red
b'z\xe2\x00kLkP\x93',b'\xee\xb6+^\x0c\xb3_\xc6',53416,red
b'1\xcc7H \xc5U}',b'\xee\xb6+^\x0c\xb3_\xc6',52828,red
b'_GF\xa8\xbf~S\x1c',b'\xb3\x01\xcdl\x1a\xcd_B',53416,red
b'\xd3\xb4\x9ck\xfa\xbd^I',b'\xb3\x01\xcdl\x1a\xcd_B',52828,red
b'\xed\xea\xcc\xd9\xdf\xfe[\x07',b'\xcd7\x86&\xf2\xd4W\xf6',53416,red
b'\xe2\x19-\xc6B\x90U\x7f',b'\xcd7\x86&\xf2\xd4W\xf6',52828,red
b'\xe8<\xc2\xab\x94%\\*',b'\xd1\xe8$\xdc\xb2)]|',53416,red
b'\x17C\n\xe2M\x8a[\xec',b'\xd1\xe8$\xdc\xb2)]|',52828,red
b'\xfb\x98HM\xb2\x99_S',b'$:\xc5rkzX\xdf',53416,red
b'\x83\x9e\xd5\xdb!V_\xf7',b'$:\xc5rkzX\xdf',52828,red
b'/D<\x13\xbc\xe8UG',b'\x88\xeaY\xb3\xf0#^\x02',53416,red
"b""\xa5\xbfE\xdb{\x94Z'""",b'\x88\xeaY\xb3\xf0#^\x02',52828,red
"b""\xb1g-\x89'\xf8Q\xe9""",b'\xc1\x03n<\xdaZQ\xbd',53416,red
b'[\x19s\xc6\x8b\xb6W\xc6',b'\xc1\x03n<\xdaZQ\xbd',52828,red
b'\x95\x9c\xeftY\xd2]\xda',b'\xc24\xbfn-\xc1R\xaf',53416,red
b'\xa5\xc4@\xe4\xeeJS\x1c',b'\xc24\xbfn-\xc1R\xaf',52828,red
b'`\xd3\xb4~\xed\x18Q\x9e',b'g\xbf\xff>\n\xc5UR',53416,red
b'\xaa\xf7\xe2@8\xab[\xc2',b'g\xbf\xff>\n\xc5UR',52828,red
b'cR\xb4\r\xd6 X8',b'\x07\x8er\xa2\x84HV\xc0',53416,red
b'\xef\xd3.\xc6\xcb\x91_\x1d',b'\x07\x8er\xa2\x84HV\xc0',52828,red
b'\xd5\xfd\x82\x07O\x16Z\x18',b'\xf6\x04>N\xa7\x91W\xd1',53416,red
b'\x9a1\xabo\xe6\x9c[R',b'\xf6\x04>N\xa7\x91W\xd1',52828,red
b'\x01t\x84\xdc\xcc\xc9Q\x0f',b'\xa1\xda\x86\xafG\x89Vj',53416,red
b'8\x02?\x1dk\x81[m',b'\xa1\xda\x86\xafG\x89Vj',52828,red
b'm\xca#\xe591VA',b'\x91s\xee\xf5n+\\\xb6',53416,red
b'\x010\r6K\x96X\x96',b'\x91s\xee\xf5n+\\\xb6',52828,red
b'F\xc1\x02}E_]0',b'dS\x17Y\x9fP]\xc1',53416,red
b'\x00T\xaa\xe7\xa6\xfdR\x15',b'dS\x17Y\x9fP]\xc1',52828,red
b'\x94}/\x8e\xff\x9aZ\n',b'!\xf5t!\x072]\xb4',53416,red
b'\xdd\xc5\x04R\xdeRY\xca',b'!\xf5t!\x072]\xb4',52828,red
b'\xb0$\xeajz\xeaY\xcf',b'\xee \r\xa7q\x17_\xb0',53416,red
b'\x85\xb1\xe0.4\xfcW\xda',b'\xee \r\xa7q\x17_\xb0',52828,red
b'\xa5\xc8a\xd6\xd3`U\x16',"b'\x05\xc4\x0f\xaem""S\xe3'",53416,red
b'\x94\xe5\xed\rU\xecUH',"b'\x05\xc4\x0f\xaem""S\xe3'",52828,red
b'\xfb\xc8&\xfe:\xc8V\xbc',b'\xc9d\xda I\xf0U\xb4',53416,red
b'\x8b\x96\x16c\xe6\x12T\x1f',b'\xc9d\xda I\xf0U\xb4',52828,red
b'RE\xe2.s\xacY7',b'\xee\xca^:\xc7\x86_\x16',53416,red
b'\xf1g\xe9\xd0\xed\xfe]j',b'\xee\xca^:\xc7\x86_\x16',52828,red
b'\xf7\xd1\xa0\xe5\xde\x00X6',b'Gp\xa4\n\x7f\x8b_\xa3',53416,red
b'\xca\x11\xe6\xcfp\xa4Q\x9b',b'Gp\xa4\n\x7f\x8b_\xa3',52828,red
b'tX\xc6\xedd\xa3S\x1f',b'\xfa\xd8\xd7\xe5s\xe4Z\x13',53416,red
b'O{\xb9\xe6\x86\xbcW6',b'\xfa\xd8\xd7\xe5s\xe4Z\x13',52828,red
b'\n\x02\xc7#\xed\x9bX\x8a',b'\x05\x1d\xf6\xdb|I[h',53416,red
b'\x8e\xe5\xdb\xfaK*Z\xce',b'\x05\x1d\xf6\xdb|I[h',52828,red
b'\x13\xdfz\xd6\xca\x15\\\xb3',"b'Mq@\xd3,]^p'",53416,red
b'M\xe4*i\xfb\xbbY\xe4',"b'Mq@\xd3,]^p'",52828,red
b'\xfbDGr\xceb^\xc4',b'BB3\xe5E-_\xe1',53416,red
b'\xc0\xabf\x0c8\xc6Z\x04',b'BB3\xe5E-_\xe1',52828,red
"b'b|E\x11\xf7""[?'",b'\x00\xf4\xbeL\x0feY\xea',53416,red
b'\x086W`\x9eYR?',b'\x00\xf4\xbeL\x0feY\xea',52828,red
b'&\xc7I\x9a\xad\x94S^',b'\x810\xa9\x8c\x13eZ_',53416,red
b'\xc0G\xaf]\xc5\x9fT\x81',b'\x810\xa9\x8c\x13eZ_',52828,red
b'\x0eDo\xaf\xf6_Y\x8a',b'\xe8\x85b\x13\x9e\nQ\x7f',53416,red
b'\xce\x87\xa9Q\xefg^n',b'\xe8\x85b\x13\x9e\nQ\x7f',52828,red
"b""\x13\xbe\xd92Be['""",b'PU|+M\xa8X\xc3',53416,red
b'^\x82M\x98\xd4\xe1[\x13',b'PU|+M\xa8X\xc3',52828,red
b'\x9e\x1f\xa1\x83\x86\xbc]v',b'\xd9\xf4\xba\xfeKlP\x89',53416,red
b'\xab\xeeq\x1c\x0f\t\\u',b'\xd9\xf4\xba\xfeKlP\x89',52828,red
b'\xcc8g7\x90\xf9ST',b'j\x93P\x1d\x9b\x96S\xa2',53416,red
b'oT>\xf3\xcbUUj',b'j\x93P\x1d\x9b\x96S\xa2',52828,red
b'\xa6L\x01O\xec\xd4^n',b'J\xdc\x97}\x9bPSk',53416,red
b'/qv\xc55\xffZ\x1b',b'J\xdc\x97}\x9bPSk',52828,red
b'e\xda\xf21 \x07Re',b'g\x11C\xb8\xcc+Q\xbf',53416,red
b'X\xec5dd\xf3W2',b'g\x11C\xb8\xcc+Q\xbf',52828,red
b'\x83\xac\x16\xc7t\x8c^\x90',b'\x01\xdcN\x1e\x8f\xb8\\\xdd',53416,red
b'\x15\xac\x1c\xd3\xc1RV^',b'\x01\xdcN\x1e\x8f\xb8\\\xdd',52828,red
b'\x99\xf6\xb4b\xde%Q`',b'\xf8.\xdd8y$[N',53416,red
b'\x12\x19B\xbd[GRz',b'\xf8.\xdd8y$[N',52828,red
b'\xd5)5\x00\x87\x7f^@',b'nY\xbb\xe9lW_\x01',53416,red
b'\xcaAV\xc7\xdb%T[',b'nY\xbb\xe9lW_\x01',52828,red
b'\xca\xb1\xe2[\xd3\xc6V\xa7',"b'(\xed,\xae\x05\x0cW*'",53416,red
b'b\xf2O-F\x04R\x94',"b'(\xed,\xae\x05\x0cW*'",52828,red
b'd\x14\xeb<=\xa8[\xf0',b'\xaa\xe9B\xc6\xa7\xd3Td',53416,red
b'\x9f6\n\xe7\xc6Z\\\xc2',b'\xaa\xe9B\xc6\xa7\xd3Td',52828,red
b'jV\xf9\xc2\x0c\xd7\\\xf3',b'u:\x82\x84\xbf0]\xe9',53416,red
b'(\xc3K\xf7\x89(W\n',b'u:\x82\x84\xbf0]\xe9',52828,red
b'\x90=F\x19\x99\xd9[\x0f',b'\x05\xa9+\nd\xe9W\xab',53416,red
b'O\xfe\xaf\xd2g\xf2[`',b'\x05\xa9+\nd\xe9W\xab',52828,red
b'\xd0\x01!\x15\xfb\x82W\xa0',b'\xa7\xb2\xa1\x93\xc8\x8fS\xbd',53416,red
"b'\xb8I,\x10\xc8\xa8W\xdc'",b'\xa7\xb2\xa1\x93\xc8\x8fS\xbd',52828,red
b'\x068\x8f\xd1Q\xcfW\xee',b'^\x1f\x0c\xf2\x80\x17_\xc9',53416,red
b'\xf6ZE\x9b02[\xc1',b'^\x1f\x0c\xf2\x80\x17_\xc9',52828,red
b'\xd2\xff<I\xe5\x96Sf',b'\xff]\x94AZw[v',53416,red
b'(\x99\x81\xc9\x00\x87R&',b'\xff]\x94AZw[v',52828,red
b'\x17\x94$\r\xde\x82](',b'\xceM\x7f\xb2\xcb\x14R\x8d',53416,red
b'k\xfe\xdf*\x0c<Q\x88',b'\xceM\x7f\xb2\xcb\x14R\x8d',52828,red
b'\xef\x04\x139\xa5\xb7Y\xb4',b'\xea\xe1\xc7\x9b#\xc0_\x04',53416,red
b'\xd5\x1d<M\xc05^&',b'\xea\xe1\xc7\x9b#\xc0_\x04',52828,red
b't\xc1\xc4&|\x89V\xdc',b'E\xe1.\xd9pk_*',53416,red
b'm\xad^\xbf]wU$',b'E\xe1.\xd9pk_*',52828,red
b'\x1f\x05\xf6\x05\xa9gS\xf4',b'\x07\xc7\xae\xd1\x05\xdcZ_',53416,red
b'\xb4;x!\xb2\xd4\\\x06',b'\x07\xc7\xae\xd1\x05\xdcZ_',52828,red
b'\xa8%\xe7\xd0\xfc\xc2]\xe8',"b',\xfb,\x92]xS\xb8'",53416,red
b'#4\xcb\xcb*\x16X\xc5',"b',\xfb,\x92]xS\xb8'",52828,red
b'\x06m\xc9\xcfFAYD',b'\xf2[v\x89\x8e&V\xb6',53416,red
b'C\x943h\x10\x9dR\xdf',b'\xf2[v\x89\x8e&V\xb6',52828,red
b'\xc5#\x7f|\ndR(',b'\xca\x95$\xe0\xa3\x89]\x0c',53416,red
b' n\xc4\x01\xcf\xd4V\xd8',b'\xca\x95$\xe0\xa3\x89]\x0c',52828,red
b'\x82\x01\xbf\xb3\xa2\xea\\\xe2',b'\x07\\;\xf9e&Ub',53416,red
b'\xb5\x12\xb3\x8c\nFP\xfd',b'\x07\\;\xf9e&Ub',52828,red
b'u\xba\xef\x7f\x02RS\xec',b'\x83Tf<\xc0%\\\xa5',53416,red
b'\x1fga\x8cV\x0f_\x8e',b'\x83Tf<\xc0%\\\xa5',52828,red
b'5:\xf1\xc6#\xc4Z\xb2',b'\x86\x8a\x8a\xa1$f\\\xe0',53416,red
b'T\xa0\xe4\xf8\x10\xc4_\x91',b'\x86\x8a\x8a\xa1$f\\\xe0',52828,red
"b""[$f\xf7\\\x0cU'""",b'\x0c\x1c#\x1b\x19\x8dSU',53416,red
b'`\xb4\xe5\x9c\xca\x9dZ#',b'\x0c\x1c#\x1b\x19\x8dSU',52828,red
b'\x87\x9e\x94\x1eg![\xd3',b'\x97\x08\x15\xc9x%U\xa7',53416,red
b'c\x13I\xf8\x1aeS\xa0',b'\x97\x08\x15\xc9x%U\xa7',52828,red
"b'\xbe\xea,B\xee\x1cX\xb9'",b'\xd7\xf8f\x12\x84\xbcW&',53416,red
b' \x91y\x05\xb4/X\xce',b'\xd7\xf8f\x12\x84\xbcW&',52828,red
b't\xfbYos_Y\xf6',b'8\xce\xc57\xbd\xf8V\xb7',53416,red
b'\x87\x1b>1\xeaVP\x94',b'8\xce\xc57\xbd\xf8V\xb7',52828,red
b'!&j\x1d\x8c\xe8P\xa7',b'\x9bc\xe2\xe7M;V\xcb',53416,red
b'K\xef8R\xfe\xa4R\xfc',b'\x9bc\xe2\xe7M;V\xcb',52828,red
b'\x15m\xf0\xd1\x93}W\xce',b'\xda\xc2\xc0j\x01t^\\',53416,red
b'\xa8]\xe6\x9aFxSj',b'\xda\xc2\xc0j\x01t^\\',52828,red
b'4)\x9dt\xa6\xf7[#',b'l\x0cA\xca&\x1f[\xf3',53416,red
b'\xde\x84\x14!e2[\xc9',b'l\x0cA\xca&\x1f[\xf3',52828,red
b'\xabJ\xc9\xe7\xce\xc7[\xd4',b'a\xdd\x16M}\xd2^\xc0',53416,red
b'*\x1bu\xdb\xa8\xdbR\xff',b'a\xdd\x16M}\xd2^\xc0',52828,red
b'TY\xc8\xf8\xa6\x17])',b'\x82\xc2\xdb\xba\x11\xcb[\x1d',53416,red
b'\xcd\xdf\xdd\xa0pFP)',b'\x82\xc2\xdb\xba\x11\xcb[\x1d',52828,red
b'\x99f\xd3\xda\\\x0fX\xe5',b'\x96\xe4\x869s\xd8T\xe7',53416,red
b'\x00\xd9\xb2\xcb\r\x94QF',b'\x96\xe4\x869s\xd8T\xe7',52828,red
b'HN\xa9XYyW\x8c',b'\x8bT\xd1\xc6\xb9\xd9Ud',53416,red
b'\xa2\xd1\x05\t\xb7@X\x87',b'\x8bT\xd1\xc6\xb9\xd9Ud',52828,red
b'\xe5kY\x80\x00\xf1S`',b'\n\xb1\xa6&\xae\x16Y\xe2',53416,red
b'h\xd1\xa95*6]\x18',b'\n\xb1\xa6&\xae\x16Y\xe2',52828,red
b'\xe2\x1fW4\xf4qX\x8e',b'Dz*ji/X\xc9',53416,red
b'Q`\xa97\x85\xe1T<',b'Dz*ji/X\xc9',52828,red
b'4\xf5\xe2G\xb7][\xeb',b'\x00\x1d\xa6\xf7\x8a\xd8_\x94',53416,red
b'\x98\x8a\xf71\xac\x96X\xcc',b'\x00\x1d\xa6\xf7\x8a\xd8_\x94',52828,red
b'\x95UrAbBW\xde',b'^Q\x11\x19E\xb9^S',53416,red
b'\xab\xf1O\xbc\xd7(Xh',b'^Q\x11\x19E\xb9^S',52828,red
b'\xda\x97A\xfb(2^\x0b',b'\\]\xd3\xfcA\x99S(',53416,red
b'\xaeI\x8b\xcaJ\xb1R\xb1',b'\\]\xd3\xfcA\x99S(',52828,red
b'W\xd9\x05\x14\xab\x16Z\xc6',"b""\x80'\x15\xaa\x96PZ\x90""",53416,red
b'A\x9fu:\xb9\xa7W&',"b""\x80'\x15\xaa\x96PZ\x90""",52828,red
b'\x98\x12\x88NrcZ\xc8',b'\xcd\x81\x95\xc3\x85\x0e^\x89',53416,red
b'\xf9\x06Y||\x10S\xec',b'\xcd\x81\x95\xc3\x85\x0e^\x89',52828,red
b'\xef\xcb\xf1\xa5R\xe0[k',b'\xe6\x80\xb4\xea_\xbc[\xcd',53416,red
b'\xfd\xf4T\xd2\xb0EX\xc9',b'\xe6\x80\xb4\xea_\xbc[\xcd',52828,red
b'\xff\xf7\xe9/\x81pR\xaa',b'\xc7a\xb7\x11\xe4\xfe^T',53416,red
"b""\xdb\x17'}\xc0\xceY\xcc""",b'\xc7a\xb7\x11\xe4\xfe^T',52828,red
b'\xb7\xec\xa5\xaf&\xe4YQ',b'K\xde\x04\x0cB\x93U\xb3',53416,red
b'\x023e\x8f\x13\x98W\xb4',b'K\xde\x04\x0cB\x93U\xb3',52828,red
b'\xa2\xe7\x87\xf9\xd2\x7fU\xad',b'\xef\x82\xd5\xc7\xd6\xedZD',53416,red
b'j\xe9\xd0\xe6\x85\x87W\xc4',b'\xef\x82\xd5\xc7\xd6\xedZD',52828,red
b'0]HTF\xde^\xe4',b'G\x96b\x0cAI_J',53416,red
b'\x8f\xaa\x9d\xdc\x06\xc4]\xad',b'G\x96b\x0cAI_J',52828,red
b'\x16\xa2\x9a\xefr\x19_\x1d',b'sp\xc4\x18\xfe=Y\x92',53416,red
b'\xbb\x84\xd1\xe0\xad\x98\\:',b'sp\xc4\x18\xfe=Y\x92',52828,red
b'n?\xadF:SX\x9e',b'\xe1*\x01 \xbe\xf0U\xc9',53416,red
b'\x94\x1e\xc0\xd5\xee\xd6R\xab',b'\xe1*\x01 \xbe\xf0U\xc9',52828,red
b'\xf4r\x13\xcd\xb3|X^',b'?\xd4\xe8\xb5-\xceX\xb2',53416,red
b'\x08C|\xe5#(\\\xa6',b'?\xd4\xe8\xb5-\xceX\xb2',52828,red
b'B\xfaj\xf7D\xaf^\x13',b'L\x04\x9b\xbf\x1b(Z\xe6',53416,red
b'\xae~$3\x88oTk',b'L\x04\x9b\xbf\x1b(Z\xe6',52828,red
b'\xb1\xbb\xab\xf3\xc5\x0eX\x9d',b'\xdb\x184\x90\xe8\xedW}',53416,red
b'\x0c\xa4\xd9\xc8\x7fEW\xf3',b'\xdb\x184\x90\xe8\xedW}',52828,red
b';/\x10\xf1\xe6uU\xdb',b'\x01\xe4\x10\xb6i\xabU;',53416,red
b'\x9e\xd7\x16\xb8\x9e\x9e[A',b'\x01\xe4\x10\xb6i\xabU;',52828,red
b' \x8d\xbf?}\x89YM',"b""\x90Q|\t\x06\x0b^'""",53416,red
"b""\t\xbcS\x84%\xa7]'""","b""\x90Q|\t\x06\x0b^'""",52828,red
b'\x1fZ1\xc9}\xb0V\x15',b'.\xf4\xdd?\xfe\xbeV(',53416,red
"b""\xdb\xddF'\x91*Z\x0c""",b'.\xf4\xdd?\xfe\xbeV(',52828,red
"b'\xcb""\xfe\xcc\xf2\xdaR\x8a'",b'\x01\xd2\x0e&1;X\xcb',53416,red
b']\xb4N\x94%\xc1V\x86',b'\x01\xd2\x0e&1;X\xcb',52828,red
b'\xcd\x86\x8bPO\x8cT\xa2',b'\x97\xd8\x11\xbc\x98uU\xa5',53416,red
b'\xdf\x9e\xf8\xe6m\x1aR\x00',b'\x97\xd8\x11\xbc\x98uU\xa5',52828,red
b'\x88\xd8\xf5\x1b\xe2\xccPq',b'\xf2a\x85\x92\x85\xea^\xc1',53416,red
b'\xade\xc8\xde\xd8\xef_Q',b'\xf2a\x85\x92\x85\xea^\xc1',52828,red
b'\x98\x07\x1f^J1UR',b'H\xb3[\x96\x9c?X\x9d',53416,red
b'\xf6j\x0bVA1X\xc1',b'H\xb3[\x96\x9c?X\x9d',52828,red
b'\xd1v\xe6\xc9\x96\xe8[\x9b',b'\xc6\xd47\x9a<\x8fU\xa6',53416,red
b'IB\xab\xe6\xd9\xc2P\xab',b'\xc6\xd47\x9a<\x8fU\xa6',52828,red
b'0u\x9b>\xa1\xceUm',b'X\xd6\xf9\x9b:\tT\xb3',53416,red
b'@\xf0\xaf\x02\x8f\xfcX\xcd',b'X\xd6\xf9\x9b:\tT\xb3',52828,red
b'\xf0|\x85 \x9b\x10^\xc1',b'\xe0\xee\xa3\xc7\xbd\x1bY\xda',53416,red
b'\xe7\xd8\x8ez\xd8+R[',b'\xe0\xee\xa3\xc7\xbd\x1bY\xda',52828,red
b'\x92\xdb\x05\xde\xf8A\\\xe5',b'D\x8dY\xc9f~Z\xe4',53416,red
b'\xe1Y7F\xb7XR\xc3',b'D\x8dY\xc9f~Z\xe4',52828,red
b'\xf4\xc7Q\\\xb3BUf',b'\xe4\x83\xf9U\xab\xe3Z\xcb',53416,red
b'\xea\t\xc1\xe1\x82\xfbZh',b'\xe4\x83\xf9U\xab\xe3Z\xcb',52828,red
b'>&V< \xd0Yn',b'j\xffU\x1c_\xd4T\x92',53416,red
"b'\xeb\xca""\xa3\xc1\x08[1'",b'j\xffU\x1c_\xd4T\x92',52828,red
b'\xf8\x0e8&\x12YQb',"b'\x97\x9f\x81""\xab\x8e[\xb1'",53416,red
b'\x95\xd5o\t0c[\xa6',"b'\x97\x9f\x81""\xab\x8e[\xb1'",52828,red
b'\xc9\xbb#\x83\xc0\xeeR\xfd',b'\xdf\xc3\xe3\x9b\xc9*Yg',53416,red
b'\x05\xb3T\x96\xe3\xe3]\x97',b'\xdf\xc3\xe3\x9b\xc9*Yg',52828,red
b'o\xaa\t\x9f\xbb\xa8W!',b'\xcf\xf99\x13\xac\x88ZC',53416,red
b'\xb3\xe1\x9e\xc1T\xa1\\\xf7',b'\xcf\xf99\x13\xac\x88ZC',52828,red
b'\xb3\xf1\xd6\x9a\x85\x17P\x8a',b'}4\xfd\xbaSsYI',53416,red
b'\x04\xad>b\x00\x1a_\xd3',b'}4\xfd\xbaSsYI',52828,red
b'\xef\xbf5\xcb\xbfhV\xb5',"b'\x17\xdc""K\x94M]_'",53416,red
b'\x9e\xe8\x96\x1d\xa6^\\2',"b'\x17\xdc""K\x94M]_'",52828,red
b'\x11\x1cP9P\xf5U\x1f',b'\x16~?:\xb9\xadX\x88',53416,red
b'rRI\x95\x1b\x84Q\x96',b'\x16~?:\xb9\xadX\x88',52828,red
b'\xbf\xa4j\xcd\xb5\xd3[\xb8',b'^\x90\xb3|CTV\xde',53416,red
b'i\x89\x9aHO\xd3Q\x8d',b'^\x90\xb3|CTV\xde',52828,red
b'\xa6\xaej)a=\\~',b'\x97\xb2\x9b\xdbm\x8fTT',53416,red
"b'\xf1v\x0fo\xf5:_""'",b'\x97\xb2\x9b\xdbm\x8fTT',52828,red
b'mq\x96\xe8\xd3^RH',b'\xeb\xb8-H\xc7\xd8P\xbd',53416,red
b'2$>\xb2\xb8\x10\\>',b'\xeb\xb8-H\xc7\xd8P\xbd',52828,red
b'3\xce\x98\xed\xce\x0eP@',b'y\xc5M\xc9\xa1\x9bS\x1a',53416,red
b'@\x1e\xae\xfc\xd5\xfc\\w',b'y\xc5M\xc9\xa1\x9bS\x1a',52828,red
b'\xe5\xd0\xde\xbbQ\xf6R\xb0',b'\x00\xe4\x0eu\xecXQz',53416,red
b'\xb8}\xc37\xbc$^7',b'\x00\xe4\x0eu\xecXQz',52828,red
b'\xf0T\x8e4\x07\x8dQ\x9c',b'\r\xebt\x08@\x95]6',53416,red
b'/!\xbeu\x9c\xecY9',b'\r\xebt\x08@\x95]6',52828,red
b'j=@\xfeJ\xca_\xac',b'\xfd\xfbV\xba\xfb\xa4^\xa7',53416,red
b'~\xd6P\xc0~QU\x06',b'\xfd\xfbV\xba\xfb\xa4^\xa7',52828,red
"b""z'_\x1bC\x9cW\x11""","b'\xa2""\x13\xb4\xdd\x88Pr'",53416,red
b'>\x0fO\x06\xba\x93U\xe8',"b'\xa2""\x13\xb4\xdd\x88Pr'",52828,red
b'!_#:u\xf3\\\x8a',b'3\xd7d<\xf6\x01T\xad',53416,red
b'\x8by\xf9u{\x00U\x10',b'3\xd7d<\xf6\x01T\xad',52828,red
b'!9\xf7G*\x8dU\xf9',b'\x1e\xaf\xd8TR^SI',53416,red
b'\xad\xca\n\x0f0\x9bT\x0f',b'\x1e\xaf\xd8TR^SI',52828,red
b'\xb4q0\x83T<]M',b'\xe2\xd5>\\\xb1.U\xa4',53416,red
b'S)\x92r\x99\xb3[\xef',b'\xe2\xd5>\\\xb1.U\xa4',52828,red
b'?\xd3h\xa5V\xec_O',"b'.\x872""\xe2JP)'",53416,red
b'1\xc1\x1e\xfb\xec\xb6Y\xf1',"b'.\x872""\xe2JP)'",52828,red
b'n\xed^\x95\xcf\xf9V\xe6',b'\xaa\xb9\x8a\xf95&P\t',53416,red
b'\xcc\xfa\xda\x91\xd9@X\xa3',b'\xaa\xb9\x8a\xf95&P\t',52828,red
b'\xf1b\xcc\x0c\x96l]\xea',b'\x82\x81\xb5\x99\xde\xa3X\x1e',53416,red
b'q\x08\xa1o!\x08_X',b'\x82\x81\xb5\x99\xde\xa3X\x1e',52828,red
b'\xf0\xeb\xa7\xb6?\x12\\@',b'X\x01\x8a\x8e\xec\xf5T\xd2',53416,red
b'\x92l\x81\x18\xd0\x82[\x10',b'X\x01\x8a\x8e\xec\xf5T\xd2',52828,red
b'R\x7f\xc3g&\x84T\x05',b')8\x91\xdaD\xa4Z\xa2',53416,red
b'\xc3\x83\xb3\xfeo\xf6Q\xf6',b')8\x91\xdaD\xa4Z\xa2',52828,red
b'\xd9X\x90\xf8\xd3\xb5U\xd4',b'\x1a\x8e\xce\x90\xd0\xbb_K',53416,red
b'\x1e\xe4\xea\xa7\xd2\xcaT\xb7',b'\x1a\x8e\xce\x90\xd0\xbb_K',52828,red
b'd\xe5\xd1}#\xc7_\x02',b'\x1f4e\xa06zS\xd3',53416,red
b'\xd6/Z`\xe7\xaaVH',b'\x1f4e\xa06zS\xd3',52828,red
b'\xca\xc4\x99a]sRz',b'fk\xec\xd3\x8e\xa7T\x7f',53416,red
"b""Kj\xf2p\xfb'X\xa7""",b'fk\xec\xd3\x8e\xa7T\x7f',52828,red
b'\x89(\x88m\x81\xe8Q\xc2',b'\x96\x0b\xa5\xc2\xaf\xf3V\xd0',53416,red
b'\x12!\xf3g\xc6\xb5\\\xcd',b'\x96\x0b\xa5\xc2\xaf\xf3V\xd0',52828,red
b'\t<*\xe7\xab\xbb_W',b'\xc0\xbc^\x03\xff0Q{',53416,red
"b""\x97C\xc3\x7fJ\x02T'""",b'\xc0\xbc^\x03\xff0Q{',52828,red
b'\xb2\xb0\x82\xc2\xbdFQ*',b'\xc5\x8f2\x12H\xfdR\x0b',53416,red
b'\xb8\xbf\x9a\xf2\xf3\xe8S\xee',b'\xc5\x8f2\x12H\xfdR\x0b',52828,red
"b'\xc8""\xde!}\x90Z\xd9'",b'\xb2\x92q\x18\xfd\x7f[\x8e',53416,red
b'b\x05\xe6\xc3q\xb4ZR',b'\xb2\x92q\x18\xfd\x7f[\x8e',52828,red
b'u`\xda\x93\xb4yY4',b'\x084\xbb\x04\xd2#_.',53416,red
"b'\x96""\xbc\xde\xdd\xb1_\xf2'",b'\x084\xbb\x04\xd2#_.',52828,red
b'\xc3\x89\xc0\xaa\xdf\x00Q\xb3',b'\x0c2I\xd1Pc_\x13',53416,red
b'\x14@U\x88=iW\xb4',b'\x0c2I\xd1Pc_\x13',52828,red
b'=hX\x11\x1aNXV',b'lH;o\x0f\xae_{',53416,red
b'\x89\xb5V\xc4\x00wX\x99',b'lH;o\x0f\xae_{',52828,red
b'?E\xee\xca\x00\xc0W\xeb',b'\x12\xeeV\x86\x1e\xf0^\xbd',53416,red
b'\xd5\xd82\xf9\xed\x8bZI',b'\x12\xeeV\x86\x1e\xf0^\xbd',52828,red
b'\xe4\x9f\xb1\n\x95\x91X\xc8',b'G\xa4\x1a\xab\x82\xceQ\xfc',53416,red
b'\x0cM\x8e\xee\xc6\x13P^',b'G\xa4\x1a\xab\x82\xceQ\xfc',52828,red
"b'mu\xf9\x1e\xde\x1dY,'",b'Z\xbb\xbfT\x94\xa4R\xf9',53416,red
b'}V\x88\x16f\xe7T\xd6',b'Z\xbb\xbfT\x94\xa4R\xf9',52828,red
b'\x8a\x1a\xae\x0c\xeb\xb5]\xd4',b'5h\xe6d\xcf\xf8Z\x92',53416,red
b'\x8c\xa4\x86\x98\xd2\x84SG',b'5h\xe6d\xcf\xf8Z\x92',52828,red
b'\xa3\xe4\xfd`\x04\xd5W\xdf',b'G\xf9\xb9U\x94\xb3Tr',53416,red
b'\xbdZ%\xc1\xe7\x1fQ\x1c',b'G\xf9\xb9U\x94\xb3Tr',52828,red
b's\x9b\x08\xa6\x17\xfdQ\xf6',b'PW\x87\x03\x8b\x11[\xf3',53416,red
b'd\xf4\x96qg\x8dS\x15',b'PW\x87\x03\x8b\x11[\xf3',52828,red
b'aQ\xa0_|\x9cT\xac',b'X\xea\xe5d\x16bW(',53416,red
b'\xfee\xff\x06)\xa0YU',b'X\xea\xe5d\x16bW(',52828,red
b'\x1e\x9eD\xdb\r\nP\xb6',b'B\xadkD\xa0\xa9Z\x03',53416,red
"b',\xbai\x0b\x120Y\x88'",b'B\xadkD\xa0\xa9Z\x03',52828,red
b'E\x11\xd7\x11\xad\xe6_\x0c',b'2\xbc\xee\xd6P\x1d[\xec',53416,red
b'A\xbe\xee\xff\xde\xb2^\xbd',b'2\xbc\xee\xd6P\x1d[\xec',52828,red
b'\x8e}\xc0\x96\x0b\xc0Z\xef',b'FN\x9fp\xf3VP\xca',53416,red
b'\xc9\x82\xbc?J\xa7U\x80',b'FN\x9fp\xf3VP\xca',52828,red
"b'\xaa/\x18\x93|G\\""'",b'X\x82\x03\xd9\x8cV[\xf7',53416,red
b'\xac\xd8\xc5\x9f\x83iRE',b'X\x82\x03\xd9\x8cV[\xf7',52828,red
"b""pn\xccY'\xdd^\xc9""",b'\xe9\xeb\xdf\xcb\xfd\xb7Tg',53416,red
b'\xde6\xb6\xda\x1c\xbbZ\x1d',b'\xe9\xeb\xdf\xcb\xfd\xb7Tg',52828,red
b'\x83\x10)\xdd\xb53U3',b'\xcd+\x1f\xd6n\xd5S\xe4',53416,red
b'rvkW##W\xfd',b'\xcd+\x1f\xd6n\xd5S\xe4',52828,red
b'\x9d\xe0q\x81\xef R\xf3',b'\x0fm\x81\x8f\t\x0b]{',53416,red
b'\x91\x1e\x9f\xabm\xf9U\xc4',b'\x0fm\x81\x8f\t\x0b]{',52828,red
b'\xea\xc7l\x81}\xadP\xc5',b'\xa3\x03.\xb8\x16\x0eSx',53416,red
b':\x9c\x17\x0e&P^g',b'\xa3\x03.\xb8\x16\x0eSx',52828,red
b'\xe3\x81\x82\x15-\xbeZ\x8c',b'\xba}\xc0\x91]\x9cY\xa8',53416,red
b'\x9b6}D9\rS\xc1',b'\xba}\xc0\x91]\x9cY\xa8',52828,red
b'X)\x8d\xcf\xbdrS\xd5',b'\x98\x11\x96\xbc@pTJ',53416,red
b'gI\xdff\xf8\x82Y\xd3',b'\x98\x11\x96\xbc@pTJ',52828,red
b'2T\xf3(\xff\x1e\\\x9d',"b""X\xc3&'wBT\xc7""",53416,red
b'\x12lI7\x8f!]a',"b""X\xc3&'wBT\xc7""",52828,red
b'\xb2\xe0-\x98\xbf\xbaS\x00',b'H#\x8b\xd6\x1d\xb6T\x15',53416,red
b'\xc3\xf7\xe6\xd1\xc9|\\\xf9',b'H#\x8b\xd6\x1d\xb6T\x15',52828,red
b'x\x00?AO\x17R\xf9',b'\x88\xfd\xd7Z\xb1\xe3\\p',53416,red
b'\x1a\xa6\xab\xb0U\xe2_\x98',b'\x88\xfd\xd7Z\xb1\xe3\\p',52828,red
b'\xda\xed\x07\x82\xdaeUQ',b'*\xca.\xe6A6Ys',53416,red
b'C^\x8a0O\x10^\xab',b'*\xca.\xe6A6Ys',52828,red
b'\x8a\xe6d\x99\xdb\x0bU;',"b'\xef\xfd""\x85\xe2\x8f]l'",53416,red
b'\x01\xd4\xd0\x08\x854U\xbc',"b'\xef\xfd""\x85\xe2\x8f]l'",52828,red
b'\xb1\xbc\x9dV\x11\x1a\\F',b'%\xf7V\xd3\n\xcb\\\x93',53416,red
"b'\xa0\xe2K\xed\xc4\x88Y""'",b'%\xf7V\xd3\n\xcb\\\x93',52828,red
b'i0\xce\xee\x80O]g',"b'\xc2,\xaex\xe8=Q+'",53416,red
b'\x14\x15\xe0#q\xf3S\x07',"b'\xc2,\xaex\xe8=Q+'",52828,red
b'j(U\x15X\xc7U\xf6',b'\xe2\x8b\x931\x8b\xb2S\x01',53416,red
b')\xf6>X\x08&RX',b'\xe2\x8b\x931\x8b\xb2S\x01',52828,red
b' HS\rcX[\x03',b'\x89f~\xcbI\x07]\xf0',53416,red
b'=\xcc\xa4\x83\xb9\xb5Yw',b'\x89f~\xcbI\x07]\xf0',52828,red
b'd\x9f\x10}h\x8dU\xf9',b'(\xd4\x079\xcf\xceV!',53416,red
"b'yI\xbb4\xe0\xf4Y""'",b'(\xd4\x079\xcf\xceV!',52828,red
"b""\x9a=\x05\xd4\x94'\\\x05""",b'\xec\xc3v\x1eZ\xe5^\xa6',53416,red
b'\xa6\x81\xd5\xb9\x1a}[\xb8',b'\xec\xc3v\x1eZ\xe5^\xa6',52828,red
b'f\x96\x02\x89\xfb\xa9U\xfd',b'\xd4\xa9\xc9\x01\xe9\x0bP\xa5',53416,red
b'~\x02WH\x84fWW',b'\xd4\xa9\xc9\x01\xe9\x0bP\xa5',52828,red
b'\xe5\xdd\x94\xd9\xfb\xe9S#',b'\xa0\xc9_\xcb\xc9\xb1_\xaa',53416,red
b'\x1c\x13\xc7Y8\xc1[`',b'\xa0\xc9_\xcb\xc9\xb1_\xaa',52828,red
b'l\x99\xe2{;:V\x16',b'\xc5\x8f\xc8\xddEM^\xe3',53416,red
b'\x9a\x0b:{\x1f\x87[o',b'\xc5\x8f\xc8\xddEM^\xe3',52828,red
b'\x8c\x03H\xfe\x04vQ8',b'\x1bu\xfc\x10}C]\x12',53416,red
b'i\xefD\x89\xc4\x7f\\\xef',b'\x1bu\xfc\x10}C]\x12',52828,red
b'#\x1fhS\xec\x03Tc',b'\xe9z\xaa\xca^\xf5R[',53416,red
b'C\x7f\xee\x93oeS\xff',b'\xe9z\xaa\xca^\xf5R[',52828,red
b'\x85\x7f\xb8\x0fB\xdaT&',b'z@\xd3!\x95\x94W$',53416,red
b'\x17L]\xd63\xa1T\xc1',b'z@\xd3!\x95\x94W$',52828,red
b'~\xfc\x06\xa4b\xabW\xf6',b'\x91\xfe\xc1\x1a\x1c%^o',53416,red
b'\xd2\xca\xcd#\xff%P%',b'\x91\xfe\xc1\x1a\x1c%^o',52828,red
b']\x0350\x12KRF',b'Tm\xef\xf8\x9eCV\x99',53416,red
b'J\x11r\r\x01^X\x19',b'Tm\xef\xf8\x9eCV\x99',52828,red
b'f\xfc\x94J\xb2SY\xdc',b'Mq]\xa6A\xedV\xe9',53416,red
b'\xec{A\x94\xb2>R\x9a',b'Mq]\xa6A\xedV\xe9',52828,red
b'\x08!:\xe7\x81\xbf\\\xfa',"b'\x85"",\x905\xd1Q<'",53416,red
b'\x89\xd5R\xae_(Z=',"b'\x85"",\x905\xd1Q<'",52828,red
b'\x8c\x0b@}\xe9\xaaYI',"b'\xb6\xa0,\x7f\xf7\x08_\xd0'",53416,red
b'\x06\x02\xfdB\x8a@QN',"b'\xb6\xa0,\x7f\xf7\x08_\xd0'",52828,red
b'\xac:Cd\x0c\x90[\xd2',b'\xe5\xd9C@\xf1p[\xb3',53416,red
b'l)\x17\x96I\x9eQE',b'\xe5\xd9C@\xf1p[\xb3',52828,red
b'n\x84\x93\xb2\x0f@X[',b'\xe3\x1d<v\xd7\x15P\xcf',53416,red
b'-\t!El\xd7R8',b'\xe3\x1d<v\xd7\x15P\xcf',52828,red
b'\xe4\x0b\x9c]\x9d\xff_y',b'\xe2~j\xfc+\xbd]\xd4',53416,red
b'\\\x91\x94PNJV_',b'\xe2~j\xfc+\xbd]\xd4',52828,red
b'\xb9\xe5 \xcb\x11\xdaXc',b'[#p\xc0\xcdc[\xbf',53416,red
b'\x0fS^\x0b\x80\xb5UK',b'[#p\xc0\xcdc[\xbf',52828,red
b'\x89\x9e\xf1\xb4`;P\xf7',b'%\xb8\x0bj\x18\xaeX\xea',53416,red
b'\xda$\x8e\x9a\xb2\xceQ\xc3',b'%\xb8\x0bj\x18\xaeX\xea',52828,red
b'\xf7@V\x9f\xdb\x0fP\x8b',b'\x96\xf6\xd9\x16\xaf\xc0Qf',53416,red
b'\x0e\x95W\xfb#\x0fX\xd4',b'\x96\xf6\xd9\x16\xaf\xc0Qf',52828,red
b'Cn\xa9\rs\xce[C',b'e\x859\xc0\x92\xbeV\xc9',53416,red
"b'\xa9\xdeR\xc7""hX~'",b'e\x859\xc0\x92\xbeV\xc9',52828,red
b'\x02\x07\xfa\r\xe9&YS',b'\xdeZ\x84s\xffm]\x1a',53416,red
b'\x95\xb9\xdd\xb1\xec\xadY}',b'\xdeZ\x84s\xffm]\x1a',52828,red
"b'\x1b,\xd0\xf6\x88pS\xd8'",b'\xd7\x7f\x1dit\x12\\\xf5',53416,red
b'\\\xa0\xf0\x04\xab\xfcZC',b'\xd7\x7f\x1dit\x12\\\xf5',52828,red
b'n\xa4\x87r\xe7f[\xf7',b'\x99\x06z\xf7\xcb\x18^\x00',53416,red
"b""\x1e6\t'*\xe0S\xc4""",b'\x99\x06z\xf7\xcb\x18^\x00',52828,red
b'\xb2G\xe5udaY\x87',b'\xf6\x04\x89\xef\xd2\x90SI',53416,red
b'f3=\xebpkW(',b'\xf6\x04\x89\xef\xd2\x90SI',52828,red
b'p\xd8\x80\x85]\xf3T\xf0',b'P\x8a\xec\n\xaf\xd5Ve',53416,red
b'QS2\x98\x9a[[\xc9',b'P\x8a\xec\n\xaf\xd5Ve',52828,red
b'\xd5\xbf\xb3#\xb7\x14ZG',b'\x07\xf6zkB\xc5[\x8c',53416,red
b'\xf6\xcb\xd0\x1a\xc9[RE',b'\x07\xf6zkB\xc5[\x8c',52828,red
b'.\xafNV\x89\xfeY\xea',b'\xf9W\xea\xf2\xdc\xcbQ\xfc',53416,red
b'\x9a\xefa\xb3FlUF',b'\xf9W\xea\xf2\xdc\xcbQ\xfc',52828,red
b'\x9d%\xd1\x01z\xbdU\x86',b'\xec\x89\xe7Z\x80\xa9R\xa8',53416,red
b'\x07p\xe2\xbb>\x0eY\xec',b'\xec\x89\xe7Z\x80\xa9R\xa8',52828,red
b'\xe4\x94\xef>J\xb3T\x95',b'4=\xd1M\xc16V\xd4',53416,red
b'\x8a\xd9\xe7\xda\x19\x88]\xb5',b'4=\xd1M\xc16V\xd4',52828,red
b'C\xd1\xfdp\xa3\xa0PM',b'\xcb\xed\x10\xd5\x93RX4',53416,red
"b""]'\x14\xfb\xb0\x1bU\x1a""",b'\xcb\xed\x10\xd5\x93RX4',52828,red
b'V\x89\x8bZkg[\xca',"b'\xbb\xbe,\xcf|\x0c]\x8b'",53416,red
b'\x18V\xd2\xfb\x14\xfdR\xdc',"b'\xbb\xbe,\xcf|\x0c]\x8b'",52828,red
b'\x0fp\x13\\\xd7\x8dS\x1b',b'\xfd\x81Y\x08\xdfYPH',53416,red
b'\xe6L\x02\x042\xc8Q\xf4',b'\xfd\x81Y\x08\xdfYPH',52828,red
b'\xd3\xb1Q\xc0\x84\xdbY\xfd',b'\xa6\x04w\xca\x91\xcdS\xaa',53416,red
b'8MqG\xa0\x1a[\xf2',b'\xa6\x04w\xca\x91\xcdS\xaa',52828,red
b'\x16\xec\xa0\x1c\xb0KRq',b'E\xba\xe8Sr^_\xf0',53416,red
b'\x9e\xa5\\\x95\x87\x99RO',b'E\xba\xe8Sr^_\xf0',52828,red
b'=\x90\x0f\x1e\t\xa0_\xab',b'k\xf5\x9cU\x03$QB',53416,red
b'\x8b|\x0e\xd3^\xd8V\xa2',b'k\xf5\x9cU\x03$QB',52828,red
"b'\x8c\x0e[,UdT\xd1'",b'\x82\x90\xc5\xe7U\xc0^t',53416,red
b'\x0b\xd3\xf8`\xc1\xba]}',b'\x82\x90\xc5\xe7U\xc0^t',52828,red
b'+\x80c\xb0\x80\xa2S\x1e',b'\xce\xf9\xaf\xbc\x19\xd8[V',53416,red
b'2\x15\xe2B\xd5NQ\xaf',b'\xce\xf9\xaf\xbc\x19\xd8[V',52828,red
b'\xc4\r\xd0v\xfa\xd2Rw',b'\x82\x1e\x8c1x\x87\\w',53416,red
"b'A""9\x9d\xbd\x9d[\x18'",b'\x82\x1e\x8c1x\x87\\w',52828,red
b'\xf4Oz\xd8\x1a\x13\\\xc9',b'\x91\xaalqm)R\x15',53416,red
b'\xfd\xb4\xf6\x7f_HP@',b'\x91\xaalqm)R\x15',52828,red
b'h\xe4\x19u\xd4\xddT\xf1',b'\x00\xde\xa1\xa0\\\xfbQ\xc1',53416,red
b'\xc0$!_x$Y\x89',b'\x00\xde\xa1\xa0\\\xfbQ\xc1',52828,red
b'\x90\xca\xfd\xe3G?]\xc2',b'\xb5|\xf5\x16A\xd2Z\xf9',53416,red
b'\xe8\xd9\xde\xff\x7f [\x97',b'\xb5|\xf5\x16A\xd2Z\xf9',52828,red
b'\xcf\xf2\xfe\x06\xd7eY\xae',b'\xa6]\xf2\xa4\xd8 \\\x82',53416,red
b'@d\xd6\xe3\xb6\x8f]o',b'\xa6]\xf2\xa4\xd8 \\\x82',52828,red
b'T\xf3\xa2\xf1y\xe4^\\',b'\xaf4\xb3\x012\xcaQ\x99',53416,red
b'1\xac\x04\x98\xd5/Q5',b'\xaf4\xb3\x012\xcaQ\x99',52828,red
b'^:\xd1W\x85\xdd[Z',b'w\x17\xe2p\x8fCV8',53416,red
b'\xe7\xbe\xc9\xdc]?P\x8f',b'w\x17\xe2p\x8fCV8',52828,red
b'\r4t\x15ke_\xcc',b';\t5K&IW_',53416,red
"b'\x9a\xc7,\xe3\x0e\x8bU\xbb'",b';\t5K&IW_',52828,red
b'\xae\xf6Q\x16\xd8U\\\x04',b'j\x96\xddd\x0fR\\\x0f',53416,red
"b""\x89\xedj'e\xf4YE""",b'j\x96\xddd\x0fR\\\x0f',52828,red
b'\xfd\x0f\x17\xccFJ^~',b'\x91\xeb\xb2\xf9\x94\x0eZ$',53416,red
b'\xba\xf4X\xff\xcdoS\x11',b'\x91\xeb\xb2\xf9\x94\x0eZ$',52828,red
b'U\xe4\x96e\xe5\x19Y\xce',b'._\x1e\xeam\xb3T\xeb',48799,green
"b'""M\xf54B\x1bQn'",b'._\x1e\xeam\xb3T\xeb',48800,green
b'\x01\x86Q\xf1\x11.VI',b'._\x1e\xeam\xb3T\xeb',53416,red
b'\\*\xe4\xfd\x8adSG',b'._\x1e\xeam\xb3T\xeb',52828,red
b'\x16S$\xf0>\x94Z\xce',b'\xf2\x8d@\xa7\xfc\x04Zl',48799,green
b'\x80tk\x12GhX\x01',b'\xf2\x8d@\xa7\xfc\x04Zl',48800,green
b'\xa4.7\xd3\x0cCP\x02',b'\xf2\x8d@\xa7\xfc\x04Zl',53416,red
b'\x99\xbc\x82[\x8f\xcf^d',b'\xf2\x8d@\xa7\xfc\x04Zl',52828,red
b'\x05\x0b\x08\x0b\x1c\xa1XQ',b'\xffC\x94\xb8\x03\xa3T\xe4',48799,green
b'\x93\x89\xc1\xc8u4U\x12',b'\xffC\x94\xb8\x03\xa3T\xe4',48800,green
b'\xbb\xcd\xaa\xea\x8f\x1d_!',b'\xffC\x94\xb8\x03\xa3T\xe4',53416,red
b'{EJ\xf0\xa0VS\xaf',b'\xffC\x94\xb8\x03\xa3T\xe4',52828,red
b'\xc1u\x92\x96\xff\x9cS\xd6',"b'\x17o""\xd58\xef]a'",48799,green
b'\xac\xf7\x14\rO\xb4U&',"b'\x17o""\xd58\xef]a'",48800,green
b'\xd3U-S\x1d\xbdP\x06',"b'\x17o""\xd58\xef]a'",53416,red
b'\xd3a\xb8\xc0\xff\xdfY\xa4',"b'\x17o""\xd58\xef]a'",52828,red
b'\xee\x83Y \x06\xf0Q\x1b',b'\ty?\xe18\xfdW\x18',48799,green
"b'j\xef(\xda\xf8,\\\xc9'",b'\ty?\xe18\xfdW\x18',48800,green
"b""h\x80'\x8a\xf4R^Y""",b'\ty?\xe18\xfdW\x18',53416,red
b'\xfcl\xf8\xb7EPW\x8f',b'\ty?\xe18\xfdW\x18',52828,red
b'\xb4\x0e\xd0{k\x14QA',b'\x1f\x19\xeaA\x84^S:',48799,green
b' \x0f\xb6\xbb\xcc\xaaS[',b'\x1f\x19\xeaA\x84^S:',48800,green
b'\x8b\xcd\x85sDdZ\x7f',b'\x1f\x19\xeaA\x84^S:',53416,red
b'\xae}\xaa|0\xf2Z\xc6',b'\x1f\x19\xeaA\x84^S:',52828,red
b'\xcf\x89\x12\xc5\t\xd1R\x08',b'\xa3\xb2(qqIW\x1a',48799,green
b'V\xa7\xd5\xbc\n\xca\\\xce',b'\xa3\xb2(qqIW\x1a',48800,green
b'\x06\x1ec\x10\xce8\\F',b'\xa3\xb2(qqIW\x1a',53416,red
b'\nf\x94t\x85\x8bTh',b'\xa3\xb2(qqIW\x1a',52828,red
b'm\xc6RL\xa5\x7f\\J',b'%t\xb3\xad\xa60^%',48799,green
"b'&S,n?\xcbQ\xa2'",b'%t\xb3\xad\xa60^%',48800,green
b'k`\xf9v\x9f\xa9Vm',b'%t\xb3\xad\xa60^%',53416,red
b'\x87\xd0u\xb5zm_ ',b'%t\xb3\xad\xa60^%',52828,red
b'[un\xc5\xc3\xf4V\xad',b'i5\xe9\xee\xd2\xc4Z\x7f',48799,green
b'\xa9\x15O\xbbW\x8e]\x00',b'i5\xe9\xee\xd2\xc4Z\x7f',48800,green
b' \xe3X3\xc9\xa8V4',b'i5\xe9\xee\xd2\xc4Z\x7f',53416,red
b'+\xec\xc3\x8d@ V\xfb',b'i5\xe9\xee\xd2\xc4Z\x7f',52828,red
b'C\xd1\x88\x12$0]V',b'\x8d\xab$\xd3U\x12[\xff',48799,green
b'\xdd\x85\xe5\xf7;*P\x11',b'\x8d\xab$\xd3U\x12[\xff',48800,green
b'g\xb9_\x0e\x18LS\x08',b'\x8d\xab$\xd3U\x12[\xff',53416,red
b'mF\x82\x8d\x7fOT2',b'\x8d\xab$\xd3U\x12[\xff',52828,red
b'\x96R\xbb\xff(\xb7Y\x1c',b'\xa1\xf3.\x89\x83\t[\xb8',48799,green
"b'rL\xcer\x9c\x88X,'",b'\xa1\xf3.\x89\x83\t[\xb8',48800,green
b'\x0b\xcf\xfe\x18%XP\x86',b'\xa1\xf3.\x89\x83\t[\xb8',53416,red
b'\xa4\xaeG\xb0\xa2\xf3_\xd1',b'\xa1\xf3.\x89\x83\t[\xb8',52828,red
b'5\x13\xc4*btT\xd8',b'\xe3|\x06\x03z7PP',48799,green
b'YDa\xe9\x93TV]',b'\xe3|\x06\x03z7PP',48800,green
b'[\x0b\xd5\xd0\xce\xdeU.',b'\xe3|\x06\x03z7PP',53416,red
b'\xe8E)\x97\xd8\xdf\\\xb5',b'\xe3|\x06\x03z7PP',52828,red
b'\xc9q\x92\x14.\xb3ZT',b'\xda\xc6\xd6\xd9T\x8d^=',48799,green
"b'\x0b\xdb\xee\xe4u\x0cY,'",b'\xda\xc6\xd6\xd9T\x8d^=',48800,green
b'\x95r\xc9<\x13nW\xea',b'\xda\xc6\xd6\xd9T\x8d^=',53416,red
b'\xd7\xe3\xc7a`b\\\x17',b'\xda\xc6\xd6\xd9T\x8d^=',52828,red
b'\xca \r\x81\xcb\x1cTc',b'\xe1s.\x8f\xf7\xd4\\\x92',48799,green
b'd\xa6\x95\xc9\xfe-[\xd8',b'\xe1s.\x8f\xf7\xd4\\\x92',48800,green
b'qn\xbb\x15\x1dDZ\xbf',b'\xe1s.\x8f\xf7\xd4\\\x92',53416,red
b'\x1a\xbeM\x92\x83\xe8RW',b'\xe1s.\x8f\xf7\xd4\\\x92',52828,red
b'~\xf7v\xba\xe3\xbbW\x00',b'H\x03\xac\xa5b\xa9^g',48799,green
b'\xc2\xaa\x02\xb9\xe5;X\xae',b'H\x03\xac\xa5b\xa9^g',48800,green
b'p\xd6|j#iX8',b'H\x03\xac\xa5b\xa9^g',53416,red
b'\x14J\xe1\x14\xf5DYu',b'H\x03\xac\xa5b\xa9^g',52828,red
b'\x9e\x9a\xb9q\xdebV!',b'\xd7>\xf4\x9a\xdc\xcfP\x08',48799,green
b'\xa0\xef)\x8a\xbeI[9',b'\xd7>\xf4\x9a\xdc\xcfP\x08',48800,green
b'0Fw\x18]\x0bZ\xe7',b'\xd7>\xf4\x9a\xdc\xcfP\x08',53416,red
b'\xbb\x8bz\xd0\x91\x8dU\x08',b'\xd7>\xf4\x9a\xdc\xcfP\x08',52828,red
b'4j\x1f\xb6\x00.S\x97',b'R1\x97\xfeU1[\xea',48799,green
b'\xcao\xcd\x18\x13\x18W\x02',b'R1\x97\xfeU1[\xea',48800,green
b'lp\x00\x15\xf5\xbbY\xe6',b'R1\x97\xfeU1[\xea',53416,red
b'\xde\xc9\x9f\x92MwP\xd1',b'R1\x97\xfeU1[\xea',52828,red
b'\x0e\xb4\xca\xeeV\x81RV',b'\x90\xd7\xf6\xdf=\xbdY\xb6',48799,green
b'\xef\xf0\xfcQ\xe65V\x1c',b'\x90\xd7\xf6\xdf=\xbdY\xb6',48800,green
b'r\x05\xc0#lp\\\xf1',b'\x90\xd7\xf6\xdf=\xbdY\xb6',53416,red
b'\x96\xe0\xd4\xc13\x1e_i',b'\x90\xd7\xf6\xdf=\xbdY\xb6',52828,red
b'\xaa\x904\xaf\x80\x01U\x97',b'\x7f\x85\x12\xf9\xe1jPc',48799,green
b'\x83\xa9Q4\nZZ\t',b'\x7f\x85\x12\xf9\xe1jPc',48800,green
b'\xa6\x93\xc6\xad\xaccS\xe6',b'\x7f\x85\x12\xf9\xe1jPc',53416,red
b'a\xd2\xe3El\xa2]0',b'\x7f\x85\x12\xf9\xe1jPc',52828,red
b'\x1c\xc2\xf0\x0f\t1Q:',b'\xf0\xb7\xa0\xe4\x17yQC',48799,green
b'\x81~\xb7=\x18\xf0S\xec',b'\xf0\xb7\xa0\xe4\x17yQC',48800,green
b'\x00\xd4\xfb\xde_ZZ\x17',b'\xf0\xb7\xa0\xe4\x17yQC',53416,red
b'$\x85[O\x89Q\\q',b'\xf0\xb7\xa0\xe4\x17yQC',52828,red
b'\x88\x11\x95\ngr\\U',b'\x87\xc6\xf6\xc8i\x7fU\xd3',48799,green
b'\xb2\x81j\x9a\x84!T3',b'\x87\xc6\xf6\xc8i\x7fU\xd3',48800,green
b'b\x14jr=!YR',b'\x87\xc6\xf6\xc8i\x7fU\xd3',53416,red
b'\x0c--M\x8a>[\xdf',b'\x87\xc6\xf6\xc8i\x7fU\xd3',52828,red
b'\xc9\xfd\xa6\xd7\x94\xa0Z7',b'\xadw\x91\xaf\x90IR\x89',48799,green
b'\xd7\xd6\xf5\xbcE\x1f_\xb8',b'\xadw\x91\xaf\x90IR\x89',48800,green
b'\xfc\xe4A\x94\r\x93[\x01',b'\xadw\x91\xaf\x90IR\x89',53416,red
b'\xe2@\xd0\x08\xe5LR ',b'\xadw\x91\xaf\x90IR\x89',52828,red
b'<\x8c*\r5\xc7Z%',b'\xc3`\x19\xa9\xe1jV\x82',48799,green
b'\xb37\xce\x12\x08\x03V\xeb',b'\xc3`\x19\xa9\xe1jV\x82',48800,green
b'Rs\xb9u!\x0e^\x84',b'\xc3`\x19\xa9\xe1jV\x82',53416,red
b'\xc2\xe9S=\xd8\x1eQY',b'\xc3`\x19\xa9\xe1jV\x82',52828,red
b'\xcf\xa0z\xb1\xfb\xb3UE',b'x\x1fV\x85Y~_N',48799,green
b'J\xc0\x11\x08\x8eGXt',b'x\x1fV\x85Y~_N',48800,green
b'\xf0\xcd\x17h5\x0cP\xdd',b'x\x1fV\x85Y~_N',53416,red
b'\x95\xb4\xefw\xa0\xf2W;',b'x\x1fV\x85Y~_N',52828,red
b'Q\x1e\x1e\xb1\xd8\xc5X ',b'\xd7\xc9\xa8\x82\x174WC',48799,green
b'\xeb\xfcD\x86\x0c\tT\xae',b'\xd7\xc9\xa8\x82\x174WC',48800,green
b'=\t\xc9\x12\xfd\xedW\x8b',b'\xd7\xc9\xa8\x82\x174WC',53416,red
b'+\xa5\xf9\x8aLYP\x8c',b'\xd7\xc9\xa8\x82\x174WC',52828,red
b'\xfc\xcc\xf6{9\x8fTX',b'\xbc\xbf\xcb\n:h]z',48799,green
b'\xf1\xe5\x7f[\xb3`S\\',b'\xbc\xbf\xcb\n:h]z',48800,green
b'\x06\x9e\x88\x07\xa2\xf7[\x8d',b'\xbc\xbf\xcb\n:h]z',53416,red
b'\xc83fI\xe7\xcfV\x81',b'\xbc\xbf\xcb\n:h]z',52828,red
b'E.\xad\xe1\x80\x15Q\xdc',b'@\x88M\xd9b\xedU\x1a',48799,green
b'\x00\x12G_%\xddYS',b'@\x88M\xd9b\xedU\x1a',48800,green
b'\x00\xfd\x12\xd5\xf0\xb1S\xb6',b'@\x88M\xd9b\xedU\x1a',53416,red
b'\xa3\x14x\x02\xf4\xdaY\xb6',b'@\x88M\xd9b\xedU\x1a',52828,red
b'\xfe\x89^\xea\n_T\xfe',b'\x97z\x86\xb7Z\x07W9',48799,green
b'\x00M@\x7fw\n]g',b'\x97z\x86\xb7Z\x07W9',48800,green
"b""\xc8v>'\x14^TA""",b'\x97z\x86\xb7Z\x07W9',53416,red
b'\xd9Fa\xdb\xc1\x1eQ>',b'\x97z\x86\xb7Z\x07W9',52828,red
b'\xb5\x8c\xd3\xa6\xf9\xde^\xf6',b'\x17[\x97\xd5VhQ\xe3',48799,green
b'\x14$r\xd4\x9c\xbdW\xc9',b'\x17[\x97\xd5VhQ\xe3',48800,green
b'\x89\xe8`\xff\xcb\xf2V\x94',b'\x17[\x97\xd5VhQ\xe3',53416,red
b'\xb3\xa95]m[Q\x8d',b'\x17[\x97\xd5VhQ\xe3',52828,red
b'\xe1G\x80?\x17k_\r',b'Hz\x0cA\xd0IZ\xf9',48799,green
b'Z\x83\x14\x1dm\xe7R\xd7',b'Hz\x0cA\xd0IZ\xf9',48800,green
b'\x9c\xf6X\xa2X\x9d]9',b'Hz\x0cA\xd0IZ\xf9',53416,red
b'7s:\xaa\xee\xdd]X',b'Hz\x0cA\xd0IZ\xf9',52828,red
b'v\x0b\xa3\xee\x9f\xcf[1',b'\xaa\xb8i.\xb7\xba^i',48799,green
b'I\x8f\xf1l\x91\xa9Ut',b'\xaa\xb8i.\xb7\xba^i',48800,green
b'z\xab\xc3\x83\x8a\xf8S\x87',b'\xaa\xb8i.\xb7\xba^i',53416,red
b'Lm\x8a\xecm\xb7[\xd6',b'\xaa\xb8i.\xb7\xba^i',52828,red
b'\xcb\xd7\xfcA\xed\x1cT\xe8',b'\xb81|\xae\xa5AY\xd4',48799,green
b'Y\xc6\xee\xbe\xcf\xcc_\xb2',b'\xb81|\xae\xa5AY\xd4',48800,green
b':\x8f\x1e\xee\x1c\xbc^\xf7',b'\xb81|\xae\xa5AY\xd4',53416,red
"b'""l\xf4\x80\x10\xe3W\xe3'",b'\xb81|\xae\xa5AY\xd4',52828,red
b'W\xa3\xa5Y\x86tR\x19',b'\xa5p\xd8t\xf3\x17\\\xe1',48799,green
b'\x9b_C\x97\xd7\xfc[~',b'\xa5p\xd8t\xf3\x17\\\xe1',48800,green
b'<\xbdy!\xe6\rVy',b'\xa5p\xd8t\xf3\x17\\\xe1',53416,red
b'\x08\xfe\xc5Kl\xfdXs',b'\xa5p\xd8t\xf3\x17\\\xe1',52828,red
b'N\xb2\xf7\xdd\xc36ZD',"b""vK\xdd'Y\x7fXd""",48799,green
b'\xa4\x1fi\x84]\x8a\\\xc5',"b""vK\xdd'Y\x7fXd""",48800,green
b' l\xbd\xf9\xdb\x7fV\x0f',"b""vK\xdd'Y\x7fXd""",53416,red
"b""\x84\xa8\xcd'\x06AZ6""","b""vK\xdd'Y\x7fXd""",52828,red
b'D\x87c\xd4*B_\xa7',b'dF\x13f\xc5#[l',48799,green
b'\xa8\xc5\xc7F\xd54Z\x04',b'dF\x13f\xc5#[l',48800,green
b'r\x8a\x8f\xbf7\xb0P\xa7',b'dF\x13f\xc5#[l',53416,red
b'[\xe5\xae\xfeq\xf1Z\xa8',b'dF\x13f\xc5#[l',52828,red
b'KN4XO\xc3P%',b'!Mq]2\x88X\x97',48799,green
b'o\x03^\xc83\xaeS\x18',b'!Mq]2\x88X\x97',48800,green
b'\xd9\xc3\xf8\x94\x99\x1dWe',b'!Mq]2\x88X\x97',53416,red
"b'B\xd4""$\xa0\xdd\\c'",b'!Mq]2\x88X\x97',52828,red
b'\xb3\xbf\xab:N\xcaP\xe3',b'[\xbe\x14\\W\x11P\xfc',48799,green
b'\xf8\x89\x9a\x1c\x0e#W.',b'[\xbe\x14\\W\x11P\xfc',48800,green
b'\x85\xdc\n\xd9(\x98^H',b'[\xbe\x14\\W\x11P\xfc',53416,red
b'\x16\xfc`\xce\xc5sP+',b'[\xbe\x14\\W\x11P\xfc',52828,red
b'\xac9\x0cK\x91z\\\x86',b'\xd7\xaf!\x85\x1e\xefP\x7f',48799,green
b'\x9d\xbcx]\x96\xf2^\x81',b'\xd7\xaf!\x85\x1e\xefP\x7f',48800,green
b'3\xb6\xbf\xf6\xad\xe4S\x1b',b'\xd7\xaf!\x85\x1e\xefP\x7f',53416,red
b'\xf6\xc8\x10\xd2\x94<T\xa8',b'\xd7\xaf!\x85\x1e\xefP\x7f',52828,red
b'#I\x135@\xdcQi',b'k\xcf)=\xad\xac_5',48799,green
b'Y9l\xa7\xc8\x02QE',b'k\xcf)=\xad\xac_5',48800,green
b'\x12\x90\x1f\x80\x97\rR\xc3',b'k\xcf)=\xad\xac_5',53416,red
b'\x8a\x0c\xe8\xed\xad\xfaP\x10',b'k\xcf)=\xad\xac_5',52828,red
b'\xe8|\xc1\xfc*MT\x1e',b'\xe4\xb4m\x1dx\xdfZ\x9a',48799,green
b'(\xfc\xa8\x97\xac\x8a[\xa7',b'\xe4\xb4m\x1dx\xdfZ\x9a',48800,green
b'J\x86\x13\x98ZsWX',b'\xe4\xb4m\x1dx\xdfZ\x9a',53416,red
b'9\xe5\xcf\xaa\x05\x9dZ\xb3',b'\xe4\xb4m\x1dx\xdfZ\x9a',52828,red
b'ZK<\x80\xe64^(',b'Z~\n\x86\xfbl\\x',48799,green
b'\x99\x04\x0e\xdd\xa1\xa0^\x10',b'Z~\n\x86\xfbl\\x',48800,green
b'B(\x1b\xd1\xde\xf5RS',b'Z~\n\x86\xfbl\\x',53416,red
b'\xba\x8dT\xe71\xedXX',b'Z~\n\x86\xfbl\\x',52828,red
b'PcB(\x14\xc2\\?',b'\x0b\x0e\n\x00S\xf7V\xce',48799,green
b'\xb63\\r2\xfa\\0',b'\x0b\x0e\n\x00S\xf7V\xce',48800,green
b'\xfc*\x15\x8cX\x87Q\x14',b'\x0b\x0e\n\x00S\xf7V\xce',53416,red
b'\x1e\xc0I\x9cA\x15^J',b'\x0b\x0e\n\x00S\xf7V\xce',52828,red
b'\xadG\x13\xf4\x8c\xe7QI',b'\x0c*\x19\xa6F\xf0Z\xf3',48799,green
"b'\xf4\xf4\xcf\\f""U\xe1'",b'\x0c*\x19\xa6F\xf0Z\xf3',48800,green
"b'Q\xb5\x03T\x06""_\xe0'",b'\x0c*\x19\xa6F\xf0Z\xf3',53416,red
b'\xeev_7u\x0eW\x1c',b'\x0c*\x19\xa6F\xf0Z\xf3',52828,red
b'o\x9b\xbeop\xd5X\x1d',b'=\x85\x89\xd0\xf3\xfbV\xfd',48799,green
b'aO\xa4\xbe\xf1U]\x8a',b'=\x85\x89\xd0\xf3\xfbV\xfd',48800,green
b'R3\xf0\xd5\xd9D^\xa7',b'=\x85\x89\xd0\xf3\xfbV\xfd',53416,red
b'dC:\xae}@Y\x19',b'=\x85\x89\xd0\xf3\xfbV\xfd',52828,red
b'\xfd\rh]\x1d\xc5X\x13',b'\xa7\xbb\x86{D\xbb\\\xf4',48799,green
b'\x0b\x90\xdd\xecR\xb3S%',b'\xa7\xbb\x86{D\xbb\\\xf4',48800,green
b'\x89@$\x9a\xdf\xd8RW',b'\xa7\xbb\x86{D\xbb\\\xf4',53416,red
b'\xfc\x90\x84\x05*\x1d]\x15',b'\xa7\xbb\x86{D\xbb\\\xf4',52828,red
b'\x8d\xeb\x81\x8a\xcf\x12[c',b'/y\x00brOZ)',48799,green
b';Vj\xdbO\x97R\x12',b'/y\x00brOZ)',48800,green
b'\xbehJ\xf8W\xa4V2',b'/y\x00brOZ)',53416,red
b'=\xdf\ru\xdf8T\xc6',b'/y\x00brOZ)',52828,red
b'\xc2\xeb\x18%\x0eJ_;',b'\xe8\xf7\x08\x8c\x88^V\x80',48799,green
b'\xfd|\xcd\xbfz\xc2U9',b'\xe8\xf7\x08\x8c\x88^V\x80',48800,green
"b'\nY,e\xefC\\1'",b'\xe8\xf7\x08\x8c\x88^V\x80',53416,red
b'>/H\xbe+\xc6XY',b'\xe8\xf7\x08\x8c\x88^V\x80',52828,red
b'8|\xe6\xae\xa8J^\xaa',b'\xbf\xd8\xff\xe3\xf3\xbbU\xf1',48799,green
b'\xe4\xb2\\\xde^\xa8Z\x98',b'\xbf\xd8\xff\xe3\xf3\xbbU\xf1',48800,green
"b'g\xe2<""~\xb3\\\x15'",b'\xbf\xd8\xff\xe3\xf3\xbbU\xf1',53416,red
b'\xa3z\xdd\x04 \x0b_\xb6',b'\xbf\xd8\xff\xe3\xf3\xbbU\xf1',52828,red
b'\x0b\xec)\xce\x1f\xa2V\xa6',b'\xec\xe9\x1cv-\xd0Z\x05',48799,green
b'E\x9d\xd7\xcbf\xd7U\xe2',b'\xec\xe9\x1cv-\xd0Z\x05',48800,green
b'=\x0bN\xe3\xccD^\xab',b'\xec\xe9\x1cv-\xd0Z\x05',53416,red
b'y\xddvQ\xa9LT\x1f',b'\xec\xe9\x1cv-\xd0Z\x05',52828,red
b'iV`\x88J\xb6T\x8b',b'L\x19\xca\x99M\xdbW$',48799,green
b'\x82k\x8f\x9b \xc4]\xeb',b'L\x19\xca\x99M\xdbW$',48800,green
b'\xde(\xe1\x948\xc1Pg',b'L\x19\xca\x99M\xdbW$',53416,red
b'\x03\xaeN\xaa\x99\x11^\xd7',b'L\x19\xca\x99M\xdbW$',52828,red
b'\xf0\xc1\xba\xfe\xc3\xedQ\x13',b'Q\xb9]\xb9y\x14X.',48799,green
b'\xd3\xaf\x86=w\x9cT\xbe',b'Q\xb9]\xb9y\x14X.',48800,green
b'g\x9a\x1bo8\x8aS\x06',b'Q\xb9]\xb9y\x14X.',53416,red
b'\x99\x93V\x85\xb9mR\xd9',b'Q\xb9]\xb9y\x14X.',52828,red
b'iy\xb7\xba\x01\x83T\xee',b'\x8b\xb5\x05\xe97jZ\x11',48799,green
b'G#\x97\xe6[\x10Z\t',b'\x8b\xb5\x05\xe97jZ\x11',48800,green
b'\xaa\x80\x83\x0b\xddA_\xc0',b'\x8b\xb5\x05\xe97jZ\x11',53416,red
b'\xbb\xe2\xe0\xd3uE][',b'\x8b\xb5\x05\xe97jZ\x11',52828,red
"b'""T\xb5\x10\x89,]P'",b'\xe0l\xa4\x9d\xaesZ\xc7',48799,green
b'\xd6\xa8\x98S\x8b\xdbX8',b'\xe0l\xa4\x9d\xaesZ\xc7',48800,green
b'd\xdb\xf0\xe4\xe9\xf7^\x88',b'\xe0l\xa4\x9d\xaesZ\xc7',53416,red
b'j=ephfS9',b'\xe0l\xa4\x9d\xaesZ\xc7',52828,red
b'UH\xef\x059-]P',b'p\xf5\xc3u)rS\x1b',48799,green
"b'\x8d""\xb4\x02\xc2{[\xf4'",b'p\xf5\xc3u)rS\x1b',48800,green
b'k\xb7\xa4\x1c\x07\xdaY\x89',b'p\xf5\xc3u)rS\x1b',53416,red
b'Al\xd2?\x18\xdbQT',b'p\xf5\xc3u)rS\x1b',52828,red
b'\x07\xed!\xef\xc9\xe5[\x1f',"b""\xa3\xff\xb9\x99I\xecU'""",48799,green
b'z\xbb\xf3c\x13a\\D',"b""\xa3\xff\xb9\x99I\xecU'""",48800,green
b'\xd1$\x80\xb7\xc8\x12_\x84',"b""\xa3\xff\xb9\x99I\xecU'""",53416,red
b'%J\xeb\x996\xbe[\xdf',"b""\xa3\xff\xb9\x99I\xecU'""",52828,red
b'\xf1\xa2\xc8\xfa\xef\xe7T\xcc',b'\x83f\x0b\x81\x11t^4',48799,green
b'a\xfe-\x94=ATm',b'\x83f\x0b\x81\x11t^4',48800,green
b'T\xd9\n\x18\xe8\x18W\xad',b'\x83f\x0b\x81\x11t^4',53416,red
b'\xa0R-\x10D+Vg',b'\x83f\x0b\x81\x11t^4',52828,red
b'\x1f\x0f\xf8\t7\nTu',b'\xa3\x9fk\xfc\xdes\\\x9b',48799,green
b'9\x16\x12\xc8>\n\\F',b'\xa3\x9fk\xfc\xdes\\\x9b',48800,green
b'\x87Y\x84\xcf\x0f>Z\xd4',b'\xa3\x9fk\xfc\xdes\\\x9b',53416,red
b'\xdar\x1b\x86\xc6\xdf^\xab',b'\xa3\x9fk\xfc\xdes\\\x9b',52828,red
b'\x1b1\x84\xd4\xa2\x10XI',b'\x83\x8fK\x9f\x0e\xc8T\x00',48799,green
b'\xf2@\n\x04\x86.T\xaa',b'\x83\x8fK\x9f\x0e\xc8T\x00',48800,green
b'X#\xdc\xa3\xe9\x9eS\xe7',b'\x83\x8fK\x9f\x0e\xc8T\x00',53416,red
b'c\xe1HE\xfd\xaeT\x9b',b'\x83\x8fK\x9f\x0e\xc8T\x00',52828,red
b'qMF\xb2lgT\n',b'Pp\xc7\xc2gQ^\x88',48799,green
b'g>\x19g\x14\x9fU=',b'Pp\xc7\xc2gQ^\x88',48800,green
b'\xc8wg\xa24\xeaV\x1b',b'Pp\xc7\xc2gQ^\x88',53416,red
b'\xa5?7\xcd]?T\xfe',b'Pp\xc7\xc2gQ^\x88',52828,red
b'\xfe\xfe\xf6\n\xd3\x0cSG',b'\xfe\x85\x80\xa4\xc6\xd8P\x92',48799,green
b'\x02\xc0\xa7\xf4\x92\xa0Y\xaa',b'\xfe\x85\x80\xa4\xc6\xd8P\x92',48800,green
b'b\xb4\x10\xd0\xbfGZ\xbe',b'\xfe\x85\x80\xa4\xc6\xd8P\x92',53416,red
b'\xd4\xdbh\x07\xf3dZ\xfc',b'\xfe\x85\x80\xa4\xc6\xd8P\x92',52828,red
b'\xf3qB\xe0\xae?UN',b'Hz\x8fmo\xc5Y\x01',48799,green
"b""'\xaa\x15\x94\xd1\xa2T<""",b'Hz\x8fmo\xc5Y\x01',48800,green
b'\x0b\x05\xe9\x99\xb8\xcdW\r',b'Hz\x8fmo\xc5Y\x01',53416,red
b'\xe0\xab\xaar\xd0%]^',b'Hz\x8fmo\xc5Y\x01',52828,red
b'\x98\xf0 \xc8\x02\xfdW\xae',b'\xe6\x0cy\xcb\x8d\xf1Pi',48799,green
b'1\xce\xf8\xbf^\x9bS\xbc',b'\xe6\x0cy\xcb\x8d\xf1Pi',48800,green
"b'3a\x16\xaa""\xb8P\xdc'",b'\xe6\x0cy\xcb\x8d\xf1Pi',53416,red
b'\xb4\xe8Z\xd7\x94\xbdQ\x17',b'\xe6\x0cy\xcb\x8d\xf1Pi',52828,red
"b'N\xb9""\xf0\xc6\xb8W6'",b'\x8dY\x1ea\x94+P\x19',48799,green
b'q\xe3\xa7Z\x0bGX\x8b',b'\x8dY\x1ea\x94+P\x19',48800,green
b'N\xd3F\xb4\xd8\x91Z\xfd',b'\x8dY\x1ea\x94+P\x19',53416,red
b'\xf2\x04\xca \x99\xd9Z\xbf',b'\x8dY\x1ea\x94+P\x19',52828,red
b'\xdb\xd3\x87\x84\x07\x85Qq',b'\xf8(\xfd{%jS\x10',48799,green
b'\xd7\xbe\xd2\x0c\xf7\x90Y\x87',b'\xf8(\xfd{%jS\x10',48800,green
b'#\x89\xdf\xbai\xf2^\x11',b'\xf8(\xfd{%jS\x10',53416,red
b'\x88\xb2a\x0b\xb4\x81X\xfe',b'\xf8(\xfd{%jS\x10',52828,red
b'ka&\x1f\xaf`R]',b'\x9bM<_\xec\xcb_\x92',48799,green
b'9y\xdc\xb5\xad\xd1P\xbe',b'\x9bM<_\xec\xcb_\x92',48800,green
b'\\*\xa5H\xcfH]u',b'\x9bM<_\xec\xcb_\x92',53416,red
b'B\xbb\xa4%\xc9>R\xa8',b'\x9bM<_\xec\xcb_\x92',52828,red
b'~\xbd\xf5ux\xf5Q\x97',b'\x8d-\xcf\x9e\xb2|Vn',48799,green
b'.\x16b\xafA\xb0R[',b'\x8d-\xcf\x9e\xb2|Vn',48800,green
b'\xf4\x0c=\x05\xd2T^\xb8',b'\x8d-\xcf\x9e\xb2|Vn',53416,red
b'Q\x95\xf2z[\xb2T\x06',b'\x8d-\xcf\x9e\xb2|Vn',52828,red
b'\x87\xc7\xf3\xda}\xbeZ\xbb',b'@\xdaY\xc6\xdd;Z\xba',48799,green
b'%b\xd7\x872zS\xdf',b'@\xdaY\xc6\xdd;Z\xba',48800,green
b'A9\xab!\xabe\\\x1e',b'@\xdaY\xc6\xdd;Z\xba',53416,red
b'\xeaG:)G\x9cX\x7f',b'@\xdaY\xc6\xdd;Z\xba',52828,red
b'\xe2=\x92C\x0f\xcdUA',b'\x88\x8b\x90x*UZ3',48799,green
b'K\xde\xef\x18\x00\xa2X\xf6',b'\x88\x8b\x90x*UZ3',48800,green
b'\xb4\xcfD*\xbf~Z\x81',b'\x88\x8b\x90x*UZ3',53416,red
b'\xf5\x94~\xeb\xcajY\xb6',b'\x88\x8b\x90x*UZ3',52828,red
b'\x8a\x81G7K\xfdPX',b'\xa0wQ\x85a\x80Y-',48799,green
b'\xcb\x882\xda\xd5\x0fPe',b'\xa0wQ\x85a\x80Y-',48800,green
b'$|>T\xe4\xa5\\\xe9',b'\xa0wQ\x85a\x80Y-',53416,red
"b""\x81&'\xa4\x9e\xb9^K""",b'\xa0wQ\x85a\x80Y-',52828,red
b'\x0b\xa5\x14\x1f\xd4<\\\xb5',b'\xed\x1f\x99\xce_.R^',48799,green
b'\xc5\xae<\xb7#\xbd^\xb3',b'\xed\x1f\x99\xce_.R^',48800,green
b'\xdb\xff\xf6GC\x16X\x19',b'\xed\x1f\x99\xce_.R^',53416,red
b'k\x7f\xb7l\x81\\Yg',b'\xed\x1f\x99\xce_.R^',52828,red
b'\xa5T^ThHZS',b'\x97\xeb\xd5R\xbb*W\xde',48799,green
b'\xb6\xdeh\xbb>|YA',b'\x97\xeb\xd5R\xbb*W\xde',48800,green
"b""600\xfa'\xd6U\x1d""",b'\x97\xeb\xd5R\xbb*W\xde',53416,red
b'v\x8a\x15[\xcbgT\x83',b'\x97\xeb\xd5R\xbb*W\xde',52828,red
b'\x82V\xbb\xac\xeb\xa5^\xc1',b'qd\x87;\xe3\x1dUL',48799,green
b'\xdf\xa0|\xe7\xfb;Xf',b'qd\x87;\xe3\x1dUL',48800,green
b'\xe1\x0c\x02\xa8H\xd0Y\xfa',b'qd\x87;\xe3\x1dUL',53416,red
b'\xb7\xb7s@\xe7FY\x88',b'qd\x87;\xe3\x1dUL',52828,red
b'\xa8\x98\xec\xb1\x93\xe9TZ',b'p\xf3\xa6\xf8\x0cmTE',48799,green
b'\xd4\xa7\xd4\xd0\xfa\xee[\x08',b'p\xf3\xa6\xf8\x0cmTE',48800,green
b'A;\xaa\xa7\x94\xe3X\x94',b'p\xf3\xa6\xf8\x0cmTE',53416,red
"b',3l\x7fxAZ\x8f'",b'p\xf3\xa6\xf8\x0cmTE',52828,red
b'^w\x0e*\xfe\x81T\xa4',b'ZH\xa5\x92\x93\xa5T\\',48799,green
b'm\x18\x965@\x1dTp',b'ZH\xa5\x92\x93\xa5T\\',48800,green
b'^\xa0\xf4\xea\x0ehV\xa6',b'ZH\xa5\x92\x93\xa5T\\',53416,red
b'\nSB\xf7\xbd\xd4\\\x80',b'ZH\xa5\x92\x93\xa5T\\',52828,red
b'\xf2\x95\\W\xebyYb',b'\x05\r\xa1c\x1c\xacQe',48799,green
b'F\xcdC\xdfer^\x1e',b'\x05\r\xa1c\x1c\xacQe',48800,green
b'\x05\xa8~O\x08\x86\\>',b'\x05\r\xa1c\x1c\xacQe',53416,red
b'\x18\xcb\x88\xb7m\xe3R\xb4',b'\x05\r\xa1c\x1c\xacQe',52828,red
b'\x92\x80\x82\x89v\x95Pp',b'\x86\xda\xb2\x14\x0b\xfeXJ',48799,green
b'\xb6\xe9\t\xad\xb9CW\t',b'\x86\xda\xb2\x14\x0b\xfeXJ',48800,green
b'\xa4}\xfc\x95\xbfK\\\x81',b'\x86\xda\xb2\x14\x0b\xfeXJ',53416,red
b'n\xf5[\xd6\xc3zU$',b'\x86\xda\xb2\x14\x0b\xfeXJ',52828,red
b'\x14\xc9\xf0\xdb\x81#_;',b'\x1c\x10\x9c\xc0y\x91\\\xbc',48799,green
b'\x06\x16\x1f\x9eD\x01^\xe0',b'\x1c\x10\x9c\xc0y\x91\\\xbc',48800,green
b'<\x1e\x15?|\xdaW\x14',b'\x1c\x10\x9c\xc0y\x91\\\xbc',53416,red
b'\xfc\xacI\r;\xafZ|',b'\x1c\x10\x9c\xc0y\x91\\\xbc',52828,red
b'_l\xa9\x14\xf1\xebX\xd3',b'+\xa2\x07\xee\n\x9fZ\xa3',48799,green
b'\xa7\xe8<6\x92\x15Tt',b'+\xa2\x07\xee\n\x9fZ\xa3',48800,green
"b'\xb2\xab\x02""\x19^\\?'",b'+\xa2\x07\xee\n\x9fZ\xa3',53416,red
b'\xdc\x94a\x8a\xe51W[',b'+\xa2\x07\xee\n\x9fZ\xa3',52828,red
b'd\xd1a\x82\xbe\x94U\xbd',b'\xed\x1c)\xfe\x95\x8aW+',48799,green
b'\xd2B\xb8\xe6M\xab^\x87',b'\xed\x1c)\xfe\x95\x8aW+',48800,green
b'?i\xe4V\x81lS\x8c',b'\xed\x1c)\xfe\x95\x8aW+',53416,red
b'P\xc3\xda\x9b7\xc4\\B',b'\xed\x1c)\xfe\x95\x8aW+',52828,red
b'\xf2\xf2\x02e3\xc4]3',b'\r\xbb\xa5\x80\x95iVV',48799,green
b'\ro$\xba\x10KU\xfc',b'\r\xbb\xa5\x80\x95iVV',48800,green
b'K\xa3\x00MXP^p',b'\r\xbb\xa5\x80\x95iVV',53416,red
b'\xb6^\xf1w\x842Z\xac',b'\r\xbb\xa5\x80\x95iVV',52828,red
b'q\xddR\\\xd4n]>',b'j\x0fh\xa8!.Q\xaa',48799,green
b'6\x1c~\xc2\x07\x0bP\xb6',b'j\x0fh\xa8!.Q\xaa',48800,green
b'~mUGn&Q\xeb',b'j\x0fh\xa8!.Q\xaa',53416,red
b's\xb3\xc6\x8breP\x02',b'j\x0fh\xa8!.Q\xaa',52828,red
b'\x10Q\xe3t.\x92\\U',b'R\x1bF\x02\xd2U\\*',48799,green
b'\xe1\xfc\xee\x8f9sTs',b'R\x1bF\x02\xd2U\\*',48800,green
b'c\xf5hSO\x9fW\x88',b'R\x1bF\x02\xd2U\\*',53416,red
b'}0?\x10\x0b\xabYa',b'R\x1bF\x02\xd2U\\*',52828,red
b'\x86\xba\xf8\xda\xa75V\x89',b'\x9b\xb7\xf7?:\xa9Y\x88',48799,green
b'\x0c\x88ZI\x9d{Vn',b'\x9b\xb7\xf7?:\xa9Y\x88',48800,green
b'-k\xda\x151/V\x80',b'\x9b\xb7\xf7?:\xa9Y\x88',53416,red
b'\x062\xa3\xd5\xb8\x00R\xb0',b'\x9b\xb7\xf7?:\xa9Y\x88',52828,red
b'\r\xfb\xf6\n\xb6\xb0R\xd3',b'\xab\xf14aM.X\xaf',48799,green
b'\xd2m\x88\xc3n\xbfYP',b'\xab\xf14aM.X\xaf',48800,green
b'\xa2\xd4W\xd0\x14C^0',b'\xab\xf14aM.X\xaf',53416,red
b'O<\xd5Nw*V\xd7',b'\xab\xf14aM.X\xaf',52828,red
b'\xbc=v\xec@\xd3V\x17',b'\xf9*\xba\x03\x14]V\x88',48799,green
"b'\xa5\xdf\x85\xd1""\xa9V\xf0'",b'\xf9*\xba\x03\x14]V\x88',48800,green
b'l=\xd2\xf9>\x82W?',b'\xf9*\xba\x03\x14]V\x88',53416,red
b'\xe38S\x9f\tbT\xc5',b'\xf9*\xba\x03\x14]V\x88',52828,red
b'\x95\xcb}Dy\xa6So',b'\x0c\x83s\xe5m)T&',48799,green
b'\r:\x1an\x8e~_j',b'\x0c\x83s\xe5m)T&',48800,green
b'\x1e\xfb)\xadd ^\x04',b'\x0c\x83s\xe5m)T&',53416,red
b'\xed\xbb-\xb5LyQ@',b'\x0c\x83s\xe5m)T&',52828,red
b'\xbd\xb0\x00\x7fn\xd7]i',"b'\xb7\xb0x,\x07\xaaU\x06'",48799,green
"b'b/,N\x04\x1fWy'","b'\xb7\xb0x,\x07\xaaU\x06'",48800,green
b'\xdd\xa8g?\x95\xa5W=',"b'\xb7\xb0x,\x07\xaaU\x06'",53416,red
b'\x88\x03\x82%\xb1:\\G',"b'\xb7\xb0x,\x07\xaaU\x06'",52828,red
b'\xc89\xe5\xe4D\x01U\x8a',b'%3g\x1f\xb5\xa0\\\x8f',48799,green
b'e!\xdf_G\xa0V\x8d',b'%3g\x1f\xb5\xa0\\\x8f',48800,green
b'\xf4b\xd2KX\xfaPm',b'%3g\x1f\xb5\xa0\\\x8f',53416,red
b'\xe8\xf6>\x8fn\xafU\xc8',b'%3g\x1f\xb5\xa0\\\x8f',52828,red
b'2\xce\xa8\x03)\x12Q\xb5',b'\x87\x13\xad\x8d\x1b\x05S!',48799,green
b'\xc92P\xfc\x947Q\xad',b'\x87\x13\xad\x8d\x1b\x05S!',48800,green
"b""\xa2\x9cP'\xef\x96V\x9e""",b'\x87\x13\xad\x8d\x1b\x05S!',53416,red
b'8\xfd\x9e\x12QFS\x0b',b'\x87\x13\xad\x8d\x1b\x05S!',52828,red
b'\xcf\xd7V\x9dN\xbcXN',b'\t\xc7\xc8\xa3\xab\x84\\\xc6',48799,green
b'\xda.\xfa\xf1\xde%U\xbd',b'\t\xc7\xc8\xa3\xab\x84\\\xc6',48800,green
b'\xdf\xc7_mB\xf9T(',b'\t\xc7\xc8\xa3\xab\x84\\\xc6',53416,red
b'\xb6oG\x86c~W\r',b'\t\xc7\xc8\xa3\xab\x84\\\xc6',52828,red
b'\xf2\xa1\xdf\xba\x946]\x9c',b'v\xa4U>\xee7Y\xe9',48799,green
b'\x80\xb3\xb2J\xe5\x93\\L',b'v\xa4U>\xee7Y\xe9',48800,green
b'\xd1q;\xdc\xc6\x9cT&',b'v\xa4U>\xee7Y\xe9',53416,red
b'z\x96\xc8G\xd1kX\x93',b'v\xa4U>\xee7Y\xe9',52828,red
"b'Vl\xdf\xd5e,Q\x99'",b'\x1d8\xb7A\x030U;',48799,green
b'\xf6\xeb?s\xd0\x7fR\x94',b'\x1d8\xb7A\x030U;',48800,green
b'\x16\xf2\xab\xe7\xf4\xa3V\x94',b'\x1d8\xb7A\x030U;',53416,red
b'\xac\xaf\x0c\xce\xcd\xc0T2',b'\x1d8\xb7A\x030U;',52828,red
b't\x9a\xbe6\xd8\xc6R\xd8',b'\x809P\x00\xd9vS\xb4',48799,green
b'\x93h\x8eS\xad\xbeR\xd0',b'\x809P\x00\xd9vS\xb4',48800,green
b'\x00\x96\xfd\xa2rHS\xce',b'\x809P\x00\xd9vS\xb4',53416,red
b'\xe1$\x9f7\xed\xb5[c',b'\x809P\x00\xd9vS\xb4',52828,red
b'\x95Q\xfa6\xdcpZ\xa7',b'x\xeb\xbc\xcay\x04Tl',48799,green
b'@>\xf0Z\x02*S\xa3',b'x\xeb\xbc\xcay\x04Tl',48800,green
b'\xc9\xe3\xa9i\x9a&Zp',b'x\xeb\xbc\xcay\x04Tl',53416,red
"b""'\xe8\xe8S\xb3\xec^_""",b'x\xeb\xbc\xcay\x04Tl',52828,red
b'\xf0\x9bU%\x8b\xed_\x89',b'\xffIc0\xa0kR)',48799,green
b'm\xc3\xc6\x0cC\xbdX\xe2',b'\xffIc0\xa0kR)',48800,green
b'\x82\x8a\x8b~\xe05S\xfa',b'\xffIc0\xa0kR)',53416,red
b'\xfe\xd2\xc9l\xbc\xbe_M',b'\xffIc0\xa0kR)',52828,red
b'\x7f\xb5\xb8\x90\x93B\\p',b'\x9f\xca\xfd\xe7\x94\xb5S\xfc',48799,green
b'\x89j\xa6\xd5C\xb2_\xa9',b'\x9f\xca\xfd\xe7\x94\xb5S\xfc',48800,green
b'\xaaS2H\xca\xecQ1',b'\x9f\xca\xfd\xe7\x94\xb5S\xfc',53416,red
b'_\x8e\x1a{q\xd3P6',b'\x9f\xca\xfd\xe7\x94\xb5S\xfc',52828,red
b'\xdc\xdd\xe8D!\xc1U8',b'\xa3\x1f\xa4\xb9)7SD',48799,green
b'e\x11\x1a\xa7\x9ex[\xb6',b'\xa3\x1f\xa4\xb9)7SD',48800,green
b'|q>\xfd\xfb\xe3^@',b'\xa3\x1f\xa4\xb9)7SD',53416,red
b'4\xb3\xc7D\xb7j\\Y',b'\xa3\x1f\xa4\xb9)7SD',52828,red
b'\xb0\x01\xe3~\xe3\x8b_\xde',b'\xc3\xc0=\xb6\xbf~Z\x92',48799,green
b'A\xcb@#\xabXSU',b'\xc3\xc0=\xb6\xbf~Z\x92',48800,green
b'\x81\xf5\x02Dh\xabYi',b'\xc3\xc0=\xb6\xbf~Z\x92',53416,red
b'5Y\x92\xc0\x04\xc0]\x11',b'\xc3\xc0=\xb6\xbf~Z\x92',52828,red
b'`\x89Je=yU\xe1',b'\xaa{\xbfuS\x97\\\x8e',53416,red
b'f\xb2\x12\xa4\xfc\xa0[\xe7',b'\xaa{\xbfuS\x97\\\x8e',52828,red
b'\x01Q\x9f\xe6\x85\xb0V0',b'\xc6\x0bR\x9e\xfa\xff^/',53416,red
b'iO\xaf?$\xce[\x95',b'\xc6\x0bR\x9e\xfa\xff^/',52828,red
b'>6[Ds\x94Xu',b'^\xb2\xa6\x00\x93\x0e[C',53416,red
b'\xd0\xedu\x9a%\xe3S\xa6',b'^\xb2\xa6\x00\x93\x0e[C',52828,red
b'!\x16\x85\xe3onU\xe8',b'\x96\xcbD\xf3\xd2\x0cY\xa5',53416,red
b'+;\x02\xa1\xd4\x0b[\x7f',b'\x96\xcbD\xf3\xd2\x0cY\xa5',52828,red
b'\xe4\x0e\xed\xd0\xb0\x9b^\xb4',b'U\xc9\xbc#\xef\x99T\x8e',53416,red
b' \xf2\x84y\\T^\xbc',b'U\xc9\xbc#\xef\x99T\x8e',52828,red
"b""\xbbi\x19\x1f\x9a\xecY'""",b'\x03#\x844\xb3\\R\x9a',53416,red
b'\xc2\x82u8\xe0\xc7^\x9e',b'\x03#\x844\xb3\\R\x9a',52828,red
b'\x9f=a\x94\x0c)T\x91',b'`\xeds\xc4\x005V\x84',53416,red
b'\x9asi\xcb\xb98Z\xef',b'`\xeds\xc4\x005V\x84',52828,red
b'\xb4\xa1\xdb\x91wnZ\xb2',b'\xe4U\xeb\x9f{(_\x94',53416,red
"b'}`\x97\xdb""\x05\\Y'",b'\xe4U\xeb\x9f{(_\x94',52828,red
b'\xc2\x81m\xc4\xa4\x02V\xe7',b'\xf3\xafEN\xb8;_\xf5',53416,red
b'\xee\xd6\x93o\xd8\xc3\\\x85',b'\xf3\xafEN\xb8;_\xf5',52828,red
b'\xf9\xb8\xa9\xc1\xc4\xa5Yr',b'B)\x8ay]VRP',53416,red
b'4\xbdW\x94\t\xd1]\xfe',b'B)\x8ay]VRP',52828,red
b'\x9d\xd0%\xcd\x1a&Q\xd2',b'\x8e3\xdc\x1b\xc1\xa2U\xe4',53416,red
b'\xb92\x8e\x92\x88EV\x89',b'\x8e3\xdc\x1b\xc1\xa2U\xe4',52828,red
b'\x93LDLe\x86S\xcb',b'\x03\xbb\x80!\xcb\x07RL',53416,red
b'\x04\x00\xf8\xcf?RU\x04',b'\x03\xbb\x80!\xcb\x07RL',52828,red
b'\xbaU\xe3\xc0\x9a~T\x8f',b'\x97?>&x\xd3Q\xb7',53416,red
b'\xfc\xdf \x17p{S\xa2',b'\x97?>&x\xd3Q\xb7',52828,red
b'\x90\xef\xcb\x85\xde\xd6S/',b'i\xa1\xf85\x10AP\xf8',53416,red
b'\x1a\x8b\x1f\xb2\x8e\xdcY\x05',b'i\xa1\xf85\x10AP\xf8',52828,red
b'\x1e\xe2|\xe8JH](',b'\xb7(\x058\xd2\xc7Th',53416,red
b'M.\xff0\xa1\xee]\xeb',b'\xb7(\x058\xd2\xc7Th',52828,red
b'\xab\x8d\x98o\xd6\x1b\\_',b'\xee<\xecM\xb7MPv',53416,red
"b'\xf5\xfd\x12""\xe8\xa2V\xf2'",b'\xee<\xecM\xb7MPv',52828,red
b'\x18\x109J\xbe\x84S#',b'%\xc5w\xc8}\x1fSN',53416,red
b'\xf2Q\xe9K2c]\xc9',b'%\xc5w\xc8}\x1fSN',52828,red
b'\x1f\x93q\x8aiET5',b'\x01\xc1\xd3\x95\x93\xd7U7',53416,red
b'F\x0f0\x90\xe6\xda[\x95',b'\x01\xc1\xd3\x95\x93\xd7U7',52828,red
"b'\xf7\xeb..\xb2""_\xb7'",b'\x11\x9fK\r\xcbT]f',53416,red
b'hJ\xf1<82ZQ',b'\x11\x9fK\r\xcbT]f',52828,red
b'\xa4\xed\x1f\xbc\x1d\x15Q\xe5',b'@\xa0\xdb\xbe\x08qX8',53416,red
"b'i\xdc\xbb,hcU\xff'",b'@\xa0\xdb\xbe\x08qX8',52828,red
"b""\x14('\xf6?\xc8X\xdf""",b'\x85 \x9a\x9b\xd2w\\A',53416,red
b'\x84D\xbdd\xd7\x08Z\xac',b'\x85 \x9a\x9b\xd2w\\A',52828,red
b'3O\xd8\\;\xfcU\xf0',b'\xf2\x0b\x10\x17\xb6D_\x16',53416,red
b'\x17\xca\xf4\x83)\x96U-',b'\xf2\x0b\x10\x17\xb6D_\x16',52828,red
b'\x14\xad\xa8\rwj]r',b'\xa1S\x95\x87/\xa3W@',53416,red
b'\x07$\xa5\x81*\x17T_',b'\xa1S\x95\x87/\xa3W@',52828,red
b'\rO[\xddR\xea\\\x91',b'V\xa6x\x9e&uT\x0e',53416,red
b'H\xef\xd1\xbeg\x16T\x14',b'V\xa6x\x9e&uT\x0e',52828,red
b'\x95\x05w\x8d\xbf7\\\xf2',b'\xf9n\xd0\x8c\xf9\x86Q.',53416,red
b'\x89\xe2\x95\x0f\x80rZ\xaa',b'\xf9n\xd0\x8c\xf9\x86Q.',52828,red
b'\xa2\x81\xf6\xf1*TP\x95',b'\xa05\xd7\xc2z\xc2V(',53416,red
b'*FU\xe1\x95O^\xe0',b'\xa05\xd7\xc2z\xc2V(',52828,red
b'0\x0b\xb8\xca\xfd\x03P3',b'<{\x83yG\xd4\\\xa6',53416,red
b'A\x9f\x1c\xbcN\x87_`',b'<{\x83yG\xd4\\\xa6',52828,red
b'\xf7\x16\xf5\xcd\xfc\xc6Z\xcb',b'\x86h\xb4\x00V\xbdW\x1a',53416,red
b'\x99\x12\x85\x9b\x1d~Q\xa4',b'\x86h\xb4\x00V\xbdW\x1a',52828,red
"b'\xd9\x93c,\xc8\xe5Ru'",b'e\x87\x92\x80h5U\xca',53416,red
b'\xed\x11\x11\xb1\xa0f]\xf4',b'e\x87\x92\x80h5U\xca',52828,red
b'*A\x1dn)m^\x10',b'I\xbc\xc3\xdd\x98\\R\xd5',53416,red
b'rU)q\xdfmV\x0b',b'I\xbc\xc3\xdd\x98\\R\xd5',52828,red
b'\xa5\xe4\x9c_\x08![{',"b""\xef\x91]\x17\x8f[Z'""",53416,red
b'V\xfb\xab\xae~SP\xc1',"b""\xef\x91]\x17\x8f[Z'""",52828,red
b'X&b\x9d\xc0\xdd^\xf3',b'\xbe\xaak?\xe0-]f',53416,red
b'`\x8cG\xe5Q\x06Y\x14',b'\xbe\xaak?\xe0-]f',52828,red
b'\x8a\x98\xfa\xa6a\xe1S\x98',b'\xa7b\x99\xde\xf9\x8bP\x1f',53416,red
b'\x91\x9a\xb30\xebq\\\xb5',b'\xa7b\x99\xde\xf9\x8bP\x1f',52828,red
b't\xa8\xa0\xd9\xf6\x8bU\x87',b'U\x80I ^\xecW\xd2',53416,red
b'\xbb\x0c\xb7\x04\xb6\x07P\xad',b'U\x80I ^\xecW\xd2',52828,red
b'\x87b;3\n\x1dS\xe0',"b""gK\x91\xd4T'V{""",53416,red
b'\xc3e\x9eGF\xe5T\x1e',"b""gK\x91\xd4T'V{""",52828,red
b'\n\x03\x9a&\xea^U\xf2',"b""NB\x16\xc5]\x7f^'""",53416,red
b'\x1b\x9a\x02\xa2\xba\xa7S:',"b""NB\x16\xc5]\x7f^'""",52828,red
b's\x05W\xd9\xae#R0',b'\x14Qw3\xce\xfcU\xe4',53416,red
b'\xdc\xea\x8b#k\x00Rm',b'\x14Qw3\xce\xfcU\xe4',52828,red
b'\r\xe5@K\x06N\\V',b'\xac\x85oY*\x0eS\x88',53416,red
b'\xbc\xba\xc4\xe9\x18\xecP\xa3',b'\xac\x85oY*\x0eS\x88',52828,red
b'/\x14\xd61\x08FV?',b'\xfb\xf9\x85}\xf1\xa4\\b',53416,red
b'Si\x12\xac\x88\xc6^\x18',b'\xfb\xf9\x85}\xf1\xa4\\b',52828,red
b'\xdb\x8b\xcc\xcd\x9d\xb1]&',"b'\x08,&\x04\x0c\xa5Y\x91'",53416,red
b'\x87c6\xe9$\x11[\xd6',"b'\x08,&\x04\x0c\xa5Y\x91'",52828,red
b'\xb8\xb4\x11\x8bp\x1fU\xf6',b'\xd3\xcd\xb2\xa2\xe30QD',53416,red
b'\xb7\xf7z\xa0:\x02^\xf5',b'\xd3\xcd\xb2\xa2\xe30QD',52828,red
"b""'x\xd7\x87\xef\xabY\x1a""",b'9\x8c\xe1F\x85:P\xc5',53416,red
b'\xb4-\xed\xa36\xc2S\xb7',b'9\x8c\xe1F\x85:P\xc5',52828,red
b'\xe1P!G|\xa6Z\xe3',b'\xcb\x0b^/\x12\xd2Y\xb2',53416,red
"b'\x0fu""\x18\x85JU\xcb'",b'\xcb\x0b^/\x12\xd2Y\xb2',52828,red
"b'\xdf\x8d\xb9\x08\xe9,Y\r'",b'\x04\xfdC\x13\x1c+W\x01',53416,red
b'\xa4Ak\xd6T\x89[\x03',b'\x04\xfdC\x13\x1c+W\x01',52828,red
b'oo]\xb2\x17p^\xe3',b'\xb3\xac\tA3\xa7]\xe1',53416,red
b'\xad\xe5\x9c\xca0\x9cX\xd2',b'\xb3\xac\tA3\xa7]\xe1',52828,red
"b'\xd5""\xf6\x8a\xbd\x04S|'",b'\xfa\x03\xfd\x9b\xf6\x8fS\t',53416,red
b'\x90\xd8\xec]\xc1w]\xd1',b'\xfa\x03\xfd\x9b\xf6\x8fS\t',52828,red
b'H\xb6M\x85C^Q\xa5',b'Mm\xc3v\xcf\x0eR8',53416,red
b'Q\xda\xb5\x7fA\x14P\xf8',b'Mm\xc3v\xcf\x0eR8',52828,red
b'\xe9\ty\xf2\x0c\x8eY\xf4',b'\xa5JU#\x0eVT!',53416,red
b'\x04\xc4\x8a\xf8Z\x9fP\x95',b'\xa5JU#\x0eVT!',52828,red
b'\x10\xaf\xe7\xb1\x93\x04[j',"b'=a""\xc4\xa2\xa2Ul'",53416,red
b'bv\xd7\xfb0\xbbWa',"b'=a""\xc4\xa2\xa2Ul'",52828,red
b'\xb2/\xfc.k#Z3',b'<\xe3\xbed\xac\xd8_\x82',53416,red
b'\x08IDE\x9b\xe8^H',b'<\xe3\xbed\xac\xd8_\x82',52828,red
b'\xd7\x07\xb7hT\x92[\xf9',b'\x91\xf0\x88\x19\xa1\\QH',53416,red
b'|OK\xfe\xff\xfeRv',b'\x91\xf0\x88\x19\xa1\\QH',52828,red
b'\xa0\xfex\x95\xfd\xf0^\xd8',b'I\xeb\x13L\xa0\x9dP\xf0',53416,red
b'9\xa13\x8a\x92F^:',b'I\xeb\x13L\xa0\x9dP\xf0',52828,red
b'\xc0\xdd2\x8d\xaau[\xf9',b'\xec\x1d\x99\xaa\xea*Y\xf7',53416,red
b'#\x19#\xb9t\xe2PY',b'\xec\x1d\x99\xaa\xea*Y\xf7',52828,red
b'\xa7Q\xf8\xce<\xd3^\xd8',b'Q\x91\x13\x07\x1a\xa3XF',53416,red
b'\xefC\xe7\x02\xe5L^8',b'Q\x91\x13\x07\x1a\xa3XF',52828,red
b'\xb2\xbc\x91\x02o\x00X.',b'\xfb\x0e45\xee\x8dU3',53416,red
b'\x7fA \x9e\xfe\xe1Y`',b'\xfb\x0e45\xee\x8dU3',52828,red
b'\xf2\xf9W\xe9U\x9dU\xaa',b'\xb0tmO6\xe7T\xac',53416,red
b'\xbc\xf4\x0bt\x03\x95^\xce',b'\xb0tmO6\xe7T\xac',52828,red
b'\nK\xd9 \x82\xcbQ\x16',b'\xfaH\xf9\xcd\xdc\x9c]\xe2',53416,red
b'\x9b\xee\x01\xd90\xe6Ul',b'\xfaH\xf9\xcd\xdc\x9c]\xe2',52828,red
"b's\xa8""\x14\x8e;V\x97'",b'h$k\x86\xed\xaf\\K',53416,red
b'\x1e\xb8\x9c\x92\xaf\xfcV^',b'h$k\x86\xed\xaf\\K',52828,red
b'[\xe7\xb1\x10\xde\x1bR\xce',"b',\xf3C\xf6P\xfdQ '",53416,red
b'\xb9G>\x07\xf0t\\\xc3',"b',\xf3C\xf6P\xfdQ '",52828,red
b'\x8d\x1a)\x95\xe7\x9aT\x98',b'+\x98\xb1]}TZx',53416,red
b'\xda\xb7l\x03pT_\xbd',b'+\x98\xb1]}TZx',52828,red
b'\x18\xa1\x06\x9e\x14>S^',b'g\xa3\xd5\x843\xdcX\xd7',53416,red
b'@\xab\x06\xfd\xef\xeaWJ',b'g\xa3\xd5\x843\xdcX\xd7',52828,red
b'\x06Ogz\xd4)R\x95',b'I\xc6\xfe\x98H\xfa]\x16',53416,red
b'\xb9\xda\xe0\xfd\xcb\xb5[\x12',b'I\xc6\xfe\x98H\xfa]\x16',52828,red
b'S)EEl=S\x12',b'4\x037\rcKV\xa2',53416,red
b'(\xbd\n\x8b>|S\x8e',b'4\x037\rcKV\xa2',52828,red
b'\xe3\xec\xc4\xe0\x10\xae[\xab',b'\xbdK\x9d\xcdt\x8f^(',53416,red
b'v\x0e\xa1\xd7\xb3\x17TP',b'\xbdK\x9d\xcdt\x8f^(',52828,red
b'p\x9e0.\xdeQW1',b'/\xd8<\x0b;\x1aV\xeb',53416,red
b'kU\xddf\x07:_\xeb',b'/\xd8<\x0b;\x1aV\xeb',52828,red
b'\xb08\xd2\t\xcf\x0bS\r',b'\xa9\xdd$m<JW\xf1',53416,red
b'\x1a\x87([\xd5lY\xe4',b'\xa9\xdd$m<JW\xf1',52828,red
"b'h3\xf6\xd4\xb4XZ,'",b'\xce\xafM\xa8V\xcfWZ',53416,red
b'\xa7 \xa6\xb9\xee\xb3QJ',b'\xce\xafM\xa8V\xcfWZ',52828,red
b'\xc7\x83j\x93\xbb\xcf]@',b':\x998\xf0\x17\x0eU\xab',53416,red
b'\x1b\xb3\xe5\x9e:\xa8S\x1e',b':\x998\xf0\x17\x0eU\xab',52828,red
b'l\x85\x0b\xd1\xca\xb3\\\x0e',b'\x9d\xae\xa3%]\xcdY\xa1',53416,red
b'\x8e\xc1\xfe\x07\x96bT\x85',b'\x9d\xae\xa3%]\xcdY\xa1',52828,red
b'\x12[\xdc\xf6I\x01SM',b'\xde\x15\xa1\xb2C Z\x06',53416,red
b'\rZ\x921\x1a\x0f\\\x0e',b'\xde\x15\xa1\xb2C Z\x06',52828,red
b'\x91mU\x86&0W6',b'\xdc7\x92\x8c)\xecQ\xa1',53416,red
b'`\xf4\x9dG\xf8\xd2YO',b'\xdc7\x92\x8c)\xecQ\xa1',52828,red
b'u\xdc&X\x0f\xd5U\x1a',b'\xa2\x83\xbd\xbe(\xf8T\xc1',53416,red
b'\x06iL\xa0\x83\x1fU\xd4',b'\xa2\x83\xbd\xbe(\xf8T\xc1',52828,red
b'\xdd\x99(\xf1/8W\xbc',b'\x18\xa9\x1ei\x89%]\x94',53416,red
b'~\x0fF~\xaeJZ\xea',b'\x18\xa9\x1ei\x89%]\x94',52828,red
b's\xf3\xaa\x1fa\x1dT8',b'b\x99\xc9j\xc1\xab[\xc0',53416,red
b'\n\xc2\xe5`\x8f\xa6\\\xb9',b'b\x99\xc9j\xc1\xab[\xc0',52828,red
b'Zb\xa2\xfb\xd1?V\x13',b'\x89$\xa0\x8dr\x02T\xf7',53416,red
b'\xc0\x8f\xa7g\xa3\x18Ro',b'\x89$\xa0\x8dr\x02T\xf7',52828,red
b'\xe5\x97\xa4\x0eD=Y\x0f',b'7\xc72\x16\x9c\xd4Z&',53416,red
b'v(\xd9\xb4\x8e\xa7]p',b'7\xc72\x16\x9c\xd4Z&',52828,red
b'\x10\xdb\xef2\x10\xf6Z\x8d',b'\xe1 \x94\xf5\xd8\xd6Y\xa0',53416,red
"b""'V\xbf`\xfd\xb2Z\xfe""",b'\xe1 \x94\xf5\xd8\xd6Y\xa0',52828,red
b'>+B)\x91\xb8]o',"b""6\xb3\x89\xac\xc4'W\x85""",53416,red
b'\x8d`\xeeAMYVD',"b""6\xb3\x89\xac\xc4'W\x85""",52828,red
b'\x96\xc5gI6\xf5Q`',b'\xceL\xf2ah\xf7X\x91',53416,red
b'2\xe6\xc1<#\xc1X\xfa',b'\xceL\xf2ah\xf7X\x91',52828,red
b'\xae\xe6l\n\xaa\x88ZB',b'\x17\xdbOVu\xc4T\xe1',53416,red
b'\xab\x15R\xde\xb2\xa8V\x8e',b'\x17\xdbOVu\xc4T\xe1',52828,red
b'\x15\x1e\xf9\xbf+EQI',b'u\xdd6\xee\xe3\xb0RW',53416,red
b'm\xe8Y@\x16?P\xfd',b'u\xdd6\xee\xe3\xb0RW',52828,red
b'\x8c\xfd\xde\xa2^E]\x1b',b'\xb9\xa2\xd3\xa1X\xe5Yj',53416,red
b'\x94\x9bg\xe4\xe8yP\xc7',b'\xb9\xa2\xd3\xa1X\xe5Yj',52828,red
b'XA\x80\xa9;UP\x80',b'!\x88\xce\xbd\xd8\x15S\x96',53416,red
b'\x06\xf4\x080x\xecQ\xe4',b'!\x88\xce\xbd\xd8\x15S\x96',52828,red
b'\x1b\xdf\x9aB\x1c\xbfR9',b'\xf2\x1a\xd8\x02_cV\x17',53416,red
b'h\x98-\x9c\xefxXA',b'\xf2\x1a\xd8\x02_cV\x17',52828,red
b'\x9e\xf3jo|\xbdWp',"b""\x9a\xe9\xcc'^\xe7[\xac""",53416,red
b'\xde\xbb\x04\xaf\xa0\xc3Un',"b""\x9a\xe9\xcc'^\xe7[\xac""",52828,red
b'\xdf\x9f\xfc\\\xab\n\\c',"b""d+\xf1\x0c3'Q\xc4""",53416,red
"b',,V\x05t\xcd_x'","b""d+\xf1\x0c3'Q\xc4""",52828,red
b'\x7f\x8c\x12\x1ad\x8bYu',b'\x8bW\xb1(\x914]\xe8',53416,red
b'\x07\x96\x11X\nAQ\xca',b'\x8bW\xb1(\x914]\xe8',52828,red
b'h#\x9f\xa6k\xdcU\x96',b'M\xdc\xbb\x8c\xa5\xdbZ[',53416,red
b'H\xb5.\x11\xeb~]n',b'M\xdc\xbb\x8c\xa5\xdbZ[',52828,red
"b'\x98sz\x06\xfaRX""'",b'\xed8)2\xa5K\\w',53416,red
b'\x92\xfe\xe6\xe1\xfd\xf4X\xd7',b'\xed8)2\xa5K\\w',52828,red
b'\x01\xeaZ\xfbM\xdeW\xd5',b'\x7f\xd2\x16\xafH\x0b[:',53416,red
b'\xf0\x93q\xf1|.RY',b'\x7f\xd2\x16\xafH\x0b[:',52828,red
"b'\x85\x84\xe9m{\xdeR,'",b'\x07#\xddC\\\x05P\xf3',53416,red
b'\x08}z\xfc\xb4E^\xba',b'\x07#\xddC\\\x05P\xf3',52828,red
b'\x05\xc5\x82\x88\xb1}Z\x92',b'\xfdcy\x87\\ASu',53416,red
b'\xad\xab}\xc7d\xcbR\xa9',b'\xfdcy\x87\\ASu',52828,red
b'\x8d\xedp4\x15\xefX\xce',b'\xe5\x85\xf5\x0f}&]\x12',53416,red
b'\x12\x7f/?\x9d\xd5W\x86',b'\xe5\x85\xf5\x0f}&]\x12',52828,red
b'.\x87\xe4@\xa2`^\xa3',b'D.\xa6\xa1\x93&V\xf3',53416,red
b'\xa9]\xee\x96o\x0eV:',b'D.\xa6\xa1\x93&V\xf3',52828,red
b'\xa9\xd1_\xa4\xa5\xf7SN',b'\x9c\xed\x18.\xc6\xdd]\xf8',53416,red
b'\xf0\xfc\xcd\x07h\xe3P\xd1',b'\x9c\xed\x18.\xc6\xdd]\xf8',52828,red
b'\xdc]*\x19\xd0=Q\xdc',b'\x84\xc3\n\x9a5\xf0QH',53416,red
b'G\xd3\xaf\xed\xfc\x0e^\x84',b'\x84\xc3\n\x9a5\xf0QH',52828,red
b'={J\x877\x9bZ\x1a',b']\xf6%\x99)\xa6_\xef',53416,red
b'w\x1f\x82\xae\x1a\x0b]\x9c',b']\xf6%\x99)\xa6_\xef',52828,red
b'\x02[%\x99\xb9\xda]\x06',b'\x19\x86\x80\xfb\xb5MU\x9d',53416,red
b'\x10\x1f\x13m\x7f?T\x86',b'\x19\x86\x80\xfb\xb5MU\x9d',52828,red
b'\xa27~x\xee4S\x7f',b'\x1af&\xb0^\xfdXT',53416,red
b')\xeeB\xe9\x8cJ_\xaa',b'\x1af&\xb0^\xfdXT',52828,red
b'\x8b.\xac\x9d\xdcr[\xba',b'b\x12\xf4q@&PZ',53416,red
b'\x83\x03\xf8\xdb\x92rV]',b'b\x12\xf4q@&PZ',52828,red
b'7\xff\xa0\xfdExQ.',b'\x03\x03\xfe\xa0\xcaH[s',53416,red
"b'a""\xe6\n\xfaN]n'",b'\x03\x03\xfe\xa0\xcaH[s',52828,red
b'\xfc\xf9)\xc9/\xf1Up',b'\x84\xde\x92\xc0T\xbfP2',53416,red
b'\xde\xa757\xd09W\xf4',b'\x84\xde\x92\xc0T\xbfP2',52828,red
b'}\xb8KQ\xbaCU@',b'\xa0\x03\xe4\x9cI\xa1_m',53416,red
b'\x1b\xfe%jq\xa9]n',b'\xa0\x03\xe4\x9cI\xa1_m',52828,red
b'e\xe8\x08F\x02\xf6W^',"b'\x11_\xd3\xeb""\xa9X\xff'",53416,red
b'\xab\n\xf7A\xfa\xd0^Z',"b'\x11_\xd3\xeb""\xa9X\xff'",52828,red
b'[3\xae\xfa\x1c\xa2Z ',b's/\xf0\x11\xb7\x1b^G',53416,red
"b""'Z\xd8\x1c\x8bm^~""",b's/\xf0\x11\xb7\x1b^G',52828,red
b'.\xea\x16U\xd0\x0c\\\xa0',b'7\x13\xd3!U\x83^\x80',53416,red
b'\r\xf6\x0f\xfbT Q\xaf',b'7\x13\xd3!U\x83^\x80',52828,red
b'{\x142(\xca-X\xf4',b'\x90\x0f\xa7\xe7\xcc3_\xa9',53416,red
b'4\xef\xbfI~\xf9]\xbc',b'\x90\x0f\xa7\xe7\xcc3_\xa9',52828,red
"b'\xe0\xa9\xf1""\xc7\xe5^\x88'","b'\xe9X,\xc6U\x94R\xfe'",53416,red
"b'\xe4\xf4,\xf0\x15\x8bPd'","b'\xe9X,\xc6U\x94R\xfe'",52828,red
b'J+$t\xb0\x8bU\x96',b'8\xfd\xf5\n\x85 P\xab',53416,red
b'\x94\x857\x979\xdc\\q',b'8\xfd\xf5\n\x85 P\xab',52828,red
"b'""\xee\xda\xec\xd51Qo'",b'\xd6\x1e\r\xe7\xe3eWq',53416,red
b'\xd2\xa9\xee>Z[T\r',b'\xd6\x1e\r\xe7\xe3eWq',52828,red
b'\\\x97\x82\xc5\xe9\x82S\xed',b'H\x90\xd4|\x02\x8dV\x88',53416,red
b'\x82\x9b\xe3\xda\x89\xb6[\x87',b'H\x90\xd4|\x02\x8dV\x88',52828,red
"b""\xd1[o<'\x96Q\xb9""",b'\x03\x80\xee\xc5\xb6N[A',53416,red
b'\xbfC\xbc6\xeb\x0f\\\x99',b'\x03\x80\xee\xc5\xb6N[A',52828,red
b'\x90Sj\xeb\xbe\xf5P\n',b'\x03\xf26\x1dN\xa3R\xa3',53416,red
b'Q\xe1L\xdf\xfd\xb5RY',b'\x03\xf26\x1dN\xa3R\xa3',52828,red
b'\xf5\xa5o\xbb\x05\xbd^\x1e',b'\xb8?\tW;\xb8V\xcd',53416,red
b'e\xbc\xf65\xce\x84Z\xe7',b'\xb8?\tW;\xb8V\xcd',52828,red
b'\xe4*\xfe\xfe\xa5\xc5Ut',b'\x7f\xcc\xf3g4NS\xb8',53416,red
b'\xbd\xce\xf7\x8f\x80\xc2Y\x96',b'\x7f\xcc\xf3g4NS\xb8',52828,red
b'\x87}D\xe6G\xb1^0',b'\x82\x0f\xda\xc7\x95\x99X\x0f',53416,red
b'D\xfac\x16\xfc\x10\\\x99',b'\x82\x0f\xda\xc7\x95\x99X\x0f',52828,red
b'\xec\xeeh\x1c\xab\xf3X{',b']\x84\x9d]\x12\xe4\\f',53416,red
b'\xd2\x1f\x9f<]\x1a[)',b']\x84\x9d]\x12\xe4\\f',52828,red
b'20\xfb\xa3\xf9\x18T\xe8',b'f\xca\xd1\xb3\xd27XM',53416,red
b'>t\xf7w\x8a\x11]\xb7',b'f\xca\xd1\xb3\xd27XM',52828,red
b'J\xcc<\rFX_\xdb',b'\x19 \xbf\x8bc\xd9P\xf6',53416,red
b'\xc7D@\xf3\x88uP\xb5',b'\x19 \xbf\x8bc\xd9P\xf6',52828,red
b'l]Wu8>]R',b'st\x9b\xc4\xd4 [\xbb',53416,red
b'\xdfBI\xd8\x9c\x07Uj',b'st\x9b\xc4\xd4 [\xbb',52828,red
b'C\xe5n\x89\xbc\xbeR\x18',b'\xaav\x93\xd59\x93X\x99',53416,red
b'\x81NY\x1c\xba\x0eX\xa3',b'\xaav\x93\xd59\x93X\x99',52828,red
b'\xcf{Q\xd1^\xd2V3',b'\xd7/\xf7\xe3\xa0jP\xf6',53416,red
b'\x93S5\xf2\x9bFP\xeb',b'\xd7/\xf7\xe3\xa0jP\xf6',52828,red
b'g\xa0P\xc3T\xbbW\x89',b'\xbd\x8c\xf1~\xe0\xe2S\x10',53416,red
b'&s{\xfeE\x87\\&',b'\xbd\x8c\xf1~\xe0\xe2S\x10',52828,red
b':\xc7\x92\xfc\xd6yS[',b'\xe1y\xc5\x053\xbfP\xef',53416,red
b'\x0c\xf2\xc6\xadr\xb2Sd',b'\xe1y\xc5\x053\xbfP\xef',52828,red
b'\xb3!\xb6\x80\xff\xafZx',b')u\x93\x03\xac\xf9_\xbe',53416,red
b'v\x08\x87\x12\xd7\tX-',b')u\x93\x03\xac\xf9_\xbe',52828,red
b'<:\xab\xf5j\xdeRS',b'r\xd7\xd0X=\xddWG',53416,red
b'\xba\x9f\x93\xa90\x05Q\xd1',b'r\xd7\xd0X=\xddWG',52828,red
b'\x13\x9ewb\x18%U\xa0',b'\xab\xd3\x93Nv\xadW]',53416,red
b'\xc8s\xca\xe5\r\nU\x93',b'\xab\xd3\x93Nv\xadW]',52828,red
b'y\x1e\xc9\xd9+\xc6P\xd6',b'}\x90%y%TX\xb1',53416,red
b') \x18D#\xf4]\xb9',b'}\x90%y%TX\xb1',52828,red
b'\xf5\x81\x02vk{V\xff',b'\xb79\xbcN;\x0e\\\xc6',53416,red
b'm\xc8P\xbe\xf3\x89V\xe1',b'\xb79\xbcN;\x0e\\\xc6',52828,red
b'\x8aQ;`\x8c\x00Q\xfe',b'!O\xb6\xf6\xbb7T\xa0',53416,red
b'\xcb\x8db\xa5\x98\xa1P\xae',b'!O\xb6\xf6\xbb7T\xa0',52828,red
b'\xf6u\x15qK}P\x99',b'\xf8\x8b\x0c\xbf\xc7`Z\xd4',53416,red
b'\xf8\x16Y\x90b\xcd^\x06',b'\xf8\x8b\x0c\xbf\xc7`Z\xd4',52828,red
b'9:[\xf7\xc7t_(',b'\x107\tb^~XK',53416,red
b'~\xcf\xe8\xf4\xed\xf8Y\x14',b'\x107\tb^~XK',52828,red
b'\xbaiTu\xb7uY\xc5',b'\xach\x03\x96\n\xee_!',53416,red
"b'*\xb3\xb0\x97""\xb7P\xce'",b'\xach\x03\x96\n\xee_!',52828,red
b'\x7f\xd1%\xfb\xf0t^\xe9',b'G+\x90 \xe03Uf',53416,red
b'h|\xc7\xc5\xa1\xee[\xc6',b'G+\x90 \xe03Uf',52828,red
"b'8\x84AS,\xa4_\xd9'",b'\x18\x8d\x18:n\x1a\\C',53416,red
b'\xea\xc3\xf3\x8f`\xeeQ\xa2',b'\x18\x8d\x18:n\x1a\\C',52828,red
b'\xfb\xd5\x9c\xf0\xd08Y\x9b',b'{\xcb\xb3\x01\xb0}\\\x1c',53416,red
b'\x991\xa2\xaa\x87{Z\x02',b'{\xcb\xb3\x01\xb0}\\\x1c',52828,red
b'@\x00:\xd4\x8b\xecUq',b'>\xdcAV\x88\xbeY]',53416,red
b'3d\xf6*\x16B]\x88',b'>\xdcAV\x88\xbeY]',52828,red
b'\xc1G\xdb\xe5\xc3\xdaVC',b']\x81\x94\xb9\x99!T\x88',53416,red
b'V\xa1C\xcf\xa5\xc4_?',b']\x81\x94\xb9\x99!T\x88',52828,red
b'\x16\x00\x16\x8a\xb0\x15TU',b'\xf9\x90\x02Q\xb3=]\xad',53416,red
b'\xa0X\xda|\xd0OX\xec',b'\xf9\x90\x02Q\xb3=]\xad',52828,red
b'Z\xba\x03\x17\x83:RB',b'Y\xe6[\xee\x8c\x9a[\xb0',53416,red
"b""'\x8c\xf2n\xd4\x12_\xbd""",b'Y\xe6[\xee\x8c\x9a[\xb0',52828,red
b'\xab \x1b\x08\x14\x92T\xe9',b'\x08?\xc3M\x0e\xecU\r',53416,red
b'\xc6=d\xc9\x1c5R\x04',b'\x08?\xc3M\x0e\xecU\r',52828,red
b'S0\tP\xaeA\\\xcf',b'\xcd\x1c\x9dL\x19\x88T\xf5',53416,red
b'\xc49\x0b\xc0\xe4\x91Un',b'\xcd\x1c\x9dL\x19\x88T\xf5',52828,red
b'\xd8\xf3\x11\x98\xf0\xdb[\x04',b'u\xb9\x00\xd0l\x9aT\x13',53416,red
b'\xe4\x95y\xb7\xf3\xf2QC',b'u\xb9\x00\xd0l\x9aT\x13',52828,red
b'\x8a\xd5\xcf4\xf3\x8cY(',b'K\xef\x90\x10O`T\xc5',53416,red
"b'\xaa""\x00\xcbUNZ\xa4'",b'K\xef\x90\x10O`T\xc5',52828,red
b'}\x9c\x17Jv@T\x18',b'\xb0\x99\x98\x00\xd9\xa8Qk',53416,red
b'\x80\xe4\xbb\x105b^\xc8',b'\xb0\x99\x98\x00\xd9\xa8Qk',52828,red
b'\xbb\xae\xf8]1\xb0Q\xbf',b'?(\x11\xde|\x03T\x88',53416,red
b'8\xa1\xc7fa\x1b_\xa5',b'?(\x11\xde|\x03T\x88',52828,red
b'\xd4\xbc\xab]sZU\xe9',b'\xce\x81A\xc9;}PP',53416,red
b'`%C\xe3&\xd9[|',b'\xce\x81A\xc9;}PP',52828,red
b'j\xb46\x94\x1d\xf0[b',b'\xc8\xa9\x05\xd18vR\x96',53416,red
b'\xf4\xe9\x95\xf6\x85\xc3]\xef',b'\xc8\xa9\x05\xd18vR\x96',52828,red
b'v\x15\x8d\x92\x88AU\xc2',b'M\x1b\xa6\xa6\\cP\x93',53416,red
b'(]\xb8\x99\xd8NZ\x94',b'M\x1b\xa6\xa6\\cP\x93',52828,red
b'P\xaf\xd48\xc6\xf3WR',b'W\nn\xb5\xd9\xc2Q\x8a',53416,red
b'dL\x00\xabP\xda_\xda',b'W\nn\xb5\xd9\xc2Q\x8a',52828,red
b'\xd6H*\xe2\xe0\xb9[\x03',b'=%\xf9\xb6\xef\xc8T\xa5',53416,red
b'\xbbc\xb4+`%_\xd0',b'=%\xf9\xb6\xef\xc8T\xa5',52828,red
b')D\xde\x89\xe2\x11V\xd7',b'%\x9b\xd3U\xa2\xa1Z\xf4',53416,red
"b',\x8f\xe8\xf6\x95+T\xc4'",b'%\x9b\xd3U\xa2\xa1Z\xf4',52828,red
b'\x16A\x05\xc8\xe6:R\xf3',b'\x14\x7f\xacU2\x11R\xd4',53416,red
b'b\xb6\xe9\x14\xc1\xc8S\x9b',b'\x14\x7f\xacU2\x11R\xd4',52828,red
b'\xee\xae\xb0\x11_\xbdXY',b'\xecL\x1b\xf8\xd9uX\xe9',53416,red
b'\xbc4 \x1drxT\x15',b'\xecL\x1b\xf8\xd9uX\xe9',52828,red
b'\xbe \n\xea\xcc\\T@',b'bj3\x94<9\\\xca',53416,red
b'@\xd1\xc3l\xce!W\x0f',b'bj3\x94<9\\\xca',52828,red
b'5}2\x887\x80P~',b'e5\xe5s1\x86T;',53416,red
b'\x1a\xb3\xad\xea\xaeRX]',b'e5\xe5s1\x86T;',52828,red
b'W b\x00\xc3\xc5X\xf3',b'\x15\xf7\xbc\xed\xe3\x1eS\xcc',53416,red
b'4\xc9qZo\xc9^\xdb',b'\x15\xf7\xbc\xed\xe3\x1eS\xcc',52828,red
"b'\\\xbb,\x02\xfa\x80X\xa1'",b'{Q}\xed\xeb|]~',53416,red
b'\x18\x95\xb7\x0e\x94\xa2S\x8a',b'{Q}\xed\xeb|]~',52828,red
b'\x0cG\x8cF\x8b\xc6Y\xc4',b'\xc6\x9d\xe4T\xb8\xb0S\xab',53416,red
b'\x01\x91\taK0\\ ',b'\xc6\x9d\xe4T\xb8\xb0S\xab',52828,red
b'~p/\xd2kJU-',b'\xec\x10>\x96R\xbb]\x81',53416,red
b'\xbfM\xd4\xdb\x06\x08P\xec',b'\xec\x10>\x96R\xbb]\x81',52828,red
b'\x81\x82z4\xcaeP\xf6',b'\x8bP\x80*{\xc7_\xea',53416,red
b'?\xb9\x80\xe0.Y]\x0b',b'\x8bP\x80*{\xc7_\xea',52828,red
b' \x95\tEH\x19S\x99',b'8\xbbQ;G{QN',53416,red
"b""?\x98w\xb4'?^\xc9""",b'8\xbbQ;G{QN',52828,red
b'\x8b\x07\xb6P\xc3\xbeV\xcd',b'\x9aO)W\xf4\x1cS\xda',53416,red
b';\xb0\xa2vr\xff\\@',b'\x9aO)W\xf4\x1cS\xda',52828,red
b'\x06\x15\xff\x8a\xf2:PR',b'\xe8\xfd\x8dD\xc3\xe8T\x1c',53416,red
b'i\xe7\xe4\x9d\xed]Ub',b'\xe8\xfd\x8dD\xc3\xe8T\x1c',52828,red
b'\xb4\xaa\xb73\xceLY\x06',b'\xeb1R\xff\xc5>P\xdd',53416,red
b'\xf7\x93U \x1c\xe6S;',b'\xeb1R\xff\xc5>P\xdd',52828,red
"b',\x05\xa6\x99jAZA'",b'|\xc6\x9d\xee\xcd\xbaS=',53416,red
b'\x1b\x1e]Z\x03\x9fSa',b'|\xc6\x9d\xee\xcd\xbaS=',52828,red
b'\x8e\xcb\xa0\xb1\xa7[S\xc5',b'\x7f\xaa0\xe3\xcd\xa4]\x83',53250,green
b'\xf2\xf1\x8f:H\xa0[\x1a',b'\x7f\xaa0\xe3\xcd\xa4]\x83',53468,green
b'U\x07\x9e\x14\xd7\x1e^\x83',b'1\x13\x18\x90x\x07U\xf4',53250,green
b'H\xf0\xac\xf3V_P\xee',b'1\x13\x18\x90x\x07U\xf4',53468,green
b't\x17\x1ff\xb1\x84Y\xac',b'\xf9B\x7f\xaa\xc2|R\xa5',53250,green
b'^\xc0%dT>Z\xa8',b'\xf9B\x7f\xaa\xc2|R\xa5',53468,green
b'\xdf\xf8\x8a0\xbc\nP\xb9',b'\x1c\xa6\xf7\x90t]X\xe4',53250,green
b'F\x8e\xdb\xa5\x031W\xe6',b'\x1c\xa6\xf7\x90t]X\xe4',53468,green
"b'\xd4b\x95\xebJ]_,'",b'\x9a\xcd\xf6\xe6\xbc5Va',53250,green
b'o \xeb\xd1\xd5\x04_S',b'\x9a\xcd\xf6\xe6\xbc5Va',53468,green
b'UyRyL\x14^b',b'\x042\x02\x0f\x11\xdf\\v',53250,green
"b'x\x97\xa9Nd""T\x0c'",b'\x042\x02\x0f\x11\xdf\\v',53468,green
"b'\xb4+\x84\xf4""\x87_\xbf'",b'\xa5\x05\xa7\x9d?\x9eT\xa2',53250,green
b'\x18@Z\x88\xa8O_6',b'\xa5\x05\xa7\x9d?\x9eT\xa2',53468,green
b'J;\x8d\x80\xf7V[[',b'\xd7\x7f\xff\xa2\xf2\xb1YZ',53250,green
b'\xcf\x16M\xe8\x95\xeaQ~',b'\xd7\x7f\xff\xa2\xf2\xb1YZ',53468,green
b'h\xcfU\xc8l\x8cP<',b'\x91Y\xb8p\xf9\xdbX\x02',53250,green
b'\x10\xffZ\x1c\xc1\xbdXB',b'\x91Y\xb8p\xf9\xdbX\x02',53468,green
b'N\xbd\xadu\t\x9aVc',b'E\xf0G\xae:\xb9V\xb8',53250,green
b'E\xba\xce\xb5\xe36T$',b'E\xf0G\xae:\xb9V\xb8',53468,green
b'\x8f:\x9a!I\xf3X\xe4',b'^(*\xebh\x8eP\xc8',53250,green
b'\x15\x14\xccm\xf7\x98S\x02',b'^(*\xebh\x8eP\xc8',53468,green
b'G\x95\x1b\xc8\xdb\xb7T\xf0',b'\xc8\x13.\x91\xf8\xe4Q\x8b',53250,green
b'J.\x80D\xa4QVo',b'\xc8\x13.\x91\xf8\xe4Q\x8b',53468,green
"b'\x93""\xa1_\xacwQA'",b'qv\x1f\xdcP5Z\xc8',53250,green
b'\xcb\xb4t\xff\xc4\x8fX\x1e',b'qv\x1f\xdcP5Z\xc8',53468,green
"b'\x0b\x9b,\xb4\x03bQa'",b'\x07;\xae@\x9c\xffX\xf0',53250,green
b'\x98i\xc5\xcc\xf2\x88W\xf0',b'\x07;\xae@\x9c\xffX\xf0',53468,green
b'\x7f]3\xd5\xeb\x1dR\x01',b'\x00[\x19\xa6\xf7\xadX?',53250,green
b'\n\xc0\x0e\xf3TjZ{',b'\x00[\x19\xa6\xf7\xadX?',53468,green
b'h\x04G\x9d\xach\\\xc0',b'd\x1f\xdd\xc9\xd4\xd6W\x8a',53250,green
b'{\x88\x8f{B\xe0]\xc6',b'd\x1f\xdd\xc9\xd4\xd6W\x8a',53468,green
b'\n\x86\xedU\x1dtT\xf1',b'\x84y\xfbU\xafTV\x8a',53250,green
b'\x88\xf4\xf5\xfbP\xf8QZ',b'\x84y\xfbU\xafTV\x8a',53468,green
b'\xf2:\x03\x89K\x05]\x13',b'\xa5*dB\xb95Q\xcf',53250,green
"b'\x01\x1cB\x0b\xc7""[]'",b'\xa5*dB\xb95Q\xcf',53468,green
b's04\xc5\xeb\xabW[',b'C\xc5\x1fd\xf5\xc2T\xed',53250,green
b'\xfa\x97IZy\x92_\r',b'C\xc5\x1fd\xf5\xc2T\xed',53468,green
"b',\x05\xf2Y\xc3\xe6Y\xfe'",b'\x8f\x1a\x8f\xdc\xedZS\xe7',53250,green
b'@\xd3Ty\xb7\xa0_C',b'\x8f\x1a\x8f\xdc\xedZS\xe7',53468,green
"b'\xfc\xa1`\x90\x83,X\x8c'",b'}\xe3\xda\xdfi\xb5SF',53250,green
b';\xe6\x88D5`P\xeb',b'}\xe3\xda\xdfi\xb5SF',53468,green
b'9>o\x9b\xa1\x85V\xf7',b'\xcc1\xef\xba\x82jS\x7f',53250,green
b'\xfe@\x8a\xe4|\xd2R\x0e',b'\xcc1\xef\xba\x82jS\x7f',53468,green
b'\x98\xcb</qIQ\xfb',b'\xdc\x07\x0b\x04\x05\r^\xd2',53250,green
b'C\x1cn8\x9b\xf6Q\xfd',b'\xdc\x07\x0b\x04\x05\r^\xd2',53468,green
b'\xe6V~!\xd4\xb0UM',b'\xe0\x89\x1fS\xaf\xf6[\xa6',53250,green
b'\xf4W\xde\xba\xfb\xf0Q:',b'\xe0\x89\x1fS\xaf\xf6[\xa6',53468,green
b'O\xb8s\xb7&\xbcP\xb0',b'J\xf8\xf9\x0b\x87\xbcZ@',53250,green
b'a5\xe7\xf8M\x0bY1',b'J\xf8\xf9\x0b\x87\xbcZ@',53468,green
b'\xd8\xe9\x0b\x9a\x12D^*',b'\xe2\xd0\xf0z\xdf\xb0Q\x89',53250,green
b'\xcc\xd0\x91\x1a2\xf1R\x0e',b'\xe2\xd0\xf0z\xdf\xb0Q\x89',53468,green
b'\xb1\x0b\xb0\xad\x08s\\\x13',b'\xad\xff\xc2\xa5\x87fR\xfb',53250,green
b'\xd8\x82\x89CM\xa9Rk',b'\xad\xff\xc2\xa5\x87fR\xfb',53468,green
b'\x15!g\xd1\xfc\xebSF',b'\x90t\x89f\x14\xb3V\x0f',53250,green
b'\xe2\x9fp\xdb \x9d^b',b'\x90t\x89f\x14\xb3V\x0f',53468,green
b'\x11\xc4n\xba\xc6aX\xbd',b'\x84N\x8b}o\xae]\x06',53250,green
b'\xfbn\xe7_\xae\xf7[x',b'\x84N\x8b}o\xae]\x06',53468,green
b'\x82\n\x83\xd6y\xfa__',b'\xe4\x90\x86\x92\x99\xc3R\xc8',53250,green
b'\xe3qT\xf3\xdd\xe2\\\xc0',b'\xe4\x90\x86\x92\x99\xc3R\xc8',53468,green
b'\xe7\xb7\xabe\xb8\xb1U\\',b'K\xea\x8f\x9d\xd5>U{',53250,green
b'\xde\x9a\x90@Ht]\xa9',b'K\xea\x8f\x9d\xd5>U{',53468,green
b'\x15\xc9\xeb\x90<\x1b[S',b'9\x03v`3\x9aQ\x9a',53250,green
b')\xef\xa9\t\x9e\xa6T}',b'9\x03v`3\x9aQ\x9a',53468,green
b'\xd9\x14\xfc\xb6-\xa6P\xe7',b'#_\xd5\xb8I\xaaS\xec',53250,green
b'\x1f\xbd\xcc\xd7\x9f\xa8X\x9f',b'#_\xd5\xb8I\xaaS\xec',53468,green
b'Y\x13\xe9\xae\x91\xccY\x02',b'\xa4\xe7\xe1)\x97\x7f[\xa9',53250,green
b' \x99\xee\xbd\x82{_\xc6',b'\xa4\xe7\xe1)\x97\x7f[\xa9',53468,green
b'\xfai\x98+F\xcfP\\',b'R\xbe\x96\xbef\x9bZ-',53250,green
"b'\xde\xf4,\xc8\x12fYS'",b'R\xbe\x96\xbef\x9bZ-',53468,green
b'T`\x1aIV\xdfX\x8c',b'\xc2\xf6\x9a\xb0/\xcbS\x9b',53250,green
b'\x10\xc9\xa4S\xe8\x1e\\t',b'\xc2\xf6\x9a\xb0/\xcbS\x9b',53468,green
b'\x19j\xa5TN\xf6^e',b'j\xfe\x7f\xdf\x15\xbc\\\x96',53250,green
b'\n\x84d.^K])',b'j\xfe\x7f\xdf\x15\xbc\\\x96',53468,green
b'\xeb\x1a\xe3H\x88\xedR\xae',b'\xf3V/ \x81\xf3\\\x99',53250,green
b'\xa7\x04K\xf5\xc6\xa1Z\xde',b'\xf3V/ \x81\xf3\\\x99',53468,green
b'\xb7\x02\xa2\xa6=!X]',"b'\x1a\x8e\xdb""\x9c\xebP\x01'",53250,green
b'I\xfc\xad\xf9\x87\x7fP{',"b'\x1a\x8e\xdb""\x9c\xebP\x01'",53468,green
b'\xe7\xb7\xa8\xb5%\xfcV\xcb',b'\xa0MT\x06T\x1dU\xd1',53250,green
b'vG\xe2 \xebYV%',b'\xa0MT\x06T\x1dU\xd1',53468,green
b'KD\xf6\x8e\x08tT(',b'r\x08\xf7\xd3\x03%_\xed',53250,green
b'\xbc\x18\xd2\x02\x07>V[',b'r\x08\xf7\xd3\x03%_\xed',53468,green
b'X\xa2\xcb\x08\x7f\x1bQ\xee',b'\xe5\xadb\xd7y\xb7^\xed',53250,green
b'\xc4\x01GP\x02\x94Y\xc7',b'\xe5\xadb\xd7y\xb7^\xed',53468,green
b'\x90\x8e\x8b^6\xceSb',b'\xc3\xb8{?y6]\xa0',53250,green
b'\x10\xa4(\x99\xa4[W\xef',b'\xc3\xb8{?y6]\xa0',53468,green
"b',C\xc2\xf1Y\xb6Q\x8a'",b'\xa5\x8cu_\x01\x80X(',53250,green
b'\x05\xf6\x7f\xe1\x05\rS\xd0',b'\xa5\x8cu_\x01\x80X(',53468,green
b'\xd0\xa9:e\xbb\xd3Q\x1f',b'\x14\xc7G\xfc\xd8\x9cY\x9a',53250,green
b'o\xf7\x83\xf3\xe4~Y2',b'\x14\xc7G\xfc\xd8\x9cY\x9a',53468,green
b'\xceQS\xa5\xe4o\\}',b'\x0c?\x92\xf5`VY\r',53250,green
b'\x8f<\xaf7\r\xd2Z8',b'\x0c?\x92\xf5`VY\r',53468,green
b'\xb6!x\x06\xa9\x02]\xab',b'\x83\xc3\x08A\x84`XS',53250,green
"b',\x06D+Qx^\x1b'",b'\x83\xc3\x08A\x84`XS',53468,green
b'\x14{1M\x90mX\x05',b'l?\x13\x830\x8cR\x00',53250,green
b'\xd0hO\xe6\x17\xecY\x83',b'l?\x13\x830\x8cR\x00',53468,green
b'\xb61\x03C@KXc',b'\x06\x85\xf1\xe8?q[\xe9',53250,green
b'\x02\xd8\xbe\xd3\xd0XP{',b'\x06\x85\xf1\xe8?q[\xe9',53468,green
b'2\x98k\xedbFWU',b'\x0c\xa6\xd3uZ\x1a[\xc4',53250,green
b'\xe3ZZ\xb4\xaa\xebV\xdb',b'\x0c\xa6\xd3uZ\x1a[\xc4',53468,green
"b""ib('\xa5KU\x94""",b'\x11i\xbc|*\x99WB',53250,green
b'\xa9\xe1)\xe7O\x85_\xa5',b'\x11i\xbc|*\x99WB',53468,green
"b""'\x88\x05^\xd6a\\q""",b'\xff\xe1%\xd1]XW\xc3',53250,green
b'>:v6J\xf3_\x91',b'\xff\xe1%\xd1]XW\xc3',53468,green
b'\xe2\xd5\xfb\x0ehkR\x1b',b'+\x91Zz\xd6\x82Ue',53250,green
b'{\x87\xd2\x033gX\xe4',b'+\x91Zz\xd6\x82Ue',53468,green
b'\t\xe6\xcc\xafk\xbcY\xf2',b'\xfd\xd5\xf0\xd73\xdeT\x1f',53250,green
b'0\x1cl\xc4z\x16]\xfd',b'\xfd\xd5\xf0\xd73\xdeT\x1f',53468,green
b'\xa0\t\x84\x93H\x8cVm',"b'\xc3\xf4\xac>""iX$'",53250,green
b'l\xce\x16\xa2\xe7\xa6W\x1f',"b'\xc3\xf4\xac>""iX$'",53468,green
b'\xc8\x92x:v\xf0V\xbc',b'\x18\x87\x98\xab#\x1bTq',53250,green
b'iG\xd9=\x00\x80XM',b'\x18\x87\x98\xab#\x1bTq',53468,green
b'\xc7VC\xadJ]_\xe1',b'\x92\xa0\xdd\xc5\x0e\xc3T\x98',53250,green
b'\x97\x84\xbe\xb7\x16\xa3U\xeb',b'\x92\xa0\xdd\xc5\x0e\xc3T\x98',53468,green
b'\xect\xe6-\x0cSQ\xd8',b'\xb5\x06\xc7I\xfb\xc2S\x14',53250,green
b'\xb3WN\xf5\x9c\xd6R6',b'\xb5\x06\xc7I\xfb\xc2S\x14',53468,green
b'\xbd\x97C\xc4\xd6Y\\\xc7',b'\xf9\xdd\xf7\x11\x19\xd0Y\xfa',53250,green
"b'\x11!\xf2_\xfc""W\xd6'",b'\xf9\xdd\xf7\x11\x19\xd0Y\xfa',53468,green
b'&\xf1\x0f\xce\x85m]\xc0',b'.\x8f\xe1\xdd\xae\x8bT\xa8',53250,green
b'\xaf\xc6T8\xe8\xccR\x02',b'.\x8f\xe1\xdd\xae\x8bT\xa8',53468,green
b'\xdaK\r\xde\xc24W\x01',b'\x82vF\x87Y\x1dTr',53250,green
b'?\xe3\x00\xaf\xd5kT\xf9',b'\x82vF\x87Y\x1dTr',53468,green
b'\xc8\t\xce\xb8<\xe1T\x86',b'r\xbf7Y\x01\x1bU(',53250,green
b'15*\x9b\x13\xae_\x1b',b'r\xbf7Y\x01\x1bU(',53468,green
b'w\xa8\x8a\x92\xcf\x10^q',b'\xde\xd8`\x02\x91\tX\xc1',53250,green
b')-_\xce\xdb\x84X\xd2',b'\xde\xd8`\x02\x91\tX\xc1',53468,green
b'\xa2\x1cuP\x7f\x17Y\xa3',b'\xe1\xc9!\xd6\x14\x18VA',53250,green
b'\x12P\xb82*:Y ',b'\xe1\xc9!\xd6\x14\x18VA',53468,green
b'x\x1f\xf8\xc9-m\\\xb7',b'^\xfco\x83\xc3\x9dRf',53250,green
"b"";'\xc1\x9c\xbb\xb7P\xf6""",b'^\xfco\x83\xc3\x9dRf',53468,green
b'\xd6\x0e\x1a\xcf\x95kU\xe9',b'eNFQ\xc0\x1c_/',53250,green
b'5\nA^J\xf5V\xa3',b'eNFQ\xc0\x1c_/',53468,green
b'\xc8\npOu\\_\x19',b'\xaa\xb5q2F3_]',53250,green
b'\x87\x15\x03\xc1\x86\xd4S\xd0',b'\xaa\xb5q2F3_]',53468,green
b'\x05*\xea\xbe\xd3YUf',b'+\x15\x80\xdf\x8a+P\x81',53250,green
b'?\xb7\xb0\xd1%\x06^(',b'+\x15\x80\xdf\x8a+P\x81',53468,green
b'\xb0\xfas\xa5m\xa1\\\x02',b'\x0b\xb1\x84\x88\xd2\xd4Q\x81',53250,green
b'\x89\x1a\xfa\x83\xcd\x11S/',b'\x0b\xb1\x84\x88\xd2\xd4Q\x81',53468,green
b'r\xeb\x93\x8b\x9f\x93U\xf2',b'\xfaU\xc2#\xc7\xbfR\x81',53250,green
"b'[u\x85\xd0""\xc1P|'",b'\xfaU\xc2#\xc7\xbfR\x81',53468,green
b'.\x82\x0e6y%\\\xa2',b'\x1d\xae\xef\x9a\xf2\x1aV\x02',53250,green
b'`\xde4\xf2\xb7\xcdXn',b'\x1d\xae\xef\x9a\xf2\x1aV\x02',53468,green
b'\x06\x92\xdb;l\x16R\n',b'\x04tW\xc7\x07\x9dXg',53250,green
b'n\xcf@\xbap\x16[\xc0',b'\x04tW\xc7\x07\x9dXg',53468,green
"b'p\xdd\xcfJQ\x89X,'",b'\xc3j\x834kTQ\x11',53250,green
b'Y\xa1\x8e\xdbSFU#',b'\xc3j\x834kTQ\x11',53468,green
